run_id,arm,protocol,phase,hidden_size,seed,checkpoint,state_capacity,service_case,slice_origin_instructions,simulation_instructions,observed_trace_origin_records,event,start_instructions,enqueued,timely,late,unused,redundant_cache,redundant_inflight,pending,resident_unused,censored
cold_frozen_i1m_h16_s7_state0_mac0,frozen,cold,final,16,7,i1m,0,0,25000000,25000000,25000000,cohort,0,1922,784,0,8,834,295,0,1,1
cold_frozen_i1m_h16_s7_state0_mac0,frozen,cold,final,16,7,i1m,0,0,25000000,25000000,25000000,cohort,100000,1926,473,0,9,1279,164,0,1,1
cold_frozen_i1m_h16_s7_state0_mac0,frozen,cold,final,16,7,i1m,0,0,25000000,25000000,25000000,cohort,200000,1930,474,0,7,1286,163,0,0,0
cold_frozen_i1m_h16_s7_state0_mac0,frozen,cold,final,16,7,i1m,0,0,25000000,25000000,25000000,cohort,300000,1946,478,0,6,1297,165,0,0,0
cold_frozen_i1m_h16_s7_state0_mac0,frozen,cold,final,16,7,i1m,0,0,25000000,25000000,25000000,cohort,400000,1934,475,0,3,1296,160,0,0,0
cold_frozen_i1m_h16_s7_state0_mac0,frozen,cold,final,16,7,i1m,0,0,25000000,25000000,25000000,cohort,500000,1962,474,0,8,1315,165,0,0,0
cold_frozen_i1m_h16_s7_state0_mac0,frozen,cold,final,16,7,i1m,0,0,25000000,25000000,25000000,cohort,600000,1948,474,0,7,1303,164,0,0,0
cold_frozen_i1m_h16_s7_state0_mac0,frozen,cold,final,16,7,i1m,0,0,25000000,25000000,25000000,cohort,700000,1958,472,0,9,1310,167,0,0,0
cold_frozen_i1m_h16_s7_state0_mac0,frozen,cold,final,16,7,i1m,0,0,25000000,25000000,25000000,cohort,800000,1968,475,0,3,1331,159,0,0,0
cold_frozen_i1m_h16_s7_state0_mac0,frozen,cold,final,16,7,i1m,0,0,25000000,25000000,25000000,cohort,900000,1960,475,0,6,1311,168,0,0,0
cold_frozen_i1m_h16_s7_state0_mac0,frozen,cold,final,16,7,i1m,0,0,25000000,25000000,25000000,cohort,1000000,1952,476,0,3,1311,162,0,0,0
cold_frozen_i1m_h16_s7_state0_mac0,frozen,cold,final,16,7,i1m,0,0,25000000,25000000,25000000,cohort,1100000,1936,475,0,6,1292,163,0,0,0
cold_frozen_i1m_h16_s7_state0_mac0,frozen,cold,final,16,7,i1m,0,0,25000000,25000000,25000000,cohort,1200000,1956,471,0,11,1306,168,0,0,0
cold_frozen_i1m_h16_s7_state0_mac0,frozen,cold,final,16,7,i1m,0,0,25000000,25000000,25000000,cohort,1300000,1948,473,0,6,1305,164,0,0,0
cold_frozen_i1m_h16_s7_state0_mac0,frozen,cold,final,16,7,i1m,0,0,25000000,25000000,25000000,cohort,1400000,1968,476,0,5,1322,165,0,0,0
cold_frozen_i1m_h16_s7_state0_mac0,frozen,cold,final,16,7,i1m,0,0,25000000,25000000,25000000,cohort,1500000,1934,475,0,3,1296,160,0,0,0
cold_frozen_i1m_h16_s7_state0_mac0,frozen,cold,final,16,7,i1m,0,0,25000000,25000000,25000000,cohort,1600000,1858,453,0,13,1229,163,0,0,0
cold_frozen_i1m_h16_s7_state0_mac0,frozen,cold,final,16,7,i1m,0,0,25000000,25000000,25000000,cohort,1700000,1948,474,0,8,1300,166,0,0,0
cold_frozen_i1m_h16_s7_state0_mac0,frozen,cold,final,16,7,i1m,0,0,25000000,25000000,25000000,cohort,1800000,1944,471,0,9,1301,163,0,0,0
cold_frozen_i1m_h16_s7_state0_mac0,frozen,cold,final,16,7,i1m,0,0,25000000,25000000,25000000,cohort,1900000,1946,470,1,11,1294,170,0,0,0
cold_frozen_i1m_h16_s7_state0_mac0,frozen,cold,final,16,7,i1m,0,0,25000000,25000000,25000000,cohort,2000000,1928,476,0,1,1293,158,0,0,0
cold_frozen_i1m_h16_s7_state0_mac0,frozen,cold,final,16,7,i1m,0,0,25000000,25000000,25000000,cohort,2100000,1946,473,0,4,1303,166,0,0,0
cold_frozen_i1m_h16_s7_state0_mac0,frozen,cold,final,16,7,i1m,0,0,25000000,25000000,25000000,cohort,2200000,1940,473,0,3,1304,160,0,0,0
cold_frozen_i1m_h16_s7_state0_mac0,frozen,cold,final,16,7,i1m,0,0,25000000,25000000,25000000,cohort,2300000,1948,472,0,7,1304,165,0,0,0
cold_frozen_i1m_h16_s7_state0_mac0,frozen,cold,final,16,7,i1m,0,0,25000000,25000000,25000000,cohort,2400000,1930,463,0,10,1291,166,0,0,0
cold_frozen_i1m_h16_s7_state0_mac0,frozen,cold,final,16,7,i1m,0,0,25000000,25000000,25000000,cohort,2500000,1910,471,0,7,1267,165,0,0,0
cold_frozen_i1m_h16_s7_state0_mac0,frozen,cold,final,16,7,i1m,0,0,25000000,25000000,25000000,cohort,2600000,1970,472,0,19,1305,174,0,0,0
cold_frozen_i1m_h16_s7_state0_mac0,frozen,cold,final,16,7,i1m,0,0,25000000,25000000,25000000,cohort,2700000,1948,478,0,3,1300,167,0,0,0
cold_frozen_i1m_h16_s7_state0_mac0,frozen,cold,final,16,7,i1m,0,0,25000000,25000000,25000000,cohort,2800000,1950,471,0,5,1313,161,0,0,0
cold_frozen_i1m_h16_s7_state0_mac0,frozen,cold,final,16,7,i1m,0,0,25000000,25000000,25000000,cohort,2900000,1938,474,0,4,1291,169,0,0,0
cold_frozen_i1m_h16_s7_state0_mac0,frozen,cold,final,16,7,i1m,0,0,25000000,25000000,25000000,cohort,3000000,1942,475,0,4,1302,161,0,0,0
cold_frozen_i1m_h16_s7_state0_mac0,frozen,cold,final,16,7,i1m,0,0,25000000,25000000,25000000,cohort,3100000,1932,470,0,2,1297,163,0,0,0
cold_frozen_i1m_h16_s7_state0_mac0,frozen,cold,final,16,7,i1m,0,0,25000000,25000000,25000000,cohort,3200000,1952,476,0,5,1305,166,0,0,0
cold_frozen_i1m_h16_s7_state0_mac0,frozen,cold,final,16,7,i1m,0,0,25000000,25000000,25000000,cohort,3300000,1954,477,0,5,1306,166,0,0,0
cold_frozen_i1m_h16_s7_state0_mac0,frozen,cold,final,16,7,i1m,0,0,25000000,25000000,25000000,cohort,3400000,1930,472,0,4,1293,161,0,0,0
cold_frozen_i1m_h16_s7_state0_mac0,frozen,cold,final,16,7,i1m,0,0,25000000,25000000,25000000,cohort,3500000,1954,471,0,12,1301,170,0,0,0
cold_frozen_i1m_h16_s7_state0_mac0,frozen,cold,final,16,7,i1m,0,0,25000000,25000000,25000000,cohort,3600000,1928,468,0,21,1263,176,0,0,0
cold_frozen_i1m_h16_s7_state0_mac0,frozen,cold,final,16,7,i1m,0,0,25000000,25000000,25000000,cohort,3700000,1946,473,0,4,1302,167,0,0,0
cold_frozen_i1m_h16_s7_state0_mac0,frozen,cold,final,16,7,i1m,0,0,25000000,25000000,25000000,cohort,3800000,1960,473,0,11,1311,165,0,0,0
cold_frozen_i1m_h16_s7_state0_mac0,frozen,cold,final,16,7,i1m,0,0,25000000,25000000,25000000,cohort,3900000,1950,471,0,13,1298,168,0,0,0
cold_frozen_i1m_h16_s7_state0_mac0,frozen,cold,final,16,7,i1m,0,0,25000000,25000000,25000000,cohort,4000000,1964,471,0,20,1298,175,0,0,0
cold_frozen_i1m_h16_s7_state0_mac0,frozen,cold,final,16,7,i1m,0,0,25000000,25000000,25000000,cohort,4100000,1950,474,0,8,1302,166,0,0,0
cold_frozen_i1m_h16_s7_state0_mac0,frozen,cold,final,16,7,i1m,0,0,25000000,25000000,25000000,cohort,4200000,1972,469,0,12,1321,170,0,0,0
cold_frozen_i1m_h16_s7_state0_mac0,frozen,cold,final,16,7,i1m,0,0,25000000,25000000,25000000,cohort,4300000,1936,476,0,4,1294,162,0,0,0
cold_frozen_i1m_h16_s7_state0_mac0,frozen,cold,final,16,7,i1m,0,0,25000000,25000000,25000000,cohort,4400000,1958,472,0,8,1315,163,0,0,0
cold_frozen_i1m_h16_s7_state0_mac0,frozen,cold,final,16,7,i1m,0,0,25000000,25000000,25000000,cohort,4500000,1964,471,0,13,1313,167,0,0,0
cold_frozen_i1m_h16_s7_state0_mac0,frozen,cold,final,16,7,i1m,0,0,25000000,25000000,25000000,cohort,4600000,1956,475,0,8,1306,167,0,0,0
cold_frozen_i1m_h16_s7_state0_mac0,frozen,cold,final,16,7,i1m,0,0,25000000,25000000,25000000,cohort,4700000,1956,473,0,8,1304,171,0,0,0
cold_frozen_i1m_h16_s7_state0_mac0,frozen,cold,final,16,7,i1m,0,0,25000000,25000000,25000000,cohort,4800000,1942,476,0,4,1303,159,0,0,0
cold_frozen_i1m_h16_s7_state0_mac0,frozen,cold,final,16,7,i1m,0,0,25000000,25000000,25000000,cohort,4900000,1964,472,0,20,1293,179,0,0,0
cold_frozen_i1m_h16_s7_state0_mac0,frozen,cold,final,16,7,i1m,0,0,25000000,25000000,25000000,cohort,5000000,1918,467,0,18,1264,169,0,0,0
cold_frozen_i1m_h16_s7_state0_mac0,frozen,cold,final,16,7,i1m,0,0,25000000,25000000,25000000,cohort,5100000,1936,470,0,13,1282,171,0,0,0
cold_frozen_i1m_h16_s7_state0_mac0,frozen,cold,final,16,7,i1m,0,0,25000000,25000000,25000000,cohort,5200000,1966,470,0,21,1299,176,0,0,0
cold_frozen_i1m_h16_s7_state0_mac0,frozen,cold,final,16,7,i1m,0,0,25000000,25000000,25000000,cohort,5300000,1930,470,0,14,1277,169,0,0,0
cold_frozen_i1m_h16_s7_state0_mac0,frozen,cold,final,16,7,i1m,0,0,25000000,25000000,25000000,cohort,5400000,1964,468,0,24,1293,179,0,0,0
cold_frozen_i1m_h16_s7_state0_mac0,frozen,cold,final,16,7,i1m,0,0,25000000,25000000,25000000,cohort,5500000,1946,472,0,11,1293,170,0,0,0
cold_frozen_i1m_h16_s7_state0_mac0,frozen,cold,final,16,7,i1m,0,0,25000000,25000000,25000000,cohort,5600000,1966,471,0,20,1304,171,0,0,0
cold_frozen_i1m_h16_s7_state0_mac0,frozen,cold,final,16,7,i1m,0,0,25000000,25000000,25000000,cohort,5700000,1926,466,0,19,1266,175,0,0,0
cold_frozen_i1m_h16_s7_state0_mac0,frozen,cold,final,16,7,i1m,0,0,25000000,25000000,25000000,cohort,5800000,1930,469,0,19,1270,172,0,0,0
cold_frozen_i1m_h16_s7_state0_mac0,frozen,cold,final,16,7,i1m,0,0,25000000,25000000,25000000,cohort,5900000,1998,468,0,21,1336,173,0,0,0
cold_frozen_i1m_h16_s7_state0_mac0,frozen,cold,final,16,7,i1m,0,0,25000000,25000000,25000000,cohort,6000000,1934,473,0,8,1291,162,0,0,0
cold_frozen_i1m_h16_s7_state0_mac0,frozen,cold,final,16,7,i1m,0,0,25000000,25000000,25000000,cohort,6100000,1956,468,0,15,1297,176,0,0,0
cold_frozen_i1m_h16_s7_state0_mac0,frozen,cold,final,16,7,i1m,0,0,25000000,25000000,25000000,cohort,6200000,1944,474,0,8,1298,164,0,0,0
cold_frozen_i1m_h16_s7_state0_mac0,frozen,cold,final,16,7,i1m,0,0,25000000,25000000,25000000,cohort,6300000,1968,471,0,23,1297,177,0,0,0
cold_frozen_i1m_h16_s7_state0_mac0,frozen,cold,final,16,7,i1m,0,0,25000000,25000000,25000000,cohort,6400000,1938,477,0,16,1276,169,0,0,0
cold_frozen_i1m_h16_s7_state0_mac0,frozen,cold,final,16,7,i1m,0,0,25000000,25000000,25000000,cohort,6500000,1930,472,0,11,1278,169,0,0,0
cold_frozen_i1m_h16_s7_state0_mac0,frozen,cold,final,16,7,i1m,0,0,25000000,25000000,25000000,cohort,6600000,1968,469,0,18,1307,174,0,0,0
cold_frozen_i1m_h16_s7_state0_mac0,frozen,cold,final,16,7,i1m,0,0,25000000,25000000,25000000,cohort,6700000,1930,472,0,9,1284,165,0,0,0
cold_frozen_i1m_h16_s7_state0_mac0,frozen,cold,final,16,7,i1m,0,0,25000000,25000000,25000000,cohort,6800000,1958,469,0,15,1303,171,0,0,0
cold_frozen_i1m_h16_s7_state0_mac0,frozen,cold,final,16,7,i1m,0,0,25000000,25000000,25000000,cohort,6900000,1936,471,0,12,1283,170,0,0,0
cold_frozen_i1m_h16_s7_state0_mac0,frozen,cold,final,16,7,i1m,0,0,25000000,25000000,25000000,cohort,7000000,1932,478,0,3,1292,159,0,0,0
cold_frozen_i1m_h16_s7_state0_mac0,frozen,cold,final,16,7,i1m,0,0,25000000,25000000,25000000,cohort,7100000,1958,468,0,19,1299,172,0,0,0
cold_frozen_i1m_h16_s7_state0_mac0,frozen,cold,final,16,7,i1m,0,0,25000000,25000000,25000000,cohort,7200000,1948,474,0,11,1295,168,0,0,0
cold_frozen_i1m_h16_s7_state0_mac0,frozen,cold,final,16,7,i1m,0,0,25000000,25000000,25000000,cohort,7300000,1964,473,0,14,1306,171,0,0,0
cold_frozen_i1m_h16_s7_state0_mac0,frozen,cold,final,16,7,i1m,0,0,25000000,25000000,25000000,cohort,7400000,1938,471,0,12,1287,168,0,0,0
cold_frozen_i1m_h16_s7_state0_mac0,frozen,cold,final,16,7,i1m,0,0,25000000,25000000,25000000,cohort,7500000,1968,469,0,16,1305,178,0,0,0
cold_frozen_i1m_h16_s7_state0_mac0,frozen,cold,final,16,7,i1m,0,0,25000000,25000000,25000000,cohort,7600000,1940,476,0,3,1303,158,0,0,0
cold_frozen_i1m_h16_s7_state0_mac0,frozen,cold,final,16,7,i1m,0,0,25000000,25000000,25000000,cohort,7700000,1956,470,0,13,1305,168,0,0,0
cold_frozen_i1m_h16_s7_state0_mac0,frozen,cold,final,16,7,i1m,0,0,25000000,25000000,25000000,cohort,7800000,1960,471,0,22,1287,180,0,0,0
cold_frozen_i1m_h16_s7_state0_mac0,frozen,cold,final,16,7,i1m,0,0,25000000,25000000,25000000,cohort,7900000,1932,476,0,4,1292,160,0,0,0
cold_frozen_i1m_h16_s7_state0_mac0,frozen,cold,final,16,7,i1m,0,0,25000000,25000000,25000000,cohort,8000000,1976,468,0,25,1304,179,0,0,0
cold_frozen_i1m_h16_s7_state0_mac0,frozen,cold,final,16,7,i1m,0,0,25000000,25000000,25000000,cohort,8100000,1940,468,0,20,1279,173,0,0,0
cold_frozen_i1m_h16_s7_state0_mac0,frozen,cold,final,16,7,i1m,0,0,25000000,25000000,25000000,cohort,8200000,1984,475,0,15,1323,171,0,0,0
cold_frozen_i1m_h16_s7_state0_mac0,frozen,cold,final,16,7,i1m,0,0,25000000,25000000,25000000,cohort,8300000,1944,475,0,6,1302,161,0,0,0
cold_frozen_i1m_h16_s7_state0_mac0,frozen,cold,final,16,7,i1m,0,0,25000000,25000000,25000000,cohort,8400000,1964,476,0,10,1311,167,0,0,0
cold_frozen_i1m_h16_s7_state0_mac0,frozen,cold,final,16,7,i1m,0,0,25000000,25000000,25000000,cohort,8500000,1962,477,0,24,1282,179,0,0,0
cold_frozen_i1m_h16_s7_state0_mac0,frozen,cold,final,16,7,i1m,0,0,25000000,25000000,25000000,cohort,8600000,1930,473,0,9,1282,166,0,0,0
cold_frozen_i1m_h16_s7_state0_mac0,frozen,cold,final,16,7,i1m,0,0,25000000,25000000,25000000,cohort,8700000,1946,468,0,14,1297,167,0,0,0
cold_frozen_i1m_h16_s7_state0_mac0,frozen,cold,final,16,7,i1m,0,0,25000000,25000000,25000000,cohort,8800000,1896,463,0,8,1265,160,0,0,0
cold_frozen_i1m_h16_s7_state0_mac0,frozen,cold,final,16,7,i1m,0,0,25000000,25000000,25000000,cohort,8900000,1948,471,0,12,1299,166,0,0,0
cold_frozen_i1m_h16_s7_state0_mac0,frozen,cold,final,16,7,i1m,0,0,25000000,25000000,25000000,cohort,9000000,1950,470,0,9,1306,165,0,0,0
cold_frozen_i1m_h16_s7_state0_mac0,frozen,cold,final,16,7,i1m,0,0,25000000,25000000,25000000,cohort,9100000,1930,472,0,10,1283,165,0,0,0
cold_frozen_i1m_h16_s7_state0_mac0,frozen,cold,final,16,7,i1m,0,0,25000000,25000000,25000000,cohort,9200000,1958,473,0,14,1302,169,0,0,0
cold_frozen_i1m_h16_s7_state0_mac0,frozen,cold,final,16,7,i1m,0,0,25000000,25000000,25000000,cohort,9300000,1948,473,0,7,1304,164,0,0,0
cold_frozen_i1m_h16_s7_state0_mac0,frozen,cold,final,16,7,i1m,0,0,25000000,25000000,25000000,cohort,9400000,1954,472,0,5,1314,163,0,0,0
cold_frozen_i1m_h16_s7_state0_mac0,frozen,cold,final,16,7,i1m,0,0,25000000,25000000,25000000,cohort,9500000,1930,473,0,9,1284,164,0,0,0
cold_frozen_i1m_h16_s7_state0_mac0,frozen,cold,final,16,7,i1m,0,0,25000000,25000000,25000000,cohort,9600000,1958,466,1,16,1303,172,0,0,0
cold_frozen_i1m_h16_s7_state0_mac0,frozen,cold,final,16,7,i1m,0,0,25000000,25000000,25000000,cohort,9700000,1926,467,0,14,1278,167,0,0,0
cold_frozen_i1m_h16_s7_state0_mac0,frozen,cold,final,16,7,i1m,0,0,25000000,25000000,25000000,cohort,9800000,1910,467,0,10,1269,164,0,0,0
cold_frozen_i1m_h16_s7_state0_mac0,frozen,cold,final,16,7,i1m,0,0,25000000,25000000,25000000,cohort,9900000,1954,466,0,17,1299,172,0,0,0
cold_frozen_i1m_h16_s7_state0_mac0,frozen,cold,final,16,7,i1m,0,0,25000000,25000000,25000000,cohort,10000000,1934,474,0,8,1288,164,0,0,0
cold_frozen_i1m_h16_s7_state0_mac0,frozen,cold,final,16,7,i1m,0,0,25000000,25000000,25000000,cohort,10100000,1944,471,0,7,1300,166,0,0,0
cold_frozen_i1m_h16_s7_state0_mac0,frozen,cold,final,16,7,i1m,0,0,25000000,25000000,25000000,cohort,10200000,1924,472,0,6,1285,161,0,0,0
cold_frozen_i1m_h16_s7_state0_mac0,frozen,cold,final,16,7,i1m,0,0,25000000,25000000,25000000,cohort,10300000,1980,473,0,10,1331,166,0,0,0
cold_frozen_i1m_h16_s7_state0_mac0,frozen,cold,final,16,7,i1m,0,0,25000000,25000000,25000000,cohort,10400000,1934,473,1,5,1293,162,0,0,0
cold_frozen_i1m_h16_s7_state0_mac0,frozen,cold,final,16,7,i1m,0,0,25000000,25000000,25000000,cohort,10500000,1924,473,0,5,1284,162,0,0,0
cold_frozen_i1m_h16_s7_state0_mac0,frozen,cold,final,16,7,i1m,0,0,25000000,25000000,25000000,cohort,10600000,1946,464,1,17,1294,170,0,0,0
cold_frozen_i1m_h16_s7_state0_mac0,frozen,cold,final,16,7,i1m,0,0,25000000,25000000,25000000,cohort,10700000,1934,476,0,4,1291,163,0,0,0
cold_frozen_i1m_h16_s7_state0_mac0,frozen,cold,final,16,7,i1m,0,0,25000000,25000000,25000000,cohort,10800000,1946,462,0,15,1298,171,0,0,0
cold_frozen_i1m_h16_s7_state0_mac0,frozen,cold,final,16,7,i1m,0,0,25000000,25000000,25000000,cohort,10900000,1934,476,0,6,1288,164,0,0,0
cold_frozen_i1m_h16_s7_state0_mac0,frozen,cold,final,16,7,i1m,0,0,25000000,25000000,25000000,cohort,11000000,1948,466,0,14,1297,171,0,0,0
cold_frozen_i1m_h16_s7_state0_mac0,frozen,cold,final,16,7,i1m,0,0,25000000,25000000,25000000,cohort,11100000,1932,472,0,9,1284,167,0,0,0
cold_frozen_i1m_h16_s7_state0_mac0,frozen,cold,final,16,7,i1m,0,0,25000000,25000000,25000000,cohort,11200000,1944,464,0,10,1307,163,0,0,0
cold_frozen_i1m_h16_s7_state0_mac0,frozen,cold,final,16,7,i1m,0,0,25000000,25000000,25000000,cohort,11300000,1934,465,0,15,1286,168,0,0,0
cold_frozen_i1m_h16_s7_state0_mac0,frozen,cold,final,16,7,i1m,0,0,25000000,25000000,25000000,cohort,11400000,1906,459,2,25,1241,179,0,0,0
cold_frozen_i1m_h16_s7_state0_mac0,frozen,cold,final,16,7,i1m,0,0,25000000,25000000,25000000,cohort,11500000,1966,452,9,68,1215,222,0,0,0
cold_frozen_i1m_h16_s7_state0_mac0,frozen,cold,final,16,7,i1m,0,0,25000000,25000000,25000000,cohort,11600000,1940,472,0,17,1274,177,0,0,0
cold_frozen_i1m_h16_s7_state0_mac0,frozen,cold,final,16,7,i1m,0,0,25000000,25000000,25000000,cohort,11700000,1930,473,0,9,1282,166,0,0,0
cold_frozen_i1m_h16_s7_state0_mac0,frozen,cold,final,16,7,i1m,0,0,25000000,25000000,25000000,cohort,11800000,2268,546,26,94,1320,282,0,0,0
cold_frozen_i1m_h16_s7_state0_mac0,frozen,cold,final,16,7,i1m,0,0,25000000,25000000,25000000,cohort,11900000,2048,502,12,70,1215,249,0,0,0
cold_frozen_i1m_h16_s7_state0_mac0,frozen,cold,final,16,7,i1m,0,0,25000000,25000000,25000000,cohort,12000000,1968,474,3,39,1257,195,0,0,0
cold_frozen_i1m_h16_s7_state0_mac0,frozen,cold,final,16,7,i1m,0,0,25000000,25000000,25000000,cohort,12100000,2028,486,9,45,1277,211,0,0,0
cold_frozen_i1m_h16_s7_state0_mac0,frozen,cold,final,16,7,i1m,0,0,25000000,25000000,25000000,cohort,12200000,1930,473,0,9,1280,168,0,0,0
cold_frozen_i1m_h16_s7_state0_mac0,frozen,cold,final,16,7,i1m,0,0,25000000,25000000,25000000,cohort,12300000,1940,476,1,15,1272,176,0,0,0
cold_frozen_i1m_h16_s7_state0_mac0,frozen,cold,final,16,7,i1m,0,0,25000000,25000000,25000000,cohort,12400000,1972,478,2,22,1288,182,0,0,0
cold_frozen_i1m_h16_s7_state0_mac0,frozen,cold,final,16,7,i1m,0,0,25000000,25000000,25000000,cohort,12500000,1920,471,0,10,1274,165,0,0,0
cold_frozen_i1m_h16_s7_state0_mac0,frozen,cold,final,16,7,i1m,0,0,25000000,25000000,25000000,cohort,12600000,1894,436,13,83,1130,232,0,0,0
cold_frozen_i1m_h16_s7_state0_mac0,frozen,cold,final,16,7,i1m,0,0,25000000,25000000,25000000,cohort,12700000,2010,485,6,59,1239,221,0,0,0
cold_frozen_i1m_h16_s7_state0_mac0,frozen,cold,final,16,7,i1m,0,0,25000000,25000000,25000000,cohort,12800000,1886,459,3,40,1194,190,0,0,0
cold_frozen_i1m_h16_s7_state0_mac0,frozen,cold,final,16,7,i1m,0,0,25000000,25000000,25000000,cohort,12900000,1942,472,0,16,1282,172,0,0,0
cold_frozen_i1m_h16_s7_state0_mac0,frozen,cold,final,16,7,i1m,0,0,25000000,25000000,25000000,cohort,13000000,1926,471,0,9,1281,165,0,0,0
cold_frozen_i1m_h16_s7_state0_mac0,frozen,cold,final,16,7,i1m,0,0,25000000,25000000,25000000,cohort,13100000,1922,474,0,9,1273,166,0,0,0
cold_frozen_i1m_h16_s7_state0_mac0,frozen,cold,final,16,7,i1m,0,0,25000000,25000000,25000000,cohort,13200000,1900,453,9,79,1141,218,0,0,0
cold_frozen_i1m_h16_s7_state0_mac0,frozen,cold,final,16,7,i1m,0,0,25000000,25000000,25000000,cohort,13300000,1924,471,0,8,1279,166,0,0,0
cold_frozen_i1m_h16_s7_state0_mac0,frozen,cold,final,16,7,i1m,0,0,25000000,25000000,25000000,cohort,13400000,2340,800,0,145,961,424,0,10,10
cold_frozen_i1m_h16_s7_state0_mac0,frozen,cold,final,16,7,i1m,0,0,25000000,25000000,25000000,cohort,13500000,1936,462,0,16,1279,179,0,0,0
cold_frozen_i1m_h16_s7_state0_mac0,frozen,cold,final,16,7,i1m,0,0,25000000,25000000,25000000,cohort,13600000,1942,459,0,15,1291,177,0,0,0
cold_frozen_i1m_h16_s7_state0_mac0,frozen,cold,final,16,7,i1m,0,0,25000000,25000000,25000000,cohort,13700000,1954,477,0,31,1259,187,0,0,0
cold_frozen_i1m_h16_s7_state0_mac0,frozen,cold,final,16,7,i1m,0,0,25000000,25000000,25000000,cohort,13800000,1926,476,0,3,1288,159,0,0,0
cold_frozen_i1m_h16_s7_state0_mac0,frozen,cold,final,16,7,i1m,0,0,25000000,25000000,25000000,cohort,13900000,1966,468,0,24,1296,178,0,0,0
cold_frozen_i1m_h16_s7_state0_mac0,frozen,cold,final,16,7,i1m,0,0,25000000,25000000,25000000,cohort,14000000,1930,475,0,9,1280,166,0,0,0
cold_frozen_i1m_h16_s7_state0_mac0,frozen,cold,final,16,7,i1m,0,0,25000000,25000000,25000000,cohort,14100000,1914,469,0,26,1243,176,0,0,0
cold_frozen_i1m_h16_s7_state0_mac0,frozen,cold,final,16,7,i1m,0,0,25000000,25000000,25000000,cohort,14200000,1968,475,0,17,1303,173,0,0,0
cold_frozen_i1m_h16_s7_state0_mac0,frozen,cold,final,16,7,i1m,0,0,25000000,25000000,25000000,cohort,14300000,1924,473,0,5,1285,161,0,0,0
cold_frozen_i1m_h16_s7_state0_mac0,frozen,cold,final,16,7,i1m,0,0,25000000,25000000,25000000,cohort,14400000,1964,475,0,12,1304,173,0,0,0
cold_frozen_i1m_h16_s7_state0_mac0,frozen,cold,final,16,7,i1m,0,0,25000000,25000000,25000000,cohort,14500000,1924,474,0,5,1284,161,0,0,0
cold_frozen_i1m_h16_s7_state0_mac0,frozen,cold,final,16,7,i1m,0,0,25000000,25000000,25000000,cohort,14600000,1964,476,0,13,1304,171,0,0,0
cold_frozen_i1m_h16_s7_state0_mac0,frozen,cold,final,16,7,i1m,0,0,25000000,25000000,25000000,cohort,14700000,1938,473,0,11,1286,168,0,0,0
cold_frozen_i1m_h16_s7_state0_mac0,frozen,cold,final,16,7,i1m,0,0,25000000,25000000,25000000,cohort,14800000,1932,476,0,8,1288,160,0,0,0
cold_frozen_i1m_h16_s7_state0_mac0,frozen,cold,final,16,7,i1m,0,0,25000000,25000000,25000000,cohort,14900000,1964,472,0,20,1296,176,0,0,0
cold_frozen_i1m_h16_s7_state0_mac0,frozen,cold,final,16,7,i1m,0,0,25000000,25000000,25000000,cohort,15000000,1932,477,0,7,1284,164,0,0,0
cold_frozen_i1m_h16_s7_state0_mac0,frozen,cold,final,16,7,i1m,0,0,25000000,25000000,25000000,cohort,15100000,1948,464,0,30,1272,182,0,0,0
cold_frozen_i1m_h16_s7_state0_mac0,frozen,cold,final,16,7,i1m,0,0,25000000,25000000,25000000,cohort,15200000,1950,477,0,10,1293,170,0,0,0
cold_frozen_i1m_h16_s7_state0_mac0,frozen,cold,final,16,7,i1m,0,0,25000000,25000000,25000000,cohort,15300000,1976,474,0,7,1333,162,0,0,0
cold_frozen_i1m_h16_s7_state0_mac0,frozen,cold,final,16,7,i1m,0,0,25000000,25000000,25000000,cohort,15400000,1960,476,0,10,1308,166,0,0,0
cold_frozen_i1m_h16_s7_state0_mac0,frozen,cold,final,16,7,i1m,0,0,25000000,25000000,25000000,cohort,15500000,1938,475,0,6,1294,163,0,0,0
cold_frozen_i1m_h16_s7_state0_mac0,frozen,cold,final,16,7,i1m,0,0,25000000,25000000,25000000,cohort,15600000,1956,473,0,10,1310,163,0,0,0
cold_frozen_i1m_h16_s7_state0_mac0,frozen,cold,final,16,7,i1m,0,0,25000000,25000000,25000000,cohort,15700000,1930,473,0,6,1285,166,0,0,0
cold_frozen_i1m_h16_s7_state0_mac0,frozen,cold,final,16,7,i1m,0,0,25000000,25000000,25000000,cohort,15800000,1960,468,0,16,1303,173,0,0,0
cold_frozen_i1m_h16_s7_state0_mac0,frozen,cold,final,16,7,i1m,0,0,25000000,25000000,25000000,cohort,15900000,1942,474,0,10,1293,165,0,0,0
cold_frozen_i1m_h16_s7_state0_mac0,frozen,cold,final,16,7,i1m,0,0,25000000,25000000,25000000,cohort,16000000,1954,472,0,10,1303,169,0,0,0
cold_frozen_i1m_h16_s7_state0_mac0,frozen,cold,final,16,7,i1m,0,0,25000000,25000000,25000000,cohort,16100000,1956,477,0,10,1301,168,0,0,0
cold_frozen_i1m_h16_s7_state0_mac0,frozen,cold,final,16,7,i1m,0,0,25000000,25000000,25000000,cohort,16200000,1968,471,0,13,1313,171,0,0,0
cold_frozen_i1m_h16_s7_state0_mac0,frozen,cold,final,16,7,i1m,0,0,25000000,25000000,25000000,cohort,16300000,1932,477,0,3,1291,161,0,0,0
cold_frozen_i1m_h16_s7_state0_mac0,frozen,cold,final,16,7,i1m,0,0,25000000,25000000,25000000,cohort,16400000,1938,471,0,16,1278,173,0,0,0
cold_frozen_i1m_h16_s7_state0_mac0,frozen,cold,final,16,7,i1m,0,0,25000000,25000000,25000000,cohort,16500000,1954,474,0,15,1294,171,0,0,0
cold_frozen_i1m_h16_s7_state0_mac0,frozen,cold,final,16,7,i1m,0,0,25000000,25000000,25000000,cohort,16600000,1936,467,0,13,1288,168,0,0,0
cold_frozen_i1m_h16_s7_state0_mac0,frozen,cold,final,16,7,i1m,0,0,25000000,25000000,25000000,cohort,16700000,1958,473,0,13,1302,170,0,0,0
cold_frozen_i1m_h16_s7_state0_mac0,frozen,cold,final,16,7,i1m,0,0,25000000,25000000,25000000,cohort,16800000,1932,470,0,12,1281,169,0,0,0
cold_frozen_i1m_h16_s7_state0_mac0,frozen,cold,final,16,7,i1m,0,0,25000000,25000000,25000000,cohort,16900000,1966,472,0,17,1303,174,0,0,0
cold_frozen_i1m_h16_s7_state0_mac0,frozen,cold,final,16,7,i1m,0,0,25000000,25000000,25000000,cohort,17000000,1942,474,0,9,1296,163,0,0,0
cold_frozen_i1m_h16_s7_state0_mac0,frozen,cold,final,16,7,i1m,0,0,25000000,25000000,25000000,cohort,17100000,1924,472,0,17,1261,174,0,0,0
cold_frozen_i1m_h16_s7_state0_mac0,frozen,cold,final,16,7,i1m,0,0,25000000,25000000,25000000,cohort,17200000,1960,474,0,12,1305,169,0,0,0
cold_frozen_i1m_h16_s7_state0_mac0,frozen,cold,final,16,7,i1m,0,0,25000000,25000000,25000000,cohort,17300000,1950,473,0,8,1303,166,0,0,0
cold_frozen_i1m_h16_s7_state0_mac0,frozen,cold,final,16,7,i1m,0,0,25000000,25000000,25000000,cohort,17400000,1984,475,0,12,1328,169,0,0,0
cold_frozen_i1m_h16_s7_state0_mac0,frozen,cold,final,16,7,i1m,0,0,25000000,25000000,25000000,cohort,17500000,1938,475,0,9,1288,166,0,0,0
cold_frozen_i1m_h16_s7_state0_mac0,frozen,cold,final,16,7,i1m,0,0,25000000,25000000,25000000,cohort,17600000,1926,470,0,12,1277,167,0,0,0
cold_frozen_i1m_h16_s7_state0_mac0,frozen,cold,final,16,7,i1m,0,0,25000000,25000000,25000000,cohort,17700000,1956,474,0,12,1299,171,0,0,0
cold_frozen_i1m_h16_s7_state0_mac0,frozen,cold,final,16,7,i1m,0,0,25000000,25000000,25000000,cohort,17800000,1934,471,0,10,1287,166,0,0,0
cold_frozen_i1m_h16_s7_state0_mac0,frozen,cold,final,16,7,i1m,0,0,25000000,25000000,25000000,cohort,17900000,1978,473,0,12,1323,170,0,0,0
cold_frozen_i1m_h16_s7_state0_mac0,frozen,cold,final,16,7,i1m,0,0,25000000,25000000,25000000,cohort,18000000,1932,480,0,2,1286,164,0,0,0
cold_frozen_i1m_h16_s7_state0_mac0,frozen,cold,final,16,7,i1m,0,0,25000000,25000000,25000000,cohort,18100000,1960,473,0,10,1308,169,0,0,0
cold_frozen_i1m_h16_s7_state0_mac0,frozen,cold,final,16,7,i1m,0,0,25000000,25000000,25000000,cohort,18200000,1936,474,0,4,1297,161,0,0,0
cold_frozen_i1m_h16_s7_state0_mac0,frozen,cold,final,16,7,i1m,0,0,25000000,25000000,25000000,cohort,18300000,1950,473,0,11,1302,164,0,0,0
cold_frozen_i1m_h16_s7_state0_mac0,frozen,cold,final,16,7,i1m,0,0,25000000,25000000,25000000,cohort,18400000,1934,471,0,11,1284,168,0,0,0
cold_frozen_i1m_h16_s7_state0_mac0,frozen,cold,final,16,7,i1m,0,0,25000000,25000000,25000000,cohort,18500000,1938,474,0,12,1286,166,0,0,0
cold_frozen_i1m_h16_s7_state0_mac0,frozen,cold,final,16,7,i1m,0,0,25000000,25000000,25000000,cohort,18600000,1960,477,0,14,1294,175,0,0,0
cold_frozen_i1m_h16_s7_state0_mac0,frozen,cold,final,16,7,i1m,0,0,25000000,25000000,25000000,cohort,18700000,1932,474,0,2,1294,162,0,0,0
cold_frozen_i1m_h16_s7_state0_mac0,frozen,cold,final,16,7,i1m,0,0,25000000,25000000,25000000,cohort,18800000,2016,465,0,14,1368,169,0,0,0
cold_frozen_i1m_h16_s7_state0_mac0,frozen,cold,final,16,7,i1m,0,0,25000000,25000000,25000000,cohort,18900000,1930,474,0,4,1287,165,0,0,0
cold_frozen_i1m_h16_s7_state0_mac0,frozen,cold,final,16,7,i1m,0,0,25000000,25000000,25000000,cohort,19000000,1988,471,0,7,1341,169,0,0,0
cold_frozen_i1m_h16_s7_state0_mac0,frozen,cold,final,16,7,i1m,0,0,25000000,25000000,25000000,cohort,19100000,1944,473,0,10,1294,167,0,0,0
cold_frozen_i1m_h16_s7_state0_mac0,frozen,cold,final,16,7,i1m,0,0,25000000,25000000,25000000,cohort,19200000,1924,472,0,6,1282,164,0,0,0
cold_frozen_i1m_h16_s7_state0_mac0,frozen,cold,final,16,7,i1m,0,0,25000000,25000000,25000000,cohort,19300000,1966,469,0,14,1309,174,0,0,0
cold_frozen_i1m_h16_s7_state0_mac0,frozen,cold,final,16,7,i1m,0,0,25000000,25000000,25000000,cohort,19400000,1924,476,0,3,1285,160,0,0,0
cold_frozen_i1m_h16_s7_state0_mac0,frozen,cold,final,16,7,i1m,0,0,25000000,25000000,25000000,cohort,19500000,1958,469,0,19,1295,175,0,0,0
cold_frozen_i1m_h16_s7_state0_mac0,frozen,cold,final,16,7,i1m,0,0,25000000,25000000,25000000,cohort,19600000,1938,473,0,8,1291,166,0,0,0
cold_frozen_i1m_h16_s7_state0_mac0,frozen,cold,final,16,7,i1m,0,0,25000000,25000000,25000000,cohort,19700000,1970,471,0,17,1309,173,0,0,0
cold_frozen_i1m_h16_s7_state0_mac0,frozen,cold,final,16,7,i1m,0,0,25000000,25000000,25000000,cohort,19800000,1942,473,0,9,1291,169,0,0,0
cold_frozen_i1m_h16_s7_state0_mac0,frozen,cold,final,16,7,i1m,0,0,25000000,25000000,25000000,cohort,19900000,1930,471,0,11,1282,166,0,0,0
cold_frozen_i1m_h16_s7_state0_mac0,frozen,cold,final,16,7,i1m,0,0,25000000,25000000,25000000,cohort,20000000,1956,473,0,12,1301,170,0,0,0
cold_frozen_i1m_h16_s7_state0_mac0,frozen,cold,final,16,7,i1m,0,0,25000000,25000000,25000000,cohort,20100000,1936,475,0,9,1285,167,0,0,0
cold_frozen_i1m_h16_s7_state0_mac0,frozen,cold,final,16,7,i1m,0,0,25000000,25000000,25000000,cohort,20200000,1950,474,0,11,1296,169,0,0,0
cold_frozen_i1m_h16_s7_state0_mac0,frozen,cold,final,16,7,i1m,0,0,25000000,25000000,25000000,cohort,20300000,1924,474,0,4,1286,160,0,0,0
cold_frozen_i1m_h16_s7_state0_mac0,frozen,cold,final,16,7,i1m,0,0,25000000,25000000,25000000,cohort,20400000,1950,476,0,12,1292,170,0,0,0
cold_frozen_i1m_h16_s7_state0_mac0,frozen,cold,final,16,7,i1m,0,0,25000000,25000000,25000000,cohort,20500000,1930,475,0,8,1282,165,0,0,0
cold_frozen_i1m_h16_s7_state0_mac0,frozen,cold,final,16,7,i1m,0,0,25000000,25000000,25000000,cohort,20600000,1936,474,0,4,1296,162,0,0,0
cold_frozen_i1m_h16_s7_state0_mac0,frozen,cold,final,16,7,i1m,0,0,25000000,25000000,25000000,cohort,20700000,1952,471,0,14,1290,173,0,4,4
cold_frozen_i1m_h16_s7_state0_mac0,frozen,cold,final,16,7,i1m,0,0,25000000,25000000,25000000,cohort,20800000,1938,476,0,8,1289,165,0,0,0
cold_frozen_i1m_h16_s7_state0_mac0,frozen,cold,final,16,7,i1m,0,0,25000000,25000000,25000000,cohort,20900000,1966,469,0,13,1314,170,0,0,0
cold_frozen_i1m_h16_s7_state0_mac0,frozen,cold,final,16,7,i1m,0,0,25000000,25000000,25000000,cohort,21000000,1930,472,0,12,1276,170,0,0,0
cold_frozen_i1m_h16_s7_state0_mac0,frozen,cold,final,16,7,i1m,0,0,25000000,25000000,25000000,cohort,21100000,1964,474,0,10,1314,166,0,0,0
cold_frozen_i1m_h16_s7_state0_mac0,frozen,cold,final,16,7,i1m,0,0,25000000,25000000,25000000,cohort,21200000,1926,476,0,4,1286,160,0,0,0
cold_frozen_i1m_h16_s7_state0_mac0,frozen,cold,final,16,7,i1m,0,0,25000000,25000000,25000000,cohort,21300000,1920,469,0,10,1276,165,0,0,0
cold_frozen_i1m_h16_s7_state0_mac0,frozen,cold,final,16,7,i1m,0,0,25000000,25000000,25000000,cohort,21400000,1938,469,0,19,1273,177,0,0,0
cold_frozen_i1m_h16_s7_state0_mac0,frozen,cold,final,16,7,i1m,0,0,25000000,25000000,25000000,cohort,21500000,1926,473,0,5,1283,165,0,0,0
cold_frozen_i1m_h16_s7_state0_mac0,frozen,cold,final,16,7,i1m,0,0,25000000,25000000,25000000,cohort,21600000,1970,472,0,14,1312,172,0,0,0
cold_frozen_i1m_h16_s7_state0_mac0,frozen,cold,final,16,7,i1m,0,0,25000000,25000000,25000000,cohort,21700000,1938,474,0,11,1283,170,0,0,0
cold_frozen_i1m_h16_s7_state0_mac0,frozen,cold,final,16,7,i1m,0,0,25000000,25000000,25000000,cohort,21800000,1964,476,0,9,1311,168,0,0,0
cold_frozen_i1m_h16_s7_state0_mac0,frozen,cold,final,16,7,i1m,0,0,25000000,25000000,25000000,cohort,21900000,1946,474,0,6,1304,162,0,0,0
cold_frozen_i1m_h16_s7_state0_mac0,frozen,cold,final,16,7,i1m,0,0,25000000,25000000,25000000,cohort,22000000,1946,473,0,9,1297,167,0,0,0
cold_frozen_i1m_h16_s7_state0_mac0,frozen,cold,final,16,7,i1m,0,0,25000000,25000000,25000000,cohort,22100000,1964,472,0,14,1309,169,0,0,0
cold_frozen_i1m_h16_s7_state0_mac0,frozen,cold,final,16,7,i1m,0,0,25000000,25000000,25000000,cohort,22200000,1974,476,0,6,1332,160,0,0,0
cold_frozen_i1m_h16_s7_state0_mac0,frozen,cold,final,16,7,i1m,0,0,25000000,25000000,25000000,cohort,22300000,1976,472,0,17,1313,174,0,0,0
cold_frozen_i1m_h16_s7_state0_mac0,frozen,cold,final,16,7,i1m,0,0,25000000,25000000,25000000,cohort,22400000,1938,475,0,8,1290,165,0,0,0
cold_frozen_i1m_h16_s7_state0_mac0,frozen,cold,final,16,7,i1m,0,0,25000000,25000000,25000000,cohort,22500000,1968,473,0,27,1287,181,0,0,0
cold_frozen_i1m_h16_s7_state0_mac0,frozen,cold,final,16,7,i1m,0,0,25000000,25000000,25000000,cohort,22600000,1938,471,0,14,1284,169,0,0,0
cold_frozen_i1m_h16_s7_state0_mac0,frozen,cold,final,16,7,i1m,0,0,25000000,25000000,25000000,cohort,22700000,1960,475,0,9,1310,166,0,0,0
cold_frozen_i1m_h16_s7_state0_mac0,frozen,cold,final,16,7,i1m,0,0,25000000,25000000,25000000,cohort,22800000,1982,473,0,16,1318,175,0,0,0
cold_frozen_i1m_h16_s7_state0_mac0,frozen,cold,final,16,7,i1m,0,0,25000000,25000000,25000000,cohort,22900000,1948,475,0,7,1303,163,0,0,0
cold_frozen_i1m_h16_s7_state0_mac0,frozen,cold,final,16,7,i1m,0,0,25000000,25000000,25000000,cohort,23000000,1964,466,0,24,1295,179,0,0,0
cold_frozen_i1m_h16_s7_state0_mac0,frozen,cold,final,16,7,i1m,0,0,25000000,25000000,25000000,cohort,23100000,1944,474,0,14,1285,171,0,0,0
cold_frozen_i1m_h16_s7_state0_mac0,frozen,cold,final,16,7,i1m,0,0,25000000,25000000,25000000,cohort,23200000,2022,470,0,22,1356,174,0,0,0
cold_frozen_i1m_h16_s7_state0_mac0,frozen,cold,final,16,7,i1m,0,0,25000000,25000000,25000000,cohort,23300000,1956,473,0,13,1297,173,0,0,0
cold_frozen_i1m_h16_s7_state0_mac0,frozen,cold,final,16,7,i1m,0,0,25000000,25000000,25000000,cohort,23400000,1938,474,0,4,1296,164,0,0,0
cold_frozen_i1m_h16_s7_state0_mac0,frozen,cold,final,16,7,i1m,0,0,25000000,25000000,25000000,cohort,23500000,1972,471,0,14,1314,173,0,0,0
cold_frozen_i1m_h16_s7_state0_mac0,frozen,cold,final,16,7,i1m,0,0,25000000,25000000,25000000,cohort,23600000,1960,474,0,7,1314,165,0,0,0
cold_frozen_i1m_h16_s7_state0_mac0,frozen,cold,final,16,7,i1m,0,0,25000000,25000000,25000000,cohort,23700000,1962,472,0,15,1301,174,0,0,0
cold_frozen_i1m_h16_s7_state0_mac0,frozen,cold,final,16,7,i1m,0,0,25000000,25000000,25000000,cohort,23800000,1942,478,0,6,1293,165,0,0,0
cold_frozen_i1m_h16_s7_state0_mac0,frozen,cold,final,16,7,i1m,0,0,25000000,25000000,25000000,cohort,23900000,1960,466,0,18,1305,171,0,0,0
cold_frozen_i1m_h16_s7_state0_mac0,frozen,cold,final,16,7,i1m,0,0,25000000,25000000,25000000,cohort,24000000,1940,472,0,11,1291,166,0,0,0
cold_frozen_i1m_h16_s7_state0_mac0,frozen,cold,final,16,7,i1m,0,0,25000000,25000000,25000000,cohort,24100000,1938,476,0,5,1292,165,0,0,0
cold_frozen_i1m_h16_s7_state0_mac0,frozen,cold,final,16,7,i1m,0,0,25000000,25000000,25000000,cohort,24200000,1956,480,0,7,1304,165,0,0,0
cold_frozen_i1m_h16_s7_state0_mac0,frozen,cold,final,16,7,i1m,0,0,25000000,25000000,25000000,cohort,24300000,1936,475,0,4,1297,160,0,0,0
cold_frozen_i1m_h16_s7_state0_mac0,frozen,cold,final,16,7,i1m,0,0,25000000,25000000,25000000,cohort,24400000,1960,476,0,6,1311,165,0,2,2
cold_frozen_i1m_h16_s7_state0_mac0,frozen,cold,final,16,7,i1m,0,0,25000000,25000000,25000000,cohort,24500000,1934,474,0,5,1286,166,0,3,3
cold_frozen_i1m_h16_s7_state0_mac0,frozen,cold,final,16,7,i1m,0,0,25000000,25000000,25000000,cohort,24600000,1960,475,0,3,1303,170,0,9,9
cold_frozen_i1m_h16_s7_state0_mac0,frozen,cold,final,16,7,i1m,0,0,25000000,25000000,25000000,cohort,24700000,1928,475,0,1,1291,159,0,2,2
cold_frozen_i1m_h16_s7_state0_mac0,frozen,cold,final,16,7,i1m,0,0,25000000,25000000,25000000,cohort,24800000,1936,475,0,0,1294,162,0,5,5
cold_frozen_i1m_h16_s7_state0_mac0,frozen,cold,final,16,7,i1m,0,0,25000000,25000000,25000000,cohort,24900000,1960,472,0,0,1307,168,0,13,13
cold_frozen_i1m_h8_s7_state0_mac0,frozen,cold,final,8,7,i1m,0,0,25000000,25000000,25000000,cohort,0,1942,781,0,10,835,314,0,2,2
cold_frozen_i1m_h8_s7_state0_mac0,frozen,cold,final,8,7,i1m,0,0,25000000,25000000,25000000,cohort,100000,1922,472,0,9,1279,162,0,0,0
cold_frozen_i1m_h8_s7_state0_mac0,frozen,cold,final,8,7,i1m,0,0,25000000,25000000,25000000,cohort,200000,1922,472,0,5,1284,161,0,0,0
cold_frozen_i1m_h8_s7_state0_mac0,frozen,cold,final,8,7,i1m,0,0,25000000,25000000,25000000,cohort,300000,1944,478,0,7,1292,167,0,0,0
cold_frozen_i1m_h8_s7_state0_mac0,frozen,cold,final,8,7,i1m,0,0,25000000,25000000,25000000,cohort,400000,1932,475,0,3,1294,160,0,0,0
cold_frozen_i1m_h8_s7_state0_mac0,frozen,cold,final,8,7,i1m,0,0,25000000,25000000,25000000,cohort,500000,1958,474,0,8,1311,165,0,0,0
cold_frozen_i1m_h8_s7_state0_mac0,frozen,cold,final,8,7,i1m,0,0,25000000,25000000,25000000,cohort,600000,1948,474,0,7,1303,164,0,0,0
cold_frozen_i1m_h8_s7_state0_mac0,frozen,cold,final,8,7,i1m,0,0,25000000,25000000,25000000,cohort,700000,1959,472,0,9,1310,168,0,0,0
cold_frozen_i1m_h8_s7_state0_mac0,frozen,cold,final,8,7,i1m,0,0,25000000,25000000,25000000,cohort,800000,1968,475,0,3,1331,159,0,0,0
cold_frozen_i1m_h8_s7_state0_mac0,frozen,cold,final,8,7,i1m,0,0,25000000,25000000,25000000,cohort,900000,1948,474,0,3,1305,166,0,0,0
cold_frozen_i1m_h8_s7_state0_mac0,frozen,cold,final,8,7,i1m,0,0,25000000,25000000,25000000,cohort,1000000,1948,475,0,3,1309,161,0,0,0
cold_frozen_i1m_h8_s7_state0_mac0,frozen,cold,final,8,7,i1m,0,0,25000000,25000000,25000000,cohort,1100000,1930,474,0,5,1288,163,0,0,0
cold_frozen_i1m_h8_s7_state0_mac0,frozen,cold,final,8,7,i1m,0,0,25000000,25000000,25000000,cohort,1200000,1950,470,0,11,1301,168,0,0,0
cold_frozen_i1m_h8_s7_state0_mac0,frozen,cold,final,8,7,i1m,0,0,25000000,25000000,25000000,cohort,1300000,1946,473,0,6,1303,164,0,0,0
cold_frozen_i1m_h8_s7_state0_mac0,frozen,cold,final,8,7,i1m,0,0,25000000,25000000,25000000,cohort,1400000,1968,476,0,5,1322,165,0,0,0
cold_frozen_i1m_h8_s7_state0_mac0,frozen,cold,final,8,7,i1m,0,0,25000000,25000000,25000000,cohort,1500000,1934,475,0,3,1296,160,0,0,0
cold_frozen_i1m_h8_s7_state0_mac0,frozen,cold,final,8,7,i1m,0,0,25000000,25000000,25000000,cohort,1600000,1846,449,0,12,1226,159,0,0,0
cold_frozen_i1m_h8_s7_state0_mac0,frozen,cold,final,8,7,i1m,0,0,25000000,25000000,25000000,cohort,1700000,1940,472,0,6,1297,165,0,0,0
cold_frozen_i1m_h8_s7_state0_mac0,frozen,cold,final,8,7,i1m,0,0,25000000,25000000,25000000,cohort,1800000,1938,471,0,7,1297,163,0,0,0
cold_frozen_i1m_h8_s7_state0_mac0,frozen,cold,final,8,7,i1m,0,0,25000000,25000000,25000000,cohort,1900000,1932,469,0,7,1290,166,0,0,0
cold_frozen_i1m_h8_s7_state0_mac0,frozen,cold,final,8,7,i1m,0,0,25000000,25000000,25000000,cohort,2000000,1924,476,0,0,1290,158,0,0,0
cold_frozen_i1m_h8_s7_state0_mac0,frozen,cold,final,8,7,i1m,0,0,25000000,25000000,25000000,cohort,2100000,1936,471,0,3,1298,164,0,0,0
cold_frozen_i1m_h8_s7_state0_mac0,frozen,cold,final,8,7,i1m,0,0,25000000,25000000,25000000,cohort,2200000,1934,473,0,2,1300,159,0,0,0
cold_frozen_i1m_h8_s7_state0_mac0,frozen,cold,final,8,7,i1m,0,0,25000000,25000000,25000000,cohort,2300000,1940,472,0,5,1301,162,0,0,0
cold_frozen_i1m_h8_s7_state0_mac0,frozen,cold,final,8,7,i1m,0,0,25000000,25000000,25000000,cohort,2400000,1926,463,0,9,1289,165,0,0,0
cold_frozen_i1m_h8_s7_state0_mac0,frozen,cold,final,8,7,i1m,0,0,25000000,25000000,25000000,cohort,2500000,1912,472,0,8,1266,166,0,0,0
cold_frozen_i1m_h8_s7_state0_mac0,frozen,cold,final,8,7,i1m,0,0,25000000,25000000,25000000,cohort,2600000,1966,473,0,17,1304,172,0,0,0
cold_frozen_i1m_h8_s7_state0_mac0,frozen,cold,final,8,7,i1m,0,0,25000000,25000000,25000000,cohort,2700000,1948,478,0,3,1300,167,0,0,0
cold_frozen_i1m_h8_s7_state0_mac0,frozen,cold,final,8,7,i1m,0,0,25000000,25000000,25000000,cohort,2800000,1952,471,0,6,1314,161,0,0,0
cold_frozen_i1m_h8_s7_state0_mac0,frozen,cold,final,8,7,i1m,0,0,25000000,25000000,25000000,cohort,2900000,1942,474,0,6,1293,169,0,0,0
cold_frozen_i1m_h8_s7_state0_mac0,frozen,cold,final,8,7,i1m,0,0,25000000,25000000,25000000,cohort,3000000,1946,475,0,4,1304,163,0,0,0
cold_frozen_i1m_h8_s7_state0_mac0,frozen,cold,final,8,7,i1m,0,0,25000000,25000000,25000000,cohort,3100000,1934,470,0,2,1299,163,0,0,0
cold_frozen_i1m_h8_s7_state0_mac0,frozen,cold,final,8,7,i1m,0,0,25000000,25000000,25000000,cohort,3200000,1956,477,1,4,1308,166,0,0,0
cold_frozen_i1m_h8_s7_state0_mac0,frozen,cold,final,8,7,i1m,0,0,25000000,25000000,25000000,cohort,3300000,1958,477,0,5,1310,166,0,0,0
cold_frozen_i1m_h8_s7_state0_mac0,frozen,cold,final,8,7,i1m,0,0,25000000,25000000,25000000,cohort,3400000,1932,472,0,4,1295,161,0,0,0
cold_frozen_i1m_h8_s7_state0_mac0,frozen,cold,final,8,7,i1m,0,0,25000000,25000000,25000000,cohort,3500000,1960,470,0,14,1305,171,0,0,0
cold_frozen_i1m_h8_s7_state0_mac0,frozen,cold,final,8,7,i1m,0,0,25000000,25000000,25000000,cohort,3600000,1930,467,0,23,1262,178,0,0,0
cold_frozen_i1m_h8_s7_state0_mac0,frozen,cold,final,8,7,i1m,0,0,25000000,25000000,25000000,cohort,3700000,1946,473,0,4,1302,167,0,0,0
cold_frozen_i1m_h8_s7_state0_mac0,frozen,cold,final,8,7,i1m,0,0,25000000,25000000,25000000,cohort,3800000,1960,473,0,11,1311,165,0,0,0
cold_frozen_i1m_h8_s7_state0_mac0,frozen,cold,final,8,7,i1m,0,0,25000000,25000000,25000000,cohort,3900000,1948,471,0,12,1297,168,0,0,0
cold_frozen_i1m_h8_s7_state0_mac0,frozen,cold,final,8,7,i1m,0,0,25000000,25000000,25000000,cohort,4000000,1964,470,0,20,1299,175,0,0,0
cold_frozen_i1m_h8_s7_state0_mac0,frozen,cold,final,8,7,i1m,0,0,25000000,25000000,25000000,cohort,4100000,1948,474,0,8,1300,166,0,0,0
cold_frozen_i1m_h8_s7_state0_mac0,frozen,cold,final,8,7,i1m,0,0,25000000,25000000,25000000,cohort,4200000,1972,469,0,13,1319,171,0,0,0
cold_frozen_i1m_h8_s7_state0_mac0,frozen,cold,final,8,7,i1m,0,0,25000000,25000000,25000000,cohort,4300000,1936,476,0,4,1294,162,0,0,0
cold_frozen_i1m_h8_s7_state0_mac0,frozen,cold,final,8,7,i1m,0,0,25000000,25000000,25000000,cohort,4400000,1958,472,0,8,1315,163,0,0,0
cold_frozen_i1m_h8_s7_state0_mac0,frozen,cold,final,8,7,i1m,0,0,25000000,25000000,25000000,cohort,4500000,1964,471,0,13,1313,167,0,0,0
cold_frozen_i1m_h8_s7_state0_mac0,frozen,cold,final,8,7,i1m,0,0,25000000,25000000,25000000,cohort,4600000,1956,475,0,8,1306,167,0,0,0
cold_frozen_i1m_h8_s7_state0_mac0,frozen,cold,final,8,7,i1m,0,0,25000000,25000000,25000000,cohort,4700000,1956,473,0,8,1304,171,0,0,0
cold_frozen_i1m_h8_s7_state0_mac0,frozen,cold,final,8,7,i1m,0,0,25000000,25000000,25000000,cohort,4800000,1938,474,0,4,1301,159,0,0,0
cold_frozen_i1m_h8_s7_state0_mac0,frozen,cold,final,8,7,i1m,0,0,25000000,25000000,25000000,cohort,4900000,1940,466,1,15,1287,171,0,0,0
cold_frozen_i1m_h8_s7_state0_mac0,frozen,cold,final,8,7,i1m,0,0,25000000,25000000,25000000,cohort,5000000,1874,456,0,9,1250,159,0,0,0
cold_frozen_i1m_h8_s7_state0_mac0,frozen,cold,final,8,7,i1m,0,0,25000000,25000000,25000000,cohort,5100000,1932,469,0,12,1282,169,0,0,0
cold_frozen_i1m_h8_s7_state0_mac0,frozen,cold,final,8,7,i1m,0,0,25000000,25000000,25000000,cohort,5200000,1966,470,0,21,1298,177,0,0,0
cold_frozen_i1m_h8_s7_state0_mac0,frozen,cold,final,8,7,i1m,0,0,25000000,25000000,25000000,cohort,5300000,1930,471,0,14,1276,169,0,0,0
cold_frozen_i1m_h8_s7_state0_mac0,frozen,cold,final,8,7,i1m,0,0,25000000,25000000,25000000,cohort,5400000,1964,467,0,24,1294,179,0,0,0
cold_frozen_i1m_h8_s7_state0_mac0,frozen,cold,final,8,7,i1m,0,0,25000000,25000000,25000000,cohort,5500000,1946,472,0,11,1293,170,0,0,0
cold_frozen_i1m_h8_s7_state0_mac0,frozen,cold,final,8,7,i1m,0,0,25000000,25000000,25000000,cohort,5600000,1966,471,0,20,1304,171,0,0,0
cold_frozen_i1m_h8_s7_state0_mac0,frozen,cold,final,8,7,i1m,0,0,25000000,25000000,25000000,cohort,5700000,1926,468,0,16,1269,173,0,0,0
cold_frozen_i1m_h8_s7_state0_mac0,frozen,cold,final,8,7,i1m,0,0,25000000,25000000,25000000,cohort,5800000,1932,472,0,17,1273,170,0,0,0
cold_frozen_i1m_h8_s7_state0_mac0,frozen,cold,final,8,7,i1m,0,0,25000000,25000000,25000000,cohort,5900000,2002,469,0,21,1338,174,0,0,0
cold_frozen_i1m_h8_s7_state0_mac0,frozen,cold,final,8,7,i1m,0,0,25000000,25000000,25000000,cohort,6000000,1938,472,0,11,1291,164,0,0,0
cold_frozen_i1m_h8_s7_state0_mac0,frozen,cold,final,8,7,i1m,0,0,25000000,25000000,25000000,cohort,6100000,1958,469,0,13,1300,176,0,0,0
cold_frozen_i1m_h8_s7_state0_mac0,frozen,cold,final,8,7,i1m,0,0,25000000,25000000,25000000,cohort,6200000,1944,474,0,8,1296,166,0,0,0
cold_frozen_i1m_h8_s7_state0_mac0,frozen,cold,final,8,7,i1m,0,0,25000000,25000000,25000000,cohort,6300000,1968,472,0,23,1297,176,0,0,0
cold_frozen_i1m_h8_s7_state0_mac0,frozen,cold,final,8,7,i1m,0,0,25000000,25000000,25000000,cohort,6400000,1910,465,0,13,1266,166,0,0,0
cold_frozen_i1m_h8_s7_state0_mac0,frozen,cold,final,8,7,i1m,0,0,25000000,25000000,25000000,cohort,6500000,1928,471,0,11,1278,168,0,0,0
cold_frozen_i1m_h8_s7_state0_mac0,frozen,cold,final,8,7,i1m,0,0,25000000,25000000,25000000,cohort,6600000,1964,468,0,17,1305,174,0,0,0
cold_frozen_i1m_h8_s7_state0_mac0,frozen,cold,final,8,7,i1m,0,0,25000000,25000000,25000000,cohort,6700000,1928,471,0,9,1283,165,0,0,0
cold_frozen_i1m_h8_s7_state0_mac0,frozen,cold,final,8,7,i1m,0,0,25000000,25000000,25000000,cohort,6800000,1964,469,0,18,1303,174,0,0,0
cold_frozen_i1m_h8_s7_state0_mac0,frozen,cold,final,8,7,i1m,0,0,25000000,25000000,25000000,cohort,6900000,1940,471,0,14,1285,170,0,0,0
cold_frozen_i1m_h8_s7_state0_mac0,frozen,cold,final,8,7,i1m,0,0,25000000,25000000,25000000,cohort,7000000,1936,477,0,4,1294,161,0,0,0
cold_frozen_i1m_h8_s7_state0_mac0,frozen,cold,final,8,7,i1m,0,0,25000000,25000000,25000000,cohort,7100000,1966,468,0,20,1304,174,0,0,0
cold_frozen_i1m_h8_s7_state0_mac0,frozen,cold,final,8,7,i1m,0,0,25000000,25000000,25000000,cohort,7200000,1950,474,0,11,1296,169,0,0,0
cold_frozen_i1m_h8_s7_state0_mac0,frozen,cold,final,8,7,i1m,0,0,25000000,25000000,25000000,cohort,7300000,1964,473,0,14,1306,171,0,0,0
cold_frozen_i1m_h8_s7_state0_mac0,frozen,cold,final,8,7,i1m,0,0,25000000,25000000,25000000,cohort,7400000,1936,471,0,11,1287,167,0,0,0
cold_frozen_i1m_h8_s7_state0_mac0,frozen,cold,final,8,7,i1m,0,0,25000000,25000000,25000000,cohort,7500000,1968,469,0,16,1305,178,0,0,0
cold_frozen_i1m_h8_s7_state0_mac0,frozen,cold,final,8,7,i1m,0,0,25000000,25000000,25000000,cohort,7600000,1940,476,0,3,1303,158,0,0,0
cold_frozen_i1m_h8_s7_state0_mac0,frozen,cold,final,8,7,i1m,0,0,25000000,25000000,25000000,cohort,7700000,1958,471,0,13,1305,169,0,0,0
cold_frozen_i1m_h8_s7_state0_mac0,frozen,cold,final,8,7,i1m,0,0,25000000,25000000,25000000,cohort,7800000,1968,471,0,25,1291,181,0,0,0
cold_frozen_i1m_h8_s7_state0_mac0,frozen,cold,final,8,7,i1m,0,0,25000000,25000000,25000000,cohort,7900000,1934,476,0,4,1294,160,0,0,0
cold_frozen_i1m_h8_s7_state0_mac0,frozen,cold,final,8,7,i1m,0,0,25000000,25000000,25000000,cohort,8000000,1984,468,0,26,1311,179,0,0,0
cold_frozen_i1m_h8_s7_state0_mac0,frozen,cold,final,8,7,i1m,0,0,25000000,25000000,25000000,cohort,8100000,1948,471,0,19,1282,176,0,0,0
cold_frozen_i1m_h8_s7_state0_mac0,frozen,cold,final,8,7,i1m,0,0,25000000,25000000,25000000,cohort,8200000,1982,474,0,14,1325,169,0,0,0
cold_frozen_i1m_h8_s7_state0_mac0,frozen,cold,final,8,7,i1m,0,0,25000000,25000000,25000000,cohort,8300000,1942,476,0,4,1301,161,0,0,0
cold_frozen_i1m_h8_s7_state0_mac0,frozen,cold,final,8,7,i1m,0,0,25000000,25000000,25000000,cohort,8400000,1962,477,0,8,1312,165,0,0,0
cold_frozen_i1m_h8_s7_state0_mac0,frozen,cold,final,8,7,i1m,0,0,25000000,25000000,25000000,cohort,8500000,1920,460,0,22,1267,171,0,0,0
cold_frozen_i1m_h8_s7_state0_mac0,frozen,cold,final,8,7,i1m,0,0,25000000,25000000,25000000,cohort,8600000,1926,473,0,8,1280,165,0,0,0
cold_frozen_i1m_h8_s7_state0_mac0,frozen,cold,final,8,7,i1m,0,0,25000000,25000000,25000000,cohort,8700000,1940,468,0,12,1295,165,0,0,0
cold_frozen_i1m_h8_s7_state0_mac0,frozen,cold,final,8,7,i1m,0,0,25000000,25000000,25000000,cohort,8800000,1892,463,0,7,1263,159,0,0,0
cold_frozen_i1m_h8_s7_state0_mac0,frozen,cold,final,8,7,i1m,0,0,25000000,25000000,25000000,cohort,8900000,1942,471,0,11,1295,165,0,0,0
cold_frozen_i1m_h8_s7_state0_mac0,frozen,cold,final,8,7,i1m,0,0,25000000,25000000,25000000,cohort,9000000,1948,470,0,9,1304,165,0,0,0
cold_frozen_i1m_h8_s7_state0_mac0,frozen,cold,final,8,7,i1m,0,0,25000000,25000000,25000000,cohort,9100000,1932,472,0,11,1283,166,0,0,0
cold_frozen_i1m_h8_s7_state0_mac0,frozen,cold,final,8,7,i1m,0,0,25000000,25000000,25000000,cohort,9200000,1956,473,0,13,1301,169,0,0,0
cold_frozen_i1m_h8_s7_state0_mac0,frozen,cold,final,8,7,i1m,0,0,25000000,25000000,25000000,cohort,9300000,1946,472,0,7,1304,163,0,0,0
cold_frozen_i1m_h8_s7_state0_mac0,frozen,cold,final,8,7,i1m,0,0,25000000,25000000,25000000,cohort,9400000,1946,471,0,3,1308,164,0,0,0
cold_frozen_i1m_h8_s7_state0_mac0,frozen,cold,final,8,7,i1m,0,0,25000000,25000000,25000000,cohort,9500000,1924,473,0,7,1281,163,0,0,0
cold_frozen_i1m_h8_s7_state0_mac0,frozen,cold,final,8,7,i1m,0,0,25000000,25000000,25000000,cohort,9600000,1946,466,0,13,1297,170,0,0,0
cold_frozen_i1m_h8_s7_state0_mac0,frozen,cold,final,8,7,i1m,0,0,25000000,25000000,25000000,cohort,9700000,1922,467,0,13,1274,168,0,0,0
cold_frozen_i1m_h8_s7_state0_mac0,frozen,cold,final,8,7,i1m,0,0,25000000,25000000,25000000,cohort,9800000,1906,467,0,9,1266,164,0,0,0
cold_frozen_i1m_h8_s7_state0_mac0,frozen,cold,final,8,7,i1m,0,0,25000000,25000000,25000000,cohort,9900000,1950,466,0,17,1294,173,0,0,0
cold_frozen_i1m_h8_s7_state0_mac0,frozen,cold,final,8,7,i1m,0,0,25000000,25000000,25000000,cohort,10000000,1936,476,0,7,1287,166,0,0,0
cold_frozen_i1m_h8_s7_state0_mac0,frozen,cold,final,8,7,i1m,0,0,25000000,25000000,25000000,cohort,10100000,1946,472,0,7,1300,167,0,0,0
cold_frozen_i1m_h8_s7_state0_mac0,frozen,cold,final,8,7,i1m,0,0,25000000,25000000,25000000,cohort,10200000,1928,474,0,6,1285,163,0,0,0
cold_frozen_i1m_h8_s7_state0_mac0,frozen,cold,final,8,7,i1m,0,0,25000000,25000000,25000000,cohort,10300000,1982,473,0,10,1332,167,0,0,0
cold_frozen_i1m_h8_s7_state0_mac0,frozen,cold,final,8,7,i1m,0,0,25000000,25000000,25000000,cohort,10400000,1932,473,0,5,1292,162,0,0,0
cold_frozen_i1m_h8_s7_state0_mac0,frozen,cold,final,8,7,i1m,0,0,25000000,25000000,25000000,cohort,10500000,1922,473,0,4,1283,162,0,0,0
cold_frozen_i1m_h8_s7_state0_mac0,frozen,cold,final,8,7,i1m,0,0,25000000,25000000,25000000,cohort,10600000,1944,464,1,16,1294,169,0,0,0
cold_frozen_i1m_h8_s7_state0_mac0,frozen,cold,final,8,7,i1m,0,0,25000000,25000000,25000000,cohort,10700000,1932,476,0,5,1289,162,0,0,0
cold_frozen_i1m_h8_s7_state0_mac0,frozen,cold,final,8,7,i1m,0,0,25000000,25000000,25000000,cohort,10800000,1942,462,0,14,1297,169,0,0,0
cold_frozen_i1m_h8_s7_state0_mac0,frozen,cold,final,8,7,i1m,0,0,25000000,25000000,25000000,cohort,10900000,1932,475,0,6,1288,163,0,0,0
cold_frozen_i1m_h8_s7_state0_mac0,frozen,cold,final,8,7,i1m,0,0,25000000,25000000,25000000,cohort,11000000,1946,466,0,15,1293,172,0,0,0
cold_frozen_i1m_h8_s7_state0_mac0,frozen,cold,final,8,7,i1m,0,0,25000000,25000000,25000000,cohort,11100000,1932,473,0,8,1284,167,0,0,0
cold_frozen_i1m_h8_s7_state0_mac0,frozen,cold,final,8,7,i1m,0,0,25000000,25000000,25000000,cohort,11200000,1940,464,0,9,1304,163,0,0,0
cold_frozen_i1m_h8_s7_state0_mac0,frozen,cold,final,8,7,i1m,0,0,25000000,25000000,25000000,cohort,11300000,1944,466,0,19,1286,173,0,0,0
cold_frozen_i1m_h8_s7_state0_mac0,frozen,cold,final,8,7,i1m,0,0,25000000,25000000,25000000,cohort,11400000,1888,454,0,24,1234,176,0,0,0
cold_frozen_i1m_h8_s7_state0_mac0,frozen,cold,final,8,7,i1m,0,0,25000000,25000000,25000000,cohort,11500000,1842,431,0,37,1198,176,0,0,0
cold_frozen_i1m_h8_s7_state0_mac0,frozen,cold,final,8,7,i1m,0,0,25000000,25000000,25000000,cohort,11600000,1920,468,0,12,1268,172,0,0,0
cold_frozen_i1m_h8_s7_state0_mac0,frozen,cold,final,8,7,i1m,0,0,25000000,25000000,25000000,cohort,11700000,1926,473,0,8,1280,165,0,0,0
cold_frozen_i1m_h8_s7_state0_mac0,frozen,cold,final,8,7,i1m,0,0,25000000,25000000,25000000,cohort,11800000,1934,443,4,54,1226,207,0,0,0
cold_frozen_i1m_h8_s7_state0_mac0,frozen,cold,final,8,7,i1m,0,0,25000000,25000000,25000000,cohort,11900000,1904,463,8,44,1185,204,0,0,0
cold_frozen_i1m_h8_s7_state0_mac0,frozen,cold,final,8,7,i1m,0,0,25000000,25000000,25000000,cohort,12000000,1876,455,0,16,1242,163,0,0,0
cold_frozen_i1m_h8_s7_state0_mac0,frozen,cold,final,8,7,i1m,0,0,25000000,25000000,25000000,cohort,12100000,1886,450,0,21,1246,169,0,0,0
cold_frozen_i1m_h8_s7_state0_mac0,frozen,cold,final,8,7,i1m,0,0,25000000,25000000,25000000,cohort,12200000,1926,472,0,9,1277,168,0,0,0
cold_frozen_i1m_h8_s7_state0_mac0,frozen,cold,final,8,7,i1m,0,0,25000000,25000000,25000000,cohort,12300000,1902,464,0,11,1261,166,0,0,0
cold_frozen_i1m_h8_s7_state0_mac0,frozen,cold,final,8,7,i1m,0,0,25000000,25000000,25000000,cohort,12400000,1928,466,0,16,1275,171,0,0,0
cold_frozen_i1m_h8_s7_state0_mac0,frozen,cold,final,8,7,i1m,0,0,25000000,25000000,25000000,cohort,12500000,1916,471,0,9,1272,164,0,0,0
cold_frozen_i1m_h8_s7_state0_mac0,frozen,cold,final,8,7,i1m,0,0,25000000,25000000,25000000,cohort,12600000,1802,415,2,69,1111,205,0,0,0
cold_frozen_i1m_h8_s7_state0_mac0,frozen,cold,final,8,7,i1m,0,0,25000000,25000000,25000000,cohort,12700000,1980,474,3,57,1230,216,0,0,0
cold_frozen_i1m_h8_s7_state0_mac0,frozen,cold,final,8,7,i1m,0,0,25000000,25000000,25000000,cohort,12800000,1822,444,0,26,1181,171,0,0,0
cold_frozen_i1m_h8_s7_state0_mac0,frozen,cold,final,8,7,i1m,0,0,25000000,25000000,25000000,cohort,12900000,1936,472,0,13,1281,170,0,0,0
cold_frozen_i1m_h8_s7_state0_mac0,frozen,cold,final,8,7,i1m,0,0,25000000,25000000,25000000,cohort,13000000,1920,471,0,6,1280,163,0,0,0
cold_frozen_i1m_h8_s7_state0_mac0,frozen,cold,final,8,7,i1m,0,0,25000000,25000000,25000000,cohort,13100000,1916,474,0,6,1272,164,0,0,0
cold_frozen_i1m_h8_s7_state0_mac0,frozen,cold,final,8,7,i1m,0,0,25000000,25000000,25000000,cohort,13200000,1886,444,5,86,1127,224,0,0,0
cold_frozen_i1m_h8_s7_state0_mac0,frozen,cold,final,8,7,i1m,0,0,25000000,25000000,25000000,cohort,13300000,1920,471,0,7,1277,165,0,0,0
cold_frozen_i1m_h8_s7_state0_mac0,frozen,cold,final,8,7,i1m,0,0,25000000,25000000,25000000,cohort,13400000,2335,795,0,146,952,432,0,10,10
cold_frozen_i1m_h8_s7_state0_mac0,frozen,cold,final,8,7,i1m,0,0,25000000,25000000,25000000,cohort,13500000,1924,459,0,14,1276,175,0,0,0
cold_frozen_i1m_h8_s7_state0_mac0,frozen,cold,final,8,7,i1m,0,0,25000000,25000000,25000000,cohort,13600000,1938,459,0,14,1288,177,0,0,0
cold_frozen_i1m_h8_s7_state0_mac0,frozen,cold,final,8,7,i1m,0,0,25000000,25000000,25000000,cohort,13700000,1916,465,0,25,1245,181,0,0,0
cold_frozen_i1m_h8_s7_state0_mac0,frozen,cold,final,8,7,i1m,0,0,25000000,25000000,25000000,cohort,13800000,1926,476,0,3,1288,159,0,0,0
cold_frozen_i1m_h8_s7_state0_mac0,frozen,cold,final,8,7,i1m,0,0,25000000,25000000,25000000,cohort,13900000,1966,468,0,24,1296,178,0,0,0
cold_frozen_i1m_h8_s7_state0_mac0,frozen,cold,final,8,7,i1m,0,0,25000000,25000000,25000000,cohort,14000000,1930,475,0,9,1280,166,0,0,0
cold_frozen_i1m_h8_s7_state0_mac0,frozen,cold,final,8,7,i1m,0,0,25000000,25000000,25000000,cohort,14100000,1914,469,0,26,1243,176,0,0,0
cold_frozen_i1m_h8_s7_state0_mac0,frozen,cold,final,8,7,i1m,0,0,25000000,25000000,25000000,cohort,14200000,1968,475,0,17,1303,173,0,0,0
cold_frozen_i1m_h8_s7_state0_mac0,frozen,cold,final,8,7,i1m,0,0,25000000,25000000,25000000,cohort,14300000,1924,473,0,5,1285,161,0,0,0
cold_frozen_i1m_h8_s7_state0_mac0,frozen,cold,final,8,7,i1m,0,0,25000000,25000000,25000000,cohort,14400000,1964,475,0,12,1304,173,0,0,0
cold_frozen_i1m_h8_s7_state0_mac0,frozen,cold,final,8,7,i1m,0,0,25000000,25000000,25000000,cohort,14500000,1924,474,0,5,1284,161,0,0,0
cold_frozen_i1m_h8_s7_state0_mac0,frozen,cold,final,8,7,i1m,0,0,25000000,25000000,25000000,cohort,14600000,1964,476,0,13,1304,171,0,0,0
cold_frozen_i1m_h8_s7_state0_mac0,frozen,cold,final,8,7,i1m,0,0,25000000,25000000,25000000,cohort,14700000,1936,473,0,10,1286,167,0,0,0
cold_frozen_i1m_h8_s7_state0_mac0,frozen,cold,final,8,7,i1m,0,0,25000000,25000000,25000000,cohort,14800000,1930,476,0,7,1288,159,0,0,0
cold_frozen_i1m_h8_s7_state0_mac0,frozen,cold,final,8,7,i1m,0,0,25000000,25000000,25000000,cohort,14900000,1962,472,0,19,1295,176,0,0,0
cold_frozen_i1m_h8_s7_state0_mac0,frozen,cold,final,8,7,i1m,0,0,25000000,25000000,25000000,cohort,15000000,1932,477,0,7,1284,164,0,0,0
cold_frozen_i1m_h8_s7_state0_mac0,frozen,cold,final,8,7,i1m,0,0,25000000,25000000,25000000,cohort,15100000,1948,464,0,30,1272,182,0,0,0
cold_frozen_i1m_h8_s7_state0_mac0,frozen,cold,final,8,7,i1m,0,0,25000000,25000000,25000000,cohort,15200000,1950,477,0,10,1293,170,0,0,0
cold_frozen_i1m_h8_s7_state0_mac0,frozen,cold,final,8,7,i1m,0,0,25000000,25000000,25000000,cohort,15300000,1976,474,0,7,1333,162,0,0,0
cold_frozen_i1m_h8_s7_state0_mac0,frozen,cold,final,8,7,i1m,0,0,25000000,25000000,25000000,cohort,15400000,1960,476,0,10,1308,166,0,0,0
cold_frozen_i1m_h8_s7_state0_mac0,frozen,cold,final,8,7,i1m,0,0,25000000,25000000,25000000,cohort,15500000,1938,475,0,6,1294,163,0,0,0
cold_frozen_i1m_h8_s7_state0_mac0,frozen,cold,final,8,7,i1m,0,0,25000000,25000000,25000000,cohort,15600000,1956,473,0,10,1310,163,0,0,0
cold_frozen_i1m_h8_s7_state0_mac0,frozen,cold,final,8,7,i1m,0,0,25000000,25000000,25000000,cohort,15700000,1930,473,0,6,1285,166,0,0,0
cold_frozen_i1m_h8_s7_state0_mac0,frozen,cold,final,8,7,i1m,0,0,25000000,25000000,25000000,cohort,15800000,1956,468,0,14,1302,172,0,0,0
cold_frozen_i1m_h8_s7_state0_mac0,frozen,cold,final,8,7,i1m,0,0,25000000,25000000,25000000,cohort,15900000,1936,474,0,8,1291,163,0,0,0
cold_frozen_i1m_h8_s7_state0_mac0,frozen,cold,final,8,7,i1m,0,0,25000000,25000000,25000000,cohort,16000000,1942,470,0,8,1298,166,0,0,0
cold_frozen_i1m_h8_s7_state0_mac0,frozen,cold,final,8,7,i1m,0,0,25000000,25000000,25000000,cohort,16100000,1946,474,0,9,1297,166,0,0,0
cold_frozen_i1m_h8_s7_state0_mac0,frozen,cold,final,8,7,i1m,0,0,25000000,25000000,25000000,cohort,16200000,1958,471,0,10,1308,169,0,0,0
cold_frozen_i1m_h8_s7_state0_mac0,frozen,cold,final,8,7,i1m,0,0,25000000,25000000,25000000,cohort,16300000,1928,477,0,2,1289,160,0,0,0
cold_frozen_i1m_h8_s7_state0_mac0,frozen,cold,final,8,7,i1m,0,0,25000000,25000000,25000000,cohort,16400000,1918,467,0,11,1273,167,0,0,0
cold_frozen_i1m_h8_s7_state0_mac0,frozen,cold,final,8,7,i1m,0,0,25000000,25000000,25000000,cohort,16500000,1936,472,0,10,1287,167,0,0,0
cold_frozen_i1m_h8_s7_state0_mac0,frozen,cold,final,8,7,i1m,0,0,25000000,25000000,25000000,cohort,16600000,1930,467,0,11,1285,167,0,0,0
cold_frozen_i1m_h8_s7_state0_mac0,frozen,cold,final,8,7,i1m,0,0,25000000,25000000,25000000,cohort,16700000,1944,471,0,10,1297,166,0,0,0
cold_frozen_i1m_h8_s7_state0_mac0,frozen,cold,final,8,7,i1m,0,0,25000000,25000000,25000000,cohort,16800000,1922,469,0,9,1277,167,0,0,0
cold_frozen_i1m_h8_s7_state0_mac0,frozen,cold,final,8,7,i1m,0,0,25000000,25000000,25000000,cohort,16900000,1948,468,0,14,1297,169,0,0,0
cold_frozen_i1m_h8_s7_state0_mac0,frozen,cold,final,8,7,i1m,0,0,25000000,25000000,25000000,cohort,17000000,1930,471,0,7,1290,162,0,0,0
cold_frozen_i1m_h8_s7_state0_mac0,frozen,cold,final,8,7,i1m,0,0,25000000,25000000,25000000,cohort,17100000,1888,464,0,8,1252,164,0,0,0
cold_frozen_i1m_h8_s7_state0_mac0,frozen,cold,final,8,7,i1m,0,0,25000000,25000000,25000000,cohort,17200000,1944,473,0,8,1298,165,0,0,0
cold_frozen_i1m_h8_s7_state0_mac0,frozen,cold,final,8,7,i1m,0,0,25000000,25000000,25000000,cohort,17300000,1938,471,0,5,1299,163,0,0,0
cold_frozen_i1m_h8_s7_state0_mac0,frozen,cold,final,8,7,i1m,0,0,25000000,25000000,25000000,cohort,17400000,1960,470,0,8,1318,164,0,0,0
cold_frozen_i1m_h8_s7_state0_mac0,frozen,cold,final,8,7,i1m,0,0,25000000,25000000,25000000,cohort,17500000,1928,474,0,6,1285,163,0,0,0
cold_frozen_i1m_h8_s7_state0_mac0,frozen,cold,final,8,7,i1m,0,0,25000000,25000000,25000000,cohort,17600000,1910,467,0,8,1273,162,0,0,0
cold_frozen_i1m_h8_s7_state0_mac0,frozen,cold,final,8,7,i1m,0,0,25000000,25000000,25000000,cohort,17700000,1946,473,0,10,1294,169,0,0,0
cold_frozen_i1m_h8_s7_state0_mac0,frozen,cold,final,8,7,i1m,0,0,25000000,25000000,25000000,cohort,17800000,1926,470,0,8,1284,164,0,0,0
cold_frozen_i1m_h8_s7_state0_mac0,frozen,cold,final,8,7,i1m,0,0,25000000,25000000,25000000,cohort,17900000,1960,472,0,6,1318,164,0,0,0
cold_frozen_i1m_h8_s7_state0_mac0,frozen,cold,final,8,7,i1m,0,0,25000000,25000000,25000000,cohort,18000000,1926,480,0,2,1282,162,0,0,0
cold_frozen_i1m_h8_s7_state0_mac0,frozen,cold,final,8,7,i1m,0,0,25000000,25000000,25000000,cohort,18100000,1944,471,0,9,1299,165,0,0,0
cold_frozen_i1m_h8_s7_state0_mac0,frozen,cold,final,8,7,i1m,0,0,25000000,25000000,25000000,cohort,18200000,1930,473,0,3,1294,160,0,0,0
cold_frozen_i1m_h8_s7_state0_mac0,frozen,cold,final,8,7,i1m,0,0,25000000,25000000,25000000,cohort,18300000,1938,472,0,8,1296,162,0,0,0
cold_frozen_i1m_h8_s7_state0_mac0,frozen,cold,final,8,7,i1m,0,0,25000000,25000000,25000000,cohort,18400000,1930,471,0,10,1281,168,0,0,0
cold_frozen_i1m_h8_s7_state0_mac0,frozen,cold,final,8,7,i1m,0,0,25000000,25000000,25000000,cohort,18500000,1936,474,0,12,1284,166,0,0,0
cold_frozen_i1m_h8_s7_state0_mac0,frozen,cold,final,8,7,i1m,0,0,25000000,25000000,25000000,cohort,18600000,1958,477,0,14,1292,175,0,0,0
cold_frozen_i1m_h8_s7_state0_mac0,frozen,cold,final,8,7,i1m,0,0,25000000,25000000,25000000,cohort,18700000,1932,474,0,2,1294,162,0,0,0
cold_frozen_i1m_h8_s7_state0_mac0,frozen,cold,final,8,7,i1m,0,0,25000000,25000000,25000000,cohort,18800000,2016,465,0,14,1368,169,0,0,0
cold_frozen_i1m_h8_s7_state0_mac0,frozen,cold,final,8,7,i1m,0,0,25000000,25000000,25000000,cohort,18900000,1930,474,0,4,1287,165,0,0,0
cold_frozen_i1m_h8_s7_state0_mac0,frozen,cold,final,8,7,i1m,0,0,25000000,25000000,25000000,cohort,19000000,1990,471,0,8,1342,169,0,0,0
cold_frozen_i1m_h8_s7_state0_mac0,frozen,cold,final,8,7,i1m,0,0,25000000,25000000,25000000,cohort,19100000,1948,474,0,10,1296,168,0,0,0
cold_frozen_i1m_h8_s7_state0_mac0,frozen,cold,final,8,7,i1m,0,0,25000000,25000000,25000000,cohort,19200000,1926,473,0,6,1283,164,0,0,0
cold_frozen_i1m_h8_s7_state0_mac0,frozen,cold,final,8,7,i1m,0,0,25000000,25000000,25000000,cohort,19300000,1972,469,0,15,1314,174,0,0,0
cold_frozen_i1m_h8_s7_state0_mac0,frozen,cold,final,8,7,i1m,0,0,25000000,25000000,25000000,cohort,19400000,1926,476,0,4,1286,160,0,0,0
cold_frozen_i1m_h8_s7_state0_mac0,frozen,cold,final,8,7,i1m,0,0,25000000,25000000,25000000,cohort,19500000,1970,470,0,22,1300,178,0,0,0
cold_frozen_i1m_h8_s7_state0_mac0,frozen,cold,final,8,7,i1m,0,0,25000000,25000000,25000000,cohort,19600000,1934,472,0,7,1292,163,0,0,0
cold_frozen_i1m_h8_s7_state0_mac0,frozen,cold,final,8,7,i1m,0,0,25000000,25000000,25000000,cohort,19700000,1954,467,0,15,1303,169,0,0,0
cold_frozen_i1m_h8_s7_state0_mac0,frozen,cold,final,8,7,i1m,0,0,25000000,25000000,25000000,cohort,19800000,1934,471,0,8,1288,167,0,0,0
cold_frozen_i1m_h8_s7_state0_mac0,frozen,cold,final,8,7,i1m,0,0,25000000,25000000,25000000,cohort,19900000,1918,469,0,8,1278,163,0,0,0
cold_frozen_i1m_h8_s7_state0_mac0,frozen,cold,final,8,7,i1m,0,0,25000000,25000000,25000000,cohort,20000000,1950,473,0,11,1298,168,0,0,0
cold_frozen_i1m_h8_s7_state0_mac0,frozen,cold,final,8,7,i1m,0,0,25000000,25000000,25000000,cohort,20100000,1936,475,0,9,1285,167,0,0,0
cold_frozen_i1m_h8_s7_state0_mac0,frozen,cold,final,8,7,i1m,0,0,25000000,25000000,25000000,cohort,20200000,1950,474,0,11,1296,169,0,0,0
cold_frozen_i1m_h8_s7_state0_mac0,frozen,cold,final,8,7,i1m,0,0,25000000,25000000,25000000,cohort,20300000,1924,474,0,4,1286,160,0,0,0
cold_frozen_i1m_h8_s7_state0_mac0,frozen,cold,final,8,7,i1m,0,0,25000000,25000000,25000000,cohort,20400000,1950,476,0,12,1292,170,0,0,0
cold_frozen_i1m_h8_s7_state0_mac0,frozen,cold,final,8,7,i1m,0,0,25000000,25000000,25000000,cohort,20500000,1930,475,0,8,1282,165,0,0,0
cold_frozen_i1m_h8_s7_state0_mac0,frozen,cold,final,8,7,i1m,0,0,25000000,25000000,25000000,cohort,20600000,1936,474,0,4,1296,162,0,0,0
cold_frozen_i1m_h8_s7_state0_mac0,frozen,cold,final,8,7,i1m,0,0,25000000,25000000,25000000,cohort,20700000,1952,471,0,15,1290,173,0,3,3
cold_frozen_i1m_h8_s7_state0_mac0,frozen,cold,final,8,7,i1m,0,0,25000000,25000000,25000000,cohort,20800000,1938,476,0,8,1289,165,0,0,0
cold_frozen_i1m_h8_s7_state0_mac0,frozen,cold,final,8,7,i1m,0,0,25000000,25000000,25000000,cohort,20900000,1966,469,0,13,1314,170,0,0,0
cold_frozen_i1m_h8_s7_state0_mac0,frozen,cold,final,8,7,i1m,0,0,25000000,25000000,25000000,cohort,21000000,1920,469,0,10,1274,167,0,0,0
cold_frozen_i1m_h8_s7_state0_mac0,frozen,cold,final,8,7,i1m,0,0,25000000,25000000,25000000,cohort,21100000,1956,473,0,9,1311,163,0,0,0
cold_frozen_i1m_h8_s7_state0_mac0,frozen,cold,final,8,7,i1m,0,0,25000000,25000000,25000000,cohort,21200000,1922,477,0,3,1281,161,0,0,0
cold_frozen_i1m_h8_s7_state0_mac0,frozen,cold,final,8,7,i1m,0,0,25000000,25000000,25000000,cohort,21300000,1900,465,0,6,1269,160,0,0,0
cold_frozen_i1m_h8_s7_state0_mac0,frozen,cold,final,8,7,i1m,0,0,25000000,25000000,25000000,cohort,21400000,1926,467,0,17,1267,175,0,0,0
cold_frozen_i1m_h8_s7_state0_mac0,frozen,cold,final,8,7,i1m,0,0,25000000,25000000,25000000,cohort,21500000,1924,473,0,5,1282,164,0,0,0
cold_frozen_i1m_h8_s7_state0_mac0,frozen,cold,final,8,7,i1m,0,0,25000000,25000000,25000000,cohort,21600000,1966,472,0,14,1309,171,0,0,0
cold_frozen_i1m_h8_s7_state0_mac0,frozen,cold,final,8,7,i1m,0,0,25000000,25000000,25000000,cohort,21700000,1938,474,0,11,1283,170,0,0,0
cold_frozen_i1m_h8_s7_state0_mac0,frozen,cold,final,8,7,i1m,0,0,25000000,25000000,25000000,cohort,21800000,1960,476,0,9,1309,166,0,0,0
cold_frozen_i1m_h8_s7_state0_mac0,frozen,cold,final,8,7,i1m,0,0,25000000,25000000,25000000,cohort,21900000,1944,474,0,6,1302,162,0,0,0
cold_frozen_i1m_h8_s7_state0_mac0,frozen,cold,final,8,7,i1m,0,0,25000000,25000000,25000000,cohort,22000000,1942,473,0,9,1294,166,0,0,0
cold_frozen_i1m_h8_s7_state0_mac0,frozen,cold,final,8,7,i1m,0,0,25000000,25000000,25000000,cohort,22100000,1956,472,0,14,1302,168,0,0,0
cold_frozen_i1m_h8_s7_state0_mac0,frozen,cold,final,8,7,i1m,0,0,25000000,25000000,25000000,cohort,22200000,1970,476,0,6,1328,160,0,0,0
cold_frozen_i1m_h8_s7_state0_mac0,frozen,cold,final,8,7,i1m,0,0,25000000,25000000,25000000,cohort,22300000,1968,472,0,16,1308,172,0,0,0
cold_frozen_i1m_h8_s7_state0_mac0,frozen,cold,final,8,7,i1m,0,0,25000000,25000000,25000000,cohort,22400000,1934,475,0,8,1287,164,0,0,0
cold_frozen_i1m_h8_s7_state0_mac0,frozen,cold,final,8,7,i1m,0,0,25000000,25000000,25000000,cohort,22500000,1970,473,0,28,1288,180,0,1,1
cold_frozen_i1m_h8_s7_state0_mac0,frozen,cold,final,8,7,i1m,0,0,25000000,25000000,25000000,cohort,22600000,1938,471,0,13,1286,168,0,0,0
cold_frozen_i1m_h8_s7_state0_mac0,frozen,cold,final,8,7,i1m,0,0,25000000,25000000,25000000,cohort,22700000,1958,475,0,8,1310,165,0,0,0
cold_frozen_i1m_h8_s7_state0_mac0,frozen,cold,final,8,7,i1m,0,0,25000000,25000000,25000000,cohort,22800000,1980,472,0,16,1319,173,0,0,0
cold_frozen_i1m_h8_s7_state0_mac0,frozen,cold,final,8,7,i1m,0,0,25000000,25000000,25000000,cohort,22900000,1948,475,0,6,1305,162,0,0,0
cold_frozen_i1m_h8_s7_state0_mac0,frozen,cold,final,8,7,i1m,0,0,25000000,25000000,25000000,cohort,23000000,1958,466,0,21,1296,175,0,0,0
cold_frozen_i1m_h8_s7_state0_mac0,frozen,cold,final,8,7,i1m,0,0,25000000,25000000,25000000,cohort,23100000,1940,474,0,12,1285,169,0,0,0
cold_frozen_i1m_h8_s7_state0_mac0,frozen,cold,final,8,7,i1m,0,0,25000000,25000000,25000000,cohort,23200000,2018,470,0,21,1355,172,0,0,0
cold_frozen_i1m_h8_s7_state0_mac0,frozen,cold,final,8,7,i1m,0,0,25000000,25000000,25000000,cohort,23300000,1954,473,0,12,1297,172,0,0,0
cold_frozen_i1m_h8_s7_state0_mac0,frozen,cold,final,8,7,i1m,0,0,25000000,25000000,25000000,cohort,23400000,1936,474,0,3,1296,163,0,0,0
cold_frozen_i1m_h8_s7_state0_mac0,frozen,cold,final,8,7,i1m,0,0,25000000,25000000,25000000,cohort,23500000,1974,470,0,17,1314,173,0,0,0
cold_frozen_i1m_h8_s7_state0_mac0,frozen,cold,final,8,7,i1m,0,0,25000000,25000000,25000000,cohort,23600000,1962,474,0,7,1315,166,0,0,0
cold_frozen_i1m_h8_s7_state0_mac0,frozen,cold,final,8,7,i1m,0,0,25000000,25000000,25000000,cohort,23700000,1964,472,0,14,1305,173,0,0,0
cold_frozen_i1m_h8_s7_state0_mac0,frozen,cold,final,8,7,i1m,0,0,25000000,25000000,25000000,cohort,23800000,1944,477,0,7,1295,165,0,0,0
cold_frozen_i1m_h8_s7_state0_mac0,frozen,cold,final,8,7,i1m,0,0,25000000,25000000,25000000,cohort,23900000,1966,466,0,18,1310,172,0,0,0
cold_frozen_i1m_h8_s7_state0_mac0,frozen,cold,final,8,7,i1m,0,0,25000000,25000000,25000000,cohort,24000000,1938,472,0,10,1291,165,0,0,0
cold_frozen_i1m_h8_s7_state0_mac0,frozen,cold,final,8,7,i1m,0,0,25000000,25000000,25000000,cohort,24100000,1936,475,0,5,1292,164,0,0,0
cold_frozen_i1m_h8_s7_state0_mac0,frozen,cold,final,8,7,i1m,0,0,25000000,25000000,25000000,cohort,24200000,1952,480,0,6,1301,165,0,0,0
cold_frozen_i1m_h8_s7_state0_mac0,frozen,cold,final,8,7,i1m,0,0,25000000,25000000,25000000,cohort,24300000,1934,475,0,3,1297,159,0,0,0
cold_frozen_i1m_h8_s7_state0_mac0,frozen,cold,final,8,7,i1m,0,0,25000000,25000000,25000000,cohort,24400000,1956,475,0,6,1309,164,0,2,2
cold_frozen_i1m_h8_s7_state0_mac0,frozen,cold,final,8,7,i1m,0,0,25000000,25000000,25000000,cohort,24500000,1932,474,0,4,1286,165,0,3,3
cold_frozen_i1m_h8_s7_state0_mac0,frozen,cold,final,8,7,i1m,0,0,25000000,25000000,25000000,cohort,24600000,1956,474,0,2,1302,169,0,9,9
cold_frozen_i1m_h8_s7_state0_mac0,frozen,cold,final,8,7,i1m,0,0,25000000,25000000,25000000,cohort,24700000,1926,475,0,1,1291,158,0,1,1
cold_frozen_i1m_h8_s7_state0_mac0,frozen,cold,final,8,7,i1m,0,0,25000000,25000000,25000000,cohort,24800000,1934,475,0,0,1293,162,0,4,4
cold_frozen_i1m_h8_s7_state0_mac0,frozen,cold,final,8,7,i1m,0,0,25000000,25000000,25000000,cohort,24900000,1950,472,0,0,1304,164,0,10,10
cold_frozen_i1m_h8_s7_state64_mac0,frozen,cold,final,8,7,i1m,64,0,25000000,25000000,25000000,cohort,0,1942,781,0,10,835,314,0,2,2
cold_frozen_i1m_h8_s7_state64_mac0,frozen,cold,final,8,7,i1m,64,0,25000000,25000000,25000000,cohort,100000,1922,472,0,9,1279,162,0,0,0
cold_frozen_i1m_h8_s7_state64_mac0,frozen,cold,final,8,7,i1m,64,0,25000000,25000000,25000000,cohort,200000,1922,472,0,5,1284,161,0,0,0
cold_frozen_i1m_h8_s7_state64_mac0,frozen,cold,final,8,7,i1m,64,0,25000000,25000000,25000000,cohort,300000,1944,478,0,7,1292,167,0,0,0
cold_frozen_i1m_h8_s7_state64_mac0,frozen,cold,final,8,7,i1m,64,0,25000000,25000000,25000000,cohort,400000,1932,475,0,3,1294,160,0,0,0
cold_frozen_i1m_h8_s7_state64_mac0,frozen,cold,final,8,7,i1m,64,0,25000000,25000000,25000000,cohort,500000,1958,474,0,8,1311,165,0,0,0
cold_frozen_i1m_h8_s7_state64_mac0,frozen,cold,final,8,7,i1m,64,0,25000000,25000000,25000000,cohort,600000,1948,474,0,7,1303,164,0,0,0
cold_frozen_i1m_h8_s7_state64_mac0,frozen,cold,final,8,7,i1m,64,0,25000000,25000000,25000000,cohort,700000,1959,472,0,9,1310,168,0,0,0
cold_frozen_i1m_h8_s7_state64_mac0,frozen,cold,final,8,7,i1m,64,0,25000000,25000000,25000000,cohort,800000,1968,475,0,3,1331,159,0,0,0
cold_frozen_i1m_h8_s7_state64_mac0,frozen,cold,final,8,7,i1m,64,0,25000000,25000000,25000000,cohort,900000,1948,474,0,3,1305,166,0,0,0
cold_frozen_i1m_h8_s7_state64_mac0,frozen,cold,final,8,7,i1m,64,0,25000000,25000000,25000000,cohort,1000000,1948,475,0,3,1309,161,0,0,0
cold_frozen_i1m_h8_s7_state64_mac0,frozen,cold,final,8,7,i1m,64,0,25000000,25000000,25000000,cohort,1100000,1930,474,0,5,1288,163,0,0,0
cold_frozen_i1m_h8_s7_state64_mac0,frozen,cold,final,8,7,i1m,64,0,25000000,25000000,25000000,cohort,1200000,1950,470,0,11,1301,168,0,0,0
cold_frozen_i1m_h8_s7_state64_mac0,frozen,cold,final,8,7,i1m,64,0,25000000,25000000,25000000,cohort,1300000,1946,473,0,6,1303,164,0,0,0
cold_frozen_i1m_h8_s7_state64_mac0,frozen,cold,final,8,7,i1m,64,0,25000000,25000000,25000000,cohort,1400000,1968,476,0,5,1322,165,0,0,0
cold_frozen_i1m_h8_s7_state64_mac0,frozen,cold,final,8,7,i1m,64,0,25000000,25000000,25000000,cohort,1500000,1934,475,0,3,1296,160,0,0,0
cold_frozen_i1m_h8_s7_state64_mac0,frozen,cold,final,8,7,i1m,64,0,25000000,25000000,25000000,cohort,1600000,1846,449,0,12,1226,159,0,0,0
cold_frozen_i1m_h8_s7_state64_mac0,frozen,cold,final,8,7,i1m,64,0,25000000,25000000,25000000,cohort,1700000,1940,472,0,6,1297,165,0,0,0
cold_frozen_i1m_h8_s7_state64_mac0,frozen,cold,final,8,7,i1m,64,0,25000000,25000000,25000000,cohort,1800000,1938,471,0,7,1297,163,0,0,0
cold_frozen_i1m_h8_s7_state64_mac0,frozen,cold,final,8,7,i1m,64,0,25000000,25000000,25000000,cohort,1900000,1932,469,0,7,1290,166,0,0,0
cold_frozen_i1m_h8_s7_state64_mac0,frozen,cold,final,8,7,i1m,64,0,25000000,25000000,25000000,cohort,2000000,1924,476,0,0,1290,158,0,0,0
cold_frozen_i1m_h8_s7_state64_mac0,frozen,cold,final,8,7,i1m,64,0,25000000,25000000,25000000,cohort,2100000,1936,471,0,3,1298,164,0,0,0
cold_frozen_i1m_h8_s7_state64_mac0,frozen,cold,final,8,7,i1m,64,0,25000000,25000000,25000000,cohort,2200000,1934,473,0,2,1300,159,0,0,0
cold_frozen_i1m_h8_s7_state64_mac0,frozen,cold,final,8,7,i1m,64,0,25000000,25000000,25000000,cohort,2300000,1940,472,0,5,1301,162,0,0,0
cold_frozen_i1m_h8_s7_state64_mac0,frozen,cold,final,8,7,i1m,64,0,25000000,25000000,25000000,cohort,2400000,1926,463,0,9,1289,165,0,0,0
cold_frozen_i1m_h8_s7_state64_mac0,frozen,cold,final,8,7,i1m,64,0,25000000,25000000,25000000,cohort,2500000,1912,472,0,8,1266,166,0,0,0
cold_frozen_i1m_h8_s7_state64_mac0,frozen,cold,final,8,7,i1m,64,0,25000000,25000000,25000000,cohort,2600000,1966,473,0,17,1304,172,0,0,0
cold_frozen_i1m_h8_s7_state64_mac0,frozen,cold,final,8,7,i1m,64,0,25000000,25000000,25000000,cohort,2700000,1948,478,0,3,1300,167,0,0,0
cold_frozen_i1m_h8_s7_state64_mac0,frozen,cold,final,8,7,i1m,64,0,25000000,25000000,25000000,cohort,2800000,1952,471,0,6,1314,161,0,0,0
cold_frozen_i1m_h8_s7_state64_mac0,frozen,cold,final,8,7,i1m,64,0,25000000,25000000,25000000,cohort,2900000,1942,474,0,6,1293,169,0,0,0
cold_frozen_i1m_h8_s7_state64_mac0,frozen,cold,final,8,7,i1m,64,0,25000000,25000000,25000000,cohort,3000000,1946,475,0,4,1304,163,0,0,0
cold_frozen_i1m_h8_s7_state64_mac0,frozen,cold,final,8,7,i1m,64,0,25000000,25000000,25000000,cohort,3100000,1934,470,0,2,1299,163,0,0,0
cold_frozen_i1m_h8_s7_state64_mac0,frozen,cold,final,8,7,i1m,64,0,25000000,25000000,25000000,cohort,3200000,1956,477,1,4,1308,166,0,0,0
cold_frozen_i1m_h8_s7_state64_mac0,frozen,cold,final,8,7,i1m,64,0,25000000,25000000,25000000,cohort,3300000,1958,477,0,5,1310,166,0,0,0
cold_frozen_i1m_h8_s7_state64_mac0,frozen,cold,final,8,7,i1m,64,0,25000000,25000000,25000000,cohort,3400000,1932,472,0,4,1295,161,0,0,0
cold_frozen_i1m_h8_s7_state64_mac0,frozen,cold,final,8,7,i1m,64,0,25000000,25000000,25000000,cohort,3500000,1960,470,0,14,1305,171,0,0,0
cold_frozen_i1m_h8_s7_state64_mac0,frozen,cold,final,8,7,i1m,64,0,25000000,25000000,25000000,cohort,3600000,1930,467,0,23,1262,178,0,0,0
cold_frozen_i1m_h8_s7_state64_mac0,frozen,cold,final,8,7,i1m,64,0,25000000,25000000,25000000,cohort,3700000,1946,473,0,4,1302,167,0,0,0
cold_frozen_i1m_h8_s7_state64_mac0,frozen,cold,final,8,7,i1m,64,0,25000000,25000000,25000000,cohort,3800000,1960,473,0,11,1311,165,0,0,0
cold_frozen_i1m_h8_s7_state64_mac0,frozen,cold,final,8,7,i1m,64,0,25000000,25000000,25000000,cohort,3900000,1948,471,0,12,1297,168,0,0,0
cold_frozen_i1m_h8_s7_state64_mac0,frozen,cold,final,8,7,i1m,64,0,25000000,25000000,25000000,cohort,4000000,1964,470,0,20,1299,175,0,0,0
cold_frozen_i1m_h8_s7_state64_mac0,frozen,cold,final,8,7,i1m,64,0,25000000,25000000,25000000,cohort,4100000,1948,474,0,8,1300,166,0,0,0
cold_frozen_i1m_h8_s7_state64_mac0,frozen,cold,final,8,7,i1m,64,0,25000000,25000000,25000000,cohort,4200000,1972,469,0,13,1319,171,0,0,0
cold_frozen_i1m_h8_s7_state64_mac0,frozen,cold,final,8,7,i1m,64,0,25000000,25000000,25000000,cohort,4300000,1936,476,0,4,1294,162,0,0,0
cold_frozen_i1m_h8_s7_state64_mac0,frozen,cold,final,8,7,i1m,64,0,25000000,25000000,25000000,cohort,4400000,1958,472,0,8,1315,163,0,0,0
cold_frozen_i1m_h8_s7_state64_mac0,frozen,cold,final,8,7,i1m,64,0,25000000,25000000,25000000,cohort,4500000,1964,471,0,13,1313,167,0,0,0
cold_frozen_i1m_h8_s7_state64_mac0,frozen,cold,final,8,7,i1m,64,0,25000000,25000000,25000000,cohort,4600000,1956,475,0,8,1306,167,0,0,0
cold_frozen_i1m_h8_s7_state64_mac0,frozen,cold,final,8,7,i1m,64,0,25000000,25000000,25000000,cohort,4700000,1956,473,0,8,1304,171,0,0,0
cold_frozen_i1m_h8_s7_state64_mac0,frozen,cold,final,8,7,i1m,64,0,25000000,25000000,25000000,cohort,4800000,1938,474,0,4,1301,159,0,0,0
cold_frozen_i1m_h8_s7_state64_mac0,frozen,cold,final,8,7,i1m,64,0,25000000,25000000,25000000,cohort,4900000,1940,466,1,15,1287,171,0,0,0
cold_frozen_i1m_h8_s7_state64_mac0,frozen,cold,final,8,7,i1m,64,0,25000000,25000000,25000000,cohort,5000000,1874,456,0,9,1250,159,0,0,0
cold_frozen_i1m_h8_s7_state64_mac0,frozen,cold,final,8,7,i1m,64,0,25000000,25000000,25000000,cohort,5100000,1932,469,0,12,1282,169,0,0,0
cold_frozen_i1m_h8_s7_state64_mac0,frozen,cold,final,8,7,i1m,64,0,25000000,25000000,25000000,cohort,5200000,1966,470,0,21,1298,177,0,0,0
cold_frozen_i1m_h8_s7_state64_mac0,frozen,cold,final,8,7,i1m,64,0,25000000,25000000,25000000,cohort,5300000,1930,471,0,14,1276,169,0,0,0
cold_frozen_i1m_h8_s7_state64_mac0,frozen,cold,final,8,7,i1m,64,0,25000000,25000000,25000000,cohort,5400000,1964,467,0,24,1294,179,0,0,0
cold_frozen_i1m_h8_s7_state64_mac0,frozen,cold,final,8,7,i1m,64,0,25000000,25000000,25000000,cohort,5500000,1946,472,0,11,1293,170,0,0,0
cold_frozen_i1m_h8_s7_state64_mac0,frozen,cold,final,8,7,i1m,64,0,25000000,25000000,25000000,cohort,5600000,1966,471,0,20,1304,171,0,0,0
cold_frozen_i1m_h8_s7_state64_mac0,frozen,cold,final,8,7,i1m,64,0,25000000,25000000,25000000,cohort,5700000,1926,468,0,16,1269,173,0,0,0
cold_frozen_i1m_h8_s7_state64_mac0,frozen,cold,final,8,7,i1m,64,0,25000000,25000000,25000000,cohort,5800000,1932,472,0,17,1273,170,0,0,0
cold_frozen_i1m_h8_s7_state64_mac0,frozen,cold,final,8,7,i1m,64,0,25000000,25000000,25000000,cohort,5900000,2002,469,0,21,1338,174,0,0,0
cold_frozen_i1m_h8_s7_state64_mac0,frozen,cold,final,8,7,i1m,64,0,25000000,25000000,25000000,cohort,6000000,1938,472,0,11,1291,164,0,0,0
cold_frozen_i1m_h8_s7_state64_mac0,frozen,cold,final,8,7,i1m,64,0,25000000,25000000,25000000,cohort,6100000,1958,469,0,13,1300,176,0,0,0
cold_frozen_i1m_h8_s7_state64_mac0,frozen,cold,final,8,7,i1m,64,0,25000000,25000000,25000000,cohort,6200000,1944,474,0,8,1296,166,0,0,0
cold_frozen_i1m_h8_s7_state64_mac0,frozen,cold,final,8,7,i1m,64,0,25000000,25000000,25000000,cohort,6300000,1968,472,0,23,1297,176,0,0,0
cold_frozen_i1m_h8_s7_state64_mac0,frozen,cold,final,8,7,i1m,64,0,25000000,25000000,25000000,cohort,6400000,1910,465,0,13,1266,166,0,0,0
cold_frozen_i1m_h8_s7_state64_mac0,frozen,cold,final,8,7,i1m,64,0,25000000,25000000,25000000,cohort,6500000,1928,471,0,11,1278,168,0,0,0
cold_frozen_i1m_h8_s7_state64_mac0,frozen,cold,final,8,7,i1m,64,0,25000000,25000000,25000000,cohort,6600000,1964,468,0,17,1305,174,0,0,0
cold_frozen_i1m_h8_s7_state64_mac0,frozen,cold,final,8,7,i1m,64,0,25000000,25000000,25000000,cohort,6700000,1928,471,0,9,1283,165,0,0,0
cold_frozen_i1m_h8_s7_state64_mac0,frozen,cold,final,8,7,i1m,64,0,25000000,25000000,25000000,cohort,6800000,1964,469,0,18,1303,174,0,0,0
cold_frozen_i1m_h8_s7_state64_mac0,frozen,cold,final,8,7,i1m,64,0,25000000,25000000,25000000,cohort,6900000,1940,471,0,14,1285,170,0,0,0
cold_frozen_i1m_h8_s7_state64_mac0,frozen,cold,final,8,7,i1m,64,0,25000000,25000000,25000000,cohort,7000000,1936,477,0,4,1294,161,0,0,0
cold_frozen_i1m_h8_s7_state64_mac0,frozen,cold,final,8,7,i1m,64,0,25000000,25000000,25000000,cohort,7100000,1966,468,0,20,1304,174,0,0,0
cold_frozen_i1m_h8_s7_state64_mac0,frozen,cold,final,8,7,i1m,64,0,25000000,25000000,25000000,cohort,7200000,1950,474,0,11,1296,169,0,0,0
cold_frozen_i1m_h8_s7_state64_mac0,frozen,cold,final,8,7,i1m,64,0,25000000,25000000,25000000,cohort,7300000,1964,473,0,14,1306,171,0,0,0
cold_frozen_i1m_h8_s7_state64_mac0,frozen,cold,final,8,7,i1m,64,0,25000000,25000000,25000000,cohort,7400000,1936,471,0,11,1287,167,0,0,0
cold_frozen_i1m_h8_s7_state64_mac0,frozen,cold,final,8,7,i1m,64,0,25000000,25000000,25000000,cohort,7500000,1968,469,0,16,1305,178,0,0,0
cold_frozen_i1m_h8_s7_state64_mac0,frozen,cold,final,8,7,i1m,64,0,25000000,25000000,25000000,cohort,7600000,1940,476,0,3,1303,158,0,0,0
cold_frozen_i1m_h8_s7_state64_mac0,frozen,cold,final,8,7,i1m,64,0,25000000,25000000,25000000,cohort,7700000,1958,471,0,13,1305,169,0,0,0
cold_frozen_i1m_h8_s7_state64_mac0,frozen,cold,final,8,7,i1m,64,0,25000000,25000000,25000000,cohort,7800000,1968,471,0,25,1291,181,0,0,0
cold_frozen_i1m_h8_s7_state64_mac0,frozen,cold,final,8,7,i1m,64,0,25000000,25000000,25000000,cohort,7900000,1934,476,0,4,1294,160,0,0,0
cold_frozen_i1m_h8_s7_state64_mac0,frozen,cold,final,8,7,i1m,64,0,25000000,25000000,25000000,cohort,8000000,1984,468,0,26,1311,179,0,0,0
cold_frozen_i1m_h8_s7_state64_mac0,frozen,cold,final,8,7,i1m,64,0,25000000,25000000,25000000,cohort,8100000,1948,471,0,19,1282,176,0,0,0
cold_frozen_i1m_h8_s7_state64_mac0,frozen,cold,final,8,7,i1m,64,0,25000000,25000000,25000000,cohort,8200000,1982,474,0,14,1325,169,0,0,0
cold_frozen_i1m_h8_s7_state64_mac0,frozen,cold,final,8,7,i1m,64,0,25000000,25000000,25000000,cohort,8300000,1942,476,0,4,1301,161,0,0,0
cold_frozen_i1m_h8_s7_state64_mac0,frozen,cold,final,8,7,i1m,64,0,25000000,25000000,25000000,cohort,8400000,1962,477,0,8,1312,165,0,0,0
cold_frozen_i1m_h8_s7_state64_mac0,frozen,cold,final,8,7,i1m,64,0,25000000,25000000,25000000,cohort,8500000,1920,460,0,22,1267,171,0,0,0
cold_frozen_i1m_h8_s7_state64_mac0,frozen,cold,final,8,7,i1m,64,0,25000000,25000000,25000000,cohort,8600000,1926,473,0,8,1280,165,0,0,0
cold_frozen_i1m_h8_s7_state64_mac0,frozen,cold,final,8,7,i1m,64,0,25000000,25000000,25000000,cohort,8700000,1940,468,0,12,1295,165,0,0,0
cold_frozen_i1m_h8_s7_state64_mac0,frozen,cold,final,8,7,i1m,64,0,25000000,25000000,25000000,cohort,8800000,1892,463,0,7,1263,159,0,0,0
cold_frozen_i1m_h8_s7_state64_mac0,frozen,cold,final,8,7,i1m,64,0,25000000,25000000,25000000,cohort,8900000,1942,471,0,11,1295,165,0,0,0
cold_frozen_i1m_h8_s7_state64_mac0,frozen,cold,final,8,7,i1m,64,0,25000000,25000000,25000000,cohort,9000000,1948,470,0,9,1304,165,0,0,0
cold_frozen_i1m_h8_s7_state64_mac0,frozen,cold,final,8,7,i1m,64,0,25000000,25000000,25000000,cohort,9100000,1932,472,0,11,1283,166,0,0,0
cold_frozen_i1m_h8_s7_state64_mac0,frozen,cold,final,8,7,i1m,64,0,25000000,25000000,25000000,cohort,9200000,1956,473,0,13,1301,169,0,0,0
cold_frozen_i1m_h8_s7_state64_mac0,frozen,cold,final,8,7,i1m,64,0,25000000,25000000,25000000,cohort,9300000,1946,472,0,7,1304,163,0,0,0
cold_frozen_i1m_h8_s7_state64_mac0,frozen,cold,final,8,7,i1m,64,0,25000000,25000000,25000000,cohort,9400000,1946,471,0,3,1308,164,0,0,0
cold_frozen_i1m_h8_s7_state64_mac0,frozen,cold,final,8,7,i1m,64,0,25000000,25000000,25000000,cohort,9500000,1924,473,0,7,1281,163,0,0,0
cold_frozen_i1m_h8_s7_state64_mac0,frozen,cold,final,8,7,i1m,64,0,25000000,25000000,25000000,cohort,9600000,1946,466,0,13,1297,170,0,0,0
cold_frozen_i1m_h8_s7_state64_mac0,frozen,cold,final,8,7,i1m,64,0,25000000,25000000,25000000,cohort,9700000,1922,467,0,13,1274,168,0,0,0
cold_frozen_i1m_h8_s7_state64_mac0,frozen,cold,final,8,7,i1m,64,0,25000000,25000000,25000000,cohort,9800000,1906,467,0,9,1266,164,0,0,0
cold_frozen_i1m_h8_s7_state64_mac0,frozen,cold,final,8,7,i1m,64,0,25000000,25000000,25000000,cohort,9900000,1950,466,0,17,1294,173,0,0,0
cold_frozen_i1m_h8_s7_state64_mac0,frozen,cold,final,8,7,i1m,64,0,25000000,25000000,25000000,cohort,10000000,1936,476,0,7,1287,166,0,0,0
cold_frozen_i1m_h8_s7_state64_mac0,frozen,cold,final,8,7,i1m,64,0,25000000,25000000,25000000,cohort,10100000,1946,472,0,7,1300,167,0,0,0
cold_frozen_i1m_h8_s7_state64_mac0,frozen,cold,final,8,7,i1m,64,0,25000000,25000000,25000000,cohort,10200000,1928,474,0,6,1285,163,0,0,0
cold_frozen_i1m_h8_s7_state64_mac0,frozen,cold,final,8,7,i1m,64,0,25000000,25000000,25000000,cohort,10300000,1982,473,0,10,1332,167,0,0,0
cold_frozen_i1m_h8_s7_state64_mac0,frozen,cold,final,8,7,i1m,64,0,25000000,25000000,25000000,cohort,10400000,1932,473,0,5,1292,162,0,0,0
cold_frozen_i1m_h8_s7_state64_mac0,frozen,cold,final,8,7,i1m,64,0,25000000,25000000,25000000,cohort,10500000,1922,473,0,4,1283,162,0,0,0
cold_frozen_i1m_h8_s7_state64_mac0,frozen,cold,final,8,7,i1m,64,0,25000000,25000000,25000000,cohort,10600000,1944,464,1,16,1294,169,0,0,0
cold_frozen_i1m_h8_s7_state64_mac0,frozen,cold,final,8,7,i1m,64,0,25000000,25000000,25000000,cohort,10700000,1932,476,0,5,1289,162,0,0,0
cold_frozen_i1m_h8_s7_state64_mac0,frozen,cold,final,8,7,i1m,64,0,25000000,25000000,25000000,cohort,10800000,1942,462,0,14,1297,169,0,0,0
cold_frozen_i1m_h8_s7_state64_mac0,frozen,cold,final,8,7,i1m,64,0,25000000,25000000,25000000,cohort,10900000,1932,475,0,6,1288,163,0,0,0
cold_frozen_i1m_h8_s7_state64_mac0,frozen,cold,final,8,7,i1m,64,0,25000000,25000000,25000000,cohort,11000000,1946,466,0,15,1293,172,0,0,0
cold_frozen_i1m_h8_s7_state64_mac0,frozen,cold,final,8,7,i1m,64,0,25000000,25000000,25000000,cohort,11100000,1932,473,0,8,1284,167,0,0,0
cold_frozen_i1m_h8_s7_state64_mac0,frozen,cold,final,8,7,i1m,64,0,25000000,25000000,25000000,cohort,11200000,1940,464,0,9,1304,163,0,0,0
cold_frozen_i1m_h8_s7_state64_mac0,frozen,cold,final,8,7,i1m,64,0,25000000,25000000,25000000,cohort,11300000,1944,466,0,19,1286,173,0,0,0
cold_frozen_i1m_h8_s7_state64_mac0,frozen,cold,final,8,7,i1m,64,0,25000000,25000000,25000000,cohort,11400000,1888,454,0,24,1234,176,0,0,0
cold_frozen_i1m_h8_s7_state64_mac0,frozen,cold,final,8,7,i1m,64,0,25000000,25000000,25000000,cohort,11500000,1842,431,0,37,1198,176,0,0,0
cold_frozen_i1m_h8_s7_state64_mac0,frozen,cold,final,8,7,i1m,64,0,25000000,25000000,25000000,cohort,11600000,1920,468,0,12,1268,172,0,0,0
cold_frozen_i1m_h8_s7_state64_mac0,frozen,cold,final,8,7,i1m,64,0,25000000,25000000,25000000,cohort,11700000,1926,473,0,8,1280,165,0,0,0
cold_frozen_i1m_h8_s7_state64_mac0,frozen,cold,final,8,7,i1m,64,0,25000000,25000000,25000000,cohort,11800000,1934,443,4,54,1226,207,0,0,0
cold_frozen_i1m_h8_s7_state64_mac0,frozen,cold,final,8,7,i1m,64,0,25000000,25000000,25000000,cohort,11900000,1904,463,8,44,1185,204,0,0,0
cold_frozen_i1m_h8_s7_state64_mac0,frozen,cold,final,8,7,i1m,64,0,25000000,25000000,25000000,cohort,12000000,1876,455,0,16,1242,163,0,0,0
cold_frozen_i1m_h8_s7_state64_mac0,frozen,cold,final,8,7,i1m,64,0,25000000,25000000,25000000,cohort,12100000,1886,450,0,21,1246,169,0,0,0
cold_frozen_i1m_h8_s7_state64_mac0,frozen,cold,final,8,7,i1m,64,0,25000000,25000000,25000000,cohort,12200000,1926,472,0,9,1277,168,0,0,0
cold_frozen_i1m_h8_s7_state64_mac0,frozen,cold,final,8,7,i1m,64,0,25000000,25000000,25000000,cohort,12300000,1902,464,0,11,1261,166,0,0,0
cold_frozen_i1m_h8_s7_state64_mac0,frozen,cold,final,8,7,i1m,64,0,25000000,25000000,25000000,cohort,12400000,1928,466,0,16,1275,171,0,0,0
cold_frozen_i1m_h8_s7_state64_mac0,frozen,cold,final,8,7,i1m,64,0,25000000,25000000,25000000,cohort,12500000,1916,471,0,9,1272,164,0,0,0
cold_frozen_i1m_h8_s7_state64_mac0,frozen,cold,final,8,7,i1m,64,0,25000000,25000000,25000000,cohort,12600000,1802,415,2,69,1111,205,0,0,0
cold_frozen_i1m_h8_s7_state64_mac0,frozen,cold,final,8,7,i1m,64,0,25000000,25000000,25000000,cohort,12700000,1980,474,3,57,1230,216,0,0,0
cold_frozen_i1m_h8_s7_state64_mac0,frozen,cold,final,8,7,i1m,64,0,25000000,25000000,25000000,cohort,12800000,1822,444,0,26,1181,171,0,0,0
cold_frozen_i1m_h8_s7_state64_mac0,frozen,cold,final,8,7,i1m,64,0,25000000,25000000,25000000,cohort,12900000,1936,472,0,13,1281,170,0,0,0
cold_frozen_i1m_h8_s7_state64_mac0,frozen,cold,final,8,7,i1m,64,0,25000000,25000000,25000000,cohort,13000000,1920,471,0,6,1280,163,0,0,0
cold_frozen_i1m_h8_s7_state64_mac0,frozen,cold,final,8,7,i1m,64,0,25000000,25000000,25000000,cohort,13100000,1916,474,0,6,1272,164,0,0,0
cold_frozen_i1m_h8_s7_state64_mac0,frozen,cold,final,8,7,i1m,64,0,25000000,25000000,25000000,cohort,13200000,1886,444,5,86,1127,224,0,0,0
cold_frozen_i1m_h8_s7_state64_mac0,frozen,cold,final,8,7,i1m,64,0,25000000,25000000,25000000,cohort,13300000,1920,471,0,7,1277,165,0,0,0
cold_frozen_i1m_h8_s7_state64_mac0,frozen,cold,final,8,7,i1m,64,0,25000000,25000000,25000000,cohort,13400000,2334,795,0,145,952,432,0,10,10
cold_frozen_i1m_h8_s7_state64_mac0,frozen,cold,final,8,7,i1m,64,0,25000000,25000000,25000000,cohort,13500000,1924,459,0,14,1276,175,0,0,0
cold_frozen_i1m_h8_s7_state64_mac0,frozen,cold,final,8,7,i1m,64,0,25000000,25000000,25000000,cohort,13600000,1938,459,0,14,1288,177,0,0,0
cold_frozen_i1m_h8_s7_state64_mac0,frozen,cold,final,8,7,i1m,64,0,25000000,25000000,25000000,cohort,13700000,1914,465,0,25,1243,181,0,0,0
cold_frozen_i1m_h8_s7_state64_mac0,frozen,cold,final,8,7,i1m,64,0,25000000,25000000,25000000,cohort,13800000,1926,476,0,3,1288,159,0,0,0
cold_frozen_i1m_h8_s7_state64_mac0,frozen,cold,final,8,7,i1m,64,0,25000000,25000000,25000000,cohort,13900000,1966,468,0,24,1296,178,0,0,0
cold_frozen_i1m_h8_s7_state64_mac0,frozen,cold,final,8,7,i1m,64,0,25000000,25000000,25000000,cohort,14000000,1930,475,0,9,1280,166,0,0,0
cold_frozen_i1m_h8_s7_state64_mac0,frozen,cold,final,8,7,i1m,64,0,25000000,25000000,25000000,cohort,14100000,1912,469,0,25,1242,176,0,0,0
cold_frozen_i1m_h8_s7_state64_mac0,frozen,cold,final,8,7,i1m,64,0,25000000,25000000,25000000,cohort,14200000,1968,475,0,17,1303,173,0,0,0
cold_frozen_i1m_h8_s7_state64_mac0,frozen,cold,final,8,7,i1m,64,0,25000000,25000000,25000000,cohort,14300000,1924,473,0,5,1285,161,0,0,0
cold_frozen_i1m_h8_s7_state64_mac0,frozen,cold,final,8,7,i1m,64,0,25000000,25000000,25000000,cohort,14400000,1964,475,0,12,1304,173,0,0,0
cold_frozen_i1m_h8_s7_state64_mac0,frozen,cold,final,8,7,i1m,64,0,25000000,25000000,25000000,cohort,14500000,1924,474,0,5,1284,161,0,0,0
cold_frozen_i1m_h8_s7_state64_mac0,frozen,cold,final,8,7,i1m,64,0,25000000,25000000,25000000,cohort,14600000,1964,476,0,13,1304,171,0,0,0
cold_frozen_i1m_h8_s7_state64_mac0,frozen,cold,final,8,7,i1m,64,0,25000000,25000000,25000000,cohort,14700000,1936,473,0,10,1286,167,0,0,0
cold_frozen_i1m_h8_s7_state64_mac0,frozen,cold,final,8,7,i1m,64,0,25000000,25000000,25000000,cohort,14800000,1930,476,0,7,1288,159,0,0,0
cold_frozen_i1m_h8_s7_state64_mac0,frozen,cold,final,8,7,i1m,64,0,25000000,25000000,25000000,cohort,14900000,1962,472,0,19,1295,176,0,0,0
cold_frozen_i1m_h8_s7_state64_mac0,frozen,cold,final,8,7,i1m,64,0,25000000,25000000,25000000,cohort,15000000,1930,475,0,7,1285,163,0,0,0
cold_frozen_i1m_h8_s7_state64_mac0,frozen,cold,final,8,7,i1m,64,0,25000000,25000000,25000000,cohort,15100000,1948,464,0,30,1271,183,0,0,0
cold_frozen_i1m_h8_s7_state64_mac0,frozen,cold,final,8,7,i1m,64,0,25000000,25000000,25000000,cohort,15200000,1950,477,0,10,1293,170,0,0,0
cold_frozen_i1m_h8_s7_state64_mac0,frozen,cold,final,8,7,i1m,64,0,25000000,25000000,25000000,cohort,15300000,1976,474,0,7,1333,162,0,0,0
cold_frozen_i1m_h8_s7_state64_mac0,frozen,cold,final,8,7,i1m,64,0,25000000,25000000,25000000,cohort,15400000,1960,476,0,10,1308,166,0,0,0
cold_frozen_i1m_h8_s7_state64_mac0,frozen,cold,final,8,7,i1m,64,0,25000000,25000000,25000000,cohort,15500000,1938,475,0,6,1294,163,0,0,0
cold_frozen_i1m_h8_s7_state64_mac0,frozen,cold,final,8,7,i1m,64,0,25000000,25000000,25000000,cohort,15600000,1956,473,0,10,1310,163,0,0,0
cold_frozen_i1m_h8_s7_state64_mac0,frozen,cold,final,8,7,i1m,64,0,25000000,25000000,25000000,cohort,15700000,1930,473,0,6,1285,166,0,0,0
cold_frozen_i1m_h8_s7_state64_mac0,frozen,cold,final,8,7,i1m,64,0,25000000,25000000,25000000,cohort,15800000,1956,468,0,14,1302,172,0,0,0
cold_frozen_i1m_h8_s7_state64_mac0,frozen,cold,final,8,7,i1m,64,0,25000000,25000000,25000000,cohort,15900000,1936,474,0,8,1291,163,0,0,0
cold_frozen_i1m_h8_s7_state64_mac0,frozen,cold,final,8,7,i1m,64,0,25000000,25000000,25000000,cohort,16000000,1942,470,0,8,1298,166,0,0,0
cold_frozen_i1m_h8_s7_state64_mac0,frozen,cold,final,8,7,i1m,64,0,25000000,25000000,25000000,cohort,16100000,1944,474,0,8,1297,165,0,0,0
cold_frozen_i1m_h8_s7_state64_mac0,frozen,cold,final,8,7,i1m,64,0,25000000,25000000,25000000,cohort,16200000,1958,471,0,10,1308,169,0,0,0
cold_frozen_i1m_h8_s7_state64_mac0,frozen,cold,final,8,7,i1m,64,0,25000000,25000000,25000000,cohort,16300000,1928,477,0,2,1289,160,0,0,0
cold_frozen_i1m_h8_s7_state64_mac0,frozen,cold,final,8,7,i1m,64,0,25000000,25000000,25000000,cohort,16400000,1916,467,0,11,1271,167,0,0,0
cold_frozen_i1m_h8_s7_state64_mac0,frozen,cold,final,8,7,i1m,64,0,25000000,25000000,25000000,cohort,16500000,1936,472,0,10,1287,167,0,0,0
cold_frozen_i1m_h8_s7_state64_mac0,frozen,cold,final,8,7,i1m,64,0,25000000,25000000,25000000,cohort,16600000,1928,467,0,11,1283,167,0,0,0
cold_frozen_i1m_h8_s7_state64_mac0,frozen,cold,final,8,7,i1m,64,0,25000000,25000000,25000000,cohort,16700000,1942,471,0,9,1297,165,0,0,0
cold_frozen_i1m_h8_s7_state64_mac0,frozen,cold,final,8,7,i1m,64,0,25000000,25000000,25000000,cohort,16800000,1922,469,0,10,1276,167,0,0,0
cold_frozen_i1m_h8_s7_state64_mac0,frozen,cold,final,8,7,i1m,64,0,25000000,25000000,25000000,cohort,16900000,1948,468,0,14,1297,169,0,0,0
cold_frozen_i1m_h8_s7_state64_mac0,frozen,cold,final,8,7,i1m,64,0,25000000,25000000,25000000,cohort,17000000,1930,471,0,7,1290,162,0,0,0
cold_frozen_i1m_h8_s7_state64_mac0,frozen,cold,final,8,7,i1m,64,0,25000000,25000000,25000000,cohort,17100000,1886,464,0,7,1252,163,0,0,0
cold_frozen_i1m_h8_s7_state64_mac0,frozen,cold,final,8,7,i1m,64,0,25000000,25000000,25000000,cohort,17200000,1944,473,0,9,1297,165,0,0,0
cold_frozen_i1m_h8_s7_state64_mac0,frozen,cold,final,8,7,i1m,64,0,25000000,25000000,25000000,cohort,17300000,1938,471,0,5,1299,163,0,0,0
cold_frozen_i1m_h8_s7_state64_mac0,frozen,cold,final,8,7,i1m,64,0,25000000,25000000,25000000,cohort,17400000,1960,470,0,8,1318,164,0,0,0
cold_frozen_i1m_h8_s7_state64_mac0,frozen,cold,final,8,7,i1m,64,0,25000000,25000000,25000000,cohort,17500000,1926,473,0,6,1285,162,0,0,0
cold_frozen_i1m_h8_s7_state64_mac0,frozen,cold,final,8,7,i1m,64,0,25000000,25000000,25000000,cohort,17600000,1910,467,0,8,1272,163,0,0,0
cold_frozen_i1m_h8_s7_state64_mac0,frozen,cold,final,8,7,i1m,64,0,25000000,25000000,25000000,cohort,17700000,1944,473,0,10,1292,169,0,0,0
cold_frozen_i1m_h8_s7_state64_mac0,frozen,cold,final,8,7,i1m,64,0,25000000,25000000,25000000,cohort,17800000,1926,470,0,8,1284,164,0,0,0
cold_frozen_i1m_h8_s7_state64_mac0,frozen,cold,final,8,7,i1m,64,0,25000000,25000000,25000000,cohort,17900000,1960,472,0,6,1318,164,0,0,0
cold_frozen_i1m_h8_s7_state64_mac0,frozen,cold,final,8,7,i1m,64,0,25000000,25000000,25000000,cohort,18000000,1926,480,0,2,1282,162,0,0,0
cold_frozen_i1m_h8_s7_state64_mac0,frozen,cold,final,8,7,i1m,64,0,25000000,25000000,25000000,cohort,18100000,1944,471,0,9,1299,165,0,0,0
cold_frozen_i1m_h8_s7_state64_mac0,frozen,cold,final,8,7,i1m,64,0,25000000,25000000,25000000,cohort,18200000,1930,473,0,3,1294,160,0,0,0
cold_frozen_i1m_h8_s7_state64_mac0,frozen,cold,final,8,7,i1m,64,0,25000000,25000000,25000000,cohort,18300000,1938,472,0,8,1296,162,0,0,0
cold_frozen_i1m_h8_s7_state64_mac0,frozen,cold,final,8,7,i1m,64,0,25000000,25000000,25000000,cohort,18400000,1930,471,0,10,1281,168,0,0,0
cold_frozen_i1m_h8_s7_state64_mac0,frozen,cold,final,8,7,i1m,64,0,25000000,25000000,25000000,cohort,18500000,1936,474,0,12,1284,166,0,0,0
cold_frozen_i1m_h8_s7_state64_mac0,frozen,cold,final,8,7,i1m,64,0,25000000,25000000,25000000,cohort,18600000,1958,477,0,14,1292,175,0,0,0
cold_frozen_i1m_h8_s7_state64_mac0,frozen,cold,final,8,7,i1m,64,0,25000000,25000000,25000000,cohort,18700000,1932,474,0,2,1294,162,0,0,0
cold_frozen_i1m_h8_s7_state64_mac0,frozen,cold,final,8,7,i1m,64,0,25000000,25000000,25000000,cohort,18800000,2016,465,0,14,1368,169,0,0,0
cold_frozen_i1m_h8_s7_state64_mac0,frozen,cold,final,8,7,i1m,64,0,25000000,25000000,25000000,cohort,18900000,1930,474,0,4,1287,165,0,0,0
cold_frozen_i1m_h8_s7_state64_mac0,frozen,cold,final,8,7,i1m,64,0,25000000,25000000,25000000,cohort,19000000,1990,471,0,8,1342,169,0,0,0
cold_frozen_i1m_h8_s7_state64_mac0,frozen,cold,final,8,7,i1m,64,0,25000000,25000000,25000000,cohort,19100000,1948,474,0,10,1296,168,0,0,0
cold_frozen_i1m_h8_s7_state64_mac0,frozen,cold,final,8,7,i1m,64,0,25000000,25000000,25000000,cohort,19200000,1926,473,0,6,1283,164,0,0,0
cold_frozen_i1m_h8_s7_state64_mac0,frozen,cold,final,8,7,i1m,64,0,25000000,25000000,25000000,cohort,19300000,1972,469,0,15,1314,174,0,0,0
cold_frozen_i1m_h8_s7_state64_mac0,frozen,cold,final,8,7,i1m,64,0,25000000,25000000,25000000,cohort,19400000,1926,476,0,4,1286,160,0,0,0
cold_frozen_i1m_h8_s7_state64_mac0,frozen,cold,final,8,7,i1m,64,0,25000000,25000000,25000000,cohort,19500000,1970,470,0,22,1300,178,0,0,0
cold_frozen_i1m_h8_s7_state64_mac0,frozen,cold,final,8,7,i1m,64,0,25000000,25000000,25000000,cohort,19600000,1934,472,0,7,1292,163,0,0,0
cold_frozen_i1m_h8_s7_state64_mac0,frozen,cold,final,8,7,i1m,64,0,25000000,25000000,25000000,cohort,19700000,1954,467,0,15,1303,169,0,0,0
cold_frozen_i1m_h8_s7_state64_mac0,frozen,cold,final,8,7,i1m,64,0,25000000,25000000,25000000,cohort,19800000,1934,471,0,8,1288,167,0,0,0
cold_frozen_i1m_h8_s7_state64_mac0,frozen,cold,final,8,7,i1m,64,0,25000000,25000000,25000000,cohort,19900000,1918,469,0,8,1278,163,0,0,0
cold_frozen_i1m_h8_s7_state64_mac0,frozen,cold,final,8,7,i1m,64,0,25000000,25000000,25000000,cohort,20000000,1950,473,0,11,1298,168,0,0,0
cold_frozen_i1m_h8_s7_state64_mac0,frozen,cold,final,8,7,i1m,64,0,25000000,25000000,25000000,cohort,20100000,1936,475,0,9,1285,167,0,0,0
cold_frozen_i1m_h8_s7_state64_mac0,frozen,cold,final,8,7,i1m,64,0,25000000,25000000,25000000,cohort,20200000,1950,474,0,11,1296,169,0,0,0
cold_frozen_i1m_h8_s7_state64_mac0,frozen,cold,final,8,7,i1m,64,0,25000000,25000000,25000000,cohort,20300000,1924,474,0,4,1286,160,0,0,0
cold_frozen_i1m_h8_s7_state64_mac0,frozen,cold,final,8,7,i1m,64,0,25000000,25000000,25000000,cohort,20400000,1950,476,0,12,1292,170,0,0,0
cold_frozen_i1m_h8_s7_state64_mac0,frozen,cold,final,8,7,i1m,64,0,25000000,25000000,25000000,cohort,20500000,1930,475,0,8,1282,165,0,0,0
cold_frozen_i1m_h8_s7_state64_mac0,frozen,cold,final,8,7,i1m,64,0,25000000,25000000,25000000,cohort,20600000,1936,474,0,4,1296,162,0,0,0
cold_frozen_i1m_h8_s7_state64_mac0,frozen,cold,final,8,7,i1m,64,0,25000000,25000000,25000000,cohort,20700000,1952,471,0,15,1290,173,0,3,3
cold_frozen_i1m_h8_s7_state64_mac0,frozen,cold,final,8,7,i1m,64,0,25000000,25000000,25000000,cohort,20800000,1938,476,0,8,1289,165,0,0,0
cold_frozen_i1m_h8_s7_state64_mac0,frozen,cold,final,8,7,i1m,64,0,25000000,25000000,25000000,cohort,20900000,1966,469,0,13,1314,170,0,0,0
cold_frozen_i1m_h8_s7_state64_mac0,frozen,cold,final,8,7,i1m,64,0,25000000,25000000,25000000,cohort,21000000,1920,469,0,10,1274,167,0,0,0
cold_frozen_i1m_h8_s7_state64_mac0,frozen,cold,final,8,7,i1m,64,0,25000000,25000000,25000000,cohort,21100000,1956,473,0,9,1311,163,0,0,0
cold_frozen_i1m_h8_s7_state64_mac0,frozen,cold,final,8,7,i1m,64,0,25000000,25000000,25000000,cohort,21200000,1922,477,0,3,1281,161,0,0,0
cold_frozen_i1m_h8_s7_state64_mac0,frozen,cold,final,8,7,i1m,64,0,25000000,25000000,25000000,cohort,21300000,1900,465,0,6,1269,160,0,0,0
cold_frozen_i1m_h8_s7_state64_mac0,frozen,cold,final,8,7,i1m,64,0,25000000,25000000,25000000,cohort,21400000,1926,467,0,17,1267,175,0,0,0
cold_frozen_i1m_h8_s7_state64_mac0,frozen,cold,final,8,7,i1m,64,0,25000000,25000000,25000000,cohort,21500000,1924,473,0,5,1282,164,0,0,0
cold_frozen_i1m_h8_s7_state64_mac0,frozen,cold,final,8,7,i1m,64,0,25000000,25000000,25000000,cohort,21600000,1966,472,0,14,1309,171,0,0,0
cold_frozen_i1m_h8_s7_state64_mac0,frozen,cold,final,8,7,i1m,64,0,25000000,25000000,25000000,cohort,21700000,1938,474,0,11,1283,170,0,0,0
cold_frozen_i1m_h8_s7_state64_mac0,frozen,cold,final,8,7,i1m,64,0,25000000,25000000,25000000,cohort,21800000,1960,476,0,9,1309,166,0,0,0
cold_frozen_i1m_h8_s7_state64_mac0,frozen,cold,final,8,7,i1m,64,0,25000000,25000000,25000000,cohort,21900000,1944,474,0,6,1302,162,0,0,0
cold_frozen_i1m_h8_s7_state64_mac0,frozen,cold,final,8,7,i1m,64,0,25000000,25000000,25000000,cohort,22000000,1942,473,0,9,1294,166,0,0,0
cold_frozen_i1m_h8_s7_state64_mac0,frozen,cold,final,8,7,i1m,64,0,25000000,25000000,25000000,cohort,22100000,1956,472,0,14,1302,168,0,0,0
cold_frozen_i1m_h8_s7_state64_mac0,frozen,cold,final,8,7,i1m,64,0,25000000,25000000,25000000,cohort,22200000,1970,476,0,6,1328,160,0,0,0
cold_frozen_i1m_h8_s7_state64_mac0,frozen,cold,final,8,7,i1m,64,0,25000000,25000000,25000000,cohort,22300000,1968,472,0,16,1308,172,0,0,0
cold_frozen_i1m_h8_s7_state64_mac0,frozen,cold,final,8,7,i1m,64,0,25000000,25000000,25000000,cohort,22400000,1934,475,0,8,1287,164,0,0,0
cold_frozen_i1m_h8_s7_state64_mac0,frozen,cold,final,8,7,i1m,64,0,25000000,25000000,25000000,cohort,22500000,1970,473,0,28,1288,180,0,1,1
cold_frozen_i1m_h8_s7_state64_mac0,frozen,cold,final,8,7,i1m,64,0,25000000,25000000,25000000,cohort,22600000,1938,471,0,13,1286,168,0,0,0
cold_frozen_i1m_h8_s7_state64_mac0,frozen,cold,final,8,7,i1m,64,0,25000000,25000000,25000000,cohort,22700000,1958,475,0,8,1310,165,0,0,0
cold_frozen_i1m_h8_s7_state64_mac0,frozen,cold,final,8,7,i1m,64,0,25000000,25000000,25000000,cohort,22800000,1980,472,0,16,1319,173,0,0,0
cold_frozen_i1m_h8_s7_state64_mac0,frozen,cold,final,8,7,i1m,64,0,25000000,25000000,25000000,cohort,22900000,1948,475,0,6,1305,162,0,0,0
cold_frozen_i1m_h8_s7_state64_mac0,frozen,cold,final,8,7,i1m,64,0,25000000,25000000,25000000,cohort,23000000,1958,466,0,21,1296,175,0,0,0
cold_frozen_i1m_h8_s7_state64_mac0,frozen,cold,final,8,7,i1m,64,0,25000000,25000000,25000000,cohort,23100000,1940,474,0,12,1285,169,0,0,0
cold_frozen_i1m_h8_s7_state64_mac0,frozen,cold,final,8,7,i1m,64,0,25000000,25000000,25000000,cohort,23200000,2018,470,0,21,1355,172,0,0,0
cold_frozen_i1m_h8_s7_state64_mac0,frozen,cold,final,8,7,i1m,64,0,25000000,25000000,25000000,cohort,23300000,1954,473,0,12,1297,172,0,0,0
cold_frozen_i1m_h8_s7_state64_mac0,frozen,cold,final,8,7,i1m,64,0,25000000,25000000,25000000,cohort,23400000,1936,474,0,3,1296,163,0,0,0
cold_frozen_i1m_h8_s7_state64_mac0,frozen,cold,final,8,7,i1m,64,0,25000000,25000000,25000000,cohort,23500000,1974,470,0,17,1314,173,0,0,0
cold_frozen_i1m_h8_s7_state64_mac0,frozen,cold,final,8,7,i1m,64,0,25000000,25000000,25000000,cohort,23600000,1962,474,0,7,1315,166,0,0,0
cold_frozen_i1m_h8_s7_state64_mac0,frozen,cold,final,8,7,i1m,64,0,25000000,25000000,25000000,cohort,23700000,1964,472,0,14,1305,173,0,0,0
cold_frozen_i1m_h8_s7_state64_mac0,frozen,cold,final,8,7,i1m,64,0,25000000,25000000,25000000,cohort,23800000,1944,477,0,7,1295,165,0,0,0
cold_frozen_i1m_h8_s7_state64_mac0,frozen,cold,final,8,7,i1m,64,0,25000000,25000000,25000000,cohort,23900000,1966,466,0,18,1310,172,0,0,0
cold_frozen_i1m_h8_s7_state64_mac0,frozen,cold,final,8,7,i1m,64,0,25000000,25000000,25000000,cohort,24000000,1938,472,0,10,1291,165,0,0,0
cold_frozen_i1m_h8_s7_state64_mac0,frozen,cold,final,8,7,i1m,64,0,25000000,25000000,25000000,cohort,24100000,1936,475,0,5,1292,164,0,0,0
cold_frozen_i1m_h8_s7_state64_mac0,frozen,cold,final,8,7,i1m,64,0,25000000,25000000,25000000,cohort,24200000,1952,480,0,6,1301,165,0,0,0
cold_frozen_i1m_h8_s7_state64_mac0,frozen,cold,final,8,7,i1m,64,0,25000000,25000000,25000000,cohort,24300000,1934,475,0,3,1297,159,0,0,0
cold_frozen_i1m_h8_s7_state64_mac0,frozen,cold,final,8,7,i1m,64,0,25000000,25000000,25000000,cohort,24400000,1956,475,0,6,1309,164,0,2,2
cold_frozen_i1m_h8_s7_state64_mac0,frozen,cold,final,8,7,i1m,64,0,25000000,25000000,25000000,cohort,24500000,1932,474,0,4,1286,165,0,3,3
cold_frozen_i1m_h8_s7_state64_mac0,frozen,cold,final,8,7,i1m,64,0,25000000,25000000,25000000,cohort,24600000,1956,474,0,2,1302,169,0,9,9
cold_frozen_i1m_h8_s7_state64_mac0,frozen,cold,final,8,7,i1m,64,0,25000000,25000000,25000000,cohort,24700000,1926,475,0,1,1291,158,0,1,1
cold_frozen_i1m_h8_s7_state64_mac0,frozen,cold,final,8,7,i1m,64,0,25000000,25000000,25000000,cohort,24800000,1934,475,0,0,1293,162,0,4,4
cold_frozen_i1m_h8_s7_state64_mac0,frozen,cold,final,8,7,i1m,64,0,25000000,25000000,25000000,cohort,24900000,1950,472,0,0,1304,164,0,10,10
cold_frozen_i1m_h8_s7_state64_mac16,frozen,cold,final,8,7,i1m,64,16,25000000,25000000,25000000,cohort,0,775,9,0,6,760,0,0,0,0
cold_frozen_i1m_h8_s7_state64_mac16,frozen,cold,final,8,7,i1m,64,16,25000000,25000000,25000000,cohort,100000,691,6,0,3,682,0,0,0,0
cold_frozen_i1m_h8_s7_state64_mac16,frozen,cold,final,8,7,i1m,64,16,25000000,25000000,25000000,cohort,200000,700,4,0,0,696,0,0,0,0
cold_frozen_i1m_h8_s7_state64_mac16,frozen,cold,final,8,7,i1m,64,16,25000000,25000000,25000000,cohort,300000,696,3,0,1,692,0,0,0,0
cold_frozen_i1m_h8_s7_state64_mac16,frozen,cold,final,8,7,i1m,64,16,25000000,25000000,25000000,cohort,400000,665,7,0,1,657,0,0,0,0
cold_frozen_i1m_h8_s7_state64_mac16,frozen,cold,final,8,7,i1m,64,16,25000000,25000000,25000000,cohort,500000,710,5,0,3,702,0,0,0,0
cold_frozen_i1m_h8_s7_state64_mac16,frozen,cold,final,8,7,i1m,64,16,25000000,25000000,25000000,cohort,600000,650,6,0,4,640,0,0,0,0
cold_frozen_i1m_h8_s7_state64_mac16,frozen,cold,final,8,7,i1m,64,16,25000000,25000000,25000000,cohort,700000,664,8,0,5,651,0,0,0,0
cold_frozen_i1m_h8_s7_state64_mac16,frozen,cold,final,8,7,i1m,64,16,25000000,25000000,25000000,cohort,800000,656,4,0,5,647,0,0,0,0
cold_frozen_i1m_h8_s7_state64_mac16,frozen,cold,final,8,7,i1m,64,16,25000000,25000000,25000000,cohort,900000,673,5,1,1,666,0,0,0,0
cold_frozen_i1m_h8_s7_state64_mac16,frozen,cold,final,8,7,i1m,64,16,25000000,25000000,25000000,cohort,1000000,666,6,0,0,660,0,0,0,0
cold_frozen_i1m_h8_s7_state64_mac16,frozen,cold,final,8,7,i1m,64,16,25000000,25000000,25000000,cohort,1100000,664,6,0,2,656,0,0,0,0
cold_frozen_i1m_h8_s7_state64_mac16,frozen,cold,final,8,7,i1m,64,16,25000000,25000000,25000000,cohort,1200000,672,4,0,7,661,0,0,0,0
cold_frozen_i1m_h8_s7_state64_mac16,frozen,cold,final,8,7,i1m,64,16,25000000,25000000,25000000,cohort,1300000,698,1,0,0,697,0,0,0,0
cold_frozen_i1m_h8_s7_state64_mac16,frozen,cold,final,8,7,i1m,64,16,25000000,25000000,25000000,cohort,1400000,702,4,0,0,698,0,0,0,0
cold_frozen_i1m_h8_s7_state64_mac16,frozen,cold,final,8,7,i1m,64,16,25000000,25000000,25000000,cohort,1500000,666,6,0,3,657,0,0,0,0
cold_frozen_i1m_h8_s7_state64_mac16,frozen,cold,final,8,7,i1m,64,16,25000000,25000000,25000000,cohort,1600000,635,2,0,3,630,0,0,0,0
cold_frozen_i1m_h8_s7_state64_mac16,frozen,cold,final,8,7,i1m,64,16,25000000,25000000,25000000,cohort,1700000,658,6,0,3,649,0,0,0,0
cold_frozen_i1m_h8_s7_state64_mac16,frozen,cold,final,8,7,i1m,64,16,25000000,25000000,25000000,cohort,1800000,684,4,0,4,676,0,0,0,0
cold_frozen_i1m_h8_s7_state64_mac16,frozen,cold,final,8,7,i1m,64,16,25000000,25000000,25000000,cohort,1900000,664,7,0,5,652,0,0,0,0
cold_frozen_i1m_h8_s7_state64_mac16,frozen,cold,final,8,7,i1m,64,16,25000000,25000000,25000000,cohort,2000000,670,6,0,1,663,0,0,0,0
cold_frozen_i1m_h8_s7_state64_mac16,frozen,cold,final,8,7,i1m,64,16,25000000,25000000,25000000,cohort,2100000,662,4,0,0,658,0,0,0,0
cold_frozen_i1m_h8_s7_state64_mac16,frozen,cold,final,8,7,i1m,64,16,25000000,25000000,25000000,cohort,2200000,698,4,0,2,692,0,0,0,0
cold_frozen_i1m_h8_s7_state64_mac16,frozen,cold,final,8,7,i1m,64,16,25000000,25000000,25000000,cohort,2300000,712,5,0,2,705,0,0,0,0
cold_frozen_i1m_h8_s7_state64_mac16,frozen,cold,final,8,7,i1m,64,16,25000000,25000000,25000000,cohort,2400000,672,6,0,3,663,0,0,0,0
cold_frozen_i1m_h8_s7_state64_mac16,frozen,cold,final,8,7,i1m,64,16,25000000,25000000,25000000,cohort,2500000,686,8,0,5,673,0,0,0,0
cold_frozen_i1m_h8_s7_state64_mac16,frozen,cold,final,8,7,i1m,64,16,25000000,25000000,25000000,cohort,2600000,678,11,0,8,659,0,0,0,0
cold_frozen_i1m_h8_s7_state64_mac16,frozen,cold,final,8,7,i1m,64,16,25000000,25000000,25000000,cohort,2700000,690,4,0,3,683,0,0,0,0
cold_frozen_i1m_h8_s7_state64_mac16,frozen,cold,final,8,7,i1m,64,16,25000000,25000000,25000000,cohort,2800000,598,4,0,4,590,0,0,0,0
cold_frozen_i1m_h8_s7_state64_mac16,frozen,cold,final,8,7,i1m,64,16,25000000,25000000,25000000,cohort,2900000,676,5,0,4,667,0,0,0,0
cold_frozen_i1m_h8_s7_state64_mac16,frozen,cold,final,8,7,i1m,64,16,25000000,25000000,25000000,cohort,3000000,688,6,0,3,679,0,0,0,0
cold_frozen_i1m_h8_s7_state64_mac16,frozen,cold,final,8,7,i1m,64,16,25000000,25000000,25000000,cohort,3100000,648,4,0,4,640,0,0,0,0
cold_frozen_i1m_h8_s7_state64_mac16,frozen,cold,final,8,7,i1m,64,16,25000000,25000000,25000000,cohort,3200000,702,4,0,2,696,0,0,0,0
cold_frozen_i1m_h8_s7_state64_mac16,frozen,cold,final,8,7,i1m,64,16,25000000,25000000,25000000,cohort,3300000,706,6,0,1,699,0,0,0,0
cold_frozen_i1m_h8_s7_state64_mac16,frozen,cold,final,8,7,i1m,64,16,25000000,25000000,25000000,cohort,3400000,638,6,0,1,631,0,0,0,0
cold_frozen_i1m_h8_s7_state64_mac16,frozen,cold,final,8,7,i1m,64,16,25000000,25000000,25000000,cohort,3500000,655,6,0,3,646,0,0,0,0
cold_frozen_i1m_h8_s7_state64_mac16,frozen,cold,final,8,7,i1m,64,16,25000000,25000000,25000000,cohort,3600000,704,3,0,17,684,0,0,0,0
cold_frozen_i1m_h8_s7_state64_mac16,frozen,cold,final,8,7,i1m,64,16,25000000,25000000,25000000,cohort,3700000,714,3,0,2,709,0,0,0,0
cold_frozen_i1m_h8_s7_state64_mac16,frozen,cold,final,8,7,i1m,64,16,25000000,25000000,25000000,cohort,3800000,702,6,0,3,693,0,0,0,0
cold_frozen_i1m_h8_s7_state64_mac16,frozen,cold,final,8,7,i1m,64,16,25000000,25000000,25000000,cohort,3900000,706,6,0,10,690,0,0,0,0
cold_frozen_i1m_h8_s7_state64_mac16,frozen,cold,final,8,7,i1m,64,16,25000000,25000000,25000000,cohort,4000000,644,5,0,13,626,0,0,0,0
cold_frozen_i1m_h8_s7_state64_mac16,frozen,cold,final,8,7,i1m,64,16,25000000,25000000,25000000,cohort,4100000,704,3,0,3,698,0,0,0,0
cold_frozen_i1m_h8_s7_state64_mac16,frozen,cold,final,8,7,i1m,64,16,25000000,25000000,25000000,cohort,4200000,690,6,0,9,675,0,0,0,0
cold_frozen_i1m_h8_s7_state64_mac16,frozen,cold,final,8,7,i1m,64,16,25000000,25000000,25000000,cohort,4300000,672,6,0,2,664,0,0,0,0
cold_frozen_i1m_h8_s7_state64_mac16,frozen,cold,final,8,7,i1m,64,16,25000000,25000000,25000000,cohort,4400000,660,5,0,2,653,0,0,0,0
cold_frozen_i1m_h8_s7_state64_mac16,frozen,cold,final,8,7,i1m,64,16,25000000,25000000,25000000,cohort,4500000,706,5,0,9,692,0,0,0,0
cold_frozen_i1m_h8_s7_state64_mac16,frozen,cold,final,8,7,i1m,64,16,25000000,25000000,25000000,cohort,4600000,656,4,0,5,647,0,0,0,0
cold_frozen_i1m_h8_s7_state64_mac16,frozen,cold,final,8,7,i1m,64,16,25000000,25000000,25000000,cohort,4700000,634,3,0,2,629,0,0,0,0
cold_frozen_i1m_h8_s7_state64_mac16,frozen,cold,final,8,7,i1m,64,16,25000000,25000000,25000000,cohort,4800000,646,7,0,2,637,0,0,0,0
cold_frozen_i1m_h8_s7_state64_mac16,frozen,cold,final,8,7,i1m,64,16,25000000,25000000,25000000,cohort,4900000,688,4,0,9,675,0,0,0,0
cold_frozen_i1m_h8_s7_state64_mac16,frozen,cold,final,8,7,i1m,64,16,25000000,25000000,25000000,cohort,5000000,646,7,0,7,632,0,0,0,0
cold_frozen_i1m_h8_s7_state64_mac16,frozen,cold,final,8,7,i1m,64,16,25000000,25000000,25000000,cohort,5100000,622,5,0,6,611,0,0,0,0
cold_frozen_i1m_h8_s7_state64_mac16,frozen,cold,final,8,7,i1m,64,16,25000000,25000000,25000000,cohort,5200000,672,7,0,9,656,0,0,0,0
cold_frozen_i1m_h8_s7_state64_mac16,frozen,cold,final,8,7,i1m,64,16,25000000,25000000,25000000,cohort,5300000,686,3,0,8,675,0,0,0,0
cold_frozen_i1m_h8_s7_state64_mac16,frozen,cold,final,8,7,i1m,64,16,25000000,25000000,25000000,cohort,5400000,712,7,0,9,696,0,0,0,0
cold_frozen_i1m_h8_s7_state64_mac16,frozen,cold,final,8,7,i1m,64,16,25000000,25000000,25000000,cohort,5500000,712,8,0,6,698,0,0,0,0
cold_frozen_i1m_h8_s7_state64_mac16,frozen,cold,final,8,7,i1m,64,16,25000000,25000000,25000000,cohort,5600000,698,6,0,12,680,0,0,0,0
cold_frozen_i1m_h8_s7_state64_mac16,frozen,cold,final,8,7,i1m,64,16,25000000,25000000,25000000,cohort,5700000,642,6,0,10,626,0,0,0,0
cold_frozen_i1m_h8_s7_state64_mac16,frozen,cold,final,8,7,i1m,64,16,25000000,25000000,25000000,cohort,5800000,628,6,0,14,608,0,0,0,0
cold_frozen_i1m_h8_s7_state64_mac16,frozen,cold,final,8,7,i1m,64,16,25000000,25000000,25000000,cohort,5900000,654,7,0,10,637,0,0,0,0
cold_frozen_i1m_h8_s7_state64_mac16,frozen,cold,final,8,7,i1m,64,16,25000000,25000000,25000000,cohort,6000000,664,7,0,5,652,0,0,0,0
cold_frozen_i1m_h8_s7_state64_mac16,frozen,cold,final,8,7,i1m,64,16,25000000,25000000,25000000,cohort,6100000,680,4,0,6,670,0,0,0,0
cold_frozen_i1m_h8_s7_state64_mac16,frozen,cold,final,8,7,i1m,64,16,25000000,25000000,25000000,cohort,6200000,682,4,0,3,675,0,0,0,0
cold_frozen_i1m_h8_s7_state64_mac16,frozen,cold,final,8,7,i1m,64,16,25000000,25000000,25000000,cohort,6300000,700,5,0,8,687,0,0,0,0
cold_frozen_i1m_h8_s7_state64_mac16,frozen,cold,final,8,7,i1m,64,16,25000000,25000000,25000000,cohort,6400000,632,5,0,12,615,0,0,0,0
cold_frozen_i1m_h8_s7_state64_mac16,frozen,cold,final,8,7,i1m,64,16,25000000,25000000,25000000,cohort,6500000,652,3,0,6,643,0,0,0,0
cold_frozen_i1m_h8_s7_state64_mac16,frozen,cold,final,8,7,i1m,64,16,25000000,25000000,25000000,cohort,6600000,666,2,0,7,657,0,0,0,0
cold_frozen_i1m_h8_s7_state64_mac16,frozen,cold,final,8,7,i1m,64,16,25000000,25000000,25000000,cohort,6700000,564,5,0,1,558,0,0,0,0
cold_frozen_i1m_h8_s7_state64_mac16,frozen,cold,final,8,7,i1m,64,16,25000000,25000000,25000000,cohort,6800000,596,4,0,10,582,0,0,0,0
cold_frozen_i1m_h8_s7_state64_mac16,frozen,cold,final,8,7,i1m,64,16,25000000,25000000,25000000,cohort,6900000,618,4,0,4,610,0,0,0,0
cold_frozen_i1m_h8_s7_state64_mac16,frozen,cold,final,8,7,i1m,64,16,25000000,25000000,25000000,cohort,7000000,682,4,0,1,677,0,0,0,0
cold_frozen_i1m_h8_s7_state64_mac16,frozen,cold,final,8,7,i1m,64,16,25000000,25000000,25000000,cohort,7100000,670,9,0,12,649,0,0,0,0
cold_frozen_i1m_h8_s7_state64_mac16,frozen,cold,final,8,7,i1m,64,16,25000000,25000000,25000000,cohort,7200000,674,4,0,5,665,0,0,0,0
cold_frozen_i1m_h8_s7_state64_mac16,frozen,cold,final,8,7,i1m,64,16,25000000,25000000,25000000,cohort,7300000,674,8,0,6,660,0,0,0,0
cold_frozen_i1m_h8_s7_state64_mac16,frozen,cold,final,8,7,i1m,64,16,25000000,25000000,25000000,cohort,7400000,626,3,0,7,616,0,0,0,0
cold_frozen_i1m_h8_s7_state64_mac16,frozen,cold,final,8,7,i1m,64,16,25000000,25000000,25000000,cohort,7500000,642,7,0,5,630,0,0,0,0
cold_frozen_i1m_h8_s7_state64_mac16,frozen,cold,final,8,7,i1m,64,16,25000000,25000000,25000000,cohort,7600000,612,4,0,5,603,0,0,0,0
cold_frozen_i1m_h8_s7_state64_mac16,frozen,cold,final,8,7,i1m,64,16,25000000,25000000,25000000,cohort,7700000,682,5,0,2,675,0,0,0,0
cold_frozen_i1m_h8_s7_state64_mac16,frozen,cold,final,8,7,i1m,64,16,25000000,25000000,25000000,cohort,7800000,688,10,0,11,667,0,0,0,0
cold_frozen_i1m_h8_s7_state64_mac16,frozen,cold,final,8,7,i1m,64,16,25000000,25000000,25000000,cohort,7900000,666,4,0,0,662,0,0,0,0
cold_frozen_i1m_h8_s7_state64_mac16,frozen,cold,final,8,7,i1m,64,16,25000000,25000000,25000000,cohort,8000000,620,6,0,11,603,0,0,0,0
cold_frozen_i1m_h8_s7_state64_mac16,frozen,cold,final,8,7,i1m,64,16,25000000,25000000,25000000,cohort,8100000,684,7,0,10,667,0,0,0,0
cold_frozen_i1m_h8_s7_state64_mac16,frozen,cold,final,8,7,i1m,64,16,25000000,25000000,25000000,cohort,8200000,668,6,0,6,656,0,0,0,0
cold_frozen_i1m_h8_s7_state64_mac16,frozen,cold,final,8,7,i1m,64,16,25000000,25000000,25000000,cohort,8300000,718,4,0,3,711,0,0,0,0
cold_frozen_i1m_h8_s7_state64_mac16,frozen,cold,final,8,7,i1m,64,16,25000000,25000000,25000000,cohort,8400000,652,5,0,4,643,0,0,0,0
cold_frozen_i1m_h8_s7_state64_mac16,frozen,cold,final,8,7,i1m,64,16,25000000,25000000,25000000,cohort,8500000,628,8,0,11,609,0,0,0,0
cold_frozen_i1m_h8_s7_state64_mac16,frozen,cold,final,8,7,i1m,64,16,25000000,25000000,25000000,cohort,8600000,640,4,0,3,633,0,0,0,0
cold_frozen_i1m_h8_s7_state64_mac16,frozen,cold,final,8,7,i1m,64,16,25000000,25000000,25000000,cohort,8700000,654,3,0,5,646,0,0,0,0
cold_frozen_i1m_h8_s7_state64_mac16,frozen,cold,final,8,7,i1m,64,16,25000000,25000000,25000000,cohort,8800000,632,6,0,5,621,0,0,0,0
cold_frozen_i1m_h8_s7_state64_mac16,frozen,cold,final,8,7,i1m,64,16,25000000,25000000,25000000,cohort,8900000,686,4,0,6,676,0,0,0,0
cold_frozen_i1m_h8_s7_state64_mac16,frozen,cold,final,8,7,i1m,64,16,25000000,25000000,25000000,cohort,9000000,716,2,0,5,709,0,0,0,0
cold_frozen_i1m_h8_s7_state64_mac16,frozen,cold,final,8,7,i1m,64,16,25000000,25000000,25000000,cohort,9100000,592,3,0,6,583,0,0,0,0
cold_frozen_i1m_h8_s7_state64_mac16,frozen,cold,final,8,7,i1m,64,16,25000000,25000000,25000000,cohort,9200000,678,3,0,4,671,0,0,0,0
cold_frozen_i1m_h8_s7_state64_mac16,frozen,cold,final,8,7,i1m,64,16,25000000,25000000,25000000,cohort,9300000,736,6,0,2,728,0,0,0,0
cold_frozen_i1m_h8_s7_state64_mac16,frozen,cold,final,8,7,i1m,64,16,25000000,25000000,25000000,cohort,9400000,654,6,0,1,647,0,0,0,0
cold_frozen_i1m_h8_s7_state64_mac16,frozen,cold,final,8,7,i1m,64,16,25000000,25000000,25000000,cohort,9500000,634,5,0,2,627,0,0,0,0
cold_frozen_i1m_h8_s7_state64_mac16,frozen,cold,final,8,7,i1m,64,16,25000000,25000000,25000000,cohort,9600000,700,5,0,4,691,0,0,0,0
cold_frozen_i1m_h8_s7_state64_mac16,frozen,cold,final,8,7,i1m,64,16,25000000,25000000,25000000,cohort,9700000,696,3,0,8,685,0,0,0,0
cold_frozen_i1m_h8_s7_state64_mac16,frozen,cold,final,8,7,i1m,64,16,25000000,25000000,25000000,cohort,9800000,662,5,0,7,650,0,0,0,0
cold_frozen_i1m_h8_s7_state64_mac16,frozen,cold,final,8,7,i1m,64,16,25000000,25000000,25000000,cohort,9900000,640,7,0,2,631,0,0,0,0
cold_frozen_i1m_h8_s7_state64_mac16,frozen,cold,final,8,7,i1m,64,16,25000000,25000000,25000000,cohort,10000000,666,1,0,3,662,0,0,0,0
cold_frozen_i1m_h8_s7_state64_mac16,frozen,cold,final,8,7,i1m,64,16,25000000,25000000,25000000,cohort,10100000,632,4,0,1,627,0,0,0,0
cold_frozen_i1m_h8_s7_state64_mac16,frozen,cold,final,8,7,i1m,64,16,25000000,25000000,25000000,cohort,10200000,692,3,0,3,686,0,0,0,0
cold_frozen_i1m_h8_s7_state64_mac16,frozen,cold,final,8,7,i1m,64,16,25000000,25000000,25000000,cohort,10300000,694,8,0,4,682,0,0,0,0
cold_frozen_i1m_h8_s7_state64_mac16,frozen,cold,final,8,7,i1m,64,16,25000000,25000000,25000000,cohort,10400000,608,6,0,3,599,0,0,0,0
cold_frozen_i1m_h8_s7_state64_mac16,frozen,cold,final,8,7,i1m,64,16,25000000,25000000,25000000,cohort,10500000,652,3,0,2,647,0,0,0,0
cold_frozen_i1m_h8_s7_state64_mac16,frozen,cold,final,8,7,i1m,64,16,25000000,25000000,25000000,cohort,10600000,652,5,0,5,642,0,0,0,0
cold_frozen_i1m_h8_s7_state64_mac16,frozen,cold,final,8,7,i1m,64,16,25000000,25000000,25000000,cohort,10700000,668,8,0,1,659,0,0,0,0
cold_frozen_i1m_h8_s7_state64_mac16,frozen,cold,final,8,7,i1m,64,16,25000000,25000000,25000000,cohort,10800000,674,7,0,6,661,0,0,0,0
cold_frozen_i1m_h8_s7_state64_mac16,frozen,cold,final,8,7,i1m,64,16,25000000,25000000,25000000,cohort,10900000,642,3,0,2,637,0,0,0,0
cold_frozen_i1m_h8_s7_state64_mac16,frozen,cold,final,8,7,i1m,64,16,25000000,25000000,25000000,cohort,11000000,676,3,0,6,667,0,0,0,0
cold_frozen_i1m_h8_s7_state64_mac16,frozen,cold,final,8,7,i1m,64,16,25000000,25000000,25000000,cohort,11100000,644,5,0,1,638,0,0,0,0
cold_frozen_i1m_h8_s7_state64_mac16,frozen,cold,final,8,7,i1m,64,16,25000000,25000000,25000000,cohort,11200000,656,6,0,9,641,0,0,0,0
cold_frozen_i1m_h8_s7_state64_mac16,frozen,cold,final,8,7,i1m,64,16,25000000,25000000,25000000,cohort,11300000,700,3,0,10,687,0,0,0,0
cold_frozen_i1m_h8_s7_state64_mac16,frozen,cold,final,8,7,i1m,64,16,25000000,25000000,25000000,cohort,11400000,668,2,0,23,643,0,0,0,0
cold_frozen_i1m_h8_s7_state64_mac16,frozen,cold,final,8,7,i1m,64,16,25000000,25000000,25000000,cohort,11500000,620,5,0,24,591,0,0,0,0
cold_frozen_i1m_h8_s7_state64_mac16,frozen,cold,final,8,7,i1m,64,16,25000000,25000000,25000000,cohort,11600000,694,5,0,7,682,0,0,0,0
cold_frozen_i1m_h8_s7_state64_mac16,frozen,cold,final,8,7,i1m,64,16,25000000,25000000,25000000,cohort,11700000,674,2,0,3,669,0,0,0,0
cold_frozen_i1m_h8_s7_state64_mac16,frozen,cold,final,8,7,i1m,64,16,25000000,25000000,25000000,cohort,11800000,696,7,0,30,659,0,0,0,0
cold_frozen_i1m_h8_s7_state64_mac16,frozen,cold,final,8,7,i1m,64,16,25000000,25000000,25000000,cohort,11900000,700,6,0,35,659,0,0,0,0
cold_frozen_i1m_h8_s7_state64_mac16,frozen,cold,final,8,7,i1m,64,16,25000000,25000000,25000000,cohort,12000000,640,7,0,10,623,0,0,0,0
cold_frozen_i1m_h8_s7_state64_mac16,frozen,cold,final,8,7,i1m,64,16,25000000,25000000,25000000,cohort,12100000,624,6,0,10,608,0,0,0,0
cold_frozen_i1m_h8_s7_state64_mac16,frozen,cold,final,8,7,i1m,64,16,25000000,25000000,25000000,cohort,12200000,692,3,0,4,685,0,0,0,0
cold_frozen_i1m_h8_s7_state64_mac16,frozen,cold,final,8,7,i1m,64,16,25000000,25000000,25000000,cohort,12300000,656,2,0,10,644,0,0,0,0
cold_frozen_i1m_h8_s7_state64_mac16,frozen,cold,final,8,7,i1m,64,16,25000000,25000000,25000000,cohort,12400000,646,3,0,5,638,0,0,0,0
cold_frozen_i1m_h8_s7_state64_mac16,frozen,cold,final,8,7,i1m,64,16,25000000,25000000,25000000,cohort,12500000,664,7,0,7,650,0,0,0,0
cold_frozen_i1m_h8_s7_state64_mac16,frozen,cold,final,8,7,i1m,64,16,25000000,25000000,25000000,cohort,12600000,690,6,1,42,640,1,0,0,0
cold_frozen_i1m_h8_s7_state64_mac16,frozen,cold,final,8,7,i1m,64,16,25000000,25000000,25000000,cohort,12700000,744,5,0,39,700,0,0,0,0
cold_frozen_i1m_h8_s7_state64_mac16,frozen,cold,final,8,7,i1m,64,16,25000000,25000000,25000000,cohort,12800000,634,9,0,20,605,0,0,0,0
cold_frozen_i1m_h8_s7_state64_mac16,frozen,cold,final,8,7,i1m,64,16,25000000,25000000,25000000,cohort,12900000,672,7,0,2,663,0,0,0,0
cold_frozen_i1m_h8_s7_state64_mac16,frozen,cold,final,8,7,i1m,64,16,25000000,25000000,25000000,cohort,13000000,698,3,0,2,693,0,0,0,0
cold_frozen_i1m_h8_s7_state64_mac16,frozen,cold,final,8,7,i1m,64,16,25000000,25000000,25000000,cohort,13100000,672,3,0,6,663,0,0,0,0
cold_frozen_i1m_h8_s7_state64_mac16,frozen,cold,final,8,7,i1m,64,16,25000000,25000000,25000000,cohort,13200000,744,9,0,43,692,0,0,0,0
cold_frozen_i1m_h8_s7_state64_mac16,frozen,cold,final,8,7,i1m,64,16,25000000,25000000,25000000,cohort,13300000,650,6,0,3,641,0,0,0,0
cold_frozen_i1m_h8_s7_state64_mac16,frozen,cold,final,8,7,i1m,64,16,25000000,25000000,25000000,cohort,13400000,971,7,0,95,869,0,0,0,0
cold_frozen_i1m_h8_s7_state64_mac16,frozen,cold,final,8,7,i1m,64,16,25000000,25000000,25000000,cohort,13500000,650,1,0,10,639,0,0,0,0
cold_frozen_i1m_h8_s7_state64_mac16,frozen,cold,final,8,7,i1m,64,16,25000000,25000000,25000000,cohort,13600000,616,0,0,9,607,0,0,0,0
cold_frozen_i1m_h8_s7_state64_mac16,frozen,cold,final,8,7,i1m,64,16,25000000,25000000,25000000,cohort,13700000,682,7,0,20,655,0,0,0,0
cold_frozen_i1m_h8_s7_state64_mac16,frozen,cold,final,8,7,i1m,64,16,25000000,25000000,25000000,cohort,13800000,616,4,0,1,611,0,0,0,0
cold_frozen_i1m_h8_s7_state64_mac16,frozen,cold,final,8,7,i1m,64,16,25000000,25000000,25000000,cohort,13900000,688,7,0,16,665,0,0,0,0
cold_frozen_i1m_h8_s7_state64_mac16,frozen,cold,final,8,7,i1m,64,16,25000000,25000000,25000000,cohort,14000000,658,8,0,7,643,0,0,0,0
cold_frozen_i1m_h8_s7_state64_mac16,frozen,cold,final,8,7,i1m,64,16,25000000,25000000,25000000,cohort,14100000,666,6,0,19,641,0,0,0,0
cold_frozen_i1m_h8_s7_state64_mac16,frozen,cold,final,8,7,i1m,64,16,25000000,25000000,25000000,cohort,14200000,732,4,0,9,719,0,0,0,0
cold_frozen_i1m_h8_s7_state64_mac16,frozen,cold,final,8,7,i1m,64,16,25000000,25000000,25000000,cohort,14300000,684,3,0,2,679,0,0,0,0
cold_frozen_i1m_h8_s7_state64_mac16,frozen,cold,final,8,7,i1m,64,16,25000000,25000000,25000000,cohort,14400000,674,7,0,7,659,0,0,1,1
cold_frozen_i1m_h8_s7_state64_mac16,frozen,cold,final,8,7,i1m,64,16,25000000,25000000,25000000,cohort,14500000,668,7,0,4,657,0,0,0,0
cold_frozen_i1m_h8_s7_state64_mac16,frozen,cold,final,8,7,i1m,64,16,25000000,25000000,25000000,cohort,14600000,656,6,0,7,643,0,0,0,0
cold_frozen_i1m_h8_s7_state64_mac16,frozen,cold,final,8,7,i1m,64,16,25000000,25000000,25000000,cohort,14700000,708,6,0,6,696,0,0,0,0
cold_frozen_i1m_h8_s7_state64_mac16,frozen,cold,final,8,7,i1m,64,16,25000000,25000000,25000000,cohort,14800000,676,7,0,4,665,0,0,0,0
cold_frozen_i1m_h8_s7_state64_mac16,frozen,cold,final,8,7,i1m,64,16,25000000,25000000,25000000,cohort,14900000,628,5,0,7,616,0,0,0,0
cold_frozen_i1m_h8_s7_state64_mac16,frozen,cold,final,8,7,i1m,64,16,25000000,25000000,25000000,cohort,15000000,648,7,0,4,637,0,0,0,0
cold_frozen_i1m_h8_s7_state64_mac16,frozen,cold,final,8,7,i1m,64,16,25000000,25000000,25000000,cohort,15100000,732,5,0,20,707,0,0,0,0
cold_frozen_i1m_h8_s7_state64_mac16,frozen,cold,final,8,7,i1m,64,16,25000000,25000000,25000000,cohort,15200000,644,7,0,6,631,0,0,0,0
cold_frozen_i1m_h8_s7_state64_mac16,frozen,cold,final,8,7,i1m,64,16,25000000,25000000,25000000,cohort,15300000,656,7,0,2,647,0,0,0,0
cold_frozen_i1m_h8_s7_state64_mac16,frozen,cold,final,8,7,i1m,64,16,25000000,25000000,25000000,cohort,15400000,612,4,0,4,604,0,0,0,0
cold_frozen_i1m_h8_s7_state64_mac16,frozen,cold,final,8,7,i1m,64,16,25000000,25000000,25000000,cohort,15500000,676,6,0,6,664,0,0,0,0
cold_frozen_i1m_h8_s7_state64_mac16,frozen,cold,final,8,7,i1m,64,16,25000000,25000000,25000000,cohort,15600000,656,6,0,5,645,0,0,0,0
cold_frozen_i1m_h8_s7_state64_mac16,frozen,cold,final,8,7,i1m,64,16,25000000,25000000,25000000,cohort,15700000,650,7,0,2,641,0,0,0,0
cold_frozen_i1m_h8_s7_state64_mac16,frozen,cold,final,8,7,i1m,64,16,25000000,25000000,25000000,cohort,15800000,637,8,0,8,620,1,0,0,0
cold_frozen_i1m_h8_s7_state64_mac16,frozen,cold,final,8,7,i1m,64,16,25000000,25000000,25000000,cohort,15900000,649,2,0,7,640,0,0,0,0
cold_frozen_i1m_h8_s7_state64_mac16,frozen,cold,final,8,7,i1m,64,16,25000000,25000000,25000000,cohort,16000000,666,7,0,6,653,0,0,0,0
cold_frozen_i1m_h8_s7_state64_mac16,frozen,cold,final,8,7,i1m,64,16,25000000,25000000,25000000,cohort,16100000,674,6,0,6,662,0,0,0,0
cold_frozen_i1m_h8_s7_state64_mac16,frozen,cold,final,8,7,i1m,64,16,25000000,25000000,25000000,cohort,16200000,696,7,0,5,684,0,0,0,0
cold_frozen_i1m_h8_s7_state64_mac16,frozen,cold,final,8,7,i1m,64,16,25000000,25000000,25000000,cohort,16300000,660,9,0,1,650,0,0,0,0
cold_frozen_i1m_h8_s7_state64_mac16,frozen,cold,final,8,7,i1m,64,16,25000000,25000000,25000000,cohort,16400000,652,4,0,8,640,0,0,0,0
cold_frozen_i1m_h8_s7_state64_mac16,frozen,cold,final,8,7,i1m,64,16,25000000,25000000,25000000,cohort,16500000,638,7,0,5,626,0,0,0,0
cold_frozen_i1m_h8_s7_state64_mac16,frozen,cold,final,8,7,i1m,64,16,25000000,25000000,25000000,cohort,16600000,654,2,0,5,647,0,0,0,0
cold_frozen_i1m_h8_s7_state64_mac16,frozen,cold,final,8,7,i1m,64,16,25000000,25000000,25000000,cohort,16700000,664,6,0,5,653,0,0,0,0
cold_frozen_i1m_h8_s7_state64_mac16,frozen,cold,final,8,7,i1m,64,16,25000000,25000000,25000000,cohort,16800000,664,4,0,6,654,0,0,0,0
cold_frozen_i1m_h8_s7_state64_mac16,frozen,cold,final,8,7,i1m,64,16,25000000,25000000,25000000,cohort,16900000,628,1,0,7,620,0,0,0,0
cold_frozen_i1m_h8_s7_state64_mac16,frozen,cold,final,8,7,i1m,64,16,25000000,25000000,25000000,cohort,17000000,602,4,0,4,594,0,0,0,0
cold_frozen_i1m_h8_s7_state64_mac16,frozen,cold,final,8,7,i1m,64,16,25000000,25000000,25000000,cohort,17100000,650,4,0,6,640,0,0,0,0
cold_frozen_i1m_h8_s7_state64_mac16,frozen,cold,final,8,7,i1m,64,16,25000000,25000000,25000000,cohort,17200000,624,1,0,3,620,0,0,0,0
cold_frozen_i1m_h8_s7_state64_mac16,frozen,cold,final,8,7,i1m,64,16,25000000,25000000,25000000,cohort,17300000,696,4,0,3,689,0,0,0,0
cold_frozen_i1m_h8_s7_state64_mac16,frozen,cold,final,8,7,i1m,64,16,25000000,25000000,25000000,cohort,17400000,698,4,0,8,686,0,0,0,0
cold_frozen_i1m_h8_s7_state64_mac16,frozen,cold,final,8,7,i1m,64,16,25000000,25000000,25000000,cohort,17500000,644,4,0,5,635,0,0,0,0
cold_frozen_i1m_h8_s7_state64_mac16,frozen,cold,final,8,7,i1m,64,16,25000000,25000000,25000000,cohort,17600000,648,4,0,3,641,0,0,0,0
cold_frozen_i1m_h8_s7_state64_mac16,frozen,cold,final,8,7,i1m,64,16,25000000,25000000,25000000,cohort,17700000,640,6,0,7,627,0,0,0,0
cold_frozen_i1m_h8_s7_state64_mac16,frozen,cold,final,8,7,i1m,64,16,25000000,25000000,25000000,cohort,17800000,654,5,0,2,647,0,0,0,0
cold_frozen_i1m_h8_s7_state64_mac16,frozen,cold,final,8,7,i1m,64,16,25000000,25000000,25000000,cohort,17900000,684,4,0,8,672,0,0,0,0
cold_frozen_i1m_h8_s7_state64_mac16,frozen,cold,final,8,7,i1m,64,16,25000000,25000000,25000000,cohort,18000000,674,8,0,1,665,0,0,0,0
cold_frozen_i1m_h8_s7_state64_mac16,frozen,cold,final,8,7,i1m,64,16,25000000,25000000,25000000,cohort,18100000,712,8,0,6,698,0,0,0,0
cold_frozen_i1m_h8_s7_state64_mac16,frozen,cold,final,8,7,i1m,64,16,25000000,25000000,25000000,cohort,18200000,600,5,0,2,593,0,0,0,0
cold_frozen_i1m_h8_s7_state64_mac16,frozen,cold,final,8,7,i1m,64,16,25000000,25000000,25000000,cohort,18300000,672,3,0,2,667,0,0,0,0
cold_frozen_i1m_h8_s7_state64_mac16,frozen,cold,final,8,7,i1m,64,16,25000000,25000000,25000000,cohort,18400000,660,8,0,2,650,0,0,0,0
cold_frozen_i1m_h8_s7_state64_mac16,frozen,cold,final,8,7,i1m,64,16,25000000,25000000,25000000,cohort,18500000,638,4,0,5,629,0,0,0,0
cold_frozen_i1m_h8_s7_state64_mac16,frozen,cold,final,8,7,i1m,64,16,25000000,25000000,25000000,cohort,18600000,668,4,0,11,653,0,0,0,0
cold_frozen_i1m_h8_s7_state64_mac16,frozen,cold,final,8,7,i1m,64,16,25000000,25000000,25000000,cohort,18700000,634,6,0,3,625,0,0,0,0
cold_frozen_i1m_h8_s7_state64_mac16,frozen,cold,final,8,7,i1m,64,16,25000000,25000000,25000000,cohort,18800000,682,7,0,5,670,0,0,0,0
cold_frozen_i1m_h8_s7_state64_mac16,frozen,cold,final,8,7,i1m,64,16,25000000,25000000,25000000,cohort,18900000,654,3,0,2,649,0,0,0,0
cold_frozen_i1m_h8_s7_state64_mac16,frozen,cold,final,8,7,i1m,64,16,25000000,25000000,25000000,cohort,19000000,674,5,0,2,667,0,0,0,0
cold_frozen_i1m_h8_s7_state64_mac16,frozen,cold,final,8,7,i1m,64,16,25000000,25000000,25000000,cohort,19100000,614,7,0,7,600,0,0,0,0
cold_frozen_i1m_h8_s7_state64_mac16,frozen,cold,final,8,7,i1m,64,16,25000000,25000000,25000000,cohort,19200000,688,6,0,2,680,0,0,0,0
cold_frozen_i1m_h8_s7_state64_mac16,frozen,cold,final,8,7,i1m,64,16,25000000,25000000,25000000,cohort,19300000,648,3,0,5,640,0,0,0,0
cold_frozen_i1m_h8_s7_state64_mac16,frozen,cold,final,8,7,i1m,64,16,25000000,25000000,25000000,cohort,19400000,642,6,0,0,636,0,0,0,0
cold_frozen_i1m_h8_s7_state64_mac16,frozen,cold,final,8,7,i1m,64,16,25000000,25000000,25000000,cohort,19500000,704,6,0,18,680,0,0,0,0
cold_frozen_i1m_h8_s7_state64_mac16,frozen,cold,final,8,7,i1m,64,16,25000000,25000000,25000000,cohort,19600000,650,6,0,2,642,0,0,0,0
cold_frozen_i1m_h8_s7_state64_mac16,frozen,cold,final,8,7,i1m,64,16,25000000,25000000,25000000,cohort,19700000,680,6,0,4,670,0,0,0,0
cold_frozen_i1m_h8_s7_state64_mac16,frozen,cold,final,8,7,i1m,64,16,25000000,25000000,25000000,cohort,19800000,682,4,0,8,670,0,0,0,0
cold_frozen_i1m_h8_s7_state64_mac16,frozen,cold,final,8,7,i1m,64,16,25000000,25000000,25000000,cohort,19900000,650,7,0,4,639,0,0,0,0
cold_frozen_i1m_h8_s7_state64_mac16,frozen,cold,final,8,7,i1m,64,16,25000000,25000000,25000000,cohort,20000000,636,7,0,6,623,0,0,0,0
cold_frozen_i1m_h8_s7_state64_mac16,frozen,cold,final,8,7,i1m,64,16,25000000,25000000,25000000,cohort,20100000,602,11,0,5,586,0,0,0,0
cold_frozen_i1m_h8_s7_state64_mac16,frozen,cold,final,8,7,i1m,64,16,25000000,25000000,25000000,cohort,20200000,708,8,0,2,698,0,0,0,0
cold_frozen_i1m_h8_s7_state64_mac16,frozen,cold,final,8,7,i1m,64,16,25000000,25000000,25000000,cohort,20300000,690,2,0,1,687,0,0,0,0
cold_frozen_i1m_h8_s7_state64_mac16,frozen,cold,final,8,7,i1m,64,16,25000000,25000000,25000000,cohort,20400000,668,2,0,6,660,0,0,0,0
cold_frozen_i1m_h8_s7_state64_mac16,frozen,cold,final,8,7,i1m,64,16,25000000,25000000,25000000,cohort,20500000,696,4,0,2,690,0,0,0,0
cold_frozen_i1m_h8_s7_state64_mac16,frozen,cold,final,8,7,i1m,64,16,25000000,25000000,25000000,cohort,20600000,680,7,0,2,671,0,0,0,0
cold_frozen_i1m_h8_s7_state64_mac16,frozen,cold,final,8,7,i1m,64,16,25000000,25000000,25000000,cohort,20700000,610,5,0,9,596,0,0,0,0
cold_frozen_i1m_h8_s7_state64_mac16,frozen,cold,final,8,7,i1m,64,16,25000000,25000000,25000000,cohort,20800000,640,3,0,6,631,0,0,0,0
cold_frozen_i1m_h8_s7_state64_mac16,frozen,cold,final,8,7,i1m,64,16,25000000,25000000,25000000,cohort,20900000,694,4,0,7,683,0,0,0,0
cold_frozen_i1m_h8_s7_state64_mac16,frozen,cold,final,8,7,i1m,64,16,25000000,25000000,25000000,cohort,21000000,624,3,0,9,612,0,0,0,0
cold_frozen_i1m_h8_s7_state64_mac16,frozen,cold,final,8,7,i1m,64,16,25000000,25000000,25000000,cohort,21100000,677,5,0,3,669,0,0,0,0
cold_frozen_i1m_h8_s7_state64_mac16,frozen,cold,final,8,7,i1m,64,16,25000000,25000000,25000000,cohort,21200000,650,4,0,1,645,0,0,0,0
cold_frozen_i1m_h8_s7_state64_mac16,frozen,cold,final,8,7,i1m,64,16,25000000,25000000,25000000,cohort,21300000,644,8,0,7,629,0,0,0,0
cold_frozen_i1m_h8_s7_state64_mac16,frozen,cold,final,8,7,i1m,64,16,25000000,25000000,25000000,cohort,21400000,648,5,0,13,630,0,0,0,0
cold_frozen_i1m_h8_s7_state64_mac16,frozen,cold,final,8,7,i1m,64,16,25000000,25000000,25000000,cohort,21500000,666,8,0,3,655,0,0,0,0
cold_frozen_i1m_h8_s7_state64_mac16,frozen,cold,final,8,7,i1m,64,16,25000000,25000000,25000000,cohort,21600000,714,6,0,7,701,0,0,0,0
cold_frozen_i1m_h8_s7_state64_mac16,frozen,cold,final,8,7,i1m,64,16,25000000,25000000,25000000,cohort,21700000,694,6,0,8,680,0,0,0,0
cold_frozen_i1m_h8_s7_state64_mac16,frozen,cold,final,8,7,i1m,64,16,25000000,25000000,25000000,cohort,21800000,642,6,0,4,631,0,0,1,1
cold_frozen_i1m_h8_s7_state64_mac16,frozen,cold,final,8,7,i1m,64,16,25000000,25000000,25000000,cohort,21900000,700,3,0,4,693,0,0,0,0
cold_frozen_i1m_h8_s7_state64_mac16,frozen,cold,final,8,7,i1m,64,16,25000000,25000000,25000000,cohort,22000000,680,4,0,3,673,0,0,0,0
cold_frozen_i1m_h8_s7_state64_mac16,frozen,cold,final,8,7,i1m,64,16,25000000,25000000,25000000,cohort,22100000,704,5,0,8,691,0,0,0,0
cold_frozen_i1m_h8_s7_state64_mac16,frozen,cold,final,8,7,i1m,64,16,25000000,25000000,25000000,cohort,22200000,668,3,0,2,663,0,0,0,0
cold_frozen_i1m_h8_s7_state64_mac16,frozen,cold,final,8,7,i1m,64,16,25000000,25000000,25000000,cohort,22300000,636,7,0,11,618,0,0,0,0
cold_frozen_i1m_h8_s7_state64_mac16,frozen,cold,final,8,7,i1m,64,16,25000000,25000000,25000000,cohort,22400000,638,10,0,3,625,0,0,0,0
cold_frozen_i1m_h8_s7_state64_mac16,frozen,cold,final,8,7,i1m,64,16,25000000,25000000,25000000,cohort,22500000,692,8,0,15,669,0,0,0,0
cold_frozen_i1m_h8_s7_state64_mac16,frozen,cold,final,8,7,i1m,64,16,25000000,25000000,25000000,cohort,22600000,646,6,0,8,632,0,0,0,0
cold_frozen_i1m_h8_s7_state64_mac16,frozen,cold,final,8,7,i1m,64,16,25000000,25000000,25000000,cohort,22700000,616,5,0,2,609,0,0,0,0
cold_frozen_i1m_h8_s7_state64_mac16,frozen,cold,final,8,7,i1m,64,16,25000000,25000000,25000000,cohort,22800000,738,6,0,6,726,0,0,0,0
cold_frozen_i1m_h8_s7_state64_mac16,frozen,cold,final,8,7,i1m,64,16,25000000,25000000,25000000,cohort,22900000,680,6,0,4,670,0,0,0,0
cold_frozen_i1m_h8_s7_state64_mac16,frozen,cold,final,8,7,i1m,64,16,25000000,25000000,25000000,cohort,23000000,710,9,0,6,695,0,0,0,0
cold_frozen_i1m_h8_s7_state64_mac16,frozen,cold,final,8,7,i1m,64,16,25000000,25000000,25000000,cohort,23100000,688,6,0,9,673,0,0,0,0
cold_frozen_i1m_h8_s7_state64_mac16,frozen,cold,final,8,7,i1m,64,16,25000000,25000000,25000000,cohort,23200000,686,3,0,12,671,0,0,0,0
cold_frozen_i1m_h8_s7_state64_mac16,frozen,cold,final,8,7,i1m,64,16,25000000,25000000,25000000,cohort,23300000,720,3,0,10,707,0,0,0,0
cold_frozen_i1m_h8_s7_state64_mac16,frozen,cold,final,8,7,i1m,64,16,25000000,25000000,25000000,cohort,23400000,576,1,0,2,573,0,0,0,0
cold_frozen_i1m_h8_s7_state64_mac16,frozen,cold,final,8,7,i1m,64,16,25000000,25000000,25000000,cohort,23500000,660,5,0,5,650,0,0,0,0
cold_frozen_i1m_h8_s7_state64_mac16,frozen,cold,final,8,7,i1m,64,16,25000000,25000000,25000000,cohort,23600000,682,7,0,1,674,0,0,0,0
cold_frozen_i1m_h8_s7_state64_mac16,frozen,cold,final,8,7,i1m,64,16,25000000,25000000,25000000,cohort,23700000,632,5,0,5,622,0,0,0,0
cold_frozen_i1m_h8_s7_state64_mac16,frozen,cold,final,8,7,i1m,64,16,25000000,25000000,25000000,cohort,23800000,702,7,0,5,690,0,0,0,0
cold_frozen_i1m_h8_s7_state64_mac16,frozen,cold,final,8,7,i1m,64,16,25000000,25000000,25000000,cohort,23900000,694,4,0,9,681,0,0,0,0
cold_frozen_i1m_h8_s7_state64_mac16,frozen,cold,final,8,7,i1m,64,16,25000000,25000000,25000000,cohort,24000000,590,6,0,5,578,0,0,1,1
cold_frozen_i1m_h8_s7_state64_mac16,frozen,cold,final,8,7,i1m,64,16,25000000,25000000,25000000,cohort,24100000,592,8,0,2,581,0,0,1,1
cold_frozen_i1m_h8_s7_state64_mac16,frozen,cold,final,8,7,i1m,64,16,25000000,25000000,25000000,cohort,24200000,640,4,0,3,633,0,0,0,0
cold_frozen_i1m_h8_s7_state64_mac16,frozen,cold,final,8,7,i1m,64,16,25000000,25000000,25000000,cohort,24300000,618,6,0,0,611,0,0,1,1
cold_frozen_i1m_h8_s7_state64_mac16,frozen,cold,final,8,7,i1m,64,16,25000000,25000000,25000000,cohort,24400000,580,7,0,1,571,0,0,1,1
cold_frozen_i1m_h8_s7_state64_mac16,frozen,cold,final,8,7,i1m,64,16,25000000,25000000,25000000,cohort,24500000,666,6,0,0,657,0,0,3,3
cold_frozen_i1m_h8_s7_state64_mac16,frozen,cold,final,8,7,i1m,64,16,25000000,25000000,25000000,cohort,24600000,630,5,0,1,620,0,0,4,4
cold_frozen_i1m_h8_s7_state64_mac16,frozen,cold,final,8,7,i1m,64,16,25000000,25000000,25000000,cohort,24700000,634,4,0,0,630,0,0,0,0
cold_frozen_i1m_h8_s7_state64_mac16,frozen,cold,final,8,7,i1m,64,16,25000000,25000000,25000000,cohort,24800000,608,6,0,0,601,0,0,1,1
cold_frozen_i1m_h8_s7_state64_mac16,frozen,cold,final,8,7,i1m,64,16,25000000,25000000,25000000,cohort,24900000,622,5,0,0,615,0,0,2,2
cold_frozen_i1m_h8_s7_state64_mac4,frozen,cold,final,8,7,i1m,64,4,25000000,25000000,25000000,cohort,0,411,3,0,4,404,0,0,0,0
cold_frozen_i1m_h8_s7_state64_mac4,frozen,cold,final,8,7,i1m,64,4,25000000,25000000,25000000,cohort,100000,401,1,0,3,397,0,0,0,0
cold_frozen_i1m_h8_s7_state64_mac4,frozen,cold,final,8,7,i1m,64,4,25000000,25000000,25000000,cohort,200000,370,2,0,0,368,0,0,0,0
cold_frozen_i1m_h8_s7_state64_mac4,frozen,cold,final,8,7,i1m,64,4,25000000,25000000,25000000,cohort,300000,376,2,0,2,372,0,0,0,0
cold_frozen_i1m_h8_s7_state64_mac4,frozen,cold,final,8,7,i1m,64,4,25000000,25000000,25000000,cohort,400000,368,3,0,1,364,0,0,0,0
cold_frozen_i1m_h8_s7_state64_mac4,frozen,cold,final,8,7,i1m,64,4,25000000,25000000,25000000,cohort,500000,404,1,0,0,402,1,0,0,0
cold_frozen_i1m_h8_s7_state64_mac4,frozen,cold,final,8,7,i1m,64,4,25000000,25000000,25000000,cohort,600000,368,1,0,2,365,0,0,0,0
cold_frozen_i1m_h8_s7_state64_mac4,frozen,cold,final,8,7,i1m,64,4,25000000,25000000,25000000,cohort,700000,358,0,0,0,358,0,0,0,0
cold_frozen_i1m_h8_s7_state64_mac4,frozen,cold,final,8,7,i1m,64,4,25000000,25000000,25000000,cohort,800000,330,2,0,3,325,0,0,0,0
cold_frozen_i1m_h8_s7_state64_mac4,frozen,cold,final,8,7,i1m,64,4,25000000,25000000,25000000,cohort,900000,356,3,0,3,350,0,0,0,0
cold_frozen_i1m_h8_s7_state64_mac4,frozen,cold,final,8,7,i1m,64,4,25000000,25000000,25000000,cohort,1000000,363,1,0,1,361,0,0,0,0
cold_frozen_i1m_h8_s7_state64_mac4,frozen,cold,final,8,7,i1m,64,4,25000000,25000000,25000000,cohort,1100000,370,2,0,1,367,0,0,0,0
cold_frozen_i1m_h8_s7_state64_mac4,frozen,cold,final,8,7,i1m,64,4,25000000,25000000,25000000,cohort,1200000,383,0,0,3,380,0,0,0,0
cold_frozen_i1m_h8_s7_state64_mac4,frozen,cold,final,8,7,i1m,64,4,25000000,25000000,25000000,cohort,1300000,384,0,0,1,383,0,0,0,0
cold_frozen_i1m_h8_s7_state64_mac4,frozen,cold,final,8,7,i1m,64,4,25000000,25000000,25000000,cohort,1400000,402,2,0,3,397,0,0,0,0
cold_frozen_i1m_h8_s7_state64_mac4,frozen,cold,final,8,7,i1m,64,4,25000000,25000000,25000000,cohort,1500000,368,1,0,0,367,0,0,0,0
cold_frozen_i1m_h8_s7_state64_mac4,frozen,cold,final,8,7,i1m,64,4,25000000,25000000,25000000,cohort,1600000,364,1,0,4,359,0,0,0,0
cold_frozen_i1m_h8_s7_state64_mac4,frozen,cold,final,8,7,i1m,64,4,25000000,25000000,25000000,cohort,1700000,370,2,0,3,365,0,0,0,0
cold_frozen_i1m_h8_s7_state64_mac4,frozen,cold,final,8,7,i1m,64,4,25000000,25000000,25000000,cohort,1800000,396,4,0,5,387,0,0,0,0
cold_frozen_i1m_h8_s7_state64_mac4,frozen,cold,final,8,7,i1m,64,4,25000000,25000000,25000000,cohort,1900000,354,3,0,4,347,0,0,0,0
cold_frozen_i1m_h8_s7_state64_mac4,frozen,cold,final,8,7,i1m,64,4,25000000,25000000,25000000,cohort,2000000,381,3,0,3,375,0,0,0,0
cold_frozen_i1m_h8_s7_state64_mac4,frozen,cold,final,8,7,i1m,64,4,25000000,25000000,25000000,cohort,2100000,362,0,0,2,360,0,0,0,0
cold_frozen_i1m_h8_s7_state64_mac4,frozen,cold,final,8,7,i1m,64,4,25000000,25000000,25000000,cohort,2200000,380,2,0,2,376,0,0,0,0
cold_frozen_i1m_h8_s7_state64_mac4,frozen,cold,final,8,7,i1m,64,4,25000000,25000000,25000000,cohort,2300000,410,2,0,1,407,0,0,0,0
cold_frozen_i1m_h8_s7_state64_mac4,frozen,cold,final,8,7,i1m,64,4,25000000,25000000,25000000,cohort,2400000,368,3,0,3,362,0,0,0,0
cold_frozen_i1m_h8_s7_state64_mac4,frozen,cold,final,8,7,i1m,64,4,25000000,25000000,25000000,cohort,2500000,376,1,0,1,374,0,0,0,0
cold_frozen_i1m_h8_s7_state64_mac4,frozen,cold,final,8,7,i1m,64,4,25000000,25000000,25000000,cohort,2600000,380,4,0,5,371,0,0,0,0
cold_frozen_i1m_h8_s7_state64_mac4,frozen,cold,final,8,7,i1m,64,4,25000000,25000000,25000000,cohort,2700000,386,1,0,1,384,0,0,0,0
cold_frozen_i1m_h8_s7_state64_mac4,frozen,cold,final,8,7,i1m,64,4,25000000,25000000,25000000,cohort,2800000,330,0,0,4,326,0,0,0,0
cold_frozen_i1m_h8_s7_state64_mac4,frozen,cold,final,8,7,i1m,64,4,25000000,25000000,25000000,cohort,2900000,396,4,0,5,387,0,0,0,0
cold_frozen_i1m_h8_s7_state64_mac4,frozen,cold,final,8,7,i1m,64,4,25000000,25000000,25000000,cohort,3000000,376,1,0,2,373,0,0,0,0
cold_frozen_i1m_h8_s7_state64_mac4,frozen,cold,final,8,7,i1m,64,4,25000000,25000000,25000000,cohort,3100000,370,2,0,3,365,0,0,0,0
cold_frozen_i1m_h8_s7_state64_mac4,frozen,cold,final,8,7,i1m,64,4,25000000,25000000,25000000,cohort,3200000,397,3,0,3,391,0,0,0,0
cold_frozen_i1m_h8_s7_state64_mac4,frozen,cold,final,8,7,i1m,64,4,25000000,25000000,25000000,cohort,3300000,382,3,0,3,376,0,0,0,0
cold_frozen_i1m_h8_s7_state64_mac4,frozen,cold,final,8,7,i1m,64,4,25000000,25000000,25000000,cohort,3400000,360,3,0,0,357,0,0,0,0
cold_frozen_i1m_h8_s7_state64_mac4,frozen,cold,final,8,7,i1m,64,4,25000000,25000000,25000000,cohort,3500000,374,2,1,2,369,0,0,0,0
cold_frozen_i1m_h8_s7_state64_mac4,frozen,cold,final,8,7,i1m,64,4,25000000,25000000,25000000,cohort,3600000,388,2,0,16,370,0,0,0,0
cold_frozen_i1m_h8_s7_state64_mac4,frozen,cold,final,8,7,i1m,64,4,25000000,25000000,25000000,cohort,3700000,380,0,0,2,378,0,0,0,0
cold_frozen_i1m_h8_s7_state64_mac4,frozen,cold,final,8,7,i1m,64,4,25000000,25000000,25000000,cohort,3800000,374,2,0,3,369,0,0,0,0
cold_frozen_i1m_h8_s7_state64_mac4,frozen,cold,final,8,7,i1m,64,4,25000000,25000000,25000000,cohort,3900000,382,5,0,9,368,0,0,0,0
cold_frozen_i1m_h8_s7_state64_mac4,frozen,cold,final,8,7,i1m,64,4,25000000,25000000,25000000,cohort,4000000,340,1,0,10,329,0,0,0,0
cold_frozen_i1m_h8_s7_state64_mac4,frozen,cold,final,8,7,i1m,64,4,25000000,25000000,25000000,cohort,4100000,390,1,0,1,388,0,0,0,0
cold_frozen_i1m_h8_s7_state64_mac4,frozen,cold,final,8,7,i1m,64,4,25000000,25000000,25000000,cohort,4200000,366,4,0,2,360,0,0,0,0
cold_frozen_i1m_h8_s7_state64_mac4,frozen,cold,final,8,7,i1m,64,4,25000000,25000000,25000000,cohort,4300000,354,3,0,3,348,0,0,0,0
cold_frozen_i1m_h8_s7_state64_mac4,frozen,cold,final,8,7,i1m,64,4,25000000,25000000,25000000,cohort,4400000,382,3,0,1,378,0,0,0,0
cold_frozen_i1m_h8_s7_state64_mac4,frozen,cold,final,8,7,i1m,64,4,25000000,25000000,25000000,cohort,4500000,392,3,0,6,383,0,0,0,0
cold_frozen_i1m_h8_s7_state64_mac4,frozen,cold,final,8,7,i1m,64,4,25000000,25000000,25000000,cohort,4600000,354,0,0,5,349,0,0,0,0
cold_frozen_i1m_h8_s7_state64_mac4,frozen,cold,final,8,7,i1m,64,4,25000000,25000000,25000000,cohort,4700000,358,1,0,1,356,0,0,0,0
cold_frozen_i1m_h8_s7_state64_mac4,frozen,cold,final,8,7,i1m,64,4,25000000,25000000,25000000,cohort,4800000,350,3,0,3,344,0,0,0,0
cold_frozen_i1m_h8_s7_state64_mac4,frozen,cold,final,8,7,i1m,64,4,25000000,25000000,25000000,cohort,4900000,386,3,0,6,377,0,0,0,0
cold_frozen_i1m_h8_s7_state64_mac4,frozen,cold,final,8,7,i1m,64,4,25000000,25000000,25000000,cohort,5000000,372,1,0,5,366,0,0,0,0
cold_frozen_i1m_h8_s7_state64_mac4,frozen,cold,final,8,7,i1m,64,4,25000000,25000000,25000000,cohort,5100000,372,3,0,8,361,0,0,0,0
cold_frozen_i1m_h8_s7_state64_mac4,frozen,cold,final,8,7,i1m,64,4,25000000,25000000,25000000,cohort,5200000,386,3,0,7,376,0,0,0,0
cold_frozen_i1m_h8_s7_state64_mac4,frozen,cold,final,8,7,i1m,64,4,25000000,25000000,25000000,cohort,5300000,380,1,0,7,372,0,0,0,0
cold_frozen_i1m_h8_s7_state64_mac4,frozen,cold,final,8,7,i1m,64,4,25000000,25000000,25000000,cohort,5400000,404,3,0,10,391,0,0,0,0
cold_frozen_i1m_h8_s7_state64_mac4,frozen,cold,final,8,7,i1m,64,4,25000000,25000000,25000000,cohort,5500000,404,2,0,3,399,0,0,0,0
cold_frozen_i1m_h8_s7_state64_mac4,frozen,cold,final,8,7,i1m,64,4,25000000,25000000,25000000,cohort,5600000,368,3,0,7,358,0,0,0,0
cold_frozen_i1m_h8_s7_state64_mac4,frozen,cold,final,8,7,i1m,64,4,25000000,25000000,25000000,cohort,5700000,346,0,0,10,336,0,0,0,0
cold_frozen_i1m_h8_s7_state64_mac4,frozen,cold,final,8,7,i1m,64,4,25000000,25000000,25000000,cohort,5800000,368,2,0,8,358,0,0,0,0
cold_frozen_i1m_h8_s7_state64_mac4,frozen,cold,final,8,7,i1m,64,4,25000000,25000000,25000000,cohort,5900000,360,2,0,6,352,0,0,0,0
cold_frozen_i1m_h8_s7_state64_mac4,frozen,cold,final,8,7,i1m,64,4,25000000,25000000,25000000,cohort,6000000,362,1,0,3,358,0,0,0,0
cold_frozen_i1m_h8_s7_state64_mac4,frozen,cold,final,8,7,i1m,64,4,25000000,25000000,25000000,cohort,6100000,364,2,0,4,358,0,0,0,0
cold_frozen_i1m_h8_s7_state64_mac4,frozen,cold,final,8,7,i1m,64,4,25000000,25000000,25000000,cohort,6200000,368,3,0,4,361,0,0,0,0
cold_frozen_i1m_h8_s7_state64_mac4,frozen,cold,final,8,7,i1m,64,4,25000000,25000000,25000000,cohort,6300000,394,4,0,4,386,0,0,0,0
cold_frozen_i1m_h8_s7_state64_mac4,frozen,cold,final,8,7,i1m,64,4,25000000,25000000,25000000,cohort,6400000,340,2,0,7,331,0,0,0,0
cold_frozen_i1m_h8_s7_state64_mac4,frozen,cold,final,8,7,i1m,64,4,25000000,25000000,25000000,cohort,6500000,374,1,0,7,366,0,0,0,0
cold_frozen_i1m_h8_s7_state64_mac4,frozen,cold,final,8,7,i1m,64,4,25000000,25000000,25000000,cohort,6600000,378,3,1,6,368,0,0,0,0
cold_frozen_i1m_h8_s7_state64_mac4,frozen,cold,final,8,7,i1m,64,4,25000000,25000000,25000000,cohort,6700000,322,3,0,2,317,0,0,0,0
cold_frozen_i1m_h8_s7_state64_mac4,frozen,cold,final,8,7,i1m,64,4,25000000,25000000,25000000,cohort,6800000,324,1,0,4,319,0,0,0,0
cold_frozen_i1m_h8_s7_state64_mac4,frozen,cold,final,8,7,i1m,64,4,25000000,25000000,25000000,cohort,6900000,344,2,0,4,338,0,0,0,0
cold_frozen_i1m_h8_s7_state64_mac4,frozen,cold,final,8,7,i1m,64,4,25000000,25000000,25000000,cohort,7000000,372,2,0,0,370,0,0,0,0
cold_frozen_i1m_h8_s7_state64_mac4,frozen,cold,final,8,7,i1m,64,4,25000000,25000000,25000000,cohort,7100000,378,4,0,5,369,0,0,0,0
cold_frozen_i1m_h8_s7_state64_mac4,frozen,cold,final,8,7,i1m,64,4,25000000,25000000,25000000,cohort,7200000,380,4,0,5,371,0,0,0,0
cold_frozen_i1m_h8_s7_state64_mac4,frozen,cold,final,8,7,i1m,64,4,25000000,25000000,25000000,cohort,7300000,396,4,0,5,387,0,0,0,0
cold_frozen_i1m_h8_s7_state64_mac4,frozen,cold,final,8,7,i1m,64,4,25000000,25000000,25000000,cohort,7400000,354,1,0,4,349,0,0,0,0
cold_frozen_i1m_h8_s7_state64_mac4,frozen,cold,final,8,7,i1m,64,4,25000000,25000000,25000000,cohort,7500000,372,2,0,5,365,0,0,0,0
cold_frozen_i1m_h8_s7_state64_mac4,frozen,cold,final,8,7,i1m,64,4,25000000,25000000,25000000,cohort,7600000,368,0,0,2,366,0,0,0,0
cold_frozen_i1m_h8_s7_state64_mac4,frozen,cold,final,8,7,i1m,64,4,25000000,25000000,25000000,cohort,7700000,380,1,0,2,377,0,0,0,0
cold_frozen_i1m_h8_s7_state64_mac4,frozen,cold,final,8,7,i1m,64,4,25000000,25000000,25000000,cohort,7800000,346,4,0,4,338,0,0,0,0
cold_frozen_i1m_h8_s7_state64_mac4,frozen,cold,final,8,7,i1m,64,4,25000000,25000000,25000000,cohort,7900000,366,1,0,0,365,0,0,0,0
cold_frozen_i1m_h8_s7_state64_mac4,frozen,cold,final,8,7,i1m,64,4,25000000,25000000,25000000,cohort,8000000,370,0,0,5,365,0,0,0,0
cold_frozen_i1m_h8_s7_state64_mac4,frozen,cold,final,8,7,i1m,64,4,25000000,25000000,25000000,cohort,8100000,390,7,0,11,372,0,0,0,0
cold_frozen_i1m_h8_s7_state64_mac4,frozen,cold,final,8,7,i1m,64,4,25000000,25000000,25000000,cohort,8200000,374,3,0,3,368,0,0,0,0
cold_frozen_i1m_h8_s7_state64_mac4,frozen,cold,final,8,7,i1m,64,4,25000000,25000000,25000000,cohort,8300000,418,0,0,2,416,0,0,0,0
cold_frozen_i1m_h8_s7_state64_mac4,frozen,cold,final,8,7,i1m,64,4,25000000,25000000,25000000,cohort,8400000,380,1,0,1,378,0,0,0,0
cold_frozen_i1m_h8_s7_state64_mac4,frozen,cold,final,8,7,i1m,64,4,25000000,25000000,25000000,cohort,8500000,354,3,0,8,343,0,0,0,0
cold_frozen_i1m_h8_s7_state64_mac4,frozen,cold,final,8,7,i1m,64,4,25000000,25000000,25000000,cohort,8600000,324,1,0,2,321,0,0,0,0
cold_frozen_i1m_h8_s7_state64_mac4,frozen,cold,final,8,7,i1m,64,4,25000000,25000000,25000000,cohort,8700000,354,4,0,2,348,0,0,0,0
cold_frozen_i1m_h8_s7_state64_mac4,frozen,cold,final,8,7,i1m,64,4,25000000,25000000,25000000,cohort,8800000,356,3,0,2,351,0,0,0,0
cold_frozen_i1m_h8_s7_state64_mac4,frozen,cold,final,8,7,i1m,64,4,25000000,25000000,25000000,cohort,8900000,364,3,0,1,360,0,0,0,0
cold_frozen_i1m_h8_s7_state64_mac4,frozen,cold,final,8,7,i1m,64,4,25000000,25000000,25000000,cohort,9000000,364,3,0,3,358,0,0,0,0
cold_frozen_i1m_h8_s7_state64_mac4,frozen,cold,final,8,7,i1m,64,4,25000000,25000000,25000000,cohort,9100000,336,5,0,6,325,0,0,0,0
cold_frozen_i1m_h8_s7_state64_mac4,frozen,cold,final,8,7,i1m,64,4,25000000,25000000,25000000,cohort,9200000,378,1,0,6,371,0,0,0,0
cold_frozen_i1m_h8_s7_state64_mac4,frozen,cold,final,8,7,i1m,64,4,25000000,25000000,25000000,cohort,9300000,398,2,0,4,392,0,0,0,0
cold_frozen_i1m_h8_s7_state64_mac4,frozen,cold,final,8,7,i1m,64,4,25000000,25000000,25000000,cohort,9400000,390,2,0,3,385,0,0,0,0
cold_frozen_i1m_h8_s7_state64_mac4,frozen,cold,final,8,7,i1m,64,4,25000000,25000000,25000000,cohort,9500000,340,0,0,3,337,0,0,0,0
cold_frozen_i1m_h8_s7_state64_mac4,frozen,cold,final,8,7,i1m,64,4,25000000,25000000,25000000,cohort,9600000,392,0,0,2,390,0,0,0,0
cold_frozen_i1m_h8_s7_state64_mac4,frozen,cold,final,8,7,i1m,64,4,25000000,25000000,25000000,cohort,9700000,424,1,0,7,416,0,0,0,0
cold_frozen_i1m_h8_s7_state64_mac4,frozen,cold,final,8,7,i1m,64,4,25000000,25000000,25000000,cohort,9800000,370,1,0,2,367,0,0,0,0
cold_frozen_i1m_h8_s7_state64_mac4,frozen,cold,final,8,7,i1m,64,4,25000000,25000000,25000000,cohort,9900000,346,3,0,5,338,0,0,0,0
cold_frozen_i1m_h8_s7_state64_mac4,frozen,cold,final,8,7,i1m,64,4,25000000,25000000,25000000,cohort,10000000,354,1,0,3,350,0,0,0,0
cold_frozen_i1m_h8_s7_state64_mac4,frozen,cold,final,8,7,i1m,64,4,25000000,25000000,25000000,cohort,10100000,342,2,0,4,336,0,0,0,0
cold_frozen_i1m_h8_s7_state64_mac4,frozen,cold,final,8,7,i1m,64,4,25000000,25000000,25000000,cohort,10200000,388,2,0,0,386,0,0,0,0
cold_frozen_i1m_h8_s7_state64_mac4,frozen,cold,final,8,7,i1m,64,4,25000000,25000000,25000000,cohort,10300000,362,1,0,2,359,0,0,0,0
cold_frozen_i1m_h8_s7_state64_mac4,frozen,cold,final,8,7,i1m,64,4,25000000,25000000,25000000,cohort,10400000,320,1,0,2,317,0,0,0,0
cold_frozen_i1m_h8_s7_state64_mac4,frozen,cold,final,8,7,i1m,64,4,25000000,25000000,25000000,cohort,10500000,348,3,0,2,343,0,0,0,0
cold_frozen_i1m_h8_s7_state64_mac4,frozen,cold,final,8,7,i1m,64,4,25000000,25000000,25000000,cohort,10600000,358,1,0,4,353,0,0,0,0
cold_frozen_i1m_h8_s7_state64_mac4,frozen,cold,final,8,7,i1m,64,4,25000000,25000000,25000000,cohort,10700000,352,2,0,3,347,0,0,0,0
cold_frozen_i1m_h8_s7_state64_mac4,frozen,cold,final,8,7,i1m,64,4,25000000,25000000,25000000,cohort,10800000,382,1,0,2,379,0,0,0,0
cold_frozen_i1m_h8_s7_state64_mac4,frozen,cold,final,8,7,i1m,64,4,25000000,25000000,25000000,cohort,10900000,368,2,0,3,363,0,0,0,0
cold_frozen_i1m_h8_s7_state64_mac4,frozen,cold,final,8,7,i1m,64,4,25000000,25000000,25000000,cohort,11000000,336,2,0,4,330,0,0,0,0
cold_frozen_i1m_h8_s7_state64_mac4,frozen,cold,final,8,7,i1m,64,4,25000000,25000000,25000000,cohort,11100000,362,1,0,1,360,0,0,0,0
cold_frozen_i1m_h8_s7_state64_mac4,frozen,cold,final,8,7,i1m,64,4,25000000,25000000,25000000,cohort,11200000,382,0,0,3,379,0,0,0,0
cold_frozen_i1m_h8_s7_state64_mac4,frozen,cold,final,8,7,i1m,64,4,25000000,25000000,25000000,cohort,11300000,368,3,1,7,357,0,0,0,0
cold_frozen_i1m_h8_s7_state64_mac4,frozen,cold,final,8,7,i1m,64,4,25000000,25000000,25000000,cohort,11400000,374,4,0,7,363,0,0,0,0
cold_frozen_i1m_h8_s7_state64_mac4,frozen,cold,final,8,7,i1m,64,4,25000000,25000000,25000000,cohort,11500000,344,0,0,14,330,0,0,0,0
cold_frozen_i1m_h8_s7_state64_mac4,frozen,cold,final,8,7,i1m,64,4,25000000,25000000,25000000,cohort,11600000,344,3,0,5,336,0,0,0,0
cold_frozen_i1m_h8_s7_state64_mac4,frozen,cold,final,8,7,i1m,64,4,25000000,25000000,25000000,cohort,11700000,400,1,0,3,396,0,0,0,0
cold_frozen_i1m_h8_s7_state64_mac4,frozen,cold,final,8,7,i1m,64,4,25000000,25000000,25000000,cohort,11800000,360,1,0,15,344,0,0,0,0
cold_frozen_i1m_h8_s7_state64_mac4,frozen,cold,final,8,7,i1m,64,4,25000000,25000000,25000000,cohort,11900000,364,3,0,10,351,0,0,0,0
cold_frozen_i1m_h8_s7_state64_mac4,frozen,cold,final,8,7,i1m,64,4,25000000,25000000,25000000,cohort,12000000,342,2,0,9,331,0,0,0,0
cold_frozen_i1m_h8_s7_state64_mac4,frozen,cold,final,8,7,i1m,64,4,25000000,25000000,25000000,cohort,12100000,362,1,0,9,352,0,0,0,0
cold_frozen_i1m_h8_s7_state64_mac4,frozen,cold,final,8,7,i1m,64,4,25000000,25000000,25000000,cohort,12200000,368,4,0,4,360,0,0,0,0
cold_frozen_i1m_h8_s7_state64_mac4,frozen,cold,final,8,7,i1m,64,4,25000000,25000000,25000000,cohort,12300000,354,2,0,1,351,0,0,0,0
cold_frozen_i1m_h8_s7_state64_mac4,frozen,cold,final,8,7,i1m,64,4,25000000,25000000,25000000,cohort,12400000,374,0,0,3,371,0,0,0,0
cold_frozen_i1m_h8_s7_state64_mac4,frozen,cold,final,8,7,i1m,64,4,25000000,25000000,25000000,cohort,12500000,394,2,0,2,390,0,0,0,0
cold_frozen_i1m_h8_s7_state64_mac4,frozen,cold,final,8,7,i1m,64,4,25000000,25000000,25000000,cohort,12600000,392,0,0,23,369,0,0,0,0
cold_frozen_i1m_h8_s7_state64_mac4,frozen,cold,final,8,7,i1m,64,4,25000000,25000000,25000000,cohort,12700000,404,1,0,25,378,0,0,0,0
cold_frozen_i1m_h8_s7_state64_mac4,frozen,cold,final,8,7,i1m,64,4,25000000,25000000,25000000,cohort,12800000,354,4,0,10,340,0,0,0,0
cold_frozen_i1m_h8_s7_state64_mac4,frozen,cold,final,8,7,i1m,64,4,25000000,25000000,25000000,cohort,12900000,404,2,0,2,400,0,0,0,0
cold_frozen_i1m_h8_s7_state64_mac4,frozen,cold,final,8,7,i1m,64,4,25000000,25000000,25000000,cohort,13000000,358,1,0,3,354,0,0,0,0
cold_frozen_i1m_h8_s7_state64_mac4,frozen,cold,final,8,7,i1m,64,4,25000000,25000000,25000000,cohort,13100000,372,2,0,1,369,0,0,0,0
cold_frozen_i1m_h8_s7_state64_mac4,frozen,cold,final,8,7,i1m,64,4,25000000,25000000,25000000,cohort,13200000,396,2,0,19,375,0,0,0,0
cold_frozen_i1m_h8_s7_state64_mac4,frozen,cold,final,8,7,i1m,64,4,25000000,25000000,25000000,cohort,13300000,386,2,0,3,381,0,0,0,0
cold_frozen_i1m_h8_s7_state64_mac4,frozen,cold,final,8,7,i1m,64,4,25000000,25000000,25000000,cohort,13400000,550,3,0,50,497,0,0,0,0
cold_frozen_i1m_h8_s7_state64_mac4,frozen,cold,final,8,7,i1m,64,4,25000000,25000000,25000000,cohort,13500000,346,1,0,8,337,0,0,0,0
cold_frozen_i1m_h8_s7_state64_mac4,frozen,cold,final,8,7,i1m,64,4,25000000,25000000,25000000,cohort,13600000,340,0,0,5,335,0,0,0,0
cold_frozen_i1m_h8_s7_state64_mac4,frozen,cold,final,8,7,i1m,64,4,25000000,25000000,25000000,cohort,13700000,404,4,0,12,388,0,0,0,0
cold_frozen_i1m_h8_s7_state64_mac4,frozen,cold,final,8,7,i1m,64,4,25000000,25000000,25000000,cohort,13800000,326,2,0,1,323,0,0,0,0
cold_frozen_i1m_h8_s7_state64_mac4,frozen,cold,final,8,7,i1m,64,4,25000000,25000000,25000000,cohort,13900000,392,3,0,10,379,0,0,0,0
cold_frozen_i1m_h8_s7_state64_mac4,frozen,cold,final,8,7,i1m,64,4,25000000,25000000,25000000,cohort,14000000,366,1,0,3,362,0,0,0,0
cold_frozen_i1m_h8_s7_state64_mac4,frozen,cold,final,8,7,i1m,64,4,25000000,25000000,25000000,cohort,14100000,354,0,0,10,344,0,0,0,0
cold_frozen_i1m_h8_s7_state64_mac4,frozen,cold,final,8,7,i1m,64,4,25000000,25000000,25000000,cohort,14200000,402,2,0,2,398,0,0,0,0
cold_frozen_i1m_h8_s7_state64_mac4,frozen,cold,final,8,7,i1m,64,4,25000000,25000000,25000000,cohort,14300000,370,2,0,2,366,0,0,0,0
cold_frozen_i1m_h8_s7_state64_mac4,frozen,cold,final,8,7,i1m,64,4,25000000,25000000,25000000,cohort,14400000,376,2,0,6,368,0,0,0,0
cold_frozen_i1m_h8_s7_state64_mac4,frozen,cold,final,8,7,i1m,64,4,25000000,25000000,25000000,cohort,14500000,354,3,0,3,348,0,0,0,0
cold_frozen_i1m_h8_s7_state64_mac4,frozen,cold,final,8,7,i1m,64,4,25000000,25000000,25000000,cohort,14600000,364,4,0,2,358,0,0,0,0
cold_frozen_i1m_h8_s7_state64_mac4,frozen,cold,final,8,7,i1m,64,4,25000000,25000000,25000000,cohort,14700000,388,2,0,3,383,0,0,0,0
cold_frozen_i1m_h8_s7_state64_mac4,frozen,cold,final,8,7,i1m,64,4,25000000,25000000,25000000,cohort,14800000,376,5,0,3,368,0,0,0,0
cold_frozen_i1m_h8_s7_state64_mac4,frozen,cold,final,8,7,i1m,64,4,25000000,25000000,25000000,cohort,14900000,360,4,0,7,349,0,0,0,0
cold_frozen_i1m_h8_s7_state64_mac4,frozen,cold,final,8,7,i1m,64,4,25000000,25000000,25000000,cohort,15000000,350,3,0,4,343,0,0,0,0
cold_frozen_i1m_h8_s7_state64_mac4,frozen,cold,final,8,7,i1m,64,4,25000000,25000000,25000000,cohort,15100000,404,4,0,9,391,0,0,0,0
cold_frozen_i1m_h8_s7_state64_mac4,frozen,cold,final,8,7,i1m,64,4,25000000,25000000,25000000,cohort,15200000,344,0,0,1,343,0,0,0,0
cold_frozen_i1m_h8_s7_state64_mac4,frozen,cold,final,8,7,i1m,64,4,25000000,25000000,25000000,cohort,15300000,380,7,0,2,371,0,0,0,0
cold_frozen_i1m_h8_s7_state64_mac4,frozen,cold,final,8,7,i1m,64,4,25000000,25000000,25000000,cohort,15400000,344,5,0,4,335,0,0,0,0
cold_frozen_i1m_h8_s7_state64_mac4,frozen,cold,final,8,7,i1m,64,4,25000000,25000000,25000000,cohort,15500000,386,3,0,4,379,0,0,0,0
cold_frozen_i1m_h8_s7_state64_mac4,frozen,cold,final,8,7,i1m,64,4,25000000,25000000,25000000,cohort,15600000,350,1,0,3,346,0,0,0,0
cold_frozen_i1m_h8_s7_state64_mac4,frozen,cold,final,8,7,i1m,64,4,25000000,25000000,25000000,cohort,15700000,368,2,0,1,365,0,0,0,0
cold_frozen_i1m_h8_s7_state64_mac4,frozen,cold,final,8,7,i1m,64,4,25000000,25000000,25000000,cohort,15800000,342,3,0,4,335,0,0,0,0
cold_frozen_i1m_h8_s7_state64_mac4,frozen,cold,final,8,7,i1m,64,4,25000000,25000000,25000000,cohort,15900000,354,0,0,2,352,0,0,0,0
cold_frozen_i1m_h8_s7_state64_mac4,frozen,cold,final,8,7,i1m,64,4,25000000,25000000,25000000,cohort,16000000,360,2,0,2,356,0,0,0,0
cold_frozen_i1m_h8_s7_state64_mac4,frozen,cold,final,8,7,i1m,64,4,25000000,25000000,25000000,cohort,16100000,366,3,0,2,361,0,0,0,0
cold_frozen_i1m_h8_s7_state64_mac4,frozen,cold,final,8,7,i1m,64,4,25000000,25000000,25000000,cohort,16200000,384,2,0,3,379,0,0,0,0
cold_frozen_i1m_h8_s7_state64_mac4,frozen,cold,final,8,7,i1m,64,4,25000000,25000000,25000000,cohort,16300000,394,2,0,2,390,0,0,0,0
cold_frozen_i1m_h8_s7_state64_mac4,frozen,cold,final,8,7,i1m,64,4,25000000,25000000,25000000,cohort,16400000,364,1,0,8,355,0,0,0,0
cold_frozen_i1m_h8_s7_state64_mac4,frozen,cold,final,8,7,i1m,64,4,25000000,25000000,25000000,cohort,16500000,352,3,0,4,345,0,0,0,0
cold_frozen_i1m_h8_s7_state64_mac4,frozen,cold,final,8,7,i1m,64,4,25000000,25000000,25000000,cohort,16600000,384,3,0,4,377,0,0,0,0
cold_frozen_i1m_h8_s7_state64_mac4,frozen,cold,final,8,7,i1m,64,4,25000000,25000000,25000000,cohort,16700000,356,3,0,1,352,0,0,0,0
cold_frozen_i1m_h8_s7_state64_mac4,frozen,cold,final,8,7,i1m,64,4,25000000,25000000,25000000,cohort,16800000,350,3,0,4,343,0,0,0,0
cold_frozen_i1m_h8_s7_state64_mac4,frozen,cold,final,8,7,i1m,64,4,25000000,25000000,25000000,cohort,16900000,336,1,0,3,332,0,0,0,0
cold_frozen_i1m_h8_s7_state64_mac4,frozen,cold,final,8,7,i1m,64,4,25000000,25000000,25000000,cohort,17000000,288,2,0,6,280,0,0,0,0
cold_frozen_i1m_h8_s7_state64_mac4,frozen,cold,final,8,7,i1m,64,4,25000000,25000000,25000000,cohort,17100000,352,1,0,2,348,1,0,0,0
cold_frozen_i1m_h8_s7_state64_mac4,frozen,cold,final,8,7,i1m,64,4,25000000,25000000,25000000,cohort,17200000,358,1,0,4,353,0,0,0,0
cold_frozen_i1m_h8_s7_state64_mac4,frozen,cold,final,8,7,i1m,64,4,25000000,25000000,25000000,cohort,17300000,378,2,0,3,373,0,0,0,0
cold_frozen_i1m_h8_s7_state64_mac4,frozen,cold,final,8,7,i1m,64,4,25000000,25000000,25000000,cohort,17400000,378,1,0,5,372,0,0,0,0
cold_frozen_i1m_h8_s7_state64_mac4,frozen,cold,final,8,7,i1m,64,4,25000000,25000000,25000000,cohort,17500000,382,1,0,6,375,0,0,0,0
cold_frozen_i1m_h8_s7_state64_mac4,frozen,cold,final,8,7,i1m,64,4,25000000,25000000,25000000,cohort,17600000,366,2,0,2,362,0,0,0,0
cold_frozen_i1m_h8_s7_state64_mac4,frozen,cold,final,8,7,i1m,64,4,25000000,25000000,25000000,cohort,17700000,368,1,0,2,365,0,0,0,0
cold_frozen_i1m_h8_s7_state64_mac4,frozen,cold,final,8,7,i1m,64,4,25000000,25000000,25000000,cohort,17800000,376,1,0,2,373,0,0,0,0
cold_frozen_i1m_h8_s7_state64_mac4,frozen,cold,final,8,7,i1m,64,4,25000000,25000000,25000000,cohort,17900000,374,2,0,3,369,0,0,0,0
cold_frozen_i1m_h8_s7_state64_mac4,frozen,cold,final,8,7,i1m,64,4,25000000,25000000,25000000,cohort,18000000,366,4,0,1,361,0,0,0,0
cold_frozen_i1m_h8_s7_state64_mac4,frozen,cold,final,8,7,i1m,64,4,25000000,25000000,25000000,cohort,18100000,388,3,1,2,382,0,0,0,0
cold_frozen_i1m_h8_s7_state64_mac4,frozen,cold,final,8,7,i1m,64,4,25000000,25000000,25000000,cohort,18200000,320,1,0,5,314,0,0,0,0
cold_frozen_i1m_h8_s7_state64_mac4,frozen,cold,final,8,7,i1m,64,4,25000000,25000000,25000000,cohort,18300000,388,2,0,2,384,0,0,0,0
cold_frozen_i1m_h8_s7_state64_mac4,frozen,cold,final,8,7,i1m,64,4,25000000,25000000,25000000,cohort,18400000,342,4,0,3,335,0,0,0,0
cold_frozen_i1m_h8_s7_state64_mac4,frozen,cold,final,8,7,i1m,64,4,25000000,25000000,25000000,cohort,18500000,340,2,0,4,334,0,0,0,0
cold_frozen_i1m_h8_s7_state64_mac4,frozen,cold,final,8,7,i1m,64,4,25000000,25000000,25000000,cohort,18600000,378,2,0,8,368,0,0,0,0
cold_frozen_i1m_h8_s7_state64_mac4,frozen,cold,final,8,7,i1m,64,4,25000000,25000000,25000000,cohort,18700000,334,4,0,3,327,0,0,0,0
cold_frozen_i1m_h8_s7_state64_mac4,frozen,cold,final,8,7,i1m,64,4,25000000,25000000,25000000,cohort,18800000,360,3,1,5,351,0,0,0,0
cold_frozen_i1m_h8_s7_state64_mac4,frozen,cold,final,8,7,i1m,64,4,25000000,25000000,25000000,cohort,18900000,354,1,0,2,350,1,0,0,0
cold_frozen_i1m_h8_s7_state64_mac4,frozen,cold,final,8,7,i1m,64,4,25000000,25000000,25000000,cohort,19000000,370,1,0,1,368,0,0,0,0
cold_frozen_i1m_h8_s7_state64_mac4,frozen,cold,final,8,7,i1m,64,4,25000000,25000000,25000000,cohort,19100000,336,2,0,1,333,0,0,0,0
cold_frozen_i1m_h8_s7_state64_mac4,frozen,cold,final,8,7,i1m,64,4,25000000,25000000,25000000,cohort,19200000,372,0,0,2,370,0,0,0,0
cold_frozen_i1m_h8_s7_state64_mac4,frozen,cold,final,8,7,i1m,64,4,25000000,25000000,25000000,cohort,19300000,356,2,0,6,348,0,0,0,0
cold_frozen_i1m_h8_s7_state64_mac4,frozen,cold,final,8,7,i1m,64,4,25000000,25000000,25000000,cohort,19400000,358,3,0,2,353,0,0,0,0
cold_frozen_i1m_h8_s7_state64_mac4,frozen,cold,final,8,7,i1m,64,4,25000000,25000000,25000000,cohort,19500000,416,6,0,8,402,0,0,0,0
cold_frozen_i1m_h8_s7_state64_mac4,frozen,cold,final,8,7,i1m,64,4,25000000,25000000,25000000,cohort,19600000,386,0,0,3,383,0,0,0,0
cold_frozen_i1m_h8_s7_state64_mac4,frozen,cold,final,8,7,i1m,64,4,25000000,25000000,25000000,cohort,19700000,392,2,0,4,386,0,0,0,0
cold_frozen_i1m_h8_s7_state64_mac4,frozen,cold,final,8,7,i1m,64,4,25000000,25000000,25000000,cohort,19800000,392,4,0,4,384,0,0,0,0
cold_frozen_i1m_h8_s7_state64_mac4,frozen,cold,final,8,7,i1m,64,4,25000000,25000000,25000000,cohort,19900000,380,1,0,4,375,0,0,0,0
cold_frozen_i1m_h8_s7_state64_mac4,frozen,cold,final,8,7,i1m,64,4,25000000,25000000,25000000,cohort,20000000,356,1,0,2,353,0,0,0,0
cold_frozen_i1m_h8_s7_state64_mac4,frozen,cold,final,8,7,i1m,64,4,25000000,25000000,25000000,cohort,20100000,311,2,0,4,305,0,0,0,0
cold_frozen_i1m_h8_s7_state64_mac4,frozen,cold,final,8,7,i1m,64,4,25000000,25000000,25000000,cohort,20200000,360,6,0,2,352,0,0,0,0
cold_frozen_i1m_h8_s7_state64_mac4,frozen,cold,final,8,7,i1m,64,4,25000000,25000000,25000000,cohort,20300000,358,1,0,2,355,0,0,0,0
cold_frozen_i1m_h8_s7_state64_mac4,frozen,cold,final,8,7,i1m,64,4,25000000,25000000,25000000,cohort,20400000,360,3,0,2,355,0,0,0,0
cold_frozen_i1m_h8_s7_state64_mac4,frozen,cold,final,8,7,i1m,64,4,25000000,25000000,25000000,cohort,20500000,390,0,1,4,385,0,0,0,0
cold_frozen_i1m_h8_s7_state64_mac4,frozen,cold,final,8,7,i1m,64,4,25000000,25000000,25000000,cohort,20600000,328,1,0,2,325,0,0,0,0
cold_frozen_i1m_h8_s7_state64_mac4,frozen,cold,final,8,7,i1m,64,4,25000000,25000000,25000000,cohort,20700000,346,3,0,7,336,0,0,0,0
cold_frozen_i1m_h8_s7_state64_mac4,frozen,cold,final,8,7,i1m,64,4,25000000,25000000,25000000,cohort,20800000,354,0,0,6,348,0,0,0,0
cold_frozen_i1m_h8_s7_state64_mac4,frozen,cold,final,8,7,i1m,64,4,25000000,25000000,25000000,cohort,20900000,366,3,0,6,357,0,0,0,0
cold_frozen_i1m_h8_s7_state64_mac4,frozen,cold,final,8,7,i1m,64,4,25000000,25000000,25000000,cohort,21000000,318,4,0,1,313,0,0,0,0
cold_frozen_i1m_h8_s7_state64_mac4,frozen,cold,final,8,7,i1m,64,4,25000000,25000000,25000000,cohort,21100000,346,4,0,2,340,0,0,0,0
cold_frozen_i1m_h8_s7_state64_mac4,frozen,cold,final,8,7,i1m,64,4,25000000,25000000,25000000,cohort,21200000,352,3,0,2,347,0,0,0,0
cold_frozen_i1m_h8_s7_state64_mac4,frozen,cold,final,8,7,i1m,64,4,25000000,25000000,25000000,cohort,21300000,352,1,0,5,346,0,0,0,0
cold_frozen_i1m_h8_s7_state64_mac4,frozen,cold,final,8,7,i1m,64,4,25000000,25000000,25000000,cohort,21400000,356,0,0,8,347,0,0,1,1
cold_frozen_i1m_h8_s7_state64_mac4,frozen,cold,final,8,7,i1m,64,4,25000000,25000000,25000000,cohort,21500000,398,2,0,2,394,0,0,0,0
cold_frozen_i1m_h8_s7_state64_mac4,frozen,cold,final,8,7,i1m,64,4,25000000,25000000,25000000,cohort,21600000,388,5,0,3,380,0,0,0,0
cold_frozen_i1m_h8_s7_state64_mac4,frozen,cold,final,8,7,i1m,64,4,25000000,25000000,25000000,cohort,21700000,390,5,0,3,382,0,0,0,0
cold_frozen_i1m_h8_s7_state64_mac4,frozen,cold,final,8,7,i1m,64,4,25000000,25000000,25000000,cohort,21800000,362,1,0,2,359,0,0,0,0
cold_frozen_i1m_h8_s7_state64_mac4,frozen,cold,final,8,7,i1m,64,4,25000000,25000000,25000000,cohort,21900000,372,5,0,5,362,0,0,0,0
cold_frozen_i1m_h8_s7_state64_mac4,frozen,cold,final,8,7,i1m,64,4,25000000,25000000,25000000,cohort,22000000,370,2,0,4,364,0,0,0,0
cold_frozen_i1m_h8_s7_state64_mac4,frozen,cold,final,8,7,i1m,64,4,25000000,25000000,25000000,cohort,22100000,388,1,0,6,381,0,0,0,0
cold_frozen_i1m_h8_s7_state64_mac4,frozen,cold,final,8,7,i1m,64,4,25000000,25000000,25000000,cohort,22200000,396,4,0,1,391,0,0,0,0
cold_frozen_i1m_h8_s7_state64_mac4,frozen,cold,final,8,7,i1m,64,4,25000000,25000000,25000000,cohort,22300000,378,2,0,6,369,1,0,0,0
cold_frozen_i1m_h8_s7_state64_mac4,frozen,cold,final,8,7,i1m,64,4,25000000,25000000,25000000,cohort,22400000,350,2,0,2,346,0,0,0,0
cold_frozen_i1m_h8_s7_state64_mac4,frozen,cold,final,8,7,i1m,64,4,25000000,25000000,25000000,cohort,22500000,376,1,0,8,367,0,0,0,0
cold_frozen_i1m_h8_s7_state64_mac4,frozen,cold,final,8,7,i1m,64,4,25000000,25000000,25000000,cohort,22600000,344,3,0,9,332,0,0,0,0
cold_frozen_i1m_h8_s7_state64_mac4,frozen,cold,final,8,7,i1m,64,4,25000000,25000000,25000000,cohort,22700000,340,1,0,2,337,0,0,0,0
cold_frozen_i1m_h8_s7_state64_mac4,frozen,cold,final,8,7,i1m,64,4,25000000,25000000,25000000,cohort,22800000,404,2,0,6,396,0,0,0,0
cold_frozen_i1m_h8_s7_state64_mac4,frozen,cold,final,8,7,i1m,64,4,25000000,25000000,25000000,cohort,22900000,398,2,0,3,393,0,0,0,0
cold_frozen_i1m_h8_s7_state64_mac4,frozen,cold,final,8,7,i1m,64,4,25000000,25000000,25000000,cohort,23000000,384,1,0,9,374,0,0,0,0
cold_frozen_i1m_h8_s7_state64_mac4,frozen,cold,final,8,7,i1m,64,4,25000000,25000000,25000000,cohort,23100000,380,1,0,8,371,0,0,0,0
cold_frozen_i1m_h8_s7_state64_mac4,frozen,cold,final,8,7,i1m,64,4,25000000,25000000,25000000,cohort,23200000,374,1,0,7,366,0,0,0,0
cold_frozen_i1m_h8_s7_state64_mac4,frozen,cold,final,8,7,i1m,64,4,25000000,25000000,25000000,cohort,23300000,386,2,0,7,377,0,0,0,0
cold_frozen_i1m_h8_s7_state64_mac4,frozen,cold,final,8,7,i1m,64,4,25000000,25000000,25000000,cohort,23400000,326,2,0,3,321,0,0,0,0
cold_frozen_i1m_h8_s7_state64_mac4,frozen,cold,final,8,7,i1m,64,4,25000000,25000000,25000000,cohort,23500000,372,2,0,6,364,0,0,0,0
cold_frozen_i1m_h8_s7_state64_mac4,frozen,cold,final,8,7,i1m,64,4,25000000,25000000,25000000,cohort,23600000,355,4,0,4,347,0,0,0,0
cold_frozen_i1m_h8_s7_state64_mac4,frozen,cold,final,8,7,i1m,64,4,25000000,25000000,25000000,cohort,23700000,338,1,0,4,333,0,0,0,0
cold_frozen_i1m_h8_s7_state64_mac4,frozen,cold,final,8,7,i1m,64,4,25000000,25000000,25000000,cohort,23800000,384,2,0,1,381,0,0,0,0
cold_frozen_i1m_h8_s7_state64_mac4,frozen,cold,final,8,7,i1m,64,4,25000000,25000000,25000000,cohort,23900000,364,1,0,6,357,0,0,0,0
cold_frozen_i1m_h8_s7_state64_mac4,frozen,cold,final,8,7,i1m,64,4,25000000,25000000,25000000,cohort,24000000,284,3,0,5,276,0,0,0,0
cold_frozen_i1m_h8_s7_state64_mac4,frozen,cold,final,8,7,i1m,64,4,25000000,25000000,25000000,cohort,24100000,302,2,0,2,298,0,0,0,0
cold_frozen_i1m_h8_s7_state64_mac4,frozen,cold,final,8,7,i1m,64,4,25000000,25000000,25000000,cohort,24200000,344,5,0,1,338,0,0,0,0
cold_frozen_i1m_h8_s7_state64_mac4,frozen,cold,final,8,7,i1m,64,4,25000000,25000000,25000000,cohort,24300000,352,3,0,2,346,0,0,1,1
cold_frozen_i1m_h8_s7_state64_mac4,frozen,cold,final,8,7,i1m,64,4,25000000,25000000,25000000,cohort,24400000,334,1,0,2,331,0,0,0,0
cold_frozen_i1m_h8_s7_state64_mac4,frozen,cold,final,8,7,i1m,64,4,25000000,25000000,25000000,cohort,24500000,346,2,0,3,340,0,0,1,1
cold_frozen_i1m_h8_s7_state64_mac4,frozen,cold,final,8,7,i1m,64,4,25000000,25000000,25000000,cohort,24600000,358,0,0,0,356,0,0,2,2
cold_frozen_i1m_h8_s7_state64_mac4,frozen,cold,final,8,7,i1m,64,4,25000000,25000000,25000000,cohort,24700000,338,1,0,0,337,0,0,0,0
cold_frozen_i1m_h8_s7_state64_mac4,frozen,cold,final,8,7,i1m,64,4,25000000,25000000,25000000,cohort,24800000,342,3,0,0,337,0,0,2,2
cold_frozen_i1m_h8_s7_state64_mac4,frozen,cold,final,8,7,i1m,64,4,25000000,25000000,25000000,cohort,24900000,352,3,0,0,346,0,0,3,3
cold_frozen_i20m_h16_s7_state0_mac0,frozen,cold,final,16,7,i20m,0,0,25000000,25000000,25000000,cohort,0,1359,599,0,16,491,251,0,2,2
cold_frozen_i20m_h16_s7_state0_mac0,frozen,cold,final,16,7,i20m,0,0,25000000,25000000,25000000,cohort,100000,1551,472,0,13,901,165,0,0,0
cold_frozen_i20m_h16_s7_state0_mac0,frozen,cold,final,16,7,i20m,0,0,25000000,25000000,25000000,cohort,200000,1500,475,0,4,859,162,0,0,0
cold_frozen_i20m_h16_s7_state0_mac0,frozen,cold,final,16,7,i20m,0,0,25000000,25000000,25000000,cohort,300000,1521,477,0,7,871,166,0,0,0
cold_frozen_i20m_h16_s7_state0_mac0,frozen,cold,final,16,7,i20m,0,0,25000000,25000000,25000000,cohort,400000,1519,475,0,3,880,161,0,0,0
cold_frozen_i20m_h16_s7_state0_mac0,frozen,cold,final,16,7,i20m,0,0,25000000,25000000,25000000,cohort,500000,1466,475,0,11,814,166,0,0,0
cold_frozen_i20m_h16_s7_state0_mac0,frozen,cold,final,16,7,i20m,0,0,25000000,25000000,25000000,cohort,600000,1554,474,0,10,905,165,0,0,0
cold_frozen_i20m_h16_s7_state0_mac0,frozen,cold,final,16,7,i20m,0,0,25000000,25000000,25000000,cohort,700000,1474,474,0,13,815,172,0,0,0
cold_frozen_i20m_h16_s7_state0_mac0,frozen,cold,final,16,7,i20m,0,0,25000000,25000000,25000000,cohort,800000,1636,475,0,5,996,160,0,0,0
cold_frozen_i20m_h16_s7_state0_mac0,frozen,cold,final,16,7,i20m,0,0,25000000,25000000,25000000,cohort,900000,1498,476,0,8,845,169,0,0,0
cold_frozen_i20m_h16_s7_state0_mac0,frozen,cold,final,16,7,i20m,0,0,25000000,25000000,25000000,cohort,1000000,1577,476,0,3,936,162,0,0,0
cold_frozen_i20m_h16_s7_state0_mac0,frozen,cold,final,16,7,i20m,0,0,25000000,25000000,25000000,cohort,1100000,1527,476,0,7,879,165,0,0,0
cold_frozen_i20m_h16_s7_state0_mac0,frozen,cold,final,16,7,i20m,0,0,25000000,25000000,25000000,cohort,1200000,1512,471,0,14,858,169,0,0,0
cold_frozen_i20m_h16_s7_state0_mac0,frozen,cold,final,16,7,i20m,0,0,25000000,25000000,25000000,cohort,1300000,1571,474,0,9,923,165,0,0,0
cold_frozen_i20m_h16_s7_state0_mac0,frozen,cold,final,16,7,i20m,0,0,25000000,25000000,25000000,cohort,1400000,1510,476,0,7,861,166,0,0,0
cold_frozen_i20m_h16_s7_state0_mac0,frozen,cold,final,16,7,i20m,0,0,25000000,25000000,25000000,cohort,1500000,1566,475,0,4,927,160,0,0,0
cold_frozen_i20m_h16_s7_state0_mac0,frozen,cold,final,16,7,i20m,0,0,25000000,25000000,25000000,cohort,1600000,1487,471,0,29,807,180,0,0,0
cold_frozen_i20m_h16_s7_state0_mac0,frozen,cold,final,16,7,i20m,0,0,25000000,25000000,25000000,cohort,1700000,1539,475,0,10,886,168,0,0,0
cold_frozen_i20m_h16_s7_state0_mac0,frozen,cold,final,16,7,i20m,0,0,25000000,25000000,25000000,cohort,1800000,1548,473,0,10,899,166,0,0,0
cold_frozen_i20m_h16_s7_state0_mac0,frozen,cold,final,16,7,i20m,0,0,25000000,25000000,25000000,cohort,1900000,1482,471,0,16,821,174,0,0,0
cold_frozen_i20m_h16_s7_state0_mac0,frozen,cold,final,16,7,i20m,0,0,25000000,25000000,25000000,cohort,2000000,1559,478,0,3,918,160,0,0,0
cold_frozen_i20m_h16_s7_state0_mac0,frozen,cold,final,16,7,i20m,0,0,25000000,25000000,25000000,cohort,2100000,1484,474,0,9,833,168,0,0,0
cold_frozen_i20m_h16_s7_state0_mac0,frozen,cold,final,16,7,i20m,0,0,25000000,25000000,25000000,cohort,2200000,1605,474,0,8,960,163,0,0,0
cold_frozen_i20m_h16_s7_state0_mac0,frozen,cold,final,16,7,i20m,0,0,25000000,25000000,25000000,cohort,2300000,1507,474,0,13,848,172,0,0,0
cold_frozen_i20m_h16_s7_state0_mac0,frozen,cold,final,16,7,i20m,0,0,25000000,25000000,25000000,cohort,2400000,1559,464,0,15,911,169,0,0,0
cold_frozen_i20m_h16_s7_state0_mac0,frozen,cold,final,16,7,i20m,0,0,25000000,25000000,25000000,cohort,2500000,1568,475,0,16,905,172,0,0,0
cold_frozen_i20m_h16_s7_state0_mac0,frozen,cold,final,16,7,i20m,0,0,25000000,25000000,25000000,cohort,2600000,1573,474,0,22,900,177,0,0,0
cold_frozen_i20m_h16_s7_state0_mac0,frozen,cold,final,16,7,i20m,0,0,25000000,25000000,25000000,cohort,2700000,1586,479,0,3,936,168,0,0,0
cold_frozen_i20m_h16_s7_state0_mac0,frozen,cold,final,16,7,i20m,0,0,25000000,25000000,25000000,cohort,2800000,1460,471,0,6,822,161,0,0,0
cold_frozen_i20m_h16_s7_state0_mac0,frozen,cold,final,16,7,i20m,0,0,25000000,25000000,25000000,cohort,2900000,1597,475,0,5,947,170,0,0,0
cold_frozen_i20m_h16_s7_state0_mac0,frozen,cold,final,16,7,i20m,0,0,25000000,25000000,25000000,cohort,3000000,1538,476,0,5,895,161,0,1,1
cold_frozen_i20m_h16_s7_state0_mac0,frozen,cold,final,16,7,i20m,0,0,25000000,25000000,25000000,cohort,3100000,1513,470,0,3,877,163,0,0,0
cold_frozen_i20m_h16_s7_state0_mac0,frozen,cold,final,16,7,i20m,0,0,25000000,25000000,25000000,cohort,3200000,1546,476,0,7,897,166,0,0,0
cold_frozen_i20m_h16_s7_state0_mac0,frozen,cold,final,16,7,i20m,0,0,25000000,25000000,25000000,cohort,3300000,1539,477,0,8,888,166,0,0,0
cold_frozen_i20m_h16_s7_state0_mac0,frozen,cold,final,16,7,i20m,0,0,25000000,25000000,25000000,cohort,3400000,1527,472,0,6,888,161,0,0,0
cold_frozen_i20m_h16_s7_state0_mac0,frozen,cold,final,16,7,i20m,0,0,25000000,25000000,25000000,cohort,3500000,1486,471,0,16,825,174,0,0,0
cold_frozen_i20m_h16_s7_state0_mac0,frozen,cold,final,16,7,i20m,0,0,25000000,25000000,25000000,cohort,3600000,1610,467,0,25,939,179,0,0,0
cold_frozen_i20m_h16_s7_state0_mac0,frozen,cold,final,16,7,i20m,0,0,25000000,25000000,25000000,cohort,3700000,1518,473,0,5,872,168,0,0,0
cold_frozen_i20m_h16_s7_state0_mac0,frozen,cold,final,16,7,i20m,0,0,25000000,25000000,25000000,cohort,3800000,1563,473,0,15,908,167,0,0,0
cold_frozen_i20m_h16_s7_state0_mac0,frozen,cold,final,16,7,i20m,0,0,25000000,25000000,25000000,cohort,3900000,1564,471,0,16,907,170,0,0,0
cold_frozen_i20m_h16_s7_state0_mac0,frozen,cold,final,16,7,i20m,0,0,25000000,25000000,25000000,cohort,4000000,1542,471,0,25,866,180,0,0,0
cold_frozen_i20m_h16_s7_state0_mac0,frozen,cold,final,16,7,i20m,0,0,25000000,25000000,25000000,cohort,4100000,1585,474,0,10,933,168,0,0,0
cold_frozen_i20m_h16_s7_state0_mac0,frozen,cold,final,16,7,i20m,0,0,25000000,25000000,25000000,cohort,4200000,1533,470,0,16,873,174,0,0,0
cold_frozen_i20m_h16_s7_state0_mac0,frozen,cold,final,16,7,i20m,0,0,25000000,25000000,25000000,cohort,4300000,1566,476,0,6,921,163,0,0,0
cold_frozen_i20m_h16_s7_state0_mac0,frozen,cold,final,16,7,i20m,0,0,25000000,25000000,25000000,cohort,4400000,1536,472,0,9,892,163,0,0,0
cold_frozen_i20m_h16_s7_state0_mac0,frozen,cold,final,16,7,i20m,0,0,25000000,25000000,25000000,cohort,4500000,1549,471,0,14,895,169,0,0,0
cold_frozen_i20m_h16_s7_state0_mac0,frozen,cold,final,16,7,i20m,0,0,25000000,25000000,25000000,cohort,4600000,1562,475,0,11,906,170,0,0,0
cold_frozen_i20m_h16_s7_state0_mac0,frozen,cold,final,16,7,i20m,0,0,25000000,25000000,25000000,cohort,4700000,1535,473,0,11,878,173,0,0,0
cold_frozen_i20m_h16_s7_state0_mac0,frozen,cold,final,16,7,i20m,0,0,25000000,25000000,25000000,cohort,4800000,1556,476,0,6,914,160,0,0,0
cold_frozen_i20m_h16_s7_state0_mac0,frozen,cold,final,16,7,i20m,0,0,25000000,25000000,25000000,cohort,4900000,1490,472,0,25,809,184,0,0,0
cold_frozen_i20m_h16_s7_state0_mac0,frozen,cold,final,16,7,i20m,0,0,25000000,25000000,25000000,cohort,5000000,1568,468,0,20,909,171,0,0,0
cold_frozen_i20m_h16_s7_state0_mac0,frozen,cold,final,16,7,i20m,0,0,25000000,25000000,25000000,cohort,5100000,1521,470,0,18,860,173,0,0,0
cold_frozen_i20m_h16_s7_state0_mac0,frozen,cold,final,16,7,i20m,0,0,25000000,25000000,25000000,cohort,5200000,1545,470,0,26,869,180,0,0,0
cold_frozen_i20m_h16_s7_state0_mac0,frozen,cold,final,16,7,i20m,0,0,25000000,25000000,25000000,cohort,5300000,1583,471,0,18,924,170,0,0,0
cold_frozen_i20m_h16_s7_state0_mac0,frozen,cold,final,16,7,i20m,0,0,25000000,25000000,25000000,cohort,5400000,1531,468,0,28,852,183,0,0,0
cold_frozen_i20m_h16_s7_state0_mac0,frozen,cold,final,16,7,i20m,0,0,25000000,25000000,25000000,cohort,5500000,1571,472,0,14,914,171,0,0,0
cold_frozen_i20m_h16_s7_state0_mac0,frozen,cold,final,16,7,i20m,0,0,25000000,25000000,25000000,cohort,5600000,1506,471,0,23,836,176,0,0,0
cold_frozen_i20m_h16_s7_state0_mac0,frozen,cold,final,16,7,i20m,0,0,25000000,25000000,25000000,cohort,5700000,1573,466,0,23,907,177,0,0,0
cold_frozen_i20m_h16_s7_state0_mac0,frozen,cold,final,16,7,i20m,0,0,25000000,25000000,25000000,cohort,5800000,1521,469,0,21,857,174,0,0,0
cold_frozen_i20m_h16_s7_state0_mac0,frozen,cold,final,16,7,i20m,0,0,25000000,25000000,25000000,cohort,5900000,1547,468,0,24,880,175,0,0,0
cold_frozen_i20m_h16_s7_state0_mac0,frozen,cold,final,16,7,i20m,0,0,25000000,25000000,25000000,cohort,6000000,1575,473,0,10,928,164,0,0,0
cold_frozen_i20m_h16_s7_state0_mac0,frozen,cold,final,16,7,i20m,0,0,25000000,25000000,25000000,cohort,6100000,1467,470,0,18,799,180,0,0,0
cold_frozen_i20m_h16_s7_state0_mac0,frozen,cold,final,16,7,i20m,0,0,25000000,25000000,25000000,cohort,6200000,1620,474,0,11,970,165,0,0,0
cold_frozen_i20m_h16_s7_state0_mac0,frozen,cold,final,16,7,i20m,0,0,25000000,25000000,25000000,cohort,6300000,1516,471,0,27,836,182,0,0,0
cold_frozen_i20m_h16_s7_state0_mac0,frozen,cold,final,16,7,i20m,0,0,25000000,25000000,25000000,cohort,6400000,1533,477,0,19,866,171,0,0,0
cold_frozen_i20m_h16_s7_state0_mac0,frozen,cold,final,16,7,i20m,0,0,25000000,25000000,25000000,cohort,6500000,1581,474,0,15,918,174,0,0,0
cold_frozen_i20m_h16_s7_state0_mac0,frozen,cold,final,16,7,i20m,0,0,25000000,25000000,25000000,cohort,6600000,1520,477,0,21,843,179,0,0,0
cold_frozen_i20m_h16_s7_state0_mac0,frozen,cold,final,16,7,i20m,0,0,25000000,25000000,25000000,cohort,6700000,1557,475,0,14,901,167,0,0,0
cold_frozen_i20m_h16_s7_state0_mac0,frozen,cold,final,16,7,i20m,0,0,25000000,25000000,25000000,cohort,6800000,1493,471,0,21,823,178,0,0,0
cold_frozen_i20m_h16_s7_state0_mac0,frozen,cold,final,16,7,i20m,0,0,25000000,25000000,25000000,cohort,6900000,1592,472,0,16,932,172,0,0,0
cold_frozen_i20m_h16_s7_state0_mac0,frozen,cold,final,16,7,i20m,0,0,25000000,25000000,25000000,cohort,7000000,1539,477,0,6,895,161,0,0,0
cold_frozen_i20m_h16_s7_state0_mac0,frozen,cold,final,16,7,i20m,0,0,25000000,25000000,25000000,cohort,7100000,1537,468,0,22,874,173,0,0,0
cold_frozen_i20m_h16_s7_state0_mac0,frozen,cold,final,16,7,i20m,0,0,25000000,25000000,25000000,cohort,7200000,1579,474,0,13,922,170,0,0,0
cold_frozen_i20m_h16_s7_state0_mac0,frozen,cold,final,16,7,i20m,0,0,25000000,25000000,25000000,cohort,7300000,1486,473,0,17,823,173,0,0,0
cold_frozen_i20m_h16_s7_state0_mac0,frozen,cold,final,16,7,i20m,0,0,25000000,25000000,25000000,cohort,7400000,1560,471,0,13,908,168,0,0,0
cold_frozen_i20m_h16_s7_state0_mac0,frozen,cold,final,16,7,i20m,0,0,25000000,25000000,25000000,cohort,7500000,1523,469,0,17,859,178,0,0,0
cold_frozen_i20m_h16_s7_state0_mac0,frozen,cold,final,16,7,i20m,0,0,25000000,25000000,25000000,cohort,7600000,1577,476,0,3,940,158,0,0,0
cold_frozen_i20m_h16_s7_state0_mac0,frozen,cold,final,16,7,i20m,0,0,25000000,25000000,25000000,cohort,7700000,1482,470,0,13,831,168,0,0,0
cold_frozen_i20m_h16_s7_state0_mac0,frozen,cold,final,16,7,i20m,0,0,25000000,25000000,25000000,cohort,7800000,1538,471,0,23,864,180,0,0,0
cold_frozen_i20m_h16_s7_state0_mac0,frozen,cold,final,16,7,i20m,0,0,25000000,25000000,25000000,cohort,7900000,1550,476,0,4,910,160,0,0,0
cold_frozen_i20m_h16_s7_state0_mac0,frozen,cold,final,16,7,i20m,0,0,25000000,25000000,25000000,cohort,8000000,1507,468,0,28,832,179,0,0,0
cold_frozen_i20m_h16_s7_state0_mac0,frozen,cold,final,16,7,i20m,0,0,25000000,25000000,25000000,cohort,8100000,1563,468,0,19,903,173,0,0,0
cold_frozen_i20m_h16_s7_state0_mac0,frozen,cold,final,16,7,i20m,0,0,25000000,25000000,25000000,cohort,8200000,1514,475,0,15,853,171,0,0,0
cold_frozen_i20m_h16_s7_state0_mac0,frozen,cold,final,16,7,i20m,0,0,25000000,25000000,25000000,cohort,8300000,1596,475,0,8,952,161,0,0,0
cold_frozen_i20m_h16_s7_state0_mac0,frozen,cold,final,16,7,i20m,0,0,25000000,25000000,25000000,cohort,8400000,1510,476,0,10,857,167,0,0,0
cold_frozen_i20m_h16_s7_state0_mac0,frozen,cold,final,16,7,i20m,0,0,25000000,25000000,25000000,cohort,8500000,1563,480,0,32,865,186,0,0,0
cold_frozen_i20m_h16_s7_state0_mac0,frozen,cold,final,16,7,i20m,0,0,25000000,25000000,25000000,cohort,8600000,1558,477,0,11,902,168,0,0,0
cold_frozen_i20m_h16_s7_state0_mac0,frozen,cold,final,16,7,i20m,0,0,25000000,25000000,25000000,cohort,8700000,1527,476,1,24,852,174,0,0,0
cold_frozen_i20m_h16_s7_state0_mac0,frozen,cold,final,16,7,i20m,0,0,25000000,25000000,25000000,cohort,8800000,1571,473,0,16,911,171,0,0,0
cold_frozen_i20m_h16_s7_state0_mac0,frozen,cold,final,16,7,i20m,0,0,25000000,25000000,25000000,cohort,8900000,1497,472,0,15,840,170,0,0,0
cold_frozen_i20m_h16_s7_state0_mac0,frozen,cold,final,16,7,i20m,0,0,25000000,25000000,25000000,cohort,9000000,1580,472,0,13,926,169,0,0,0
cold_frozen_i20m_h16_s7_state0_mac0,frozen,cold,final,16,7,i20m,0,0,25000000,25000000,25000000,cohort,9100000,1503,473,0,15,845,170,0,0,0
cold_frozen_i20m_h16_s7_state0_mac0,frozen,cold,final,16,7,i20m,0,0,25000000,25000000,25000000,cohort,9200000,1508,473,0,20,840,175,0,0,0
cold_frozen_i20m_h16_s7_state0_mac0,frozen,cold,final,16,7,i20m,0,0,25000000,25000000,25000000,cohort,9300000,1586,473,0,10,936,167,0,0,0
cold_frozen_i20m_h16_s7_state0_mac0,frozen,cold,final,16,7,i20m,0,0,25000000,25000000,25000000,cohort,9400000,1507,473,0,7,861,166,0,0,0
cold_frozen_i20m_h16_s7_state0_mac0,frozen,cold,final,16,7,i20m,0,0,25000000,25000000,25000000,cohort,9500000,1604,477,0,13,946,168,0,0,0
cold_frozen_i20m_h16_s7_state0_mac0,frozen,cold,final,16,7,i20m,0,0,25000000,25000000,25000000,cohort,9600000,1543,471,0,22,871,179,0,0,0
cold_frozen_i20m_h16_s7_state0_mac0,frozen,cold,final,16,7,i20m,0,0,25000000,25000000,25000000,cohort,9700000,1594,469,0,18,935,172,0,0,0
cold_frozen_i20m_h16_s7_state0_mac0,frozen,cold,final,16,7,i20m,0,0,25000000,25000000,25000000,cohort,9800000,1511,471,0,20,847,173,0,0,0
cold_frozen_i20m_h16_s7_state0_mac0,frozen,cold,final,16,7,i20m,0,0,25000000,25000000,25000000,cohort,9900000,1539,471,0,23,864,181,0,0,0
cold_frozen_i20m_h16_s7_state0_mac0,frozen,cold,final,16,7,i20m,0,0,25000000,25000000,25000000,cohort,10000000,1584,477,0,9,931,167,0,0,0
cold_frozen_i20m_h16_s7_state0_mac0,frozen,cold,final,16,7,i20m,0,0,25000000,25000000,25000000,cohort,10100000,1473,473,0,13,816,171,0,0,0
cold_frozen_i20m_h16_s7_state0_mac0,frozen,cold,final,16,7,i20m,0,0,25000000,25000000,25000000,cohort,10200000,1584,476,0,8,936,164,0,0,0
cold_frozen_i20m_h16_s7_state0_mac0,frozen,cold,final,16,7,i20m,0,0,25000000,25000000,25000000,cohort,10300000,1528,474,0,15,869,170,0,0,0
cold_frozen_i20m_h16_s7_state0_mac0,frozen,cold,final,16,7,i20m,0,0,25000000,25000000,25000000,cohort,10400000,1581,475,0,9,934,163,0,0,0
cold_frozen_i20m_h16_s7_state0_mac0,frozen,cold,final,16,7,i20m,0,0,25000000,25000000,25000000,cohort,10500000,1545,477,0,5,898,165,0,0,0
cold_frozen_i20m_h16_s7_state0_mac0,frozen,cold,final,16,7,i20m,0,0,25000000,25000000,25000000,cohort,10600000,1531,469,0,24,861,177,0,0,0
cold_frozen_i20m_h16_s7_state0_mac0,frozen,cold,final,16,7,i20m,0,0,25000000,25000000,25000000,cohort,10700000,1567,475,0,7,920,165,0,0,0
cold_frozen_i20m_h16_s7_state0_mac0,frozen,cold,final,16,7,i20m,0,0,25000000,25000000,25000000,cohort,10800000,1502,467,0,21,836,178,0,0,0
cold_frozen_i20m_h16_s7_state0_mac0,frozen,cold,final,16,7,i20m,0,0,25000000,25000000,25000000,cohort,10900000,1542,478,0,8,891,165,0,0,0
cold_frozen_i20m_h16_s7_state0_mac0,frozen,cold,final,16,7,i20m,0,0,25000000,25000000,25000000,cohort,11000000,1507,468,0,18,847,174,0,0,0
cold_frozen_i20m_h16_s7_state0_mac0,frozen,cold,final,16,7,i20m,0,0,25000000,25000000,25000000,cohort,11100000,1553,473,0,15,894,171,0,0,0
cold_frozen_i20m_h16_s7_state0_mac0,frozen,cold,final,16,7,i20m,0,0,25000000,25000000,25000000,cohort,11200000,1590,470,0,20,924,176,0,0,0
cold_frozen_i20m_h16_s7_state0_mac0,frozen,cold,final,16,7,i20m,0,0,25000000,25000000,25000000,cohort,11300000,1544,471,0,27,867,179,0,0,0
cold_frozen_i20m_h16_s7_state0_mac0,frozen,cold,final,16,7,i20m,0,0,25000000,25000000,25000000,cohort,11400000,1638,479,3,41,923,192,0,0,0
cold_frozen_i20m_h16_s7_state0_mac0,frozen,cold,final,16,7,i20m,0,0,25000000,25000000,25000000,cohort,11500000,1672,461,3,108,854,246,0,0,0
cold_frozen_i20m_h16_s7_state0_mac0,frozen,cold,final,16,7,i20m,0,0,25000000,25000000,25000000,cohort,11600000,1546,473,0,21,870,182,0,0,0
cold_frozen_i20m_h16_s7_state0_mac0,frozen,cold,final,16,7,i20m,0,0,25000000,25000000,25000000,cohort,11700000,1539,473,0,14,884,168,0,0,0
cold_frozen_i20m_h16_s7_state0_mac0,frozen,cold,final,16,7,i20m,0,0,25000000,25000000,25000000,cohort,11800000,2153,602,31,161,1055,304,0,0,0
cold_frozen_i20m_h16_s7_state0_mac0,frozen,cold,final,16,7,i20m,0,0,25000000,25000000,25000000,cohort,11900000,1898,526,14,125,962,271,0,0,0
cold_frozen_i20m_h16_s7_state0_mac0,frozen,cold,final,16,7,i20m,0,0,25000000,25000000,25000000,cohort,12000000,1647,483,2,64,888,210,0,0,0
cold_frozen_i20m_h16_s7_state0_mac0,frozen,cold,final,16,7,i20m,0,0,25000000,25000000,25000000,cohort,12100000,1689,496,11,83,867,232,0,0,0
cold_frozen_i20m_h16_s7_state0_mac0,frozen,cold,final,16,7,i20m,0,0,25000000,25000000,25000000,cohort,12200000,1603,473,0,12,948,170,0,0,0
cold_frozen_i20m_h16_s7_state0_mac0,frozen,cold,final,16,7,i20m,0,0,25000000,25000000,25000000,cohort,12300000,1557,472,2,33,863,187,0,0,0
cold_frozen_i20m_h16_s7_state0_mac0,frozen,cold,final,16,7,i20m,0,0,25000000,25000000,25000000,cohort,12400000,1574,483,1,33,870,187,0,0,0
cold_frozen_i20m_h16_s7_state0_mac0,frozen,cold,final,16,7,i20m,0,0,25000000,25000000,25000000,cohort,12500000,1539,471,0,12,890,166,0,0,0
cold_frozen_i20m_h16_s7_state0_mac0,frozen,cold,final,16,7,i20m,0,0,25000000,25000000,25000000,cohort,12600000,1769,486,15,155,822,291,0,0,0
cold_frozen_i20m_h16_s7_state0_mac0,frozen,cold,final,16,7,i20m,0,0,25000000,25000000,25000000,cohort,12700000,1647,491,8,83,828,237,0,0,0
cold_frozen_i20m_h16_s7_state0_mac0,frozen,cold,final,16,7,i20m,0,0,25000000,25000000,25000000,cohort,12800000,1783,482,7,131,883,280,0,0,0
cold_frozen_i20m_h16_s7_state0_mac0,frozen,cold,final,16,7,i20m,0,0,25000000,25000000,25000000,cohort,12900000,1504,473,0,21,832,178,0,0,0
cold_frozen_i20m_h16_s7_state0_mac0,frozen,cold,final,16,7,i20m,0,0,25000000,25000000,25000000,cohort,13000000,1548,473,0,11,896,168,0,0,0
cold_frozen_i20m_h16_s7_state0_mac0,frozen,cold,final,16,7,i20m,0,0,25000000,25000000,25000000,cohort,13100000,1530,475,0,11,876,168,0,0,0
cold_frozen_i20m_h16_s7_state0_mac0,frozen,cold,final,16,7,i20m,0,0,25000000,25000000,25000000,cohort,13200000,1682,470,10,146,782,274,0,0,0
cold_frozen_i20m_h16_s7_state0_mac0,frozen,cold,final,16,7,i20m,0,0,25000000,25000000,25000000,cohort,13300000,1541,471,0,9,894,167,0,0,0
cold_frozen_i20m_h16_s7_state0_mac0,frozen,cold,final,16,7,i20m,0,0,25000000,25000000,25000000,cohort,13400000,2164,784,0,149,785,437,0,9,9
cold_frozen_i20m_h16_s7_state0_mac0,frozen,cold,final,16,7,i20m,0,0,25000000,25000000,25000000,cohort,13500000,1919,462,0,18,1258,181,0,0,0
cold_frozen_i20m_h16_s7_state0_mac0,frozen,cold,final,16,7,i20m,0,0,25000000,25000000,25000000,cohort,13600000,1923,459,0,17,1269,178,0,0,0
cold_frozen_i20m_h16_s7_state0_mac0,frozen,cold,final,16,7,i20m,0,0,25000000,25000000,25000000,cohort,13700000,1931,477,0,35,1228,191,0,0,0
cold_frozen_i20m_h16_s7_state0_mac0,frozen,cold,final,16,7,i20m,0,0,25000000,25000000,25000000,cohort,13800000,1905,476,0,4,1265,160,0,0,0
cold_frozen_i20m_h16_s7_state0_mac0,frozen,cold,final,16,7,i20m,0,0,25000000,25000000,25000000,cohort,13900000,1951,469,0,28,1272,182,0,0,0
cold_frozen_i20m_h16_s7_state0_mac0,frozen,cold,final,16,7,i20m,0,0,25000000,25000000,25000000,cohort,14000000,1921,475,0,12,1266,168,0,0,0
cold_frozen_i20m_h16_s7_state0_mac0,frozen,cold,final,16,7,i20m,0,0,25000000,25000000,25000000,cohort,14100000,1903,469,0,28,1228,178,0,0,0
cold_frozen_i20m_h16_s7_state0_mac0,frozen,cold,final,16,7,i20m,0,0,25000000,25000000,25000000,cohort,14200000,1941,476,0,20,1268,177,0,0,0
cold_frozen_i20m_h16_s7_state0_mac0,frozen,cold,final,16,7,i20m,0,0,25000000,25000000,25000000,cohort,14300000,1896,473,0,6,1255,162,0,0,0
cold_frozen_i20m_h16_s7_state0_mac0,frozen,cold,final,16,7,i20m,0,0,25000000,25000000,25000000,cohort,14400000,1939,476,0,14,1274,175,0,0,0
cold_frozen_i20m_h16_s7_state0_mac0,frozen,cold,final,16,7,i20m,0,0,25000000,25000000,25000000,cohort,14500000,1893,474,0,5,1253,161,0,0,0
cold_frozen_i20m_h16_s7_state0_mac0,frozen,cold,final,16,7,i20m,0,0,25000000,25000000,25000000,cohort,14600000,1935,476,0,18,1267,174,0,0,0
cold_frozen_i20m_h16_s7_state0_mac0,frozen,cold,final,16,7,i20m,0,0,25000000,25000000,25000000,cohort,14700000,1937,474,0,12,1280,171,0,0,0
cold_frozen_i20m_h16_s7_state0_mac0,frozen,cold,final,16,7,i20m,0,0,25000000,25000000,25000000,cohort,14800000,1933,476,0,10,1286,161,0,0,0
cold_frozen_i20m_h16_s7_state0_mac0,frozen,cold,final,16,7,i20m,0,0,25000000,25000000,25000000,cohort,14900000,1936,472,0,23,1259,182,0,0,0
cold_frozen_i20m_h16_s7_state0_mac0,frozen,cold,final,16,7,i20m,0,0,25000000,25000000,25000000,cohort,15000000,1928,477,0,9,1275,167,0,0,0
cold_frozen_i20m_h16_s7_state0_mac0,frozen,cold,final,16,7,i20m,0,0,25000000,25000000,25000000,cohort,15100000,1918,465,0,36,1223,194,0,0,0
cold_frozen_i20m_h16_s7_state0_mac0,frozen,cold,final,16,7,i20m,0,0,25000000,25000000,25000000,cohort,15200000,1929,478,0,11,1266,174,0,0,0
cold_frozen_i20m_h16_s7_state0_mac0,frozen,cold,final,16,7,i20m,0,0,25000000,25000000,25000000,cohort,15300000,1941,474,0,7,1296,164,0,0,0
cold_frozen_i20m_h16_s7_state0_mac0,frozen,cold,final,16,7,i20m,0,0,25000000,25000000,25000000,cohort,15400000,1948,476,0,12,1292,168,0,0,0
cold_frozen_i20m_h16_s7_state0_mac0,frozen,cold,final,16,7,i20m,0,0,25000000,25000000,25000000,cohort,15500000,1921,477,0,6,1273,165,0,0,0
cold_frozen_i20m_h16_s7_state0_mac0,frozen,cold,final,16,7,i20m,0,0,25000000,25000000,25000000,cohort,15600000,1913,473,0,13,1264,163,0,0,0
cold_frozen_i20m_h16_s7_state0_mac0,frozen,cold,final,16,7,i20m,0,0,25000000,25000000,25000000,cohort,15700000,1902,473,0,9,1252,168,0,0,0
cold_frozen_i20m_h16_s7_state0_mac0,frozen,cold,final,16,7,i20m,0,0,25000000,25000000,25000000,cohort,15800000,1925,468,0,21,1258,178,0,0,0
cold_frozen_i20m_h16_s7_state0_mac0,frozen,cold,final,16,7,i20m,0,0,25000000,25000000,25000000,cohort,15900000,1936,474,0,13,1281,168,0,0,0
cold_frozen_i20m_h16_s7_state0_mac0,frozen,cold,final,16,7,i20m,0,0,25000000,25000000,25000000,cohort,16000000,1927,472,0,13,1270,172,0,0,0
cold_frozen_i20m_h16_s7_state0_mac0,frozen,cold,final,16,7,i20m,0,0,25000000,25000000,25000000,cohort,16100000,1941,477,0,13,1280,171,0,0,0
cold_frozen_i20m_h16_s7_state0_mac0,frozen,cold,final,16,7,i20m,0,0,25000000,25000000,25000000,cohort,16200000,1966,471,0,16,1305,174,0,0,0
cold_frozen_i20m_h16_s7_state0_mac0,frozen,cold,final,16,7,i20m,0,0,25000000,25000000,25000000,cohort,16300000,1891,477,0,5,1247,162,0,0,0
cold_frozen_i20m_h16_s7_state0_mac0,frozen,cold,final,16,7,i20m,0,0,25000000,25000000,25000000,cohort,16400000,1918,471,0,20,1250,177,0,0,0
cold_frozen_i20m_h16_s7_state0_mac0,frozen,cold,final,16,7,i20m,0,0,25000000,25000000,25000000,cohort,16500000,1925,474,0,18,1259,174,0,0,0
cold_frozen_i20m_h16_s7_state0_mac0,frozen,cold,final,16,7,i20m,0,0,25000000,25000000,25000000,cohort,16600000,1912,467,0,15,1260,170,0,0,0
cold_frozen_i20m_h16_s7_state0_mac0,frozen,cold,final,16,7,i20m,0,0,25000000,25000000,25000000,cohort,16700000,1904,473,0,17,1240,174,0,0,0
cold_frozen_i20m_h16_s7_state0_mac0,frozen,cold,final,16,7,i20m,0,0,25000000,25000000,25000000,cohort,16800000,1916,470,0,15,1260,171,0,0,0
cold_frozen_i20m_h16_s7_state0_mac0,frozen,cold,final,16,7,i20m,0,0,25000000,25000000,25000000,cohort,16900000,1950,472,0,21,1279,178,0,0,0
cold_frozen_i20m_h16_s7_state0_mac0,frozen,cold,final,16,7,i20m,0,0,25000000,25000000,25000000,cohort,17000000,1902,474,0,10,1254,164,0,0,0
cold_frozen_i20m_h16_s7_state0_mac0,frozen,cold,final,16,7,i20m,0,0,25000000,25000000,25000000,cohort,17100000,1920,473,0,19,1252,176,0,0,0
cold_frozen_i20m_h16_s7_state0_mac0,frozen,cold,final,16,7,i20m,0,0,25000000,25000000,25000000,cohort,17200000,1933,475,0,14,1272,172,0,0,0
cold_frozen_i20m_h16_s7_state0_mac0,frozen,cold,final,16,7,i20m,0,0,25000000,25000000,25000000,cohort,17300000,1942,473,0,9,1293,167,0,0,0
cold_frozen_i20m_h16_s7_state0_mac0,frozen,cold,final,16,7,i20m,0,0,25000000,25000000,25000000,cohort,17400000,1944,476,0,17,1278,173,0,0,0
cold_frozen_i20m_h16_s7_state0_mac0,frozen,cold,final,16,7,i20m,0,0,25000000,25000000,25000000,cohort,17500000,1915,475,0,12,1260,168,0,0,0
cold_frozen_i20m_h16_s7_state0_mac0,frozen,cold,final,16,7,i20m,0,0,25000000,25000000,25000000,cohort,17600000,1920,471,0,16,1261,172,0,0,0
cold_frozen_i20m_h16_s7_state0_mac0,frozen,cold,final,16,7,i20m,0,0,25000000,25000000,25000000,cohort,17700000,1922,474,0,18,1254,176,0,0,0
cold_frozen_i20m_h16_s7_state0_mac0,frozen,cold,final,16,7,i20m,0,0,25000000,25000000,25000000,cohort,17800000,1914,471,0,13,1261,169,0,0,0
cold_frozen_i20m_h16_s7_state0_mac0,frozen,cold,final,16,7,i20m,0,0,25000000,25000000,25000000,cohort,17900000,1969,474,0,17,1303,175,0,0,0
cold_frozen_i20m_h16_s7_state0_mac0,frozen,cold,final,16,7,i20m,0,0,25000000,25000000,25000000,cohort,18000000,1912,480,0,3,1264,165,0,0,0
cold_frozen_i20m_h16_s7_state0_mac0,frozen,cold,final,16,7,i20m,0,0,25000000,25000000,25000000,cohort,18100000,1919,474,0,11,1263,171,0,0,0
cold_frozen_i20m_h16_s7_state0_mac0,frozen,cold,final,16,7,i20m,0,0,25000000,25000000,25000000,cohort,18200000,1936,474,0,7,1292,163,0,0,0
cold_frozen_i20m_h16_s7_state0_mac0,frozen,cold,final,16,7,i20m,0,0,25000000,25000000,25000000,cohort,18300000,1934,474,0,15,1277,168,0,0,0
cold_frozen_i20m_h16_s7_state0_mac0,frozen,cold,final,16,7,i20m,0,0,25000000,25000000,25000000,cohort,18400000,1903,472,0,13,1247,171,0,0,0
cold_frozen_i20m_h16_s7_state0_mac0,frozen,cold,final,16,7,i20m,0,0,25000000,25000000,25000000,cohort,18500000,1926,475,0,14,1269,168,0,0,0
cold_frozen_i20m_h16_s7_state0_mac0,frozen,cold,final,16,7,i20m,0,0,25000000,25000000,25000000,cohort,18600000,1949,479,0,18,1274,178,0,0,0
cold_frozen_i20m_h16_s7_state0_mac0,frozen,cold,final,16,7,i20m,0,0,25000000,25000000,25000000,cohort,18700000,1915,474,0,6,1271,164,0,0,0
cold_frozen_i20m_h16_s7_state0_mac0,frozen,cold,final,16,7,i20m,0,0,25000000,25000000,25000000,cohort,18800000,1991,465,0,17,1338,171,0,0,0
cold_frozen_i20m_h16_s7_state0_mac0,frozen,cold,final,16,7,i20m,0,0,25000000,25000000,25000000,cohort,18900000,1907,474,0,6,1260,167,0,0,0
cold_frozen_i20m_h16_s7_state0_mac0,frozen,cold,final,16,7,i20m,0,0,25000000,25000000,25000000,cohort,19000000,1986,471,0,10,1334,171,0,0,0
cold_frozen_i20m_h16_s7_state0_mac0,frozen,cold,final,16,7,i20m,0,0,25000000,25000000,25000000,cohort,19100000,1905,474,0,13,1247,171,0,0,0
cold_frozen_i20m_h16_s7_state0_mac0,frozen,cold,final,16,7,i20m,0,0,25000000,25000000,25000000,cohort,19200000,1920,472,0,7,1276,165,0,0,0
cold_frozen_i20m_h16_s7_state0_mac0,frozen,cold,final,16,7,i20m,0,0,25000000,25000000,25000000,cohort,19300000,1939,470,0,18,1272,179,0,0,0
cold_frozen_i20m_h16_s7_state0_mac0,frozen,cold,final,16,7,i20m,0,0,25000000,25000000,25000000,cohort,19400000,1907,476,0,6,1264,161,0,0,0
cold_frozen_i20m_h16_s7_state0_mac0,frozen,cold,final,16,7,i20m,0,0,25000000,25000000,25000000,cohort,19500000,1949,473,0,25,1269,182,0,0,0
cold_frozen_i20m_h16_s7_state0_mac0,frozen,cold,final,16,7,i20m,0,0,25000000,25000000,25000000,cohort,19600000,1921,473,0,10,1271,167,0,0,0
cold_frozen_i20m_h16_s7_state0_mac0,frozen,cold,final,16,7,i20m,0,0,25000000,25000000,25000000,cohort,19700000,1970,473,0,21,1299,177,0,0,0
cold_frozen_i20m_h16_s7_state0_mac0,frozen,cold,final,16,7,i20m,0,0,25000000,25000000,25000000,cohort,19800000,1929,473,0,13,1270,173,0,0,0
cold_frozen_i20m_h16_s7_state0_mac0,frozen,cold,final,16,7,i20m,0,0,25000000,25000000,25000000,cohort,19900000,1912,471,0,14,1259,168,0,0,0
cold_frozen_i20m_h16_s7_state0_mac0,frozen,cold,final,16,7,i20m,0,0,25000000,25000000,25000000,cohort,20000000,1943,474,0,14,1282,173,0,0,0
cold_frozen_i20m_h16_s7_state0_mac0,frozen,cold,final,16,7,i20m,0,0,25000000,25000000,25000000,cohort,20100000,1924,475,0,14,1265,170,0,0,0
cold_frozen_i20m_h16_s7_state0_mac0,frozen,cold,final,16,7,i20m,0,0,25000000,25000000,25000000,cohort,20200000,1915,475,0,13,1255,172,0,0,0
cold_frozen_i20m_h16_s7_state0_mac0,frozen,cold,final,16,7,i20m,0,0,25000000,25000000,25000000,cohort,20300000,1899,474,0,6,1257,162,0,0,0
cold_frozen_i20m_h16_s7_state0_mac0,frozen,cold,final,16,7,i20m,0,0,25000000,25000000,25000000,cohort,20400000,1921,476,0,17,1253,175,0,0,0
cold_frozen_i20m_h16_s7_state0_mac0,frozen,cold,final,16,7,i20m,0,0,25000000,25000000,25000000,cohort,20500000,1895,475,0,10,1243,167,0,0,0
cold_frozen_i20m_h16_s7_state0_mac0,frozen,cold,final,16,7,i20m,0,0,25000000,25000000,25000000,cohort,20600000,1930,474,0,5,1288,163,0,0,0
cold_frozen_i20m_h16_s7_state0_mac0,frozen,cold,final,16,7,i20m,0,0,25000000,25000000,25000000,cohort,20700000,1921,472,0,18,1247,179,0,5,5
cold_frozen_i20m_h16_s7_state0_mac0,frozen,cold,final,16,7,i20m,0,0,25000000,25000000,25000000,cohort,20800000,1917,477,0,10,1263,167,0,0,0
cold_frozen_i20m_h16_s7_state0_mac0,frozen,cold,final,16,7,i20m,0,0,25000000,25000000,25000000,cohort,20900000,1945,470,0,16,1285,174,0,0,0
cold_frozen_i20m_h16_s7_state0_mac0,frozen,cold,final,16,7,i20m,0,0,25000000,25000000,25000000,cohort,21000000,1932,475,0,17,1265,175,0,0,0
cold_frozen_i20m_h16_s7_state0_mac0,frozen,cold,final,16,7,i20m,0,0,25000000,25000000,25000000,cohort,21100000,1928,475,0,13,1271,169,0,0,0
cold_frozen_i20m_h16_s7_state0_mac0,frozen,cold,final,16,7,i20m,0,0,25000000,25000000,25000000,cohort,21200000,1907,476,0,4,1267,160,0,0,0
cold_frozen_i20m_h16_s7_state0_mac0,frozen,cold,final,16,7,i20m,0,0,25000000,25000000,25000000,cohort,21300000,1934,472,0,18,1271,173,0,0,0
cold_frozen_i20m_h16_s7_state0_mac0,frozen,cold,final,16,7,i20m,0,0,25000000,25000000,25000000,cohort,21400000,1921,468,0,24,1249,180,0,0,0
cold_frozen_i20m_h16_s7_state0_mac0,frozen,cold,final,16,7,i20m,0,0,25000000,25000000,25000000,cohort,21500000,1902,473,0,7,1255,167,0,0,0
cold_frozen_i20m_h16_s7_state0_mac0,frozen,cold,final,16,7,i20m,0,0,25000000,25000000,25000000,cohort,21600000,1953,472,0,17,1289,175,0,0,0
cold_frozen_i20m_h16_s7_state0_mac0,frozen,cold,final,16,7,i20m,0,0,25000000,25000000,25000000,cohort,21700000,1923,475,0,15,1258,175,0,0,0
cold_frozen_i20m_h16_s7_state0_mac0,frozen,cold,final,16,7,i20m,0,0,25000000,25000000,25000000,cohort,21800000,1942,479,0,12,1278,173,0,0,0
cold_frozen_i20m_h16_s7_state0_mac0,frozen,cold,final,16,7,i20m,0,0,25000000,25000000,25000000,cohort,21900000,1909,474,0,7,1265,163,0,0,0
cold_frozen_i20m_h16_s7_state0_mac0,frozen,cold,final,16,7,i20m,0,0,25000000,25000000,25000000,cohort,22000000,1924,473,0,11,1271,169,0,0,0
cold_frozen_i20m_h16_s7_state0_mac0,frozen,cold,final,16,7,i20m,0,0,25000000,25000000,25000000,cohort,22100000,1931,472,0,18,1270,171,0,0,0
cold_frozen_i20m_h16_s7_state0_mac0,frozen,cold,final,16,7,i20m,0,0,25000000,25000000,25000000,cohort,22200000,1970,476,0,9,1324,161,0,0,0
cold_frozen_i20m_h16_s7_state0_mac0,frozen,cold,final,16,7,i20m,0,0,25000000,25000000,25000000,cohort,22300000,1949,473,0,22,1274,180,0,0,0
cold_frozen_i20m_h16_s7_state0_mac0,frozen,cold,final,16,7,i20m,0,0,25000000,25000000,25000000,cohort,22400000,1918,475,0,9,1269,165,0,0,0
cold_frozen_i20m_h16_s7_state0_mac0,frozen,cold,final,16,7,i20m,0,0,25000000,25000000,25000000,cohort,22500000,1974,473,0,33,1282,186,0,0,0
cold_frozen_i20m_h16_s7_state0_mac0,frozen,cold,final,16,7,i20m,0,0,25000000,25000000,25000000,cohort,22600000,1909,472,0,17,1248,172,0,0,0
cold_frozen_i20m_h16_s7_state0_mac0,frozen,cold,final,16,7,i20m,0,0,25000000,25000000,25000000,cohort,22700000,1943,476,0,11,1287,169,0,0,0
cold_frozen_i20m_h16_s7_state0_mac0,frozen,cold,final,16,7,i20m,0,0,25000000,25000000,25000000,cohort,22800000,1965,473,0,21,1293,178,0,0,0
cold_frozen_i20m_h16_s7_state0_mac0,frozen,cold,final,16,7,i20m,0,0,25000000,25000000,25000000,cohort,22900000,1930,475,0,7,1285,163,0,0,0
cold_frozen_i20m_h16_s7_state0_mac0,frozen,cold,final,16,7,i20m,0,0,25000000,25000000,25000000,cohort,23000000,1949,469,0,25,1273,182,0,0,0
cold_frozen_i20m_h16_s7_state0_mac0,frozen,cold,final,16,7,i20m,0,0,25000000,25000000,25000000,cohort,23100000,1937,476,0,17,1271,173,0,0,0
cold_frozen_i20m_h16_s7_state0_mac0,frozen,cold,final,16,7,i20m,0,0,25000000,25000000,25000000,cohort,23200000,2010,470,0,23,1341,176,0,0,0
cold_frozen_i20m_h16_s7_state0_mac0,frozen,cold,final,16,7,i20m,0,0,25000000,25000000,25000000,cohort,23300000,1921,473,0,14,1261,173,0,0,0
cold_frozen_i20m_h16_s7_state0_mac0,frozen,cold,final,16,7,i20m,0,0,25000000,25000000,25000000,cohort,23400000,1916,474,0,4,1274,164,0,0,0
cold_frozen_i20m_h16_s7_state0_mac0,frozen,cold,final,16,7,i20m,0,0,25000000,25000000,25000000,cohort,23500000,1935,471,0,15,1275,174,0,0,0
cold_frozen_i20m_h16_s7_state0_mac0,frozen,cold,final,16,7,i20m,0,0,25000000,25000000,25000000,cohort,23600000,1934,474,0,9,1285,166,0,0,0
cold_frozen_i20m_h16_s7_state0_mac0,frozen,cold,final,16,7,i20m,0,0,25000000,25000000,25000000,cohort,23700000,1919,472,0,16,1256,175,0,0,0
cold_frozen_i20m_h16_s7_state0_mac0,frozen,cold,final,16,7,i20m,0,0,25000000,25000000,25000000,cohort,23800000,1927,478,0,7,1276,166,0,0,0
cold_frozen_i20m_h16_s7_state0_mac0,frozen,cold,final,16,7,i20m,0,0,25000000,25000000,25000000,cohort,23900000,1950,466,0,19,1293,172,0,0,0
cold_frozen_i20m_h16_s7_state0_mac0,frozen,cold,final,16,7,i20m,0,0,25000000,25000000,25000000,cohort,24000000,1903,474,0,11,1251,167,0,0,0
cold_frozen_i20m_h16_s7_state0_mac0,frozen,cold,final,16,7,i20m,0,0,25000000,25000000,25000000,cohort,24100000,1919,476,0,5,1272,165,0,1,1
cold_frozen_i20m_h16_s7_state0_mac0,frozen,cold,final,16,7,i20m,0,0,25000000,25000000,25000000,cohort,24200000,1921,481,0,7,1267,166,0,0,0
cold_frozen_i20m_h16_s7_state0_mac0,frozen,cold,final,16,7,i20m,0,0,25000000,25000000,25000000,cohort,24300000,1912,475,0,4,1273,160,0,0,0
cold_frozen_i20m_h16_s7_state0_mac0,frozen,cold,final,16,7,i20m,0,0,25000000,25000000,25000000,cohort,24400000,1918,476,0,7,1268,165,0,2,2
cold_frozen_i20m_h16_s7_state0_mac0,frozen,cold,final,16,7,i20m,0,0,25000000,25000000,25000000,cohort,24500000,1919,474,0,5,1270,166,0,4,4
cold_frozen_i20m_h16_s7_state0_mac0,frozen,cold,final,16,7,i20m,0,0,25000000,25000000,25000000,cohort,24600000,1902,477,0,3,1242,171,0,9,9
cold_frozen_i20m_h16_s7_state0_mac0,frozen,cold,final,16,7,i20m,0,0,25000000,25000000,25000000,cohort,24700000,1915,475,0,1,1278,159,0,2,2
cold_frozen_i20m_h16_s7_state0_mac0,frozen,cold,final,16,7,i20m,0,0,25000000,25000000,25000000,cohort,24800000,1918,475,0,0,1276,162,0,5,5
cold_frozen_i20m_h16_s7_state0_mac0,frozen,cold,final,16,7,i20m,0,0,25000000,25000000,25000000,cohort,24900000,1923,472,0,0,1269,168,0,14,14
cold_frozen_i20m_h8_s7_state0_mac0,frozen,cold,final,8,7,i20m,0,0,25000000,25000000,25000000,cohort,0,1721,711,0,7,706,296,0,1,1
cold_frozen_i20m_h8_s7_state0_mac0,frozen,cold,final,8,7,i20m,0,0,25000000,25000000,25000000,cohort,100000,1759,466,0,8,1116,169,0,0,0
cold_frozen_i20m_h8_s7_state0_mac0,frozen,cold,final,8,7,i20m,0,0,25000000,25000000,25000000,cohort,200000,1742,463,0,2,1107,170,0,0,0
cold_frozen_i20m_h8_s7_state0_mac0,frozen,cold,final,8,7,i20m,0,0,25000000,25000000,25000000,cohort,300000,1797,467,2,7,1149,172,0,0,0
cold_frozen_i20m_h8_s7_state0_mac0,frozen,cold,final,8,7,i20m,0,0,25000000,25000000,25000000,cohort,400000,1759,470,0,1,1123,165,0,0,0
cold_frozen_i20m_h8_s7_state0_mac0,frozen,cold,final,8,7,i20m,0,0,25000000,25000000,25000000,cohort,500000,1800,473,0,9,1152,166,0,0,0
cold_frozen_i20m_h8_s7_state0_mac0,frozen,cold,final,8,7,i20m,0,0,25000000,25000000,25000000,cohort,600000,1775,452,1,8,1136,177,0,1,1
cold_frozen_i20m_h8_s7_state0_mac0,frozen,cold,final,8,7,i20m,0,0,25000000,25000000,25000000,cohort,700000,1764,467,1,11,1110,175,0,0,0
cold_frozen_i20m_h8_s7_state0_mac0,frozen,cold,final,8,7,i20m,0,0,25000000,25000000,25000000,cohort,800000,1810,475,0,3,1171,161,0,0,0
cold_frozen_i20m_h8_s7_state0_mac0,frozen,cold,final,8,7,i20m,0,0,25000000,25000000,25000000,cohort,900000,1785,473,0,8,1134,170,0,0,0
cold_frozen_i20m_h8_s7_state0_mac0,frozen,cold,final,8,7,i20m,0,0,25000000,25000000,25000000,cohort,1000000,1777,463,0,2,1143,169,0,0,0
cold_frozen_i20m_h8_s7_state0_mac0,frozen,cold,final,8,7,i20m,0,0,25000000,25000000,25000000,cohort,1100000,1750,461,0,7,1106,176,0,0,0
cold_frozen_i20m_h8_s7_state0_mac0,frozen,cold,final,8,7,i20m,0,0,25000000,25000000,25000000,cohort,1200000,1798,461,0,12,1150,175,0,0,0
cold_frozen_i20m_h8_s7_state0_mac0,frozen,cold,final,8,7,i20m,0,0,25000000,25000000,25000000,cohort,1300000,1773,461,0,7,1134,171,0,0,0
cold_frozen_i20m_h8_s7_state0_mac0,frozen,cold,final,8,7,i20m,0,0,25000000,25000000,25000000,cohort,1400000,1800,468,0,6,1153,173,0,0,0
cold_frozen_i20m_h8_s7_state0_mac0,frozen,cold,final,8,7,i20m,0,0,25000000,25000000,25000000,cohort,1500000,1766,453,0,3,1134,176,0,0,0
cold_frozen_i20m_h8_s7_state0_mac0,frozen,cold,final,8,7,i20m,0,0,25000000,25000000,25000000,cohort,1600000,1771,447,0,26,1095,203,0,0,0
cold_frozen_i20m_h8_s7_state0_mac0,frozen,cold,final,8,7,i20m,0,0,25000000,25000000,25000000,cohort,1700000,1788,451,0,8,1145,184,0,0,0
cold_frozen_i20m_h8_s7_state0_mac0,frozen,cold,final,8,7,i20m,0,0,25000000,25000000,25000000,cohort,1800000,1770,456,0,9,1129,176,0,0,0
cold_frozen_i20m_h8_s7_state0_mac0,frozen,cold,final,8,7,i20m,0,0,25000000,25000000,25000000,cohort,1900000,1794,460,1,12,1139,182,0,0,0
cold_frozen_i20m_h8_s7_state0_mac0,frozen,cold,final,8,7,i20m,0,0,25000000,25000000,25000000,cohort,2000000,1776,463,0,2,1142,169,0,0,0
cold_frozen_i20m_h8_s7_state0_mac0,frozen,cold,final,8,7,i20m,0,0,25000000,25000000,25000000,cohort,2100000,1768,462,0,6,1124,176,0,0,0
cold_frozen_i20m_h8_s7_state0_mac0,frozen,cold,final,8,7,i20m,0,0,25000000,25000000,25000000,cohort,2200000,1779,462,0,5,1140,172,0,0,0
cold_frozen_i20m_h8_s7_state0_mac0,frozen,cold,final,8,7,i20m,0,0,25000000,25000000,25000000,cohort,2300000,1780,461,0,13,1126,180,0,0,0
cold_frozen_i20m_h8_s7_state0_mac0,frozen,cold,final,8,7,i20m,0,0,25000000,25000000,25000000,cohort,2400000,1785,463,0,9,1143,170,0,0,0
cold_frozen_i20m_h8_s7_state0_mac0,frozen,cold,final,8,7,i20m,0,0,25000000,25000000,25000000,cohort,2500000,1760,472,0,17,1095,176,0,0,0
cold_frozen_i20m_h8_s7_state0_mac0,frozen,cold,final,8,7,i20m,0,0,25000000,25000000,25000000,cohort,2600000,1807,462,0,18,1143,184,0,0,0
cold_frozen_i20m_h8_s7_state0_mac0,frozen,cold,final,8,7,i20m,0,0,25000000,25000000,25000000,cohort,2700000,1747,453,0,2,1105,187,0,0,0
cold_frozen_i20m_h8_s7_state0_mac0,frozen,cold,final,8,7,i20m,0,0,25000000,25000000,25000000,cohort,2800000,1795,468,0,4,1159,164,0,0,0
cold_frozen_i20m_h8_s7_state0_mac0,frozen,cold,final,8,7,i20m,0,0,25000000,25000000,25000000,cohort,2900000,1791,474,0,4,1141,172,0,0,0
cold_frozen_i20m_h8_s7_state0_mac0,frozen,cold,final,8,7,i20m,0,0,25000000,25000000,25000000,cohort,3000000,1768,476,0,5,1125,162,0,0,0
cold_frozen_i20m_h8_s7_state0_mac0,frozen,cold,final,8,7,i20m,0,0,25000000,25000000,25000000,cohort,3100000,1783,461,0,1,1153,168,0,0,0
cold_frozen_i20m_h8_s7_state0_mac0,frozen,cold,final,8,7,i20m,0,0,25000000,25000000,25000000,cohort,3200000,1769,462,0,3,1130,174,0,0,0
cold_frozen_i20m_h8_s7_state0_mac0,frozen,cold,final,8,7,i20m,0,0,25000000,25000000,25000000,cohort,3300000,1774,462,0,6,1132,174,0,0,0
cold_frozen_i20m_h8_s7_state0_mac0,frozen,cold,final,8,7,i20m,0,0,25000000,25000000,25000000,cohort,3400000,1760,446,0,5,1128,181,0,0,0
cold_frozen_i20m_h8_s7_state0_mac0,frozen,cold,final,8,7,i20m,0,0,25000000,25000000,25000000,cohort,3500000,1789,450,0,13,1135,191,0,0,0
cold_frozen_i20m_h8_s7_state0_mac0,frozen,cold,final,8,7,i20m,0,0,25000000,25000000,25000000,cohort,3600000,1770,448,0,22,1101,199,0,0,0
cold_frozen_i20m_h8_s7_state0_mac0,frozen,cold,final,8,7,i20m,0,0,25000000,25000000,25000000,cohort,3700000,1771,458,0,6,1129,178,0,0,0
cold_frozen_i20m_h8_s7_state0_mac0,frozen,cold,final,8,7,i20m,0,0,25000000,25000000,25000000,cohort,3800000,1790,455,0,10,1143,182,0,0,0
cold_frozen_i20m_h8_s7_state0_mac0,frozen,cold,final,8,7,i20m,0,0,25000000,25000000,25000000,cohort,3900000,1754,458,0,13,1105,178,0,0,0
cold_frozen_i20m_h8_s7_state0_mac0,frozen,cold,final,8,7,i20m,0,0,25000000,25000000,25000000,cohort,4000000,1817,460,0,23,1140,194,0,0,0
cold_frozen_i20m_h8_s7_state0_mac0,frozen,cold,final,8,7,i20m,0,0,25000000,25000000,25000000,cohort,4100000,1770,460,0,11,1121,178,0,0,0
cold_frozen_i20m_h8_s7_state0_mac0,frozen,cold,final,8,7,i20m,0,0,25000000,25000000,25000000,cohort,4200000,1807,456,0,19,1145,187,0,0,0
cold_frozen_i20m_h8_s7_state0_mac0,frozen,cold,final,8,7,i20m,0,0,25000000,25000000,25000000,cohort,4300000,1781,458,0,4,1142,177,0,0,0
cold_frozen_i20m_h8_s7_state0_mac0,frozen,cold,final,8,7,i20m,0,0,25000000,25000000,25000000,cohort,4400000,1788,456,0,7,1150,175,0,0,0
cold_frozen_i20m_h8_s7_state0_mac0,frozen,cold,final,8,7,i20m,0,0,25000000,25000000,25000000,cohort,4500000,1804,460,0,11,1157,176,0,0,0
cold_frozen_i20m_h8_s7_state0_mac0,frozen,cold,final,8,7,i20m,0,0,25000000,25000000,25000000,cohort,4600000,1794,457,0,8,1149,180,0,0,0
cold_frozen_i20m_h8_s7_state0_mac0,frozen,cold,final,8,7,i20m,0,0,25000000,25000000,25000000,cohort,4700000,1789,462,0,8,1139,180,0,0,0
cold_frozen_i20m_h8_s7_state0_mac0,frozen,cold,final,8,7,i20m,0,0,25000000,25000000,25000000,cohort,4800000,1771,463,0,3,1135,170,0,0,0
cold_frozen_i20m_h8_s7_state0_mac0,frozen,cold,final,8,7,i20m,0,0,25000000,25000000,25000000,cohort,4900000,1793,459,0,23,1118,193,0,0,0
cold_frozen_i20m_h8_s7_state0_mac0,frozen,cold,final,8,7,i20m,0,0,25000000,25000000,25000000,cohort,5000000,1771,456,0,19,1110,186,0,0,0
cold_frozen_i20m_h8_s7_state0_mac0,frozen,cold,final,8,7,i20m,0,0,25000000,25000000,25000000,cohort,5100000,1780,463,0,16,1118,183,0,0,0
cold_frozen_i20m_h8_s7_state0_mac0,frozen,cold,final,8,7,i20m,0,0,25000000,25000000,25000000,cohort,5200000,1823,468,0,26,1145,184,0,0,0
cold_frozen_i20m_h8_s7_state0_mac0,frozen,cold,final,8,7,i20m,0,0,25000000,25000000,25000000,cohort,5300000,1755,467,0,15,1100,173,0,0,0
cold_frozen_i20m_h8_s7_state0_mac0,frozen,cold,final,8,7,i20m,0,0,25000000,25000000,25000000,cohort,5400000,1818,468,0,29,1134,187,0,0,0
cold_frozen_i20m_h8_s7_state0_mac0,frozen,cold,final,8,7,i20m,0,0,25000000,25000000,25000000,cohort,5500000,1776,467,0,13,1122,174,0,0,0
cold_frozen_i20m_h8_s7_state0_mac0,frozen,cold,final,8,7,i20m,0,0,25000000,25000000,25000000,cohort,5600000,1811,470,0,24,1138,179,0,0,0
cold_frozen_i20m_h8_s7_state0_mac0,frozen,cold,final,8,7,i20m,0,0,25000000,25000000,25000000,cohort,5700000,1791,466,0,22,1120,183,0,0,0
cold_frozen_i20m_h8_s7_state0_mac0,frozen,cold,final,8,7,i20m,0,0,25000000,25000000,25000000,cohort,5800000,1785,470,0,22,1117,176,0,0,0
cold_frozen_i20m_h8_s7_state0_mac0,frozen,cold,final,8,7,i20m,0,0,25000000,25000000,25000000,cohort,5900000,1825,460,0,21,1161,183,0,0,0
cold_frozen_i20m_h8_s7_state0_mac0,frozen,cold,final,8,7,i20m,0,0,25000000,25000000,25000000,cohort,6000000,1744,453,0,10,1104,177,0,0,0
cold_frozen_i20m_h8_s7_state0_mac0,frozen,cold,final,8,7,i20m,0,0,25000000,25000000,25000000,cohort,6100000,1756,432,0,15,1109,200,0,0,0
cold_frozen_i20m_h8_s7_state0_mac0,frozen,cold,final,8,7,i20m,0,0,25000000,25000000,25000000,cohort,6200000,1772,448,0,7,1136,181,0,0,0
cold_frozen_i20m_h8_s7_state0_mac0,frozen,cold,final,8,7,i20m,0,0,25000000,25000000,25000000,cohort,6300000,1814,461,0,26,1136,191,0,0,0
cold_frozen_i20m_h8_s7_state0_mac0,frozen,cold,final,8,7,i20m,0,0,25000000,25000000,25000000,cohort,6400000,1782,464,0,16,1121,181,0,0,0
cold_frozen_i20m_h8_s7_state0_mac0,frozen,cold,final,8,7,i20m,0,0,25000000,25000000,25000000,cohort,6500000,1760,467,0,15,1100,178,0,0,0
cold_frozen_i20m_h8_s7_state0_mac0,frozen,cold,final,8,7,i20m,0,0,25000000,25000000,25000000,cohort,6600000,1832,477,0,21,1155,179,0,0,0
cold_frozen_i20m_h8_s7_state0_mac0,frozen,cold,final,8,7,i20m,0,0,25000000,25000000,25000000,cohort,6700000,1807,475,0,12,1153,167,0,0,0
cold_frozen_i20m_h8_s7_state0_mac0,frozen,cold,final,8,7,i20m,0,0,25000000,25000000,25000000,cohort,6800000,1830,464,0,22,1160,184,0,0,0
cold_frozen_i20m_h8_s7_state0_mac0,frozen,cold,final,8,7,i20m,0,0,25000000,25000000,25000000,cohort,6900000,1780,470,0,12,1123,175,0,0,0
cold_frozen_i20m_h8_s7_state0_mac0,frozen,cold,final,8,7,i20m,0,0,25000000,25000000,25000000,cohort,7000000,1765,476,0,3,1124,162,0,0,0
cold_frozen_i20m_h8_s7_state0_mac0,frozen,cold,final,8,7,i20m,0,0,25000000,25000000,25000000,cohort,7100000,1824,466,0,21,1161,176,0,0,0
cold_frozen_i20m_h8_s7_state0_mac0,frozen,cold,final,8,7,i20m,0,0,25000000,25000000,25000000,cohort,7200000,1795,472,0,12,1139,172,0,0,0
cold_frozen_i20m_h8_s7_state0_mac0,frozen,cold,final,8,7,i20m,0,0,25000000,25000000,25000000,cohort,7300000,1803,473,0,16,1141,173,0,0,0
cold_frozen_i20m_h8_s7_state0_mac0,frozen,cold,final,8,7,i20m,0,0,25000000,25000000,25000000,cohort,7400000,1765,464,0,10,1118,173,0,0,0
cold_frozen_i20m_h8_s7_state0_mac0,frozen,cold,final,8,7,i20m,0,0,25000000,25000000,25000000,cohort,7500000,1783,460,0,15,1122,186,0,0,0
cold_frozen_i20m_h8_s7_state0_mac0,frozen,cold,final,8,7,i20m,0,0,25000000,25000000,25000000,cohort,7600000,1786,468,0,3,1152,163,0,0,0
cold_frozen_i20m_h8_s7_state0_mac0,frozen,cold,final,8,7,i20m,0,0,25000000,25000000,25000000,cohort,7700000,1792,464,0,15,1138,175,0,0,0
cold_frozen_i20m_h8_s7_state0_mac0,frozen,cold,final,8,7,i20m,0,0,25000000,25000000,25000000,cohort,7800000,1801,465,0,22,1127,187,0,0,0
cold_frozen_i20m_h8_s7_state0_mac0,frozen,cold,final,8,7,i20m,0,0,25000000,25000000,25000000,cohort,7900000,1760,469,0,3,1121,167,0,0,0
cold_frozen_i20m_h8_s7_state0_mac0,frozen,cold,final,8,7,i20m,0,0,25000000,25000000,25000000,cohort,8000000,1802,461,0,23,1135,183,0,0,0
cold_frozen_i20m_h8_s7_state0_mac0,frozen,cold,final,8,7,i20m,0,0,25000000,25000000,25000000,cohort,8100000,1781,464,0,16,1123,178,0,0,0
cold_frozen_i20m_h8_s7_state0_mac0,frozen,cold,final,8,7,i20m,0,0,25000000,25000000,25000000,cohort,8200000,1800,467,0,14,1144,175,0,0,0
cold_frozen_i20m_h8_s7_state0_mac0,frozen,cold,final,8,7,i20m,0,0,25000000,25000000,25000000,cohort,8300000,1788,475,0,4,1148,161,0,0,0
cold_frozen_i20m_h8_s7_state0_mac0,frozen,cold,final,8,7,i20m,0,0,25000000,25000000,25000000,cohort,8400000,1801,476,0,10,1148,167,0,0,0
cold_frozen_i20m_h8_s7_state0_mac0,frozen,cold,final,8,7,i20m,0,0,25000000,25000000,25000000,cohort,8500000,1834,482,0,30,1130,192,0,0,0
cold_frozen_i20m_h8_s7_state0_mac0,frozen,cold,final,8,7,i20m,0,0,25000000,25000000,25000000,cohort,8600000,1788,474,0,10,1132,172,0,0,0
cold_frozen_i20m_h8_s7_state0_mac0,frozen,cold,final,8,7,i20m,0,0,25000000,25000000,25000000,cohort,8700000,1809,473,1,22,1134,179,0,0,0
cold_frozen_i20m_h8_s7_state0_mac0,frozen,cold,final,8,7,i20m,0,0,25000000,25000000,25000000,cohort,8800000,1779,475,0,17,1110,177,0,0,0
cold_frozen_i20m_h8_s7_state0_mac0,frozen,cold,final,8,7,i20m,0,0,25000000,25000000,25000000,cohort,8900000,1823,472,0,17,1162,172,0,0,0
cold_frozen_i20m_h8_s7_state0_mac0,frozen,cold,final,8,7,i20m,0,0,25000000,25000000,25000000,cohort,9000000,1788,472,0,14,1131,171,0,0,0
cold_frozen_i20m_h8_s7_state0_mac0,frozen,cold,final,8,7,i20m,0,0,25000000,25000000,25000000,cohort,9100000,1804,473,0,16,1142,173,0,0,0
cold_frozen_i20m_h8_s7_state0_mac0,frozen,cold,final,8,7,i20m,0,0,25000000,25000000,25000000,cohort,9200000,1845,475,0,22,1167,181,0,0,0
cold_frozen_i20m_h8_s7_state0_mac0,frozen,cold,final,8,7,i20m,0,0,25000000,25000000,25000000,cohort,9300000,1784,474,0,11,1130,169,0,0,0
cold_frozen_i20m_h8_s7_state0_mac0,frozen,cold,final,8,7,i20m,0,0,25000000,25000000,25000000,cohort,9400000,1824,474,0,6,1177,167,0,0,0
cold_frozen_i20m_h8_s7_state0_mac0,frozen,cold,final,8,7,i20m,0,0,25000000,25000000,25000000,cohort,9500000,1774,478,0,12,1114,170,0,0,0
cold_frozen_i20m_h8_s7_state0_mac0,frozen,cold,final,8,7,i20m,0,0,25000000,25000000,25000000,cohort,9600000,1818,472,0,22,1145,179,0,0,0
cold_frozen_i20m_h8_s7_state0_mac0,frozen,cold,final,8,7,i20m,0,0,25000000,25000000,25000000,cohort,9700000,1769,469,0,19,1108,173,0,0,0
cold_frozen_i20m_h8_s7_state0_mac0,frozen,cold,final,8,7,i20m,0,0,25000000,25000000,25000000,cohort,9800000,1787,471,0,23,1114,179,0,0,0
cold_frozen_i20m_h8_s7_state0_mac0,frozen,cold,final,8,7,i20m,0,0,25000000,25000000,25000000,cohort,9900000,1839,471,0,22,1158,188,0,0,0
cold_frozen_i20m_h8_s7_state0_mac0,frozen,cold,final,8,7,i20m,0,0,25000000,25000000,25000000,cohort,10000000,1788,477,0,9,1134,168,0,0,0
cold_frozen_i20m_h8_s7_state0_mac0,frozen,cold,final,8,7,i20m,0,0,25000000,25000000,25000000,cohort,10100000,1806,472,0,12,1150,172,0,0,0
cold_frozen_i20m_h8_s7_state0_mac0,frozen,cold,final,8,7,i20m,0,0,25000000,25000000,25000000,cohort,10200000,1780,475,0,7,1132,166,0,0,0
cold_frozen_i20m_h8_s7_state0_mac0,frozen,cold,final,8,7,i20m,0,0,25000000,25000000,25000000,cohort,10300000,1814,474,0,11,1160,169,0,0,0
cold_frozen_i20m_h8_s7_state0_mac0,frozen,cold,final,8,7,i20m,0,0,25000000,25000000,25000000,cohort,10400000,1764,476,0,7,1118,163,0,0,0
cold_frozen_i20m_h8_s7_state0_mac0,frozen,cold,final,8,7,i20m,0,0,25000000,25000000,25000000,cohort,10500000,1770,478,0,7,1120,165,0,0,0
cold_frozen_i20m_h8_s7_state0_mac0,frozen,cold,final,8,7,i20m,0,0,25000000,25000000,25000000,cohort,10600000,1820,466,0,26,1148,180,0,0,0
cold_frozen_i20m_h8_s7_state0_mac0,frozen,cold,final,8,7,i20m,0,0,25000000,25000000,25000000,cohort,10700000,1781,473,0,8,1133,167,0,0,0
cold_frozen_i20m_h8_s7_state0_mac0,frozen,cold,final,8,7,i20m,0,0,25000000,25000000,25000000,cohort,10800000,1816,467,0,25,1142,182,0,0,0
cold_frozen_i20m_h8_s7_state0_mac0,frozen,cold,final,8,7,i20m,0,0,25000000,25000000,25000000,cohort,10900000,1780,477,0,9,1127,167,0,0,0
cold_frozen_i20m_h8_s7_state0_mac0,frozen,cold,final,8,7,i20m,0,0,25000000,25000000,25000000,cohort,11000000,1813,468,0,20,1148,177,0,0,0
cold_frozen_i20m_h8_s7_state0_mac0,frozen,cold,final,8,7,i20m,0,0,25000000,25000000,25000000,cohort,11100000,1807,472,0,15,1145,175,0,0,0
cold_frozen_i20m_h8_s7_state0_mac0,frozen,cold,final,8,7,i20m,0,0,25000000,25000000,25000000,cohort,11200000,1815,468,0,22,1145,180,0,0,0
cold_frozen_i20m_h8_s7_state0_mac0,frozen,cold,final,8,7,i20m,0,0,25000000,25000000,25000000,cohort,11300000,1809,471,0,23,1133,182,0,0,0
cold_frozen_i20m_h8_s7_state0_mac0,frozen,cold,final,8,7,i20m,0,0,25000000,25000000,25000000,cohort,11400000,1825,476,2,44,1097,206,0,0,0
cold_frozen_i20m_h8_s7_state0_mac0,frozen,cold,final,8,7,i20m,0,0,25000000,25000000,25000000,cohort,11500000,1897,459,4,107,1071,256,0,0,0
cold_frozen_i20m_h8_s7_state0_mac0,frozen,cold,final,8,7,i20m,0,0,25000000,25000000,25000000,cohort,11600000,1776,470,0,18,1108,180,0,0,0
cold_frozen_i20m_h8_s7_state0_mac0,frozen,cold,final,8,7,i20m,0,0,25000000,25000000,25000000,cohort,11700000,1747,472,0,12,1094,169,0,0,0
cold_frozen_i20m_h8_s7_state0_mac0,frozen,cold,final,8,7,i20m,0,0,25000000,25000000,25000000,cohort,11800000,2197,551,24,119,1174,329,0,0,0
cold_frozen_i20m_h8_s7_state0_mac0,frozen,cold,final,8,7,i20m,0,0,25000000,25000000,25000000,cohort,11900000,1981,503,13,107,1068,290,0,0,0
cold_frozen_i20m_h8_s7_state0_mac0,frozen,cold,final,8,7,i20m,0,0,25000000,25000000,25000000,cohort,12000000,1839,470,3,56,1094,216,0,0,0
cold_frozen_i20m_h8_s7_state0_mac0,frozen,cold,final,8,7,i20m,0,0,25000000,25000000,25000000,cohort,12100000,1910,481,10,57,1132,230,0,0,0
cold_frozen_i20m_h8_s7_state0_mac0,frozen,cold,final,8,7,i20m,0,0,25000000,25000000,25000000,cohort,12200000,1766,466,0,9,1116,175,0,0,0
cold_frozen_i20m_h8_s7_state0_mac0,frozen,cold,final,8,7,i20m,0,0,25000000,25000000,25000000,cohort,12300000,1802,473,2,24,1121,182,0,0,0
cold_frozen_i20m_h8_s7_state0_mac0,frozen,cold,final,8,7,i20m,0,0,25000000,25000000,25000000,cohort,12400000,1842,476,1,24,1150,191,0,0,0
cold_frozen_i20m_h8_s7_state0_mac0,frozen,cold,final,8,7,i20m,0,0,25000000,25000000,25000000,cohort,12500000,1747,461,0,12,1097,177,0,0,0
cold_frozen_i20m_h8_s7_state0_mac0,frozen,cold,final,8,7,i20m,0,0,25000000,25000000,25000000,cohort,12600000,2053,473,13,182,1032,353,0,0,0
cold_frozen_i20m_h8_s7_state0_mac0,frozen,cold,final,8,7,i20m,0,0,25000000,25000000,25000000,cohort,12700000,1928,476,6,78,1107,261,0,0,0
cold_frozen_i20m_h8_s7_state0_mac0,frozen,cold,final,8,7,i20m,0,0,25000000,25000000,25000000,cohort,12800000,2030,506,2,124,1098,300,0,0,0
cold_frozen_i20m_h8_s7_state0_mac0,frozen,cold,final,8,7,i20m,0,0,25000000,25000000,25000000,cohort,12900000,1807,471,0,22,1133,181,0,0,0
cold_frozen_i20m_h8_s7_state0_mac0,frozen,cold,final,8,7,i20m,0,0,25000000,25000000,25000000,cohort,13000000,1786,474,0,11,1132,169,0,0,0
cold_frozen_i20m_h8_s7_state0_mac0,frozen,cold,final,8,7,i20m,0,0,25000000,25000000,25000000,cohort,13100000,1742,472,0,11,1089,170,0,0,0
cold_frozen_i20m_h8_s7_state0_mac0,frozen,cold,final,8,7,i20m,0,0,25000000,25000000,25000000,cohort,13200000,1987,462,8,170,1017,330,0,0,0
cold_frozen_i20m_h8_s7_state0_mac0,frozen,cold,final,8,7,i20m,0,0,25000000,25000000,25000000,cohort,13300000,1796,471,0,9,1149,167,0,0,0
cold_frozen_i20m_h8_s7_state0_mac0,frozen,cold,final,8,7,i20m,0,0,25000000,25000000,25000000,cohort,13400000,2224,745,0,158,871,442,0,8,8
cold_frozen_i20m_h8_s7_state0_mac0,frozen,cold,final,8,7,i20m,0,0,25000000,25000000,25000000,cohort,13500000,1852,463,0,22,1182,183,0,2,2
cold_frozen_i20m_h8_s7_state0_mac0,frozen,cold,final,8,7,i20m,0,0,25000000,25000000,25000000,cohort,13600000,1858,459,0,17,1204,178,0,0,0
cold_frozen_i20m_h8_s7_state0_mac0,frozen,cold,final,8,7,i20m,0,0,25000000,25000000,25000000,cohort,13700000,1917,484,0,36,1202,195,0,0,0
cold_frozen_i20m_h8_s7_state0_mac0,frozen,cold,final,8,7,i20m,0,0,25000000,25000000,25000000,cohort,13800000,1836,476,0,5,1195,160,0,0,0
cold_frozen_i20m_h8_s7_state0_mac0,frozen,cold,final,8,7,i20m,0,0,25000000,25000000,25000000,cohort,13900000,1884,469,0,35,1194,186,0,0,0
cold_frozen_i20m_h8_s7_state0_mac0,frozen,cold,final,8,7,i20m,0,0,25000000,25000000,25000000,cohort,14000000,1832,475,0,15,1173,169,0,0,0
cold_frozen_i20m_h8_s7_state0_mac0,frozen,cold,final,8,7,i20m,0,0,25000000,25000000,25000000,cohort,14100000,1878,478,0,35,1178,187,0,0,0
cold_frozen_i20m_h8_s7_state0_mac0,frozen,cold,final,8,7,i20m,0,0,25000000,25000000,25000000,cohort,14200000,1882,477,0,19,1209,177,0,0,0
cold_frozen_i20m_h8_s7_state0_mac0,frozen,cold,final,8,7,i20m,0,0,25000000,25000000,25000000,cohort,14300000,1829,472,0,7,1188,162,0,0,0
cold_frozen_i20m_h8_s7_state0_mac0,frozen,cold,final,8,7,i20m,0,0,25000000,25000000,25000000,cohort,14400000,1881,477,0,15,1214,175,0,0,0
cold_frozen_i20m_h8_s7_state0_mac0,frozen,cold,final,8,7,i20m,0,0,25000000,25000000,25000000,cohort,14500000,1836,475,0,6,1194,161,0,0,0
cold_frozen_i20m_h8_s7_state0_mac0,frozen,cold,final,8,7,i20m,0,0,25000000,25000000,25000000,cohort,14600000,1877,476,0,17,1210,174,0,0,0
cold_frozen_i20m_h8_s7_state0_mac0,frozen,cold,final,8,7,i20m,0,0,25000000,25000000,25000000,cohort,14700000,1855,474,0,12,1200,169,0,0,0
cold_frozen_i20m_h8_s7_state0_mac0,frozen,cold,final,8,7,i20m,0,0,25000000,25000000,25000000,cohort,14800000,1820,476,0,10,1174,160,0,0,0
cold_frozen_i20m_h8_s7_state0_mac0,frozen,cold,final,8,7,i20m,0,0,25000000,25000000,25000000,cohort,14900000,1900,472,0,26,1219,183,0,0,0
cold_frozen_i20m_h8_s7_state0_mac0,frozen,cold,final,8,7,i20m,0,0,25000000,25000000,25000000,cohort,15000000,1848,477,0,10,1194,167,0,0,0
cold_frozen_i20m_h8_s7_state0_mac0,frozen,cold,final,8,7,i20m,0,0,25000000,25000000,25000000,cohort,15100000,1890,466,0,42,1188,194,0,0,0
cold_frozen_i20m_h8_s7_state0_mac0,frozen,cold,final,8,7,i20m,0,0,25000000,25000000,25000000,cohort,15200000,1869,479,0,14,1201,175,0,0,0
cold_frozen_i20m_h8_s7_state0_mac0,frozen,cold,final,8,7,i20m,0,0,25000000,25000000,25000000,cohort,15300000,1895,469,0,6,1253,167,0,0,0
cold_frozen_i20m_h8_s7_state0_mac0,frozen,cold,final,8,7,i20m,0,0,25000000,25000000,25000000,cohort,15400000,1892,473,0,11,1237,171,0,0,0
cold_frozen_i20m_h8_s7_state0_mac0,frozen,cold,final,8,7,i20m,0,0,25000000,25000000,25000000,cohort,15500000,1847,475,0,6,1201,165,0,0,0
cold_frozen_i20m_h8_s7_state0_mac0,frozen,cold,final,8,7,i20m,0,0,25000000,25000000,25000000,cohort,15600000,1877,469,0,13,1228,167,0,0,0
cold_frozen_i20m_h8_s7_state0_mac0,frozen,cold,final,8,7,i20m,0,0,25000000,25000000,25000000,cohort,15700000,1847,471,0,9,1197,170,0,0,0
cold_frozen_i20m_h8_s7_state0_mac0,frozen,cold,final,8,7,i20m,0,0,25000000,25000000,25000000,cohort,15800000,1893,467,0,20,1228,178,0,0,0
cold_frozen_i20m_h8_s7_state0_mac0,frozen,cold,final,8,7,i20m,0,0,25000000,25000000,25000000,cohort,15900000,1848,474,0,14,1192,168,0,0,0
cold_frozen_i20m_h8_s7_state0_mac0,frozen,cold,final,8,7,i20m,0,0,25000000,25000000,25000000,cohort,16000000,1863,462,0,12,1210,179,0,0,0
cold_frozen_i20m_h8_s7_state0_mac0,frozen,cold,final,8,7,i20m,0,0,25000000,25000000,25000000,cohort,16100000,1834,469,0,11,1179,175,0,0,0
cold_frozen_i20m_h8_s7_state0_mac0,frozen,cold,final,8,7,i20m,0,0,25000000,25000000,25000000,cohort,16200000,1869,464,0,20,1206,179,0,0,0
cold_frozen_i20m_h8_s7_state0_mac0,frozen,cold,final,8,7,i20m,0,0,25000000,25000000,25000000,cohort,16300000,1840,473,0,4,1198,165,0,0,0
cold_frozen_i20m_h8_s7_state0_mac0,frozen,cold,final,8,7,i20m,0,0,25000000,25000000,25000000,cohort,16400000,1861,466,0,20,1191,184,0,0,0
cold_frozen_i20m_h8_s7_state0_mac0,frozen,cold,final,8,7,i20m,0,0,25000000,25000000,25000000,cohort,16500000,1862,470,0,19,1195,178,0,0,0
cold_frozen_i20m_h8_s7_state0_mac0,frozen,cold,final,8,7,i20m,0,0,25000000,25000000,25000000,cohort,16600000,1851,466,0,15,1198,172,0,0,0
cold_frozen_i20m_h8_s7_state0_mac0,frozen,cold,final,8,7,i20m,0,0,25000000,25000000,25000000,cohort,16700000,1854,461,0,14,1195,184,0,0,0
cold_frozen_i20m_h8_s7_state0_mac0,frozen,cold,final,8,7,i20m,0,0,25000000,25000000,25000000,cohort,16800000,1836,460,0,8,1192,176,0,0,0
cold_frozen_i20m_h8_s7_state0_mac0,frozen,cold,final,8,7,i20m,0,0,25000000,25000000,25000000,cohort,16900000,1898,470,0,19,1227,182,0,0,0
cold_frozen_i20m_h8_s7_state0_mac0,frozen,cold,final,8,7,i20m,0,0,25000000,25000000,25000000,cohort,17000000,1838,467,0,12,1191,168,0,0,0
cold_frozen_i20m_h8_s7_state0_mac0,frozen,cold,final,8,7,i20m,0,0,25000000,25000000,25000000,cohort,17100000,1827,467,0,18,1163,179,0,0,0
cold_frozen_i20m_h8_s7_state0_mac0,frozen,cold,final,8,7,i20m,0,0,25000000,25000000,25000000,cohort,17200000,1882,472,1,12,1224,173,0,0,0
cold_frozen_i20m_h8_s7_state0_mac0,frozen,cold,final,8,7,i20m,0,0,25000000,25000000,25000000,cohort,17300000,1862,473,0,7,1214,168,0,0,0
cold_frozen_i20m_h8_s7_state0_mac0,frozen,cold,final,8,7,i20m,0,0,25000000,25000000,25000000,cohort,17400000,1888,476,0,17,1222,173,0,0,0
cold_frozen_i20m_h8_s7_state0_mac0,frozen,cold,final,8,7,i20m,0,0,25000000,25000000,25000000,cohort,17500000,1875,475,0,12,1220,168,0,0,0
cold_frozen_i20m_h8_s7_state0_mac0,frozen,cold,final,8,7,i20m,0,0,25000000,25000000,25000000,cohort,17600000,1866,471,0,15,1207,173,0,0,0
cold_frozen_i20m_h8_s7_state0_mac0,frozen,cold,final,8,7,i20m,0,0,25000000,25000000,25000000,cohort,17700000,1862,474,0,22,1190,176,0,0,0
cold_frozen_i20m_h8_s7_state0_mac0,frozen,cold,final,8,7,i20m,0,0,25000000,25000000,25000000,cohort,17800000,1862,471,0,14,1208,169,0,0,0
cold_frozen_i20m_h8_s7_state0_mac0,frozen,cold,final,8,7,i20m,0,0,25000000,25000000,25000000,cohort,17900000,1891,474,0,17,1225,175,0,0,0
cold_frozen_i20m_h8_s7_state0_mac0,frozen,cold,final,8,7,i20m,0,0,25000000,25000000,25000000,cohort,18000000,1862,480,0,3,1214,165,0,0,0
cold_frozen_i20m_h8_s7_state0_mac0,frozen,cold,final,8,7,i20m,0,0,25000000,25000000,25000000,cohort,18100000,1884,474,0,12,1227,171,0,0,0
cold_frozen_i20m_h8_s7_state0_mac0,frozen,cold,final,8,7,i20m,0,0,25000000,25000000,25000000,cohort,18200000,1842,473,0,8,1197,164,0,0,0
cold_frozen_i20m_h8_s7_state0_mac0,frozen,cold,final,8,7,i20m,0,0,25000000,25000000,25000000,cohort,18300000,1882,474,0,16,1224,168,0,0,0
cold_frozen_i20m_h8_s7_state0_mac0,frozen,cold,final,8,7,i20m,0,0,25000000,25000000,25000000,cohort,18400000,1845,472,0,13,1190,170,0,0,0
cold_frozen_i20m_h8_s7_state0_mac0,frozen,cold,final,8,7,i20m,0,0,25000000,25000000,25000000,cohort,18500000,1846,472,0,14,1189,171,0,0,0
cold_frozen_i20m_h8_s7_state0_mac0,frozen,cold,final,8,7,i20m,0,0,25000000,25000000,25000000,cohort,18600000,1875,472,0,19,1203,181,0,0,0
cold_frozen_i20m_h8_s7_state0_mac0,frozen,cold,final,8,7,i20m,0,0,25000000,25000000,25000000,cohort,18700000,1846,471,0,5,1202,168,0,0,0
cold_frozen_i20m_h8_s7_state0_mac0,frozen,cold,final,8,7,i20m,0,0,25000000,25000000,25000000,cohort,18800000,1911,462,0,12,1262,175,0,0,0
cold_frozen_i20m_h8_s7_state0_mac0,frozen,cold,final,8,7,i20m,0,0,25000000,25000000,25000000,cohort,18900000,1842,468,0,7,1196,171,0,0,0
cold_frozen_i20m_h8_s7_state0_mac0,frozen,cold,final,8,7,i20m,0,0,25000000,25000000,25000000,cohort,19000000,1887,459,0,8,1240,180,0,0,0
cold_frozen_i20m_h8_s7_state0_mac0,frozen,cold,final,8,7,i20m,0,0,25000000,25000000,25000000,cohort,19100000,1839,461,0,15,1184,179,0,0,0
cold_frozen_i20m_h8_s7_state0_mac0,frozen,cold,final,8,7,i20m,0,0,25000000,25000000,25000000,cohort,19200000,1832,468,0,6,1191,167,0,0,0
cold_frozen_i20m_h8_s7_state0_mac0,frozen,cold,final,8,7,i20m,0,0,25000000,25000000,25000000,cohort,19300000,1888,467,0,17,1225,179,0,0,0
cold_frozen_i20m_h8_s7_state0_mac0,frozen,cold,final,8,7,i20m,0,0,25000000,25000000,25000000,cohort,19400000,1836,474,0,6,1192,164,0,0,0
cold_frozen_i20m_h8_s7_state0_mac0,frozen,cold,final,8,7,i20m,0,0,25000000,25000000,25000000,cohort,19500000,1880,471,0,25,1202,182,0,0,0
cold_frozen_i20m_h8_s7_state0_mac0,frozen,cold,final,8,7,i20m,0,0,25000000,25000000,25000000,cohort,19600000,1838,472,1,9,1188,168,0,0,0
cold_frozen_i20m_h8_s7_state0_mac0,frozen,cold,final,8,7,i20m,0,0,25000000,25000000,25000000,cohort,19700000,1892,473,0,21,1222,176,0,0,0
cold_frozen_i20m_h8_s7_state0_mac0,frozen,cold,final,8,7,i20m,0,0,25000000,25000000,25000000,cohort,19800000,1848,473,0,14,1189,172,0,0,0
cold_frozen_i20m_h8_s7_state0_mac0,frozen,cold,final,8,7,i20m,0,0,25000000,25000000,25000000,cohort,19900000,1856,467,0,14,1205,170,0,0,0
cold_frozen_i20m_h8_s7_state0_mac0,frozen,cold,final,8,7,i20m,0,0,25000000,25000000,25000000,cohort,20000000,1855,460,0,11,1200,184,0,0,0
cold_frozen_i20m_h8_s7_state0_mac0,frozen,cold,final,8,7,i20m,0,0,25000000,25000000,25000000,cohort,20100000,1817,464,0,15,1162,176,0,0,0
cold_frozen_i20m_h8_s7_state0_mac0,frozen,cold,final,8,7,i20m,0,0,25000000,25000000,25000000,cohort,20200000,1853,464,0,11,1200,178,0,0,0
cold_frozen_i20m_h8_s7_state0_mac0,frozen,cold,final,8,7,i20m,0,0,25000000,25000000,25000000,cohort,20300000,1829,468,0,8,1187,166,0,0,0
cold_frozen_i20m_h8_s7_state0_mac0,frozen,cold,final,8,7,i20m,0,0,25000000,25000000,25000000,cohort,20400000,1848,464,0,17,1186,181,0,0,0
cold_frozen_i20m_h8_s7_state0_mac0,frozen,cold,final,8,7,i20m,0,0,25000000,25000000,25000000,cohort,20500000,1829,461,0,9,1182,177,0,0,0
cold_frozen_i20m_h8_s7_state0_mac0,frozen,cold,final,8,7,i20m,0,0,25000000,25000000,25000000,cohort,20600000,1823,462,0,4,1185,172,0,0,0
cold_frozen_i20m_h8_s7_state0_mac0,frozen,cold,final,8,7,i20m,0,0,25000000,25000000,25000000,cohort,20700000,1851,458,0,17,1185,187,0,4,4
cold_frozen_i20m_h8_s7_state0_mac0,frozen,cold,final,8,7,i20m,0,0,25000000,25000000,25000000,cohort,20800000,1839,464,0,10,1188,177,0,0,0
cold_frozen_i20m_h8_s7_state0_mac0,frozen,cold,final,8,7,i20m,0,0,25000000,25000000,25000000,cohort,20900000,1860,461,0,9,1210,180,0,0,0
cold_frozen_i20m_h8_s7_state0_mac0,frozen,cold,final,8,7,i20m,0,0,25000000,25000000,25000000,cohort,21000000,1839,460,0,18,1178,183,0,0,0
cold_frozen_i20m_h8_s7_state0_mac0,frozen,cold,final,8,7,i20m,0,0,25000000,25000000,25000000,cohort,21100000,1857,461,0,10,1208,178,0,0,0
cold_frozen_i20m_h8_s7_state0_mac0,frozen,cold,final,8,7,i20m,0,0,25000000,25000000,25000000,cohort,21200000,1826,464,0,3,1190,169,0,0,0
cold_frozen_i20m_h8_s7_state0_mac0,frozen,cold,final,8,7,i20m,0,0,25000000,25000000,25000000,cohort,21300000,1848,466,0,14,1192,176,0,0,0
cold_frozen_i20m_h8_s7_state0_mac0,frozen,cold,final,8,7,i20m,0,0,25000000,25000000,25000000,cohort,21400000,1864,468,0,25,1187,183,0,1,1
cold_frozen_i20m_h8_s7_state0_mac0,frozen,cold,final,8,7,i20m,0,0,25000000,25000000,25000000,cohort,21500000,1842,473,0,8,1194,167,0,0,0
cold_frozen_i20m_h8_s7_state0_mac0,frozen,cold,final,8,7,i20m,0,0,25000000,25000000,25000000,cohort,21600000,1889,472,0,18,1224,175,0,0,0
cold_frozen_i20m_h8_s7_state0_mac0,frozen,cold,final,8,7,i20m,0,0,25000000,25000000,25000000,cohort,21700000,1836,476,0,15,1171,174,0,0,0
cold_frozen_i20m_h8_s7_state0_mac0,frozen,cold,final,8,7,i20m,0,0,25000000,25000000,25000000,cohort,21800000,1896,478,0,11,1235,172,0,0,0
cold_frozen_i20m_h8_s7_state0_mac0,frozen,cold,final,8,7,i20m,0,0,25000000,25000000,25000000,cohort,21900000,1857,474,0,9,1211,163,0,0,0
cold_frozen_i20m_h8_s7_state0_mac0,frozen,cold,final,8,7,i20m,0,0,25000000,25000000,25000000,cohort,22000000,1869,473,0,12,1215,169,0,0,0
cold_frozen_i20m_h8_s7_state0_mac0,frozen,cold,final,8,7,i20m,0,0,25000000,25000000,25000000,cohort,22100000,1891,472,0,16,1232,171,0,0,0
cold_frozen_i20m_h8_s7_state0_mac0,frozen,cold,final,8,7,i20m,0,0,25000000,25000000,25000000,cohort,22200000,1884,476,0,7,1241,160,0,0,0
cold_frozen_i20m_h8_s7_state0_mac0,frozen,cold,final,8,7,i20m,0,0,25000000,25000000,25000000,cohort,22300000,1904,474,0,22,1229,179,0,0,0
cold_frozen_i20m_h8_s7_state0_mac0,frozen,cold,final,8,7,i20m,0,0,25000000,25000000,25000000,cohort,22400000,1833,475,0,12,1181,165,0,0,0
cold_frozen_i20m_h8_s7_state0_mac0,frozen,cold,final,8,7,i20m,0,0,25000000,25000000,25000000,cohort,22500000,1874,472,0,35,1180,187,0,0,0
cold_frozen_i20m_h8_s7_state0_mac0,frozen,cold,final,8,7,i20m,0,0,25000000,25000000,25000000,cohort,22600000,1851,472,0,17,1190,172,0,0,0
cold_frozen_i20m_h8_s7_state0_mac0,frozen,cold,final,8,7,i20m,0,0,25000000,25000000,25000000,cohort,22700000,1863,475,0,13,1205,170,0,0,0
cold_frozen_i20m_h8_s7_state0_mac0,frozen,cold,final,8,7,i20m,0,0,25000000,25000000,25000000,cohort,22800000,1882,471,0,18,1218,175,0,0,0
cold_frozen_i20m_h8_s7_state0_mac0,frozen,cold,final,8,7,i20m,0,0,25000000,25000000,25000000,cohort,22900000,1849,475,0,7,1205,162,0,0,0
cold_frozen_i20m_h8_s7_state0_mac0,frozen,cold,final,8,7,i20m,0,0,25000000,25000000,25000000,cohort,23000000,1892,469,0,22,1221,180,0,0,0
cold_frozen_i20m_h8_s7_state0_mac0,frozen,cold,final,8,7,i20m,0,0,25000000,25000000,25000000,cohort,23100000,1846,476,0,15,1183,172,0,0,0
cold_frozen_i20m_h8_s7_state0_mac0,frozen,cold,final,8,7,i20m,0,0,25000000,25000000,25000000,cohort,23200000,1925,471,0,26,1251,177,0,0,0
cold_frozen_i20m_h8_s7_state0_mac0,frozen,cold,final,8,7,i20m,0,0,25000000,25000000,25000000,cohort,23300000,1873,473,0,13,1213,173,0,1,1
cold_frozen_i20m_h8_s7_state0_mac0,frozen,cold,final,8,7,i20m,0,0,25000000,25000000,25000000,cohort,23400000,1855,472,0,3,1216,164,0,0,0
cold_frozen_i20m_h8_s7_state0_mac0,frozen,cold,final,8,7,i20m,0,0,25000000,25000000,25000000,cohort,23500000,1855,469,0,14,1197,175,0,0,0
cold_frozen_i20m_h8_s7_state0_mac0,frozen,cold,final,8,7,i20m,0,0,25000000,25000000,25000000,cohort,23600000,1860,472,0,8,1212,168,0,0,0
cold_frozen_i20m_h8_s7_state0_mac0,frozen,cold,final,8,7,i20m,0,0,25000000,25000000,25000000,cohort,23700000,1862,472,0,14,1204,172,0,0,0
cold_frozen_i20m_h8_s7_state0_mac0,frozen,cold,final,8,7,i20m,0,0,25000000,25000000,25000000,cohort,23800000,1834,477,0,7,1184,166,0,0,0
cold_frozen_i20m_h8_s7_state0_mac0,frozen,cold,final,8,7,i20m,0,0,25000000,25000000,25000000,cohort,23900000,1848,463,0,9,1203,173,0,0,0
cold_frozen_i20m_h8_s7_state0_mac0,frozen,cold,final,8,7,i20m,0,0,25000000,25000000,25000000,cohort,24000000,1842,466,0,7,1197,172,0,0,0
cold_frozen_i20m_h8_s7_state0_mac0,frozen,cold,final,8,7,i20m,0,0,25000000,25000000,25000000,cohort,24100000,1827,463,0,8,1184,172,0,0,0
cold_frozen_i20m_h8_s7_state0_mac0,frozen,cold,final,8,7,i20m,0,0,25000000,25000000,25000000,cohort,24200000,1856,471,1,9,1201,174,0,0,0
cold_frozen_i20m_h8_s7_state0_mac0,frozen,cold,final,8,7,i20m,0,0,25000000,25000000,25000000,cohort,24300000,1859,470,0,2,1222,165,0,0,0
cold_frozen_i20m_h8_s7_state0_mac0,frozen,cold,final,8,7,i20m,0,0,25000000,25000000,25000000,cohort,24400000,1856,475,0,9,1203,167,0,2,2
cold_frozen_i20m_h8_s7_state0_mac0,frozen,cold,final,8,7,i20m,0,0,25000000,25000000,25000000,cohort,24500000,1832,460,1,5,1189,174,0,3,3
cold_frozen_i20m_h8_s7_state0_mac0,frozen,cold,final,8,7,i20m,0,0,25000000,25000000,25000000,cohort,24600000,1867,462,0,3,1211,180,0,11,11
cold_frozen_i20m_h8_s7_state0_mac0,frozen,cold,final,8,7,i20m,0,0,25000000,25000000,25000000,cohort,24700000,1841,475,0,0,1202,161,0,3,3
cold_frozen_i20m_h8_s7_state0_mac0,frozen,cold,final,8,7,i20m,0,0,25000000,25000000,25000000,cohort,24800000,1837,472,0,0,1195,165,0,5,5
cold_frozen_i20m_h8_s7_state0_mac0,frozen,cold,final,8,7,i20m,0,0,25000000,25000000,25000000,cohort,24900000,1856,460,0,0,1212,173,0,11,11
cold_online_random_h16_s17_state0_mac0,scratch,cold,final,16,17,,0,0,25000000,25000000,25000000,cohort,0,1334,104,4,7,467,752,0,0,0
cold_online_random_h16_s17_state0_mac0,scratch,cold,final,16,17,,0,0,25000000,25000000,25000000,cohort,100000,2816,784,8,20,1980,24,0,0,0
cold_online_random_h16_s17_state0_mac0,scratch,cold,final,16,17,,0,0,25000000,25000000,25000000,cohort,200000,2122,529,0,16,1442,135,0,0,0
cold_online_random_h16_s17_state0_mac0,scratch,cold,final,16,17,,0,0,25000000,25000000,25000000,cohort,300000,1906,473,0,3,1270,160,0,0,0
cold_online_random_h16_s17_state0_mac0,scratch,cold,final,16,17,,0,0,25000000,25000000,25000000,cohort,400000,1908,473,0,1,1276,158,0,0,0
cold_online_random_h16_s17_state0_mac0,scratch,cold,final,16,17,,0,0,25000000,25000000,25000000,cohort,500000,1920,472,0,3,1285,160,0,0,0
cold_online_random_h16_s17_state0_mac0,scratch,cold,final,16,17,,0,0,25000000,25000000,25000000,cohort,600000,1526,358,0,5,1040,123,0,0,0
cold_online_random_h16_s17_state0_mac0,scratch,cold,final,16,17,,0,0,25000000,25000000,25000000,cohort,700000,1976,490,3,14,1292,177,0,0,0
cold_online_random_h16_s17_state0_mac0,scratch,cold,final,16,17,,0,0,25000000,25000000,25000000,cohort,800000,1420,489,0,3,775,153,0,0,0
cold_online_random_h16_s17_state0_mac0,scratch,cold,final,16,17,,0,0,25000000,25000000,25000000,cohort,900000,1922,471,0,7,1282,162,0,0,0
cold_online_random_h16_s17_state0_mac0,scratch,cold,final,16,17,,0,0,25000000,25000000,25000000,cohort,1000000,1938,472,0,5,1298,163,0,0,0
cold_online_random_h16_s17_state0_mac0,scratch,cold,final,16,17,,0,0,25000000,25000000,25000000,cohort,1100000,1914,472,0,4,1278,160,0,0,0
cold_online_random_h16_s17_state0_mac0,scratch,cold,final,16,17,,0,0,25000000,25000000,25000000,cohort,1200000,1922,468,0,8,1282,164,0,0,0
cold_online_random_h16_s17_state0_mac0,scratch,cold,final,16,17,,0,0,25000000,25000000,25000000,cohort,1300000,1928,471,0,6,1290,161,0,0,0
cold_online_random_h16_s17_state0_mac0,scratch,cold,final,16,17,,0,0,25000000,25000000,25000000,cohort,1400000,1606,472,0,4,968,162,0,0,0
cold_online_random_h16_s17_state0_mac0,scratch,cold,final,16,17,,0,0,25000000,25000000,25000000,cohort,1500000,1962,499,0,3,1313,147,0,0,0
cold_online_random_h16_s17_state0_mac0,scratch,cold,final,16,17,,0,0,25000000,25000000,25000000,cohort,1600000,1924,445,1,8,1286,184,0,0,0
cold_online_random_h16_s17_state0_mac0,scratch,cold,final,16,17,,0,0,25000000,25000000,25000000,cohort,1700000,1928,470,0,5,1285,168,0,0,0
cold_online_random_h16_s17_state0_mac0,scratch,cold,final,16,17,,0,0,25000000,25000000,25000000,cohort,1800000,1932,471,0,5,1293,163,0,0,0
cold_online_random_h16_s17_state0_mac0,scratch,cold,final,16,17,,0,0,25000000,25000000,25000000,cohort,1900000,1930,469,0,4,1288,169,0,0,0
cold_online_random_h16_s17_state0_mac0,scratch,cold,final,16,17,,0,0,25000000,25000000,25000000,cohort,2000000,1919,476,0,3,1280,160,0,0,0
cold_online_random_h16_s17_state0_mac0,scratch,cold,final,16,17,,0,0,25000000,25000000,25000000,cohort,2100000,1930,470,0,7,1286,167,0,0,0
cold_online_random_h16_s17_state0_mac0,scratch,cold,final,16,17,,0,0,25000000,25000000,25000000,cohort,2200000,1932,473,0,5,1292,162,0,0,0
cold_online_random_h16_s17_state0_mac0,scratch,cold,final,16,17,,0,0,25000000,25000000,25000000,cohort,2300000,1799,472,0,5,1157,165,0,0,0
cold_online_random_h16_s17_state0_mac0,scratch,cold,final,16,17,,0,0,25000000,25000000,25000000,cohort,2400000,1920,463,0,9,1282,166,0,0,0
cold_online_random_h16_s17_state0_mac0,scratch,cold,final,16,17,,0,0,25000000,25000000,25000000,cohort,2500000,1526,471,0,9,876,170,0,0,0
cold_online_random_h16_s17_state0_mac0,scratch,cold,final,16,17,,0,0,25000000,25000000,25000000,cohort,2600000,1301,472,0,15,645,169,0,0,0
cold_online_random_h16_s17_state0_mac0,scratch,cold,final,16,17,,0,0,25000000,25000000,25000000,cohort,2700000,1792,479,0,3,1145,165,0,0,0
cold_online_random_h16_s17_state0_mac0,scratch,cold,final,16,17,,0,0,25000000,25000000,25000000,cohort,2800000,1692,471,0,7,1054,160,0,0,0
cold_online_random_h16_s17_state0_mac0,scratch,cold,final,16,17,,0,0,25000000,25000000,25000000,cohort,2900000,1938,475,0,8,1286,169,0,0,0
cold_online_random_h16_s17_state0_mac0,scratch,cold,final,16,17,,0,0,25000000,25000000,25000000,cohort,3000000,1746,474,0,6,1105,161,0,0,0
cold_online_random_h16_s17_state0_mac0,scratch,cold,final,16,17,,0,0,25000000,25000000,25000000,cohort,3100000,1792,471,0,4,1155,162,0,0,0
cold_online_random_h16_s17_state0_mac0,scratch,cold,final,16,17,,0,0,25000000,25000000,25000000,cohort,3200000,1954,475,1,12,1299,167,0,0,0
cold_online_random_h16_s17_state0_mac0,scratch,cold,final,16,17,,0,0,25000000,25000000,25000000,cohort,3300000,1786,476,0,12,1133,165,0,0,0
cold_online_random_h16_s17_state0_mac0,scratch,cold,final,16,17,,0,0,25000000,25000000,25000000,cohort,3400000,1922,473,0,7,1280,162,0,0,0
cold_online_random_h16_s17_state0_mac0,scratch,cold,final,16,17,,0,0,25000000,25000000,25000000,cohort,3500000,1962,473,0,12,1309,168,0,0,0
cold_online_random_h16_s17_state0_mac0,scratch,cold,final,16,17,,0,0,25000000,25000000,25000000,cohort,3600000,1688,471,0,20,1025,172,0,0,0
cold_online_random_h16_s17_state0_mac0,scratch,cold,final,16,17,,0,0,25000000,25000000,25000000,cohort,3700000,1908,475,0,10,1261,162,0,0,0
cold_online_random_h16_s17_state0_mac0,scratch,cold,final,16,17,,0,0,25000000,25000000,25000000,cohort,3800000,1732,473,0,11,1086,162,0,0,0
cold_online_random_h16_s17_state0_mac0,scratch,cold,final,16,17,,0,0,25000000,25000000,25000000,cohort,3900000,1762,473,0,14,1111,164,0,0,0
cold_online_random_h16_s17_state0_mac0,scratch,cold,final,16,17,,0,0,25000000,25000000,25000000,cohort,4000000,1626,472,0,17,969,168,0,0,0
cold_online_random_h16_s17_state0_mac0,scratch,cold,final,16,17,,0,0,25000000,25000000,25000000,cohort,4100000,1850,475,0,5,1208,162,0,0,0
cold_online_random_h16_s17_state0_mac0,scratch,cold,final,16,17,,0,0,25000000,25000000,25000000,cohort,4200000,1480,470,0,10,835,165,0,0,0
cold_online_random_h16_s17_state0_mac0,scratch,cold,final,16,17,,0,0,25000000,25000000,25000000,cohort,4300000,1932,475,0,8,1287,162,0,0,0
cold_online_random_h16_s17_state0_mac0,scratch,cold,final,16,17,,0,0,25000000,25000000,25000000,cohort,4400000,1876,472,0,9,1234,161,0,0,0
cold_online_random_h16_s17_state0_mac0,scratch,cold,final,16,17,,0,0,25000000,25000000,25000000,cohort,4500000,1816,474,0,9,1167,166,0,0,0
cold_online_random_h16_s17_state0_mac0,scratch,cold,final,16,17,,0,0,25000000,25000000,25000000,cohort,4600000,1680,476,0,5,1034,165,0,0,0
cold_online_random_h16_s17_state0_mac0,scratch,cold,final,16,17,,0,0,25000000,25000000,25000000,cohort,4700000,1948,473,2,7,1297,169,0,0,0
cold_online_random_h16_s17_state0_mac0,scratch,cold,final,16,17,,0,0,25000000,25000000,25000000,cohort,4800000,1940,476,0,8,1297,159,0,0,0
cold_online_random_h16_s17_state0_mac0,scratch,cold,final,16,17,,0,0,25000000,25000000,25000000,cohort,4900000,1940,471,0,22,1276,171,0,0,0
cold_online_random_h16_s17_state0_mac0,scratch,cold,final,16,17,,0,0,25000000,25000000,25000000,cohort,5000000,1902,469,0,14,1255,164,0,0,0
cold_online_random_h16_s17_state0_mac0,scratch,cold,final,16,17,,0,0,25000000,25000000,25000000,cohort,5100000,1834,473,0,15,1179,167,0,0,0
cold_online_random_h16_s17_state0_mac0,scratch,cold,final,16,17,,0,0,25000000,25000000,25000000,cohort,5200000,1936,472,0,22,1271,171,0,0,0
cold_online_random_h16_s17_state0_mac0,scratch,cold,final,16,17,,0,0,25000000,25000000,25000000,cohort,5300000,1768,473,0,20,1104,171,0,0,0
cold_online_random_h16_s17_state0_mac0,scratch,cold,final,16,17,,0,0,25000000,25000000,25000000,cohort,5400000,1532,468,0,22,871,171,0,0,0
cold_online_random_h16_s17_state0_mac0,scratch,cold,final,16,17,,0,0,25000000,25000000,25000000,cohort,5500000,1928,470,0,17,1272,169,0,0,0
cold_online_random_h16_s17_state0_mac0,scratch,cold,final,16,17,,0,0,25000000,25000000,25000000,cohort,5600000,1868,472,1,19,1209,167,0,0,0
cold_online_random_h16_s17_state0_mac0,scratch,cold,final,16,17,,0,0,25000000,25000000,25000000,cohort,5700000,1924,474,0,20,1258,172,0,0,0
cold_online_random_h16_s17_state0_mac0,scratch,cold,final,16,17,,0,0,25000000,25000000,25000000,cohort,5800000,1932,475,0,21,1269,167,0,0,0
cold_online_random_h16_s17_state0_mac0,scratch,cold,final,16,17,,0,0,25000000,25000000,25000000,cohort,5900000,1976,471,0,22,1313,170,0,0,0
cold_online_random_h16_s17_state0_mac0,scratch,cold,final,16,17,,0,0,25000000,25000000,25000000,cohort,6000000,1592,473,0,7,950,162,0,0,0
cold_online_random_h16_s17_state0_mac0,scratch,cold,final,16,17,,0,0,25000000,25000000,25000000,cohort,6100000,1938,467,0,17,1283,171,0,0,0
cold_online_random_h16_s17_state0_mac0,scratch,cold,final,16,17,,0,0,25000000,25000000,25000000,cohort,6200000,1894,474,0,9,1248,163,0,0,0
cold_online_random_h16_s17_state0_mac0,scratch,cold,final,16,17,,0,0,25000000,25000000,25000000,cohort,6300000,1898,473,1,19,1237,168,0,0,0
cold_online_random_h16_s17_state0_mac0,scratch,cold,final,16,17,,0,0,25000000,25000000,25000000,cohort,6400000,1898,476,2,15,1239,166,0,0,0
cold_online_random_h16_s17_state0_mac0,scratch,cold,final,16,17,,0,0,25000000,25000000,25000000,cohort,6500000,1830,475,0,8,1182,165,0,0,0
cold_online_random_h16_s17_state0_mac0,scratch,cold,final,16,17,,0,0,25000000,25000000,25000000,cohort,6600000,1798,477,0,14,1137,170,0,0,0
cold_online_random_h16_s17_state0_mac0,scratch,cold,final,16,17,,0,0,25000000,25000000,25000000,cohort,6700000,1930,475,1,11,1279,164,0,0,0
cold_online_random_h16_s17_state0_mac0,scratch,cold,final,16,17,,0,0,25000000,25000000,25000000,cohort,6800000,1932,471,0,15,1278,168,0,0,0
cold_online_random_h16_s17_state0_mac0,scratch,cold,final,16,17,,0,0,25000000,25000000,25000000,cohort,6900000,1486,472,0,12,835,167,0,0,0
cold_online_random_h16_s17_state0_mac0,scratch,cold,final,16,17,,0,0,25000000,25000000,25000000,cohort,7000000,1582,477,0,9,938,158,0,0,0
cold_online_random_h16_s17_state0_mac0,scratch,cold,final,16,17,,0,0,25000000,25000000,25000000,cohort,7100000,1768,469,0,18,1112,169,0,0,0
cold_online_random_h16_s17_state0_mac0,scratch,cold,final,16,17,,0,0,25000000,25000000,25000000,cohort,7200000,1770,474,0,12,1118,166,0,0,0
cold_online_random_h16_s17_state0_mac0,scratch,cold,final,16,17,,0,0,25000000,25000000,25000000,cohort,7300000,1886,474,0,14,1233,165,0,0,0
cold_online_random_h16_s17_state0_mac0,scratch,cold,final,16,17,,0,0,25000000,25000000,25000000,cohort,7400000,1844,471,0,10,1198,165,0,0,0
cold_online_random_h16_s17_state0_mac0,scratch,cold,final,16,17,,0,0,25000000,25000000,25000000,cohort,7500000,1822,470,0,10,1173,169,0,0,0
cold_online_random_h16_s17_state0_mac0,scratch,cold,final,16,17,,0,0,25000000,25000000,25000000,cohort,7600000,1796,477,0,3,1157,159,0,0,0
cold_online_random_h16_s17_state0_mac0,scratch,cold,final,16,17,,0,0,25000000,25000000,25000000,cohort,7700000,1922,470,0,10,1280,162,0,0,0
cold_online_random_h16_s17_state0_mac0,scratch,cold,final,16,17,,0,0,25000000,25000000,25000000,cohort,7800000,1902,471,0,15,1247,169,0,0,0
cold_online_random_h16_s17_state0_mac0,scratch,cold,final,16,17,,0,0,25000000,25000000,25000000,cohort,7900000,1694,476,0,7,1052,159,0,0,0
cold_online_random_h16_s17_state0_mac0,scratch,cold,final,16,17,,0,0,25000000,25000000,25000000,cohort,8000000,1630,469,0,21,972,168,0,0,0
cold_online_random_h16_s17_state0_mac0,scratch,cold,final,16,17,,0,0,25000000,25000000,25000000,cohort,8100000,1682,465,0,17,1034,166,0,0,0
cold_online_random_h16_s17_state0_mac0,scratch,cold,final,16,17,,0,0,25000000,25000000,25000000,cohort,8200000,1576,474,0,11,925,166,0,0,0
cold_online_random_h16_s17_state0_mac0,scratch,cold,final,16,17,,0,0,25000000,25000000,25000000,cohort,8300000,1856,476,0,6,1215,159,0,0,0
cold_online_random_h16_s17_state0_mac0,scratch,cold,final,16,17,,0,0,25000000,25000000,25000000,cohort,8400000,1710,476,0,10,1063,161,0,0,0
cold_online_random_h16_s17_state0_mac0,scratch,cold,final,16,17,,0,0,25000000,25000000,25000000,cohort,8500000,1943,480,1,20,1265,177,0,0,0
cold_online_random_h16_s17_state0_mac0,scratch,cold,final,16,17,,0,0,25000000,25000000,25000000,cohort,8600000,1868,479,1,12,1214,162,0,0,0
cold_online_random_h16_s17_state0_mac0,scratch,cold,final,16,17,,0,0,25000000,25000000,25000000,cohort,8700000,1850,477,1,16,1190,166,0,0,0
cold_online_random_h16_s17_state0_mac0,scratch,cold,final,16,17,,0,0,25000000,25000000,25000000,cohort,8800000,1870,476,0,18,1206,170,0,0,0
cold_online_random_h16_s17_state0_mac0,scratch,cold,final,16,17,,0,0,25000000,25000000,25000000,cohort,8900000,1728,473,0,14,1078,163,0,0,0
cold_online_random_h16_s17_state0_mac0,scratch,cold,final,16,17,,0,0,25000000,25000000,25000000,cohort,9000000,1912,473,0,11,1263,165,0,0,0
cold_online_random_h16_s17_state0_mac0,scratch,cold,final,16,17,,0,0,25000000,25000000,25000000,cohort,9100000,1838,475,0,11,1187,165,0,0,0
cold_online_random_h16_s17_state0_mac0,scratch,cold,final,16,17,,0,0,25000000,25000000,25000000,cohort,9200000,1932,474,0,17,1272,169,0,0,0
cold_online_random_h16_s17_state0_mac0,scratch,cold,final,16,17,,0,0,25000000,25000000,25000000,cohort,9300000,1660,473,0,7,1018,162,0,0,0
cold_online_random_h16_s17_state0_mac0,scratch,cold,final,16,17,,0,0,25000000,25000000,25000000,cohort,9400000,1850,472,0,12,1202,164,0,0,0
cold_online_random_h16_s17_state0_mac0,scratch,cold,final,16,17,,0,0,25000000,25000000,25000000,cohort,9500000,1584,476,0,8,936,164,0,0,0
cold_online_random_h16_s17_state0_mac0,scratch,cold,final,16,17,,0,0,25000000,25000000,25000000,cohort,9600000,1490,473,0,13,835,169,0,0,0
cold_online_random_h16_s17_state0_mac0,scratch,cold,final,16,17,,0,0,25000000,25000000,25000000,cohort,9700000,1732,470,0,14,1079,169,0,0,0
cold_online_random_h16_s17_state0_mac0,scratch,cold,final,16,17,,0,0,25000000,25000000,25000000,cohort,9800000,1792,474,0,20,1130,168,0,0,0
cold_online_random_h16_s17_state0_mac0,scratch,cold,final,16,17,,0,0,25000000,25000000,25000000,cohort,9900000,1842,471,0,14,1187,170,0,0,0
cold_online_random_h16_s17_state0_mac0,scratch,cold,final,16,17,,0,0,25000000,25000000,25000000,cohort,10000000,1568,473,0,14,919,162,0,0,0
cold_online_random_h16_s17_state0_mac0,scratch,cold,final,16,17,,0,0,25000000,25000000,25000000,cohort,10100000,1894,475,1,6,1248,164,0,0,0
cold_online_random_h16_s17_state0_mac0,scratch,cold,final,16,17,,0,0,25000000,25000000,25000000,cohort,10200000,1812,475,0,6,1172,159,0,0,0
cold_online_random_h16_s17_state0_mac0,scratch,cold,final,16,17,,0,0,25000000,25000000,25000000,cohort,10300000,1830,474,0,10,1181,165,0,0,0
cold_online_random_h16_s17_state0_mac0,scratch,cold,final,16,17,,0,0,25000000,25000000,25000000,cohort,10400000,1748,474,0,8,1104,162,0,0,0
cold_online_random_h16_s17_state0_mac0,scratch,cold,final,16,17,,0,0,25000000,25000000,25000000,cohort,10500000,1654,476,0,4,1013,161,0,0,0
cold_online_random_h16_s17_state0_mac0,scratch,cold,final,16,17,,0,0,25000000,25000000,25000000,cohort,10600000,1818,471,0,15,1163,169,0,0,0
cold_online_random_h16_s17_state0_mac0,scratch,cold,final,16,17,,0,0,25000000,25000000,25000000,cohort,10700000,1810,476,0,4,1169,161,0,0,0
cold_online_random_h16_s17_state0_mac0,scratch,cold,final,16,17,,0,0,25000000,25000000,25000000,cohort,10800000,1738,469,0,16,1084,169,0,0,0
cold_online_random_h16_s17_state0_mac0,scratch,cold,final,16,17,,0,0,25000000,25000000,25000000,cohort,10900000,1876,476,0,8,1230,162,0,0,0
cold_online_random_h16_s17_state0_mac0,scratch,cold,final,16,17,,0,0,25000000,25000000,25000000,cohort,11000000,1798,467,0,19,1143,169,0,0,0
cold_online_random_h16_s17_state0_mac0,scratch,cold,final,16,17,,0,0,25000000,25000000,25000000,cohort,11100000,1752,474,0,11,1101,166,0,0,0
cold_online_random_h16_s17_state0_mac0,scratch,cold,final,16,17,,0,0,25000000,25000000,25000000,cohort,11200000,1802,471,0,16,1147,168,0,0,0
cold_online_random_h16_s17_state0_mac0,scratch,cold,final,16,17,,0,0,25000000,25000000,25000000,cohort,11300000,1668,469,0,16,1016,167,0,0,0
cold_online_random_h16_s17_state0_mac0,scratch,cold,final,16,17,,0,0,25000000,25000000,25000000,cohort,11400000,1782,468,11,19,1101,183,0,0,0
cold_online_random_h16_s17_state0_mac0,scratch,cold,final,16,17,,0,0,25000000,25000000,25000000,cohort,11500000,1378,464,14,80,576,244,0,0,0
cold_online_random_h16_s17_state0_mac0,scratch,cold,final,16,17,,0,0,25000000,25000000,25000000,cohort,11600000,1736,472,3,17,1067,177,0,0,0
cold_online_random_h16_s17_state0_mac0,scratch,cold,final,16,17,,0,0,25000000,25000000,25000000,cohort,11700000,1748,473,0,8,1104,163,0,0,0
cold_online_random_h16_s17_state0_mac0,scratch,cold,final,16,17,,0,0,25000000,25000000,25000000,cohort,11800000,2122,538,46,114,1074,350,0,0,0
cold_online_random_h16_s17_state0_mac0,scratch,cold,final,16,17,,0,0,25000000,25000000,25000000,cohort,11900000,1910,506,12,106,1003,283,0,0,0
cold_online_random_h16_s17_state0_mac0,scratch,cold,final,16,17,,0,0,25000000,25000000,25000000,cohort,12000000,1738,480,12,41,1001,204,0,0,0
cold_online_random_h16_s17_state0_mac0,scratch,cold,final,16,17,,0,0,25000000,25000000,25000000,cohort,12100000,1916,479,30,44,1136,227,0,0,0
cold_online_random_h16_s17_state0_mac0,scratch,cold,final,16,17,,0,0,25000000,25000000,25000000,cohort,12200000,1632,473,0,12,980,167,0,0,0
cold_online_random_h16_s17_state0_mac0,scratch,cold,final,16,17,,0,0,25000000,25000000,25000000,cohort,12300000,1530,463,2,20,865,180,0,0,0
cold_online_random_h16_s17_state0_mac0,scratch,cold,final,16,17,,0,0,25000000,25000000,25000000,cohort,12400000,1854,476,10,22,1161,185,0,0,0
cold_online_random_h16_s17_state0_mac0,scratch,cold,final,16,17,,0,0,25000000,25000000,25000000,cohort,12500000,1838,473,0,11,1191,163,0,0,0
cold_online_random_h16_s17_state0_mac0,scratch,cold,final,16,17,,0,0,25000000,25000000,25000000,cohort,12600000,1870,472,43,117,938,300,0,0,0
cold_online_random_h16_s17_state0_mac0,scratch,cold,final,16,17,,0,0,25000000,25000000,25000000,cohort,12700000,1890,475,24,60,1092,239,0,0,0
cold_online_random_h16_s17_state0_mac0,scratch,cold,final,16,17,,0,0,25000000,25000000,25000000,cohort,12800000,2108,513,20,86,1227,262,0,0,0
cold_online_random_h16_s17_state0_mac0,scratch,cold,final,16,17,,0,0,25000000,25000000,25000000,cohort,12900000,1760,473,0,20,1094,173,0,0,0
cold_online_random_h16_s17_state0_mac0,scratch,cold,final,16,17,,0,0,25000000,25000000,25000000,cohort,13000000,1966,495,0,13,1294,164,0,0,0
cold_online_random_h16_s17_state0_mac0,scratch,cold,final,16,17,,0,0,25000000,25000000,25000000,cohort,13100000,1728,474,0,10,1060,184,0,0,0
cold_online_random_h16_s17_state0_mac0,scratch,cold,final,16,17,,0,0,25000000,25000000,25000000,cohort,13200000,1836,470,9,179,860,318,0,0,0
cold_online_random_h16_s17_state0_mac0,scratch,cold,final,16,17,,0,0,25000000,25000000,25000000,cohort,13300000,1804,470,0,8,1161,165,0,0,0
cold_online_random_h16_s17_state0_mac0,scratch,cold,final,16,17,,0,0,25000000,25000000,25000000,cohort,13400000,2249,743,4,159,877,465,0,1,1
cold_online_random_h16_s17_state0_mac0,scratch,cold,final,16,17,,0,0,25000000,25000000,25000000,cohort,13500000,1740,445,0,25,1092,178,0,0,0
cold_online_random_h16_s17_state0_mac0,scratch,cold,final,16,17,,0,0,25000000,25000000,25000000,cohort,13600000,1898,459,0,19,1243,177,0,0,0
cold_online_random_h16_s17_state0_mac0,scratch,cold,final,16,17,,0,0,25000000,25000000,25000000,cohort,13700000,1864,481,1,31,1165,186,0,0,0
cold_online_random_h16_s17_state0_mac0,scratch,cold,final,16,17,,0,0,25000000,25000000,25000000,cohort,13800000,1838,477,0,7,1196,158,0,0,0
cold_online_random_h16_s17_state0_mac0,scratch,cold,final,16,17,,0,0,25000000,25000000,25000000,cohort,13900000,1538,449,0,23,897,169,0,0,0
cold_online_random_h16_s17_state0_mac0,scratch,cold,final,16,17,,0,0,25000000,25000000,25000000,cohort,14000000,1748,475,0,16,1093,164,0,0,0
cold_online_random_h16_s17_state0_mac0,scratch,cold,final,16,17,,0,0,25000000,25000000,25000000,cohort,14100000,1818,474,0,29,1136,179,0,0,0
cold_online_random_h16_s17_state0_mac0,scratch,cold,final,16,17,,0,0,25000000,25000000,25000000,cohort,14200000,1818,476,1,12,1162,167,0,0,0
cold_online_random_h16_s17_state0_mac0,scratch,cold,final,16,17,,0,0,25000000,25000000,25000000,cohort,14300000,1646,473,1,11,1000,161,0,0,0
cold_online_random_h16_s17_state0_mac0,scratch,cold,final,16,17,,0,0,25000000,25000000,25000000,cohort,14400000,1822,475,0,13,1168,166,0,0,0
cold_online_random_h16_s17_state0_mac0,scratch,cold,final,16,17,,0,0,25000000,25000000,25000000,cohort,14500000,1666,473,1,4,1028,160,0,0,0
cold_online_random_h16_s17_state0_mac0,scratch,cold,final,16,17,,0,0,25000000,25000000,25000000,cohort,14600000,1762,478,0,11,1106,167,0,0,0
cold_online_random_h16_s17_state0_mac0,scratch,cold,final,16,17,,0,0,25000000,25000000,25000000,cohort,14700000,1760,472,0,11,1112,165,0,0,0
cold_online_random_h16_s17_state0_mac0,scratch,cold,final,16,17,,0,0,25000000,25000000,25000000,cohort,14800000,1578,472,0,9,938,159,0,0,0
cold_online_random_h16_s17_state0_mac0,scratch,cold,final,16,17,,0,0,25000000,25000000,25000000,cohort,14900000,1692,472,0,17,1034,169,0,0,0
cold_online_random_h16_s17_state0_mac0,scratch,cold,final,16,17,,0,0,25000000,25000000,25000000,cohort,15000000,1860,475,0,6,1218,161,0,0,0
cold_online_random_h16_s17_state0_mac0,scratch,cold,final,16,17,,0,0,25000000,25000000,25000000,cohort,15100000,1720,472,0,25,1044,179,0,0,0
cold_online_random_h16_s17_state0_mac0,scratch,cold,final,16,17,,0,0,25000000,25000000,25000000,cohort,15200000,1752,476,0,10,1099,167,0,0,0
cold_online_random_h16_s17_state0_mac0,scratch,cold,final,16,17,,0,0,25000000,25000000,25000000,cohort,15300000,1818,474,0,11,1173,160,0,0,0
cold_online_random_h16_s17_state0_mac0,scratch,cold,final,16,17,,0,0,25000000,25000000,25000000,cohort,15400000,1826,475,0,8,1179,164,0,0,0
cold_online_random_h16_s17_state0_mac0,scratch,cold,final,16,17,,0,0,25000000,25000000,25000000,cohort,15500000,1758,473,0,5,1119,161,0,0,0
cold_online_random_h16_s17_state0_mac0,scratch,cold,final,16,17,,0,0,25000000,25000000,25000000,cohort,15600000,1740,474,0,12,1094,160,0,0,0
cold_online_random_h16_s17_state0_mac0,scratch,cold,final,16,17,,0,0,25000000,25000000,25000000,cohort,15700000,1784,473,0,8,1140,163,0,0,0
cold_online_random_h16_s17_state0_mac0,scratch,cold,final,16,17,,0,0,25000000,25000000,25000000,cohort,15800000,1822,469,0,16,1169,168,0,0,0
cold_online_random_h16_s17_state0_mac0,scratch,cold,final,16,17,,0,0,25000000,25000000,25000000,cohort,15900000,1782,474,0,10,1135,163,0,0,0
cold_online_random_h16_s17_state0_mac0,scratch,cold,final,16,17,,0,0,25000000,25000000,25000000,cohort,16000000,1746,470,0,13,1097,166,0,0,0
cold_online_random_h16_s17_state0_mac0,scratch,cold,final,16,17,,0,0,25000000,25000000,25000000,cohort,16100000,1652,476,0,13,1000,163,0,0,0
cold_online_random_h16_s17_state0_mac0,scratch,cold,final,16,17,,0,0,25000000,25000000,25000000,cohort,16200000,1690,470,0,13,1041,166,0,0,0
cold_online_random_h16_s17_state0_mac0,scratch,cold,final,16,17,,0,0,25000000,25000000,25000000,cohort,16300000,1788,478,0,5,1145,160,0,0,0
cold_online_random_h16_s17_state0_mac0,scratch,cold,final,16,17,,0,0,25000000,25000000,25000000,cohort,16400000,1642,473,0,10,997,162,0,0,0
cold_online_random_h16_s17_state0_mac0,scratch,cold,final,16,17,,0,0,25000000,25000000,25000000,cohort,16500000,1808,474,0,10,1159,165,0,0,0
cold_online_random_h16_s17_state0_mac0,scratch,cold,final,16,17,,0,0,25000000,25000000,25000000,cohort,16600000,1648,467,0,14,1003,164,0,0,0
cold_online_random_h16_s17_state0_mac0,scratch,cold,final,16,17,,0,0,25000000,25000000,25000000,cohort,16700000,1796,474,0,12,1146,164,0,0,0
cold_online_random_h16_s17_state0_mac0,scratch,cold,final,16,17,,0,0,25000000,25000000,25000000,cohort,16800000,1750,471,0,9,1106,164,0,0,0
cold_online_random_h16_s17_state0_mac0,scratch,cold,final,16,17,,0,0,25000000,25000000,25000000,cohort,16900000,1782,468,0,13,1136,165,0,0,0
cold_online_random_h16_s17_state0_mac0,scratch,cold,final,16,17,,0,0,25000000,25000000,25000000,cohort,17000000,1784,473,0,12,1136,163,0,0,0
cold_online_random_h16_s17_state0_mac0,scratch,cold,final,16,17,,0,0,25000000,25000000,25000000,cohort,17100000,1730,471,0,9,1084,166,0,0,0
cold_online_random_h16_s17_state0_mac0,scratch,cold,final,16,17,,0,0,25000000,25000000,25000000,cohort,17200000,1768,474,0,11,1119,164,0,0,0
cold_online_random_h16_s17_state0_mac0,scratch,cold,final,16,17,,0,0,25000000,25000000,25000000,cohort,17300000,1756,473,0,5,1114,164,0,0,0
cold_online_random_h16_s17_state0_mac0,scratch,cold,final,16,17,,0,0,25000000,25000000,25000000,cohort,17400000,1762,477,0,15,1104,166,0,0,0
cold_online_random_h16_s17_state0_mac0,scratch,cold,final,16,17,,0,0,25000000,25000000,25000000,cohort,17500000,1798,475,0,9,1152,162,0,0,0
cold_online_random_h16_s17_state0_mac0,scratch,cold,final,16,17,,0,0,25000000,25000000,25000000,cohort,17600000,1778,474,0,9,1130,165,0,0,0
cold_online_random_h16_s17_state0_mac0,scratch,cold,final,16,17,,0,0,25000000,25000000,25000000,cohort,17700000,1662,473,0,13,1010,166,0,0,0
cold_online_random_h16_s17_state0_mac0,scratch,cold,final,16,17,,0,0,25000000,25000000,25000000,cohort,17800000,1772,473,0,8,1128,163,0,0,0
cold_online_random_h16_s17_state0_mac0,scratch,cold,final,16,17,,0,0,25000000,25000000,25000000,cohort,17900000,1668,473,0,9,1021,165,0,0,0
cold_online_random_h16_s17_state0_mac0,scratch,cold,final,16,17,,0,0,25000000,25000000,25000000,cohort,18000000,1758,479,0,4,1113,162,0,0,0
cold_online_random_h16_s17_state0_mac0,scratch,cold,final,16,17,,0,0,25000000,25000000,25000000,cohort,18100000,1760,471,0,7,1121,161,0,0,0
cold_online_random_h16_s17_state0_mac0,scratch,cold,final,16,17,,0,0,25000000,25000000,25000000,cohort,18200000,1708,471,0,6,1073,158,0,0,0
cold_online_random_h16_s17_state0_mac0,scratch,cold,final,16,17,,0,0,25000000,25000000,25000000,cohort,18300000,1564,470,0,9,925,160,0,0,0
cold_online_random_h16_s17_state0_mac0,scratch,cold,final,16,17,,0,0,25000000,25000000,25000000,cohort,18400000,1536,469,0,5,900,162,0,0,0
cold_online_random_h16_s17_state0_mac0,scratch,cold,final,16,17,,0,0,25000000,25000000,25000000,cohort,18500000,1710,474,0,11,1062,163,0,0,0
cold_online_random_h16_s17_state0_mac0,scratch,cold,final,16,17,,0,0,25000000,25000000,25000000,cohort,18600000,1694,482,0,14,1025,173,0,0,0
cold_online_random_h16_s17_state0_mac0,scratch,cold,final,16,17,,0,0,25000000,25000000,25000000,cohort,18700000,1574,472,1,3,938,160,0,0,0
cold_online_random_h16_s17_state0_mac0,scratch,cold,final,16,17,,0,0,25000000,25000000,25000000,cohort,18800000,1690,465,0,11,1048,166,0,0,0
cold_online_random_h16_s17_state0_mac0,scratch,cold,final,16,17,,0,0,25000000,25000000,25000000,cohort,18900000,1644,474,0,8,1000,162,0,0,0
cold_online_random_h16_s17_state0_mac0,scratch,cold,final,16,17,,0,0,25000000,25000000,25000000,cohort,19000000,1568,471,1,6,925,165,0,0,0
cold_online_random_h16_s17_state0_mac0,scratch,cold,final,16,17,,0,0,25000000,25000000,25000000,cohort,19100000,1610,473,0,10,963,164,0,0,0
cold_online_random_h16_s17_state0_mac0,scratch,cold,final,16,17,,0,0,25000000,25000000,25000000,cohort,19200000,1518,471,0,4,880,163,0,0,0
cold_online_random_h16_s17_state0_mac0,scratch,cold,final,16,17,,0,0,25000000,25000000,25000000,cohort,19300000,1534,468,1,12,884,169,0,0,0
cold_online_random_h16_s17_state0_mac0,scratch,cold,final,16,17,,0,0,25000000,25000000,25000000,cohort,19400000,1556,475,0,7,916,158,0,0,0
cold_online_random_h16_s17_state0_mac0,scratch,cold,final,16,17,,0,0,25000000,25000000,25000000,cohort,19500000,1503,468,0,14,849,172,0,0,0
cold_online_random_h16_s17_state0_mac0,scratch,cold,final,16,17,,0,0,25000000,25000000,25000000,cohort,19600000,1538,468,0,13,892,165,0,0,0
cold_online_random_h16_s17_state0_mac0,scratch,cold,final,16,17,,0,0,25000000,25000000,25000000,cohort,19700000,1514,468,0,16,862,168,0,0,0
cold_online_random_h16_s17_state0_mac0,scratch,cold,final,16,17,,0,0,25000000,25000000,25000000,cohort,19800000,1466,474,0,9,819,164,0,0,0
cold_online_random_h16_s17_state0_mac0,scratch,cold,final,16,17,,0,0,25000000,25000000,25000000,cohort,19900000,1432,448,0,12,811,161,0,0,0
cold_online_random_h16_s17_state0_mac0,scratch,cold,final,16,17,,0,0,25000000,25000000,25000000,cohort,20000000,1048,286,0,8,560,194,0,0,0
cold_online_random_h16_s17_state0_mac0,scratch,cold,final,16,17,,0,0,25000000,25000000,25000000,cohort,20100000,888,266,0,6,413,203,0,0,0
cold_online_random_h16_s17_state0_mac0,scratch,cold,final,16,17,,0,0,25000000,25000000,25000000,cohort,20200000,840,238,0,4,415,183,0,0,0
cold_online_random_h16_s17_state0_mac0,scratch,cold,final,16,17,,0,0,25000000,25000000,25000000,cohort,20300000,762,178,0,8,423,153,0,0,0
cold_online_random_h16_s17_state0_mac0,scratch,cold,final,16,17,,0,0,25000000,25000000,25000000,cohort,20400000,764,171,0,7,428,158,0,0,0
cold_online_random_h16_s17_state0_mac0,scratch,cold,final,16,17,,0,0,25000000,25000000,25000000,cohort,20500000,676,165,0,5,350,156,0,0,0
cold_online_random_h16_s17_state0_mac0,scratch,cold,final,16,17,,0,0,25000000,25000000,25000000,cohort,20600000,886,167,0,7,553,159,0,0,0
cold_online_random_h16_s17_state0_mac0,scratch,cold,final,16,17,,0,0,25000000,25000000,25000000,cohort,20700000,820,164,0,11,490,155,0,0,0
cold_online_random_h16_s17_state0_mac0,scratch,cold,final,16,17,,0,0,25000000,25000000,25000000,cohort,20800000,760,166,0,6,435,153,0,0,0
cold_online_random_h16_s17_state0_mac0,scratch,cold,final,16,17,,0,0,25000000,25000000,25000000,cohort,20900000,750,168,0,11,411,160,0,0,0
cold_online_random_h16_s17_state0_mac0,scratch,cold,final,16,17,,0,0,25000000,25000000,25000000,cohort,21000000,842,162,0,5,521,154,0,0,0
cold_online_random_h16_s17_state0_mac0,scratch,cold,final,16,17,,0,0,25000000,25000000,25000000,cohort,21100000,732,166,0,3,406,157,0,0,0
cold_online_random_h16_s17_state0_mac0,scratch,cold,final,16,17,,0,0,25000000,25000000,25000000,cohort,21200000,746,160,0,5,427,154,0,0,0
cold_online_random_h16_s17_state0_mac0,scratch,cold,final,16,17,,0,0,25000000,25000000,25000000,cohort,21300000,692,161,0,9,365,157,0,0,0
cold_online_random_h16_s17_state0_mac0,scratch,cold,final,16,17,,0,0,25000000,25000000,25000000,cohort,21400000,630,158,0,13,295,164,0,0,0
cold_online_random_h16_s17_state0_mac0,scratch,cold,final,16,17,,0,0,25000000,25000000,25000000,cohort,21500000,776,161,0,9,447,159,0,0,0
cold_online_random_h16_s17_state0_mac0,scratch,cold,final,16,17,,0,0,25000000,25000000,25000000,cohort,21600000,800,166,0,14,455,165,0,0,0
cold_online_random_h16_s17_state0_mac0,scratch,cold,final,16,17,,0,0,25000000,25000000,25000000,cohort,21700000,694,160,0,0,378,156,0,0,0
cold_online_random_h16_s17_state0_mac0,scratch,cold,final,16,17,,0,0,25000000,25000000,25000000,cohort,21800000,720,168,1,8,382,161,0,0,0
cold_online_random_h16_s17_state0_mac0,scratch,cold,final,16,17,,0,0,25000000,25000000,25000000,cohort,21900000,678,165,0,2,354,157,0,0,0
cold_online_random_h16_s17_state0_mac0,scratch,cold,final,16,17,,0,0,25000000,25000000,25000000,cohort,22000000,922,233,0,12,515,162,0,0,0
cold_online_random_h16_s17_state0_mac0,scratch,cold,final,16,17,,0,0,25000000,25000000,25000000,cohort,22100000,623,163,0,6,294,160,0,0,0
cold_online_random_h16_s17_state0_mac0,scratch,cold,final,16,17,,0,0,25000000,25000000,25000000,cohort,22200000,720,161,0,2,405,152,0,0,0
cold_online_random_h16_s17_state0_mac0,scratch,cold,final,16,17,,0,0,25000000,25000000,25000000,cohort,22300000,689,166,0,4,361,158,0,0,0
cold_online_random_h16_s17_state0_mac0,scratch,cold,final,16,17,,0,0,25000000,25000000,25000000,cohort,22400000,736,163,0,14,400,159,0,0,0
cold_online_random_h16_s17_state0_mac0,scratch,cold,final,16,17,,0,0,25000000,25000000,25000000,cohort,22500000,672,158,0,9,349,156,0,0,0
cold_online_random_h16_s17_state0_mac0,scratch,cold,final,16,17,,0,0,25000000,25000000,25000000,cohort,22600000,644,171,1,8,302,162,0,0,0
cold_online_random_h16_s17_state0_mac0,scratch,cold,final,16,17,,0,0,25000000,25000000,25000000,cohort,22700000,650,170,0,4,313,163,0,0,0
cold_online_random_h16_s17_state0_mac0,scratch,cold,final,16,17,,0,0,25000000,25000000,25000000,cohort,22800000,662,165,0,6,332,159,0,0,0
cold_online_random_h16_s17_state0_mac0,scratch,cold,final,16,17,,0,0,25000000,25000000,25000000,cohort,22900000,668,163,1,2,347,155,0,0,0
cold_online_random_h16_s17_state0_mac0,scratch,cold,final,16,17,,0,0,25000000,25000000,25000000,cohort,23000000,610,160,0,8,285,156,0,1,1
cold_online_random_h16_s17_state0_mac0,scratch,cold,final,16,17,,0,0,25000000,25000000,25000000,cohort,23100000,584,165,0,5,256,158,0,0,0
cold_online_random_h16_s17_state0_mac0,scratch,cold,final,16,17,,0,0,25000000,25000000,25000000,cohort,23200000,722,163,0,11,388,160,0,0,0
cold_online_random_h16_s17_state0_mac0,scratch,cold,final,16,17,,0,0,25000000,25000000,25000000,cohort,23300000,696,172,0,6,353,165,0,0,0
cold_online_random_h16_s17_state0_mac0,scratch,cold,final,16,17,,0,0,25000000,25000000,25000000,cohort,23400000,632,159,1,2,317,153,0,0,0
cold_online_random_h16_s17_state0_mac0,scratch,cold,final,16,17,,0,0,25000000,25000000,25000000,cohort,23500000,610,167,0,6,280,157,0,0,0
cold_online_random_h16_s17_state0_mac0,scratch,cold,final,16,17,,0,0,25000000,25000000,25000000,cohort,23600000,686,162,0,4,362,158,0,0,0
cold_online_random_h16_s17_state0_mac0,scratch,cold,final,16,17,,0,0,25000000,25000000,25000000,cohort,23700000,584,160,0,3,267,154,0,0,0
cold_online_random_h16_s17_state0_mac0,scratch,cold,final,16,17,,0,0,25000000,25000000,25000000,cohort,23800000,606,161,0,3,286,155,0,1,1
cold_online_random_h16_s17_state0_mac0,scratch,cold,final,16,17,,0,0,25000000,25000000,25000000,cohort,23900000,668,159,0,5,345,159,0,0,0
cold_online_random_h16_s17_state0_mac0,scratch,cold,final,16,17,,0,0,25000000,25000000,25000000,cohort,24000000,602,156,0,3,286,156,0,1,1
cold_online_random_h16_s17_state0_mac0,scratch,cold,final,16,17,,0,0,25000000,25000000,25000000,cohort,24100000,648,162,0,3,319,159,0,5,5
cold_online_random_h16_s17_state0_mac0,scratch,cold,final,16,17,,0,0,25000000,25000000,25000000,cohort,24200000,634,162,0,3,310,158,0,1,1
cold_online_random_h16_s17_state0_mac0,scratch,cold,final,16,17,,0,0,25000000,25000000,25000000,cohort,24300000,644,163,0,1,323,156,0,1,1
cold_online_random_h16_s17_state0_mac0,scratch,cold,final,16,17,,0,0,25000000,25000000,25000000,cohort,24400000,613,159,0,1,297,155,0,1,1
cold_online_random_h16_s17_state0_mac0,scratch,cold,final,16,17,,0,0,25000000,25000000,25000000,cohort,24500000,662,182,0,2,317,158,0,3,3
cold_online_random_h16_s17_state0_mac0,scratch,cold,final,16,17,,0,0,25000000,25000000,25000000,cohort,24600000,615,164,0,1,284,160,0,6,6
cold_online_random_h16_s17_state0_mac0,scratch,cold,final,16,17,,0,0,25000000,25000000,25000000,cohort,24700000,600,161,0,0,285,154,0,0,0
cold_online_random_h16_s17_state0_mac0,scratch,cold,final,16,17,,0,0,25000000,25000000,25000000,cohort,24800000,590,160,0,0,269,158,0,3,3
cold_online_random_h16_s17_state0_mac0,scratch,cold,final,16,17,,0,0,25000000,25000000,25000000,cohort,24900000,620,164,0,0,287,159,0,10,10
cold_online_random_h16_s27_state0_mac0,scratch,cold,final,16,27,,0,0,25000000,25000000,25000000,cohort,0,1346,201,8,11,662,464,0,0,0
cold_online_random_h16_s27_state0_mac0,scratch,cold,final,16,27,,0,0,25000000,25000000,25000000,cohort,100000,2481,662,5,20,1709,85,0,0,0
cold_online_random_h16_s27_state0_mac0,scratch,cold,final,16,27,,0,0,25000000,25000000,25000000,cohort,200000,1940,478,0,13,1287,162,0,0,0
cold_online_random_h16_s27_state0_mac0,scratch,cold,final,16,27,,0,0,25000000,25000000,25000000,cohort,300000,1924,474,0,3,1287,160,0,0,0
cold_online_random_h16_s27_state0_mac0,scratch,cold,final,16,27,,0,0,25000000,25000000,25000000,cohort,400000,1914,473,0,1,1282,158,0,0,0
cold_online_random_h16_s27_state0_mac0,scratch,cold,final,16,27,,0,0,25000000,25000000,25000000,cohort,500000,1926,473,0,3,1289,161,0,0,0
cold_online_random_h16_s27_state0_mac0,scratch,cold,final,16,27,,0,0,25000000,25000000,25000000,cohort,600000,1846,469,0,9,1203,165,0,0,0
cold_online_random_h16_s27_state0_mac0,scratch,cold,final,16,27,,0,0,25000000,25000000,25000000,cohort,700000,1924,469,0,6,1287,162,0,0,0
cold_online_random_h16_s27_state0_mac0,scratch,cold,final,16,27,,0,0,25000000,25000000,25000000,cohort,800000,1666,561,0,2,985,118,0,0,0
cold_online_random_h16_s27_state0_mac0,scratch,cold,final,16,27,,0,0,25000000,25000000,25000000,cohort,900000,1798,473,0,3,1157,165,0,0,0
cold_online_random_h16_s27_state0_mac0,scratch,cold,final,16,27,,0,0,25000000,25000000,25000000,cohort,1000000,1892,472,0,9,1246,165,0,0,0
cold_online_random_h16_s27_state0_mac0,scratch,cold,final,16,27,,0,0,25000000,25000000,25000000,cohort,1100000,1920,475,0,6,1280,159,0,0,0
cold_online_random_h16_s27_state0_mac0,scratch,cold,final,16,27,,0,0,25000000,25000000,25000000,cohort,1200000,1932,469,0,8,1291,164,0,0,0
cold_online_random_h16_s27_state0_mac0,scratch,cold,final,16,27,,0,0,25000000,25000000,25000000,cohort,1300000,1934,471,0,5,1297,161,0,0,0
cold_online_random_h16_s27_state0_mac0,scratch,cold,final,16,27,,0,0,25000000,25000000,25000000,cohort,1400000,1486,472,0,4,848,162,0,0,0
cold_online_random_h16_s27_state0_mac0,scratch,cold,final,16,27,,0,0,25000000,25000000,25000000,cohort,1500000,1922,476,0,2,1285,159,0,0,0
cold_online_random_h16_s27_state0_mac0,scratch,cold,final,16,27,,0,0,25000000,25000000,25000000,cohort,1600000,1828,448,0,6,1215,159,0,0,0
cold_online_random_h16_s27_state0_mac0,scratch,cold,final,16,27,,0,0,25000000,25000000,25000000,cohort,1700000,1941,474,0,6,1295,166,0,0,0
cold_online_random_h16_s27_state0_mac0,scratch,cold,final,16,27,,0,0,25000000,25000000,25000000,cohort,1800000,1939,473,0,5,1298,163,0,0,0
cold_online_random_h16_s27_state0_mac0,scratch,cold,final,16,27,,0,0,25000000,25000000,25000000,cohort,1900000,1944,474,0,9,1293,168,0,0,0
cold_online_random_h16_s27_state0_mac0,scratch,cold,final,16,27,,0,0,25000000,25000000,25000000,cohort,2000000,1932,478,0,5,1290,159,0,0,0
cold_online_random_h16_s27_state0_mac0,scratch,cold,final,16,27,,0,0,25000000,25000000,25000000,cohort,2100000,1914,474,0,11,1264,165,0,0,0
cold_online_random_h16_s27_state0_mac0,scratch,cold,final,16,27,,0,0,25000000,25000000,25000000,cohort,2200000,1944,474,0,6,1303,161,0,0,0
cold_online_random_h16_s27_state0_mac0,scratch,cold,final,16,27,,0,0,25000000,25000000,25000000,cohort,2300000,1780,475,0,9,1131,165,0,0,0
cold_online_random_h16_s27_state0_mac0,scratch,cold,final,16,27,,0,0,25000000,25000000,25000000,cohort,2400000,1934,466,0,11,1292,165,0,0,0
cold_online_random_h16_s27_state0_mac0,scratch,cold,final,16,27,,0,0,25000000,25000000,25000000,cohort,2500000,1356,469,0,13,701,173,0,0,0
cold_online_random_h16_s27_state0_mac0,scratch,cold,final,16,27,,0,0,25000000,25000000,25000000,cohort,2600000,1298,472,0,17,637,172,0,0,0
cold_online_random_h16_s27_state0_mac0,scratch,cold,final,16,27,,0,0,25000000,25000000,25000000,cohort,2700000,1580,479,0,6,929,166,0,0,0
cold_online_random_h16_s27_state0_mac0,scratch,cold,final,16,27,,0,0,25000000,25000000,25000000,cohort,2800000,1810,472,0,10,1168,160,0,0,0
cold_online_random_h16_s27_state0_mac0,scratch,cold,final,16,27,,0,0,25000000,25000000,25000000,cohort,2900000,1940,474,0,5,1291,170,0,0,0
cold_online_random_h16_s27_state0_mac0,scratch,cold,final,16,27,,0,0,25000000,25000000,25000000,cohort,3000000,1670,472,0,7,1030,161,0,0,0
cold_online_random_h16_s27_state0_mac0,scratch,cold,final,16,27,,0,0,25000000,25000000,25000000,cohort,3100000,1768,470,0,4,1130,164,0,0,0
cold_online_random_h16_s27_state0_mac0,scratch,cold,final,16,27,,0,0,25000000,25000000,25000000,cohort,3200000,1954,475,1,10,1301,167,0,0,0
cold_online_random_h16_s27_state0_mac0,scratch,cold,final,16,27,,0,0,25000000,25000000,25000000,cohort,3300000,1560,477,1,11,905,166,0,0,0
cold_online_random_h16_s27_state0_mac0,scratch,cold,final,16,27,,0,0,25000000,25000000,25000000,cohort,3400000,1894,473,0,7,1253,161,0,0,0
cold_online_random_h16_s27_state0_mac0,scratch,cold,final,16,27,,0,0,25000000,25000000,25000000,cohort,3500000,1970,470,1,21,1302,176,0,0,0
cold_online_random_h16_s27_state0_mac0,scratch,cold,final,16,27,,0,0,25000000,25000000,25000000,cohort,3600000,1532,472,0,20,867,173,0,0,0
cold_online_random_h16_s27_state0_mac0,scratch,cold,final,16,27,,0,0,25000000,25000000,25000000,cohort,3700000,1914,474,0,13,1260,167,0,0,0
cold_online_random_h16_s27_state0_mac0,scratch,cold,final,16,27,,0,0,25000000,25000000,25000000,cohort,3800000,1710,473,0,14,1058,165,0,0,0
cold_online_random_h16_s27_state0_mac0,scratch,cold,final,16,27,,0,0,25000000,25000000,25000000,cohort,3900000,1732,471,0,15,1079,167,0,0,0
cold_online_random_h16_s27_state0_mac0,scratch,cold,final,16,27,,0,0,25000000,25000000,25000000,cohort,4000000,1716,471,0,23,1050,172,0,0,0
cold_online_random_h16_s27_state0_mac0,scratch,cold,final,16,27,,0,0,25000000,25000000,25000000,cohort,4100000,1834,474,0,10,1183,167,0,0,0
cold_online_random_h16_s27_state0_mac0,scratch,cold,final,16,27,,0,0,25000000,25000000,25000000,cohort,4200000,1528,470,0,15,873,170,0,0,0
cold_online_random_h16_s27_state0_mac0,scratch,cold,final,16,27,,0,0,25000000,25000000,25000000,cohort,4300000,1908,474,1,10,1259,164,0,0,0
cold_online_random_h16_s27_state0_mac0,scratch,cold,final,16,27,,0,0,25000000,25000000,25000000,cohort,4400000,1820,472,1,11,1173,163,0,0,0
cold_online_random_h16_s27_state0_mac0,scratch,cold,final,16,27,,0,0,25000000,25000000,25000000,cohort,4500000,1764,471,0,13,1113,167,0,0,0
cold_online_random_h16_s27_state0_mac0,scratch,cold,final,16,27,,0,0,25000000,25000000,25000000,cohort,4600000,1608,475,0,7,961,165,0,0,0
cold_online_random_h16_s27_state0_mac0,scratch,cold,final,16,27,,0,0,25000000,25000000,25000000,cohort,4700000,1938,471,0,11,1285,171,0,0,0
cold_online_random_h16_s27_state0_mac0,scratch,cold,final,16,27,,0,0,25000000,25000000,25000000,cohort,4800000,1906,476,0,5,1264,161,0,0,0
cold_online_random_h16_s27_state0_mac0,scratch,cold,final,16,27,,0,0,25000000,25000000,25000000,cohort,4900000,1924,471,0,22,1255,176,0,0,0
cold_online_random_h16_s27_state0_mac0,scratch,cold,final,16,27,,0,0,25000000,25000000,25000000,cohort,5000000,1896,470,0,16,1244,166,0,0,0
cold_online_random_h16_s27_state0_mac0,scratch,cold,final,16,27,,0,0,25000000,25000000,25000000,cohort,5100000,1738,472,0,17,1082,167,0,0,0
cold_online_random_h16_s27_state0_mac0,scratch,cold,final,16,27,,0,0,25000000,25000000,25000000,cohort,5200000,1920,472,0,24,1250,174,0,0,0
cold_online_random_h16_s27_state0_mac0,scratch,cold,final,16,27,,0,0,25000000,25000000,25000000,cohort,5300000,1636,470,0,11,991,164,0,0,0
cold_online_random_h16_s27_state0_mac0,scratch,cold,final,16,27,,0,0,25000000,25000000,25000000,cohort,5400000,1522,467,0,26,855,174,0,0,0
cold_online_random_h16_s27_state0_mac0,scratch,cold,final,16,27,,0,0,25000000,25000000,25000000,cohort,5500000,1880,472,0,16,1223,169,0,0,0
cold_online_random_h16_s27_state0_mac0,scratch,cold,final,16,27,,0,0,25000000,25000000,25000000,cohort,5600000,1830,471,1,20,1169,169,0,0,0
cold_online_random_h16_s27_state0_mac0,scratch,cold,final,16,27,,0,0,25000000,25000000,25000000,cohort,5700000,1910,470,0,23,1246,171,0,0,0
cold_online_random_h16_s27_state0_mac0,scratch,cold,final,16,27,,0,0,25000000,25000000,25000000,cohort,5800000,1919,475,0,21,1253,170,0,0,0
cold_online_random_h16_s27_state0_mac0,scratch,cold,final,16,27,,0,0,25000000,25000000,25000000,cohort,5900000,1970,473,0,23,1302,172,0,0,0
cold_online_random_h16_s27_state0_mac0,scratch,cold,final,16,27,,0,0,25000000,25000000,25000000,cohort,6000000,1536,471,0,7,897,161,0,0,0
cold_online_random_h16_s27_state0_mac0,scratch,cold,final,16,27,,0,0,25000000,25000000,25000000,cohort,6100000,1940,468,0,20,1279,173,0,0,0
cold_online_random_h16_s27_state0_mac0,scratch,cold,final,16,27,,0,0,25000000,25000000,25000000,cohort,6200000,1842,474,0,9,1196,163,0,0,0
cold_online_random_h16_s27_state0_mac0,scratch,cold,final,16,27,,0,0,25000000,25000000,25000000,cohort,6300000,1873,471,1,19,1211,171,0,0,0
cold_online_random_h16_s27_state0_mac0,scratch,cold,final,16,27,,0,0,25000000,25000000,25000000,cohort,6400000,1859,477,2,14,1200,166,0,0,0
cold_online_random_h16_s27_state0_mac0,scratch,cold,final,16,27,,0,0,25000000,25000000,25000000,cohort,6500000,1805,475,0,9,1153,168,0,0,0
cold_online_random_h16_s27_state0_mac0,scratch,cold,final,16,27,,0,0,25000000,25000000,25000000,cohort,6600000,1752,477,0,15,1089,171,0,0,0
cold_online_random_h16_s27_state0_mac0,scratch,cold,final,16,27,,0,0,25000000,25000000,25000000,cohort,6700000,1901,476,1,10,1250,164,0,0,0
cold_online_random_h16_s27_state0_mac0,scratch,cold,final,16,27,,0,0,25000000,25000000,25000000,cohort,6800000,1894,466,0,16,1239,173,0,0,0
cold_online_random_h16_s27_state0_mac0,scratch,cold,final,16,27,,0,0,25000000,25000000,25000000,cohort,6900000,1479,464,0,12,835,168,0,0,0
cold_online_random_h16_s27_state0_mac0,scratch,cold,final,16,27,,0,0,25000000,25000000,25000000,cohort,7000000,1581,478,0,7,937,159,0,0,0
cold_online_random_h16_s27_state0_mac0,scratch,cold,final,16,27,,0,0,25000000,25000000,25000000,cohort,7100000,1696,468,0,18,1040,170,0,0,0
cold_online_random_h16_s27_state0_mac0,scratch,cold,final,16,27,,0,0,25000000,25000000,25000000,cohort,7200000,1834,475,0,8,1185,166,0,0,0
cold_online_random_h16_s27_state0_mac0,scratch,cold,final,16,27,,0,0,25000000,25000000,25000000,cohort,7300000,1816,473,0,15,1160,168,0,0,0
cold_online_random_h16_s27_state0_mac0,scratch,cold,final,16,27,,0,0,25000000,25000000,25000000,cohort,7400000,1782,468,0,9,1137,168,0,0,0
cold_online_random_h16_s27_state0_mac0,scratch,cold,final,16,27,,0,0,25000000,25000000,25000000,cohort,7500000,1810,466,0,14,1158,172,0,0,0
cold_online_random_h16_s27_state0_mac0,scratch,cold,final,16,27,,0,0,25000000,25000000,25000000,cohort,7600000,1768,473,0,3,1130,162,0,0,0
cold_online_random_h16_s27_state0_mac0,scratch,cold,final,16,27,,0,0,25000000,25000000,25000000,cohort,7700000,1871,465,0,10,1228,168,0,0,0
cold_online_random_h16_s27_state0_mac0,scratch,cold,final,16,27,,0,0,25000000,25000000,25000000,cohort,7800000,1872,463,0,17,1215,177,0,0,0
cold_online_random_h16_s27_state0_mac0,scratch,cold,final,16,27,,0,0,25000000,25000000,25000000,cohort,7900000,1648,476,0,7,1005,160,0,0,0
cold_online_random_h16_s27_state0_mac0,scratch,cold,final,16,27,,0,0,25000000,25000000,25000000,cohort,8000000,1603,462,0,22,949,170,0,0,0
cold_online_random_h16_s27_state0_mac0,scratch,cold,final,16,27,,0,0,25000000,25000000,25000000,cohort,8100000,1691,461,1,14,1045,170,0,0,0
cold_online_random_h16_s27_state0_mac0,scratch,cold,final,16,27,,0,0,25000000,25000000,25000000,cohort,8200000,1540,461,0,11,895,173,0,0,0
cold_online_random_h16_s27_state0_mac0,scratch,cold,final,16,27,,0,0,25000000,25000000,25000000,cohort,8300000,1822,476,0,2,1185,159,0,0,0
cold_online_random_h16_s27_state0_mac0,scratch,cold,final,16,27,,0,0,25000000,25000000,25000000,cohort,8400000,1658,477,0,6,1013,162,0,0,0
cold_online_random_h16_s27_state0_mac0,scratch,cold,final,16,27,,0,0,25000000,25000000,25000000,cohort,8500000,1935,483,3,28,1245,176,0,0,0
cold_online_random_h16_s27_state0_mac0,scratch,cold,final,16,27,,0,0,25000000,25000000,25000000,cohort,8600000,1841,475,1,15,1184,166,0,0,0
cold_online_random_h16_s27_state0_mac0,scratch,cold,final,16,27,,0,0,25000000,25000000,25000000,cohort,8700000,1766,477,1,21,1097,170,0,0,0
cold_online_random_h16_s27_state0_mac0,scratch,cold,final,16,27,,0,0,25000000,25000000,25000000,cohort,8800000,1840,478,0,14,1181,167,0,0,0
cold_online_random_h16_s27_state0_mac0,scratch,cold,final,16,27,,0,0,25000000,25000000,25000000,cohort,8900000,1688,471,0,14,1037,166,0,0,0
cold_online_random_h16_s27_state0_mac0,scratch,cold,final,16,27,,0,0,25000000,25000000,25000000,cohort,9000000,1878,473,0,10,1229,166,0,0,0
cold_online_random_h16_s27_state0_mac0,scratch,cold,final,16,27,,0,0,25000000,25000000,25000000,cohort,9100000,1785,475,0,10,1134,166,0,0,0
cold_online_random_h16_s27_state0_mac0,scratch,cold,final,16,27,,0,0,25000000,25000000,25000000,cohort,9200000,1853,469,0,13,1199,172,0,0,0
cold_online_random_h16_s27_state0_mac0,scratch,cold,final,16,27,,0,0,25000000,25000000,25000000,cohort,9300000,1710,466,0,9,1068,167,0,0,0
cold_online_random_h16_s27_state0_mac0,scratch,cold,final,16,27,,0,0,25000000,25000000,25000000,cohort,9400000,1766,473,0,7,1123,163,0,0,0
cold_online_random_h16_s27_state0_mac0,scratch,cold,final,16,27,,0,0,25000000,25000000,25000000,cohort,9500000,1604,475,1,12,952,164,0,0,0
cold_online_random_h16_s27_state0_mac0,scratch,cold,final,16,27,,0,0,25000000,25000000,25000000,cohort,9600000,1409,470,1,12,758,168,0,0,0
cold_online_random_h16_s27_state0_mac0,scratch,cold,final,16,27,,0,0,25000000,25000000,25000000,cohort,9700000,1729,463,0,14,1076,176,0,0,0
cold_online_random_h16_s27_state0_mac0,scratch,cold,final,16,27,,0,0,25000000,25000000,25000000,cohort,9800000,1792,460,0,18,1135,179,0,0,0
cold_online_random_h16_s27_state0_mac0,scratch,cold,final,16,27,,0,0,25000000,25000000,25000000,cohort,9900000,1698,457,0,13,1056,172,0,0,0
cold_online_random_h16_s27_state0_mac0,scratch,cold,final,16,27,,0,0,25000000,25000000,25000000,cohort,10000000,1607,468,0,13,959,167,0,0,0
cold_online_random_h16_s27_state0_mac0,scratch,cold,final,16,27,,0,0,25000000,25000000,25000000,cohort,10100000,1831,470,0,11,1180,170,0,0,0
cold_online_random_h16_s27_state0_mac0,scratch,cold,final,16,27,,0,0,25000000,25000000,25000000,cohort,10200000,1789,465,0,7,1149,168,0,0,0
cold_online_random_h16_s27_state0_mac0,scratch,cold,final,16,27,,0,0,25000000,25000000,25000000,cohort,10300000,1703,462,1,7,1059,174,0,0,0
cold_online_random_h16_s27_state0_mac0,scratch,cold,final,16,27,,0,0,25000000,25000000,25000000,cohort,10400000,1733,464,0,8,1092,169,0,0,0
cold_online_random_h16_s27_state0_mac0,scratch,cold,final,16,27,,0,0,25000000,25000000,25000000,cohort,10500000,1698,465,0,6,1058,169,0,0,0
cold_online_random_h16_s27_state0_mac0,scratch,cold,final,16,27,,0,0,25000000,25000000,25000000,cohort,10600000,1808,457,0,14,1161,176,0,0,0
cold_online_random_h16_s27_state0_mac0,scratch,cold,final,16,27,,0,0,25000000,25000000,25000000,cohort,10700000,1749,468,0,6,1108,167,0,0,0
cold_online_random_h16_s27_state0_mac0,scratch,cold,final,16,27,,0,0,25000000,25000000,25000000,cohort,10800000,1752,457,0,10,1110,175,0,0,0
cold_online_random_h16_s27_state0_mac0,scratch,cold,final,16,27,,0,0,25000000,25000000,25000000,cohort,10900000,1797,464,0,5,1156,172,0,0,0
cold_online_random_h16_s27_state0_mac0,scratch,cold,final,16,27,,0,0,25000000,25000000,25000000,cohort,11000000,1739,454,0,15,1090,180,0,0,0
cold_online_random_h16_s27_state0_mac0,scratch,cold,final,16,27,,0,0,25000000,25000000,25000000,cohort,11100000,1770,463,0,5,1126,176,0,0,0
cold_online_random_h16_s27_state0_mac0,scratch,cold,final,16,27,,0,0,25000000,25000000,25000000,cohort,11200000,1773,464,0,14,1124,171,0,0,0
cold_online_random_h16_s27_state0_mac0,scratch,cold,final,16,27,,0,0,25000000,25000000,25000000,cohort,11300000,1595,453,0,13,952,177,0,0,0
cold_online_random_h16_s27_state0_mac0,scratch,cold,final,16,27,,0,0,25000000,25000000,25000000,cohort,11400000,1758,458,10,20,1083,187,0,0,0
cold_online_random_h16_s27_state0_mac0,scratch,cold,final,16,27,,0,0,25000000,25000000,25000000,cohort,11500000,1335,439,11,52,610,223,0,0,0
cold_online_random_h16_s27_state0_mac0,scratch,cold,final,16,27,,0,0,25000000,25000000,25000000,cohort,11600000,1515,464,2,10,860,179,0,0,0
cold_online_random_h16_s27_state0_mac0,scratch,cold,final,16,27,,0,0,25000000,25000000,25000000,cohort,11700000,1736,460,0,8,1094,174,0,0,0
cold_online_random_h16_s27_state0_mac0,scratch,cold,final,16,27,,0,0,25000000,25000000,25000000,cohort,11800000,2031,498,83,79,1054,317,0,0,0
cold_online_random_h16_s27_state0_mac0,scratch,cold,final,16,27,,0,0,25000000,25000000,25000000,cohort,11900000,1826,478,55,73,937,283,0,0,0
cold_online_random_h16_s27_state0_mac0,scratch,cold,final,16,27,,0,0,25000000,25000000,25000000,cohort,12000000,1567,470,12,40,833,212,0,0,0
cold_online_random_h16_s27_state0_mac0,scratch,cold,final,16,27,,0,0,25000000,25000000,25000000,cohort,12100000,1932,479,31,50,1143,229,0,0,0
cold_online_random_h16_s27_state0_mac0,scratch,cold,final,16,27,,0,0,25000000,25000000,25000000,cohort,12200000,1636,461,0,8,992,175,0,0,0
cold_online_random_h16_s27_state0_mac0,scratch,cold,final,16,27,,0,0,25000000,25000000,25000000,cohort,12300000,1570,457,4,16,910,183,0,0,0
cold_online_random_h16_s27_state0_mac0,scratch,cold,final,16,27,,0,0,25000000,25000000,25000000,cohort,12400000,1704,465,9,12,1032,186,0,0,0
cold_online_random_h16_s27_state0_mac0,scratch,cold,final,16,27,,0,0,25000000,25000000,25000000,cohort,12500000,1820,465,0,10,1174,171,0,0,0
cold_online_random_h16_s27_state0_mac0,scratch,cold,final,16,27,,0,0,25000000,25000000,25000000,cohort,12600000,1868,459,42,106,971,290,0,0,0
cold_online_random_h16_s27_state0_mac0,scratch,cold,final,16,27,,0,0,25000000,25000000,25000000,cohort,12700000,1810,468,24,60,1010,248,0,0,0
cold_online_random_h16_s27_state0_mac0,scratch,cold,final,16,27,,0,0,25000000,25000000,25000000,cohort,12800000,1971,496,27,94,1066,288,0,0,0
cold_online_random_h16_s27_state0_mac0,scratch,cold,final,16,27,,0,0,25000000,25000000,25000000,cohort,12900000,1816,462,0,17,1155,182,0,0,0
cold_online_random_h16_s27_state0_mac0,scratch,cold,final,16,27,,0,0,25000000,25000000,25000000,cohort,13000000,1802,464,0,7,1158,173,0,0,0
cold_online_random_h16_s27_state0_mac0,scratch,cold,final,16,27,,0,0,25000000,25000000,25000000,cohort,13100000,1659,458,0,10,1011,180,0,0,0
cold_online_random_h16_s27_state0_mac0,scratch,cold,final,16,27,,0,0,25000000,25000000,25000000,cohort,13200000,1763,463,33,154,777,336,0,0,0
cold_online_random_h16_s27_state0_mac0,scratch,cold,final,16,27,,0,0,25000000,25000000,25000000,cohort,13300000,1774,461,0,7,1138,168,0,0,0
cold_online_random_h16_s27_state0_mac0,scratch,cold,final,16,27,,0,0,25000000,25000000,25000000,cohort,13400000,1882,632,3,119,738,390,0,0,0
cold_online_random_h16_s27_state0_mac0,scratch,cold,final,16,27,,0,0,25000000,25000000,25000000,cohort,13500000,1577,407,0,23,980,167,0,0,0
cold_online_random_h16_s27_state0_mac0,scratch,cold,final,16,27,,0,0,25000000,25000000,25000000,cohort,13600000,1773,440,0,16,1134,183,0,0,0
cold_online_random_h16_s27_state0_mac0,scratch,cold,final,16,27,,0,0,25000000,25000000,25000000,cohort,13700000,1800,468,0,29,1116,187,0,0,0
cold_online_random_h16_s27_state0_mac0,scratch,cold,final,16,27,,0,0,25000000,25000000,25000000,cohort,13800000,1757,459,0,2,1131,165,0,0,0
cold_online_random_h16_s27_state0_mac0,scratch,cold,final,16,27,,0,0,25000000,25000000,25000000,cohort,13900000,1529,452,0,22,880,175,0,0,0
cold_online_random_h16_s27_state0_mac0,scratch,cold,final,16,27,,0,0,25000000,25000000,25000000,cohort,14000000,1726,462,0,9,1082,173,0,0,0
cold_online_random_h16_s27_state0_mac0,scratch,cold,final,16,27,,0,0,25000000,25000000,25000000,cohort,14100000,1776,465,0,22,1103,186,0,0,0
cold_online_random_h16_s27_state0_mac0,scratch,cold,final,16,27,,0,0,25000000,25000000,25000000,cohort,14200000,1780,465,0,13,1126,176,0,0,0
cold_online_random_h16_s27_state0_mac0,scratch,cold,final,16,27,,0,0,25000000,25000000,25000000,cohort,14300000,1630,467,0,5,995,163,0,0,0
cold_online_random_h16_s27_state0_mac0,scratch,cold,final,16,27,,0,0,25000000,25000000,25000000,cohort,14400000,1740,462,0,9,1094,175,0,0,0
cold_online_random_h16_s27_state0_mac0,scratch,cold,final,16,27,,0,0,25000000,25000000,25000000,cohort,14500000,1666,458,0,3,1039,166,0,0,0
cold_online_random_h16_s27_state0_mac0,scratch,cold,final,16,27,,0,0,25000000,25000000,25000000,cohort,14600000,1610,461,0,7,968,174,0,0,0
cold_online_random_h16_s27_state0_mac0,scratch,cold,final,16,27,,0,0,25000000,25000000,25000000,cohort,14700000,1779,463,0,14,1124,178,0,0,0
cold_online_random_h16_s27_state0_mac0,scratch,cold,final,16,27,,0,0,25000000,25000000,25000000,cohort,14800000,1405,460,0,10,769,166,0,0,0
cold_online_random_h16_s27_state0_mac0,scratch,cold,final,16,27,,0,0,25000000,25000000,25000000,cohort,14900000,1706,461,0,21,1040,184,0,0,0
cold_online_random_h16_s27_state0_mac0,scratch,cold,final,16,27,,0,0,25000000,25000000,25000000,cohort,15000000,1787,460,0,9,1146,172,0,0,0
cold_online_random_h16_s27_state0_mac0,scratch,cold,final,16,27,,0,0,25000000,25000000,25000000,cohort,15100000,1710,468,0,27,1033,182,0,0,0
cold_online_random_h16_s27_state0_mac0,scratch,cold,final,16,27,,0,0,25000000,25000000,25000000,cohort,15200000,1708,466,0,5,1064,173,0,0,0
cold_online_random_h16_s27_state0_mac0,scratch,cold,final,16,27,,0,0,25000000,25000000,25000000,cohort,15300000,1768,462,0,5,1130,171,0,0,0
cold_online_random_h16_s27_state0_mac0,scratch,cold,final,16,27,,0,0,25000000,25000000,25000000,cohort,15400000,1793,464,0,4,1153,172,0,0,0
cold_online_random_h16_s27_state0_mac0,scratch,cold,final,16,27,,0,0,25000000,25000000,25000000,cohort,15500000,1698,462,0,7,1061,168,0,0,0
cold_online_random_h16_s27_state0_mac0,scratch,cold,final,16,27,,0,0,25000000,25000000,25000000,cohort,15600000,1726,460,0,9,1084,173,0,0,0
cold_online_random_h16_s27_state0_mac0,scratch,cold,final,16,27,,0,0,25000000,25000000,25000000,cohort,15700000,1723,460,0,5,1087,171,0,0,0
cold_online_random_h16_s27_state0_mac0,scratch,cold,final,16,27,,0,0,25000000,25000000,25000000,cohort,15800000,1774,458,0,11,1129,176,0,0,0
cold_online_random_h16_s27_state0_mac0,scratch,cold,final,16,27,,0,0,25000000,25000000,25000000,cohort,15900000,1737,461,0,9,1096,171,0,0,0
cold_online_random_h16_s27_state0_mac0,scratch,cold,final,16,27,,0,0,25000000,25000000,25000000,cohort,16000000,1665,459,0,6,1027,173,0,0,0
cold_online_random_h16_s27_state0_mac0,scratch,cold,final,16,27,,0,0,25000000,25000000,25000000,cohort,16100000,1636,463,0,6,999,168,0,0,0
cold_online_random_h16_s27_state0_mac0,scratch,cold,final,16,27,,0,0,25000000,25000000,25000000,cohort,16200000,1674,458,0,8,1033,175,0,0,0
cold_online_random_h16_s27_state0_mac0,scratch,cold,final,16,27,,0,0,25000000,25000000,25000000,cohort,16300000,1751,464,0,2,1115,170,0,0,0
cold_online_random_h16_s27_state0_mac0,scratch,cold,final,16,27,,0,0,25000000,25000000,25000000,cohort,16400000,1591,453,0,5,964,169,0,0,0
cold_online_random_h16_s27_state0_mac0,scratch,cold,final,16,27,,0,0,25000000,25000000,25000000,cohort,16500000,1711,459,0,11,1064,177,0,0,0
cold_online_random_h16_s27_state0_mac0,scratch,cold,final,16,27,,0,0,25000000,25000000,25000000,cohort,16600000,1576,456,0,5,944,171,0,0,0
cold_online_random_h16_s27_state0_mac0,scratch,cold,final,16,27,,0,0,25000000,25000000,25000000,cohort,16700000,1709,461,0,12,1059,177,0,0,0
cold_online_random_h16_s27_state0_mac0,scratch,cold,final,16,27,,0,0,25000000,25000000,25000000,cohort,16800000,1607,460,0,7,969,171,0,0,0
cold_online_random_h16_s27_state0_mac0,scratch,cold,final,16,27,,0,0,25000000,25000000,25000000,cohort,16900000,1660,455,0,9,1022,174,0,0,0
cold_online_random_h16_s27_state0_mac0,scratch,cold,final,16,27,,0,0,25000000,25000000,25000000,cohort,17000000,1645,459,0,5,1011,170,0,0,0
cold_online_random_h16_s27_state0_mac0,scratch,cold,final,16,27,,0,0,25000000,25000000,25000000,cohort,17100000,1590,458,0,11,945,176,0,0,0
cold_online_random_h16_s27_state0_mac0,scratch,cold,final,16,27,,0,0,25000000,25000000,25000000,cohort,17200000,1783,474,0,17,1121,171,0,0,0
cold_online_random_h16_s27_state0_mac0,scratch,cold,final,16,27,,0,0,25000000,25000000,25000000,cohort,17300000,1523,436,0,5,922,160,0,0,0
cold_online_random_h16_s27_state0_mac0,scratch,cold,final,16,27,,0,0,25000000,25000000,25000000,cohort,17400000,1661,452,0,11,1029,169,0,0,0
cold_online_random_h16_s27_state0_mac0,scratch,cold,final,16,27,,0,0,25000000,25000000,25000000,cohort,17500000,1503,421,0,7,908,167,0,0,0
cold_online_random_h16_s27_state0_mac0,scratch,cold,final,16,27,,0,0,25000000,25000000,25000000,cohort,17600000,1462,408,0,6,876,172,0,0,0
cold_online_random_h16_s27_state0_mac0,scratch,cold,final,16,27,,0,0,25000000,25000000,25000000,cohort,17700000,1378,390,1,9,794,184,0,0,0
cold_online_random_h16_s27_state0_mac0,scratch,cold,final,16,27,,0,0,25000000,25000000,25000000,cohort,17800000,1388,376,0,10,814,188,0,0,0
cold_online_random_h16_s27_state0_mac0,scratch,cold,final,16,27,,0,0,25000000,25000000,25000000,cohort,17900000,1346,328,1,8,844,165,0,0,0
cold_online_random_h16_s27_state0_mac0,scratch,cold,final,16,27,,0,0,25000000,25000000,25000000,cohort,18000000,1267,323,0,7,773,164,0,0,0
cold_online_random_h16_s27_state0_mac0,scratch,cold,final,16,27,,0,0,25000000,25000000,25000000,cohort,18100000,1194,313,0,5,714,162,0,0,0
cold_online_random_h16_s27_state0_mac0,scratch,cold,final,16,27,,0,0,25000000,25000000,25000000,cohort,18200000,1118,270,0,4,675,169,0,0,0
cold_online_random_h16_s27_state0_mac0,scratch,cold,final,16,27,,0,0,25000000,25000000,25000000,cohort,18300000,873,251,1,7,448,166,0,0,0
cold_online_random_h16_s27_state0_mac0,scratch,cold,final,16,27,,0,0,25000000,25000000,25000000,cohort,18400000,752,244,0,4,338,166,0,0,0
cold_online_random_h16_s27_state0_mac0,scratch,cold,final,16,27,,0,0,25000000,25000000,25000000,cohort,18500000,851,234,0,7,439,171,0,0,0
cold_online_random_h16_s27_state0_mac0,scratch,cold,final,16,27,,0,0,25000000,25000000,25000000,cohort,18600000,813,242,0,11,385,175,0,0,0
cold_online_random_h16_s27_state0_mac0,scratch,cold,final,16,27,,0,0,25000000,25000000,25000000,cohort,18700000,706,194,0,1,346,165,0,0,0
cold_online_random_h16_s27_state0_mac0,scratch,cold,final,16,27,,0,0,25000000,25000000,25000000,cohort,18800000,831,174,0,10,485,162,0,0,0
cold_online_random_h16_s27_state0_mac0,scratch,cold,final,16,27,,0,0,25000000,25000000,25000000,cohort,18900000,697,173,0,5,355,164,0,0,0
cold_online_random_h16_s27_state0_mac0,scratch,cold,final,16,27,,0,0,25000000,25000000,25000000,cohort,19000000,696,163,1,6,361,165,0,0,0
cold_online_random_h16_s27_state0_mac0,scratch,cold,final,16,27,,0,0,25000000,25000000,25000000,cohort,19100000,667,166,1,4,332,164,0,0,0
cold_online_random_h16_s27_state0_mac0,scratch,cold,final,16,27,,0,0,25000000,25000000,25000000,cohort,19200000,599,163,0,3,271,162,0,0,0
cold_online_random_h16_s27_state0_mac0,scratch,cold,final,16,27,,0,0,25000000,25000000,25000000,cohort,19300000,648,167,0,7,309,165,0,0,0
cold_online_random_h16_s27_state0_mac0,scratch,cold,final,16,27,,0,0,25000000,25000000,25000000,cohort,19400000,623,166,0,2,295,160,0,0,0
cold_online_random_h16_s27_state0_mac0,scratch,cold,final,16,27,,0,0,25000000,25000000,25000000,cohort,19500000,614,162,0,17,266,169,0,0,0
cold_online_random_h16_s27_state0_mac0,scratch,cold,final,16,27,,0,0,25000000,25000000,25000000,cohort,19600000,615,159,0,2,292,162,0,0,0
cold_online_random_h16_s27_state0_mac0,scratch,cold,final,16,27,,0,0,25000000,25000000,25000000,cohort,19700000,645,161,0,10,313,161,0,0,0
cold_online_random_h16_s27_state0_mac0,scratch,cold,final,16,27,,0,0,25000000,25000000,25000000,cohort,19800000,618,166,0,7,282,163,0,0,0
cold_online_random_h16_s27_state0_mac0,scratch,cold,final,16,27,,0,0,25000000,25000000,25000000,cohort,19900000,617,153,0,5,295,164,0,0,0
cold_online_random_h16_s27_state0_mac0,scratch,cold,final,16,27,,0,0,25000000,25000000,25000000,cohort,20000000,550,168,0,7,211,164,0,0,0
cold_online_random_h16_s27_state0_mac0,scratch,cold,final,16,27,,0,0,25000000,25000000,25000000,cohort,20100000,603,168,0,11,261,163,0,0,0
cold_online_random_h16_s27_state0_mac0,scratch,cold,final,16,27,,0,0,25000000,25000000,25000000,cohort,20200000,640,169,1,3,303,164,0,0,0
cold_online_random_h16_s27_state0_mac0,scratch,cold,final,16,27,,0,0,25000000,25000000,25000000,cohort,20300000,631,165,0,6,300,160,0,0,0
cold_online_random_h16_s27_state0_mac0,scratch,cold,final,16,27,,0,0,25000000,25000000,25000000,cohort,20400000,600,159,0,5,272,164,0,0,0
cold_online_random_h16_s27_state0_mac0,scratch,cold,final,16,27,,0,0,25000000,25000000,25000000,cohort,20500000,642,166,0,4,312,160,0,0,0
cold_online_random_h16_s27_state0_mac0,scratch,cold,final,16,27,,0,0,25000000,25000000,25000000,cohort,20600000,645,165,0,4,314,162,0,0,0
cold_online_random_h16_s27_state0_mac0,scratch,cold,final,16,27,,0,0,25000000,25000000,25000000,cohort,20700000,614,163,0,4,283,164,0,0,0
cold_online_random_h16_s27_state0_mac0,scratch,cold,final,16,27,,0,0,25000000,25000000,25000000,cohort,20800000,588,163,0,7,259,159,0,0,0
cold_online_random_h16_s27_state0_mac0,scratch,cold,final,16,27,,0,0,25000000,25000000,25000000,cohort,20900000,592,162,0,5,264,161,0,0,0
cold_online_random_h16_s27_state0_mac0,scratch,cold,final,16,27,,0,0,25000000,25000000,25000000,cohort,21000000,631,164,1,4,300,162,0,0,0
cold_online_random_h16_s27_state0_mac0,scratch,cold,final,16,27,,0,0,25000000,25000000,25000000,cohort,21100000,652,166,0,2,326,158,0,0,0
cold_online_random_h16_s27_state0_mac0,scratch,cold,final,16,27,,0,0,25000000,25000000,25000000,cohort,21200000,614,172,1,2,276,163,0,0,0
cold_online_random_h16_s27_state0_mac0,scratch,cold,final,16,27,,0,0,25000000,25000000,25000000,cohort,21300000,590,166,0,6,256,162,0,0,0
cold_online_random_h16_s27_state0_mac0,scratch,cold,final,16,27,,0,0,25000000,25000000,25000000,cohort,21400000,613,169,0,12,266,166,0,0,0
cold_online_random_h16_s27_state0_mac0,scratch,cold,final,16,27,,0,0,25000000,25000000,25000000,cohort,21500000,572,163,0,3,242,164,0,0,0
cold_online_random_h16_s27_state0_mac0,scratch,cold,final,16,27,,0,0,25000000,25000000,25000000,cohort,21600000,676,166,0,12,332,166,0,0,0
cold_online_random_h16_s27_state0_mac0,scratch,cold,final,16,27,,0,0,25000000,25000000,25000000,cohort,21700000,577,153,0,6,256,162,0,0,0
cold_online_random_h16_s27_state0_mac0,scratch,cold,final,16,27,,0,0,25000000,25000000,25000000,cohort,21800000,641,164,0,2,316,159,0,0,0
cold_online_random_h16_s27_state0_mac0,scratch,cold,final,16,27,,0,0,25000000,25000000,25000000,cohort,21900000,642,167,0,2,307,166,0,0,0
cold_online_random_h16_s27_state0_mac0,scratch,cold,final,16,27,,0,0,25000000,25000000,25000000,cohort,22000000,645,162,0,3,318,162,0,0,0
cold_online_random_h16_s27_state0_mac0,scratch,cold,final,16,27,,0,0,25000000,25000000,25000000,cohort,22100000,611,161,0,7,279,164,0,0,0
cold_online_random_h16_s27_state0_mac0,scratch,cold,final,16,27,,0,0,25000000,25000000,25000000,cohort,22200000,639,162,0,1,316,160,0,0,0
cold_online_random_h16_s27_state0_mac0,scratch,cold,final,16,27,,0,0,25000000,25000000,25000000,cohort,22300000,668,167,2,9,323,167,0,0,0
cold_online_random_h16_s27_state0_mac0,scratch,cold,final,16,27,,0,0,25000000,25000000,25000000,cohort,22400000,589,160,0,3,267,159,0,0,0
cold_online_random_h16_s27_state0_mac0,scratch,cold,final,16,27,,0,0,25000000,25000000,25000000,cohort,22500000,639,163,0,15,293,168,0,0,0
cold_online_random_h16_s27_state0_mac0,scratch,cold,final,16,27,,0,0,25000000,25000000,25000000,cohort,22600000,580,159,0,7,252,162,0,0,0
cold_online_random_h16_s27_state0_mac0,scratch,cold,final,16,27,,0,0,25000000,25000000,25000000,cohort,22700000,652,163,0,4,324,161,0,0,0
cold_online_random_h16_s27_state0_mac0,scratch,cold,final,16,27,,0,0,25000000,25000000,25000000,cohort,22800000,654,165,0,6,319,164,0,0,0
cold_online_random_h16_s27_state0_mac0,scratch,cold,final,16,27,,0,0,25000000,25000000,25000000,cohort,22900000,637,167,0,3,302,165,0,0,0
cold_online_random_h16_s27_state0_mac0,scratch,cold,final,16,27,,0,0,25000000,25000000,25000000,cohort,23000000,574,158,0,6,246,164,0,0,0
cold_online_random_h16_s27_state0_mac0,scratch,cold,final,16,27,,0,0,25000000,25000000,25000000,cohort,23100000,560,159,0,6,235,160,0,0,0
cold_online_random_h16_s27_state0_mac0,scratch,cold,final,16,27,,0,0,25000000,25000000,25000000,cohort,23200000,684,163,0,8,353,160,0,0,0
cold_online_random_h16_s27_state0_mac0,scratch,cold,final,16,27,,0,0,25000000,25000000,25000000,cohort,23300000,639,166,0,5,301,167,0,0,0
cold_online_random_h16_s27_state0_mac0,scratch,cold,final,16,27,,0,0,25000000,25000000,25000000,cohort,23400000,607,159,0,2,287,159,0,0,0
cold_online_random_h16_s27_state0_mac0,scratch,cold,final,16,27,,0,0,25000000,25000000,25000000,cohort,23500000,633,162,0,8,301,162,0,0,0
cold_online_random_h16_s27_state0_mac0,scratch,cold,final,16,27,,0,0,25000000,25000000,25000000,cohort,23600000,652,160,0,5,332,155,0,0,0
cold_online_random_h16_s27_state0_mac0,scratch,cold,final,16,27,,0,0,25000000,25000000,25000000,cohort,23700000,578,155,0,9,259,155,0,0,0
cold_online_random_h16_s27_state0_mac0,scratch,cold,final,16,27,,0,0,25000000,25000000,25000000,cohort,23800000,571,155,0,3,260,153,0,0,0
cold_online_random_h16_s27_state0_mac0,scratch,cold,final,16,27,,0,0,25000000,25000000,25000000,cohort,23900000,665,166,0,5,332,162,0,0,0
cold_online_random_h16_s27_state0_mac0,scratch,cold,final,16,27,,0,0,25000000,25000000,25000000,cohort,24000000,591,157,0,4,271,159,0,0,0
cold_online_random_h16_s27_state0_mac0,scratch,cold,final,16,27,,0,0,25000000,25000000,25000000,cohort,24100000,649,161,0,2,327,159,0,0,0
cold_online_random_h16_s27_state0_mac0,scratch,cold,final,16,27,,0,0,25000000,25000000,25000000,cohort,24200000,627,165,0,2,297,163,0,0,0
cold_online_random_h16_s27_state0_mac0,scratch,cold,final,16,27,,0,0,25000000,25000000,25000000,cohort,24300000,628,164,0,2,304,157,0,1,1
cold_online_random_h16_s27_state0_mac0,scratch,cold,final,16,27,,0,0,25000000,25000000,25000000,cohort,24400000,608,163,1,5,283,155,0,1,1
cold_online_random_h16_s27_state0_mac0,scratch,cold,final,16,27,,0,0,25000000,25000000,25000000,cohort,24500000,602,163,0,2,277,160,0,0,0
cold_online_random_h16_s27_state0_mac0,scratch,cold,final,16,27,,0,0,25000000,25000000,25000000,cohort,24600000,601,162,0,1,261,165,0,12,12
cold_online_random_h16_s27_state0_mac0,scratch,cold,final,16,27,,0,0,25000000,25000000,25000000,cohort,24700000,597,164,0,0,267,163,0,3,3
cold_online_random_h16_s27_state0_mac0,scratch,cold,final,16,27,,0,0,25000000,25000000,25000000,cohort,24800000,601,161,0,0,277,159,0,4,4
cold_online_random_h16_s27_state0_mac0,scratch,cold,final,16,27,,0,0,25000000,25000000,25000000,cohort,24900000,598,159,0,0,268,161,0,10,10
cold_online_random_h16_s7_state0_mac0,scratch,cold,final,16,7,,0,0,25000000,25000000,25000000,cohort,0,1518,104,4,6,345,1059,0,0,0
cold_online_random_h16_s7_state0_mac0,scratch,cold,final,16,7,,0,0,25000000,25000000,25000000,cohort,100000,2540,711,7,20,1737,65,0,0,0
cold_online_random_h16_s7_state0_mac0,scratch,cold,final,16,7,,0,0,25000000,25000000,25000000,cohort,200000,1878,477,0,14,1225,162,0,0,0
cold_online_random_h16_s7_state0_mac0,scratch,cold,final,16,7,,0,0,25000000,25000000,25000000,cohort,300000,1920,473,0,3,1283,161,0,0,0
cold_online_random_h16_s7_state0_mac0,scratch,cold,final,16,7,,0,0,25000000,25000000,25000000,cohort,400000,1874,473,0,1,1242,158,0,0,0
cold_online_random_h16_s7_state0_mac0,scratch,cold,final,16,7,,0,0,25000000,25000000,25000000,cohort,500000,1926,493,0,3,1279,151,0,0,0
cold_online_random_h16_s7_state0_mac0,scratch,cold,final,16,7,,0,0,25000000,25000000,25000000,cohort,600000,1928,468,0,8,1289,163,0,0,0
cold_online_random_h16_s7_state0_mac0,scratch,cold,final,16,7,,0,0,25000000,25000000,25000000,cohort,700000,1926,469,0,5,1290,162,0,0,0
cold_online_random_h16_s7_state0_mac0,scratch,cold,final,16,7,,0,0,25000000,25000000,25000000,cohort,800000,1732,474,0,3,1096,159,0,0,0
cold_online_random_h16_s7_state0_mac0,scratch,cold,final,16,7,,0,0,25000000,25000000,25000000,cohort,900000,1926,471,0,11,1280,164,0,0,0
cold_online_random_h16_s7_state0_mac0,scratch,cold,final,16,7,,0,0,25000000,25000000,25000000,cohort,1000000,1940,474,0,6,1298,162,0,0,0
cold_online_random_h16_s7_state0_mac0,scratch,cold,final,16,7,,0,0,25000000,25000000,25000000,cohort,1100000,1920,472,0,6,1281,161,0,0,0
cold_online_random_h16_s7_state0_mac0,scratch,cold,final,16,7,,0,0,25000000,25000000,25000000,cohort,1200000,1930,468,0,8,1289,165,0,0,0
cold_online_random_h16_s7_state0_mac0,scratch,cold,final,16,7,,0,0,25000000,25000000,25000000,cohort,1300000,1932,472,0,5,1293,162,0,0,0
cold_online_random_h16_s7_state0_mac0,scratch,cold,final,16,7,,0,0,25000000,25000000,25000000,cohort,1400000,1512,472,0,6,871,163,0,0,0
cold_online_random_h16_s7_state0_mac0,scratch,cold,final,16,7,,0,0,25000000,25000000,25000000,cohort,1500000,1920,474,0,2,1285,159,0,0,0
cold_online_random_h16_s7_state0_mac0,scratch,cold,final,16,7,,0,0,25000000,25000000,25000000,cohort,1600000,1968,511,0,15,1306,136,0,0,0
cold_online_random_h16_s7_state0_mac0,scratch,cold,final,16,7,,0,0,25000000,25000000,25000000,cohort,1700000,1938,474,0,8,1290,166,0,0,0
cold_online_random_h16_s7_state0_mac0,scratch,cold,final,16,7,,0,0,25000000,25000000,25000000,cohort,1800000,1846,473,0,9,1200,164,0,0,0
cold_online_random_h16_s7_state0_mac0,scratch,cold,final,16,7,,0,0,25000000,25000000,25000000,cohort,1900000,1948,471,0,12,1294,171,0,0,0
cold_online_random_h16_s7_state0_mac0,scratch,cold,final,16,7,,0,0,25000000,25000000,25000000,cohort,2000000,1934,479,0,6,1288,161,0,0,0
cold_online_random_h16_s7_state0_mac0,scratch,cold,final,16,7,,0,0,25000000,25000000,25000000,cohort,2100000,1958,475,0,14,1300,169,0,0,0
cold_online_random_h16_s7_state0_mac0,scratch,cold,final,16,7,,0,0,25000000,25000000,25000000,cohort,2200000,1950,475,0,7,1306,162,0,0,0
cold_online_random_h16_s7_state0_mac0,scratch,cold,final,16,7,,0,0,25000000,25000000,25000000,cohort,2300000,1824,474,0,10,1172,168,0,0,0
cold_online_random_h16_s7_state0_mac0,scratch,cold,final,16,7,,0,0,25000000,25000000,25000000,cohort,2400000,1936,465,0,15,1289,167,0,0,0
cold_online_random_h16_s7_state0_mac0,scratch,cold,final,16,7,,0,0,25000000,25000000,25000000,cohort,2500000,1516,473,0,21,850,172,0,0,0
cold_online_random_h16_s7_state0_mac0,scratch,cold,final,16,7,,0,0,25000000,25000000,25000000,cohort,2600000,1314,473,0,23,644,174,0,0,0
cold_online_random_h16_s7_state0_mac0,scratch,cold,final,16,7,,0,0,25000000,25000000,25000000,cohort,2700000,1498,480,0,3,849,166,0,0,0
cold_online_random_h16_s7_state0_mac0,scratch,cold,final,16,7,,0,0,25000000,25000000,25000000,cohort,2800000,1690,472,0,6,1052,160,0,0,0
cold_online_random_h16_s7_state0_mac0,scratch,cold,final,16,7,,0,0,25000000,25000000,25000000,cohort,2900000,1940,476,0,7,1287,170,0,0,0
cold_online_random_h16_s7_state0_mac0,scratch,cold,final,16,7,,0,0,25000000,25000000,25000000,cohort,3000000,1616,475,0,6,974,161,0,0,0
cold_online_random_h16_s7_state0_mac0,scratch,cold,final,16,7,,0,0,25000000,25000000,25000000,cohort,3100000,1778,470,0,4,1142,162,0,0,0
cold_online_random_h16_s7_state0_mac0,scratch,cold,final,16,7,,0,0,25000000,25000000,25000000,cohort,3200000,1940,475,0,14,1286,165,0,0,0
cold_online_random_h16_s7_state0_mac0,scratch,cold,final,16,7,,0,0,25000000,25000000,25000000,cohort,3300000,1648,477,0,11,995,165,0,0,0
cold_online_random_h16_s7_state0_mac0,scratch,cold,final,16,7,,0,0,25000000,25000000,25000000,cohort,3400000,1890,472,0,5,1252,161,0,0,0
cold_online_random_h16_s7_state0_mac0,scratch,cold,final,16,7,,0,0,25000000,25000000,25000000,cohort,3500000,1952,469,0,20,1289,174,0,0,0
cold_online_random_h16_s7_state0_mac0,scratch,cold,final,16,7,,0,0,25000000,25000000,25000000,cohort,3600000,1628,466,0,32,948,182,0,0,0
cold_online_random_h16_s7_state0_mac0,scratch,cold,final,16,7,,0,0,25000000,25000000,25000000,cohort,3700000,1890,473,0,10,1238,169,0,0,0
cold_online_random_h16_s7_state0_mac0,scratch,cold,final,16,7,,0,0,25000000,25000000,25000000,cohort,3800000,1658,473,0,15,1004,166,0,0,0
cold_online_random_h16_s7_state0_mac0,scratch,cold,final,16,7,,0,0,25000000,25000000,25000000,cohort,3900000,1730,471,0,20,1070,169,0,0,0
cold_online_random_h16_s7_state0_mac0,scratch,cold,final,16,7,,0,0,25000000,25000000,25000000,cohort,4000000,1584,471,0,25,912,176,0,0,0
cold_online_random_h16_s7_state0_mac0,scratch,cold,final,16,7,,0,0,25000000,25000000,25000000,cohort,4100000,1766,474,0,10,1116,166,0,0,0
cold_online_random_h16_s7_state0_mac0,scratch,cold,final,16,7,,0,0,25000000,25000000,25000000,cohort,4200000,1510,469,0,15,859,167,0,0,0
cold_online_random_h16_s7_state0_mac0,scratch,cold,final,16,7,,0,0,25000000,25000000,25000000,cohort,4300000,1902,474,0,8,1256,164,0,0,0
cold_online_random_h16_s7_state0_mac0,scratch,cold,final,16,7,,0,0,25000000,25000000,25000000,cohort,4400000,1806,472,0,9,1164,161,0,0,0
cold_online_random_h16_s7_state0_mac0,scratch,cold,final,16,7,,0,0,25000000,25000000,25000000,cohort,4500000,1786,472,0,12,1134,168,0,0,0
cold_online_random_h16_s7_state0_mac0,scratch,cold,final,16,7,,0,0,25000000,25000000,25000000,cohort,4600000,1564,475,0,6,919,164,0,0,0
cold_online_random_h16_s7_state0_mac0,scratch,cold,final,16,7,,0,0,25000000,25000000,25000000,cohort,4700000,1910,471,1,8,1257,173,0,0,0
cold_online_random_h16_s7_state0_mac0,scratch,cold,final,16,7,,0,0,25000000,25000000,25000000,cohort,4800000,1892,476,0,7,1249,160,0,0,0
cold_online_random_h16_s7_state0_mac0,scratch,cold,final,16,7,,0,0,25000000,25000000,25000000,cohort,4900000,1902,469,0,20,1240,173,0,0,0
cold_online_random_h16_s7_state0_mac0,scratch,cold,final,16,7,,0,0,25000000,25000000,25000000,cohort,5000000,1884,466,0,17,1234,167,0,0,0
cold_online_random_h16_s7_state0_mac0,scratch,cold,final,16,7,,0,0,25000000,25000000,25000000,cohort,5100000,1748,484,0,18,1082,164,0,0,0
cold_online_random_h16_s7_state0_mac0,scratch,cold,final,16,7,,0,0,25000000,25000000,25000000,cohort,5200000,1905,472,0,21,1238,174,0,0,0
cold_online_random_h16_s7_state0_mac0,scratch,cold,final,16,7,,0,0,25000000,25000000,25000000,cohort,5300000,1640,471,0,14,988,167,0,0,0
cold_online_random_h16_s7_state0_mac0,scratch,cold,final,16,7,,0,0,25000000,25000000,25000000,cohort,5400000,1638,467,0,26,969,176,0,0,0
cold_online_random_h16_s7_state0_mac0,scratch,cold,final,16,7,,0,0,25000000,25000000,25000000,cohort,5500000,1874,472,0,15,1218,169,0,0,0
cold_online_random_h16_s7_state0_mac0,scratch,cold,final,16,7,,0,0,25000000,25000000,25000000,cohort,5600000,1806,471,1,22,1143,169,0,0,0
cold_online_random_h16_s7_state0_mac0,scratch,cold,final,16,7,,0,0,25000000,25000000,25000000,cohort,5700000,1900,470,0,20,1240,170,0,0,0
cold_online_random_h16_s7_state0_mac0,scratch,cold,final,16,7,,0,0,25000000,25000000,25000000,cohort,5800000,1886,475,0,19,1224,168,0,0,0
cold_online_random_h16_s7_state0_mac0,scratch,cold,final,16,7,,0,0,25000000,25000000,25000000,cohort,5900000,1910,473,0,22,1241,174,0,0,0
cold_online_random_h16_s7_state0_mac0,scratch,cold,final,16,7,,0,0,25000000,25000000,25000000,cohort,6000000,1580,473,0,10,935,162,0,0,0
cold_online_random_h16_s7_state0_mac0,scratch,cold,final,16,7,,0,0,25000000,25000000,25000000,cohort,6100000,1950,470,1,16,1287,176,0,0,0
cold_online_random_h16_s7_state0_mac0,scratch,cold,final,16,7,,0,0,25000000,25000000,25000000,cohort,6200000,1766,474,0,14,1115,163,0,0,0
cold_online_random_h16_s7_state0_mac0,scratch,cold,final,16,7,,0,0,25000000,25000000,25000000,cohort,6300000,1894,474,2,25,1217,176,0,0,0
cold_online_random_h16_s7_state0_mac0,scratch,cold,final,16,7,,0,0,25000000,25000000,25000000,cohort,6400000,1780,480,2,17,1113,168,0,0,0
cold_online_random_h16_s7_state0_mac0,scratch,cold,final,16,7,,0,0,25000000,25000000,25000000,cohort,6500000,1800,475,0,13,1142,170,0,0,0
cold_online_random_h16_s7_state0_mac0,scratch,cold,final,16,7,,0,0,25000000,25000000,25000000,cohort,6600000,1764,477,0,13,1103,171,0,0,0
cold_online_random_h16_s7_state0_mac0,scratch,cold,final,16,7,,0,0,25000000,25000000,25000000,cohort,6700000,1896,476,1,10,1243,166,0,0,0
cold_online_random_h16_s7_state0_mac0,scratch,cold,final,16,7,,0,0,25000000,25000000,25000000,cohort,6800000,1892,471,0,14,1240,167,0,0,0
cold_online_random_h16_s7_state0_mac0,scratch,cold,final,16,7,,0,0,25000000,25000000,25000000,cohort,6900000,1442,462,0,14,801,165,0,0,0
cold_online_random_h16_s7_state0_mac0,scratch,cold,final,16,7,,0,0,25000000,25000000,25000000,cohort,7000000,1594,478,0,10,946,160,0,0,0
cold_online_random_h16_s7_state0_mac0,scratch,cold,final,16,7,,0,0,25000000,25000000,25000000,cohort,7100000,1739,468,0,24,1071,176,0,0,0
cold_online_random_h16_s7_state0_mac0,scratch,cold,final,16,7,,0,0,25000000,25000000,25000000,cohort,7200000,1760,474,0,14,1104,168,0,0,0
cold_online_random_h16_s7_state0_mac0,scratch,cold,final,16,7,,0,0,25000000,25000000,25000000,cohort,7300000,1850,473,0,17,1192,168,0,0,0
cold_online_random_h16_s7_state0_mac0,scratch,cold,final,16,7,,0,0,25000000,25000000,25000000,cohort,7400000,1798,472,0,12,1148,166,0,0,0
cold_online_random_h16_s7_state0_mac0,scratch,cold,final,16,7,,0,0,25000000,25000000,25000000,cohort,7500000,1756,469,0,8,1111,168,0,0,0
cold_online_random_h16_s7_state0_mac0,scratch,cold,final,16,7,,0,0,25000000,25000000,25000000,cohort,7600000,1784,477,0,3,1145,159,0,0,0
cold_online_random_h16_s7_state0_mac0,scratch,cold,final,16,7,,0,0,25000000,25000000,25000000,cohort,7700000,1870,469,0,9,1230,162,0,0,0
cold_online_random_h16_s7_state0_mac0,scratch,cold,final,16,7,,0,0,25000000,25000000,25000000,cohort,7800000,1856,471,0,16,1199,170,0,0,0
cold_online_random_h16_s7_state0_mac0,scratch,cold,final,16,7,,0,0,25000000,25000000,25000000,cohort,7900000,1634,476,0,6,992,160,0,0,0
cold_online_random_h16_s7_state0_mac0,scratch,cold,final,16,7,,0,0,25000000,25000000,25000000,cohort,8000000,1611,468,0,20,956,167,0,0,0
cold_online_random_h16_s7_state0_mac0,scratch,cold,final,16,7,,0,0,25000000,25000000,25000000,cohort,8100000,1632,465,1,17,981,168,0,0,0
cold_online_random_h16_s7_state0_mac0,scratch,cold,final,16,7,,0,0,25000000,25000000,25000000,cohort,8200000,1506,472,0,9,863,162,0,0,0
cold_online_random_h16_s7_state0_mac0,scratch,cold,final,16,7,,0,0,25000000,25000000,25000000,cohort,8300000,1821,474,0,6,1183,158,0,0,0
cold_online_random_h16_s7_state0_mac0,scratch,cold,final,16,7,,0,0,25000000,25000000,25000000,cohort,8400000,1673,472,0,8,1033,160,0,0,0
cold_online_random_h16_s7_state0_mac0,scratch,cold,final,16,7,,0,0,25000000,25000000,25000000,cohort,8500000,1941,483,4,27,1246,181,0,0,0
cold_online_random_h16_s7_state0_mac0,scratch,cold,final,16,7,,0,0,25000000,25000000,25000000,cohort,8600000,1815,475,1,13,1160,166,0,0,0
cold_online_random_h16_s7_state0_mac0,scratch,cold,final,16,7,,0,0,25000000,25000000,25000000,cohort,8700000,1757,478,1,18,1093,167,0,0,0
cold_online_random_h16_s7_state0_mac0,scratch,cold,final,16,7,,0,0,25000000,25000000,25000000,cohort,8800000,1850,479,0,15,1188,168,0,0,0
cold_online_random_h16_s7_state0_mac0,scratch,cold,final,16,7,,0,0,25000000,25000000,25000000,cohort,8900000,1686,472,0,13,1036,165,0,0,0
cold_online_random_h16_s7_state0_mac0,scratch,cold,final,16,7,,0,0,25000000,25000000,25000000,cohort,9000000,1860,473,0,12,1209,166,0,0,0
cold_online_random_h16_s7_state0_mac0,scratch,cold,final,16,7,,0,0,25000000,25000000,25000000,cohort,9100000,1787,475,0,10,1137,165,0,0,0
cold_online_random_h16_s7_state0_mac0,scratch,cold,final,16,7,,0,0,25000000,25000000,25000000,cohort,9200000,1868,472,0,14,1213,169,0,0,0
cold_online_random_h16_s7_state0_mac0,scratch,cold,final,16,7,,0,0,25000000,25000000,25000000,cohort,9300000,1662,470,0,6,1022,164,0,0,0
cold_online_random_h16_s7_state0_mac0,scratch,cold,final,16,7,,0,0,25000000,25000000,25000000,cohort,9400000,1721,469,0,4,1083,165,0,0,0
cold_online_random_h16_s7_state0_mac0,scratch,cold,final,16,7,,0,0,25000000,25000000,25000000,cohort,9500000,1603,474,0,14,950,165,0,0,0
cold_online_random_h16_s7_state0_mac0,scratch,cold,final,16,7,,0,0,25000000,25000000,25000000,cohort,9600000,1553,469,0,13,901,170,0,0,0
cold_online_random_h16_s7_state0_mac0,scratch,cold,final,16,7,,0,0,25000000,25000000,25000000,cohort,9700000,1667,463,0,14,1017,173,0,0,0
cold_online_random_h16_s7_state0_mac0,scratch,cold,final,16,7,,0,0,25000000,25000000,25000000,cohort,9800000,1761,470,0,15,1106,170,0,0,0
cold_online_random_h16_s7_state0_mac0,scratch,cold,final,16,7,,0,0,25000000,25000000,25000000,cohort,9900000,1758,466,0,13,1107,172,0,0,0
cold_online_random_h16_s7_state0_mac0,scratch,cold,final,16,7,,0,0,25000000,25000000,25000000,cohort,10000000,1565,468,0,15,917,165,0,0,0
cold_online_random_h16_s7_state0_mac0,scratch,cold,final,16,7,,0,0,25000000,25000000,25000000,cohort,10100000,1830,473,0,12,1177,168,0,0,0
cold_online_random_h16_s7_state0_mac0,scratch,cold,final,16,7,,0,0,25000000,25000000,25000000,cohort,10200000,1775,468,0,7,1134,166,0,0,0
cold_online_random_h16_s7_state0_mac0,scratch,cold,final,16,7,,0,0,25000000,25000000,25000000,cohort,10300000,1719,465,0,9,1073,172,0,0,0
cold_online_random_h16_s7_state0_mac0,scratch,cold,final,16,7,,0,0,25000000,25000000,25000000,cohort,10400000,1734,468,0,7,1091,168,0,0,0
cold_online_random_h16_s7_state0_mac0,scratch,cold,final,16,7,,0,0,25000000,25000000,25000000,cohort,10500000,1585,460,0,4,948,173,0,0,0
cold_online_random_h16_s7_state0_mac0,scratch,cold,final,16,7,,0,0,25000000,25000000,25000000,cohort,10600000,1811,459,0,14,1166,172,0,0,0
cold_online_random_h16_s7_state0_mac0,scratch,cold,final,16,7,,0,0,25000000,25000000,25000000,cohort,10700000,1746,468,0,7,1105,166,0,0,0
cold_online_random_h16_s7_state0_mac0,scratch,cold,final,16,7,,0,0,25000000,25000000,25000000,cohort,10800000,1709,461,0,8,1069,171,0,0,0
cold_online_random_h16_s7_state0_mac0,scratch,cold,final,16,7,,0,0,25000000,25000000,25000000,cohort,10900000,1833,468,0,5,1192,168,0,0,0
cold_online_random_h16_s7_state0_mac0,scratch,cold,final,16,7,,0,0,25000000,25000000,25000000,cohort,11000000,1711,449,0,8,1072,182,0,0,0
cold_online_random_h16_s7_state0_mac0,scratch,cold,final,16,7,,0,0,25000000,25000000,25000000,cohort,11100000,1771,470,0,8,1126,167,0,0,0
cold_online_random_h16_s7_state0_mac0,scratch,cold,final,16,7,,0,0,25000000,25000000,25000000,cohort,11200000,1731,462,0,12,1080,177,0,0,0
cold_online_random_h16_s7_state0_mac0,scratch,cold,final,16,7,,0,0,25000000,25000000,25000000,cohort,11300000,1655,458,0,12,1011,174,0,0,0
cold_online_random_h16_s7_state0_mac0,scratch,cold,final,16,7,,0,0,25000000,25000000,25000000,cohort,11400000,1779,452,10,16,1106,195,0,0,0
cold_online_random_h16_s7_state0_mac0,scratch,cold,final,16,7,,0,0,25000000,25000000,25000000,cohort,11500000,1404,444,11,64,650,235,0,0,0
cold_online_random_h16_s7_state0_mac0,scratch,cold,final,16,7,,0,0,25000000,25000000,25000000,cohort,11600000,1660,463,2,11,998,186,0,0,0
cold_online_random_h16_s7_state0_mac0,scratch,cold,final,16,7,,0,0,25000000,25000000,25000000,cohort,11700000,1729,461,0,9,1083,176,0,0,0
cold_online_random_h16_s7_state0_mac0,scratch,cold,final,16,7,,0,0,25000000,25000000,25000000,cohort,11800000,2056,531,46,102,1038,339,0,0,0
cold_online_random_h16_s7_state0_mac0,scratch,cold,final,16,7,,0,0,25000000,25000000,25000000,cohort,11900000,1898,492,21,86,1008,291,0,0,0
cold_online_random_h16_s7_state0_mac0,scratch,cold,final,16,7,,0,0,25000000,25000000,25000000,cohort,12000000,1771,471,12,43,1030,215,0,0,0
cold_online_random_h16_s7_state0_mac0,scratch,cold,final,16,7,,0,0,25000000,25000000,25000000,cohort,12100000,1870,471,31,48,1079,241,0,0,0
cold_online_random_h16_s7_state0_mac0,scratch,cold,final,16,7,,0,0,25000000,25000000,25000000,cohort,12200000,1621,456,0,9,974,182,0,0,0
cold_online_random_h16_s7_state0_mac0,scratch,cold,final,16,7,,0,0,25000000,25000000,25000000,cohort,12300000,1525,459,4,22,857,183,0,0,0
cold_online_random_h16_s7_state0_mac0,scratch,cold,final,16,7,,0,0,25000000,25000000,25000000,cohort,12400000,1765,468,10,14,1084,189,0,0,0
cold_online_random_h16_s7_state0_mac0,scratch,cold,final,16,7,,0,0,25000000,25000000,25000000,cohort,12500000,1863,455,0,18,1212,178,0,0,0
cold_online_random_h16_s7_state0_mac0,scratch,cold,final,16,7,,0,0,25000000,25000000,25000000,cohort,12600000,1967,470,24,128,1041,304,0,0,0
cold_online_random_h16_s7_state0_mac0,scratch,cold,final,16,7,,0,0,25000000,25000000,25000000,cohort,12700000,1858,469,23,54,1068,244,0,0,0
cold_online_random_h16_s7_state0_mac0,scratch,cold,final,16,7,,0,0,25000000,25000000,25000000,cohort,12800000,1949,481,17,81,1104,266,0,0,0
cold_online_random_h16_s7_state0_mac0,scratch,cold,final,16,7,,0,0,25000000,25000000,25000000,cohort,12900000,1876,460,0,18,1215,183,0,0,0
cold_online_random_h16_s7_state0_mac0,scratch,cold,final,16,7,,0,0,25000000,25000000,25000000,cohort,13000000,1867,462,0,10,1219,176,0,0,0
cold_online_random_h16_s7_state0_mac0,scratch,cold,final,16,7,,0,0,25000000,25000000,25000000,cohort,13100000,1753,463,0,9,1103,178,0,0,0
cold_online_random_h16_s7_state0_mac0,scratch,cold,final,16,7,,0,0,25000000,25000000,25000000,cohort,13200000,1779,470,20,158,800,331,0,0,0
cold_online_random_h16_s7_state0_mac0,scratch,cold,final,16,7,,0,0,25000000,25000000,25000000,cohort,13300000,1763,461,0,12,1117,173,0,0,0
cold_online_random_h16_s7_state0_mac0,scratch,cold,final,16,7,,0,0,25000000,25000000,25000000,cohort,13400000,1506,456,3,106,616,325,0,0,0
cold_online_random_h16_s7_state0_mac0,scratch,cold,final,16,7,,0,0,25000000,25000000,25000000,cohort,13500000,1656,405,0,33,1053,165,0,0,0
cold_online_random_h16_s7_state0_mac0,scratch,cold,final,16,7,,0,0,25000000,25000000,25000000,cohort,13600000,1936,459,0,16,1283,178,0,0,0
cold_online_random_h16_s7_state0_mac0,scratch,cold,final,16,7,,0,0,25000000,25000000,25000000,cohort,13700000,1902,482,0,37,1191,192,0,0,0
cold_online_random_h16_s7_state0_mac0,scratch,cold,final,16,7,,0,0,25000000,25000000,25000000,cohort,13800000,1837,475,0,6,1197,159,0,0,0
cold_online_random_h16_s7_state0_mac0,scratch,cold,final,16,7,,0,0,25000000,25000000,25000000,cohort,13900000,1578,444,0,21,938,175,0,0,0
cold_online_random_h16_s7_state0_mac0,scratch,cold,final,16,7,,0,0,25000000,25000000,25000000,cohort,14000000,1724,474,0,15,1071,164,0,0,0
cold_online_random_h16_s7_state0_mac0,scratch,cold,final,16,7,,0,0,25000000,25000000,25000000,cohort,14100000,1784,475,0,25,1106,178,0,0,0
cold_online_random_h16_s7_state0_mac0,scratch,cold,final,16,7,,0,0,25000000,25000000,25000000,cohort,14200000,1814,473,0,12,1159,170,0,0,0
cold_online_random_h16_s7_state0_mac0,scratch,cold,final,16,7,,0,0,25000000,25000000,25000000,cohort,14300000,1697,467,0,4,1061,165,0,0,0
cold_online_random_h16_s7_state0_mac0,scratch,cold,final,16,7,,0,0,25000000,25000000,25000000,cohort,14400000,1755,464,0,7,1109,175,0,0,0
cold_online_random_h16_s7_state0_mac0,scratch,cold,final,16,7,,0,0,25000000,25000000,25000000,cohort,14500000,1660,457,0,2,1033,168,0,0,0
cold_online_random_h16_s7_state0_mac0,scratch,cold,final,16,7,,0,0,25000000,25000000,25000000,cohort,14600000,1674,460,0,5,1035,174,0,0,0
cold_online_random_h16_s7_state0_mac0,scratch,cold,final,16,7,,0,0,25000000,25000000,25000000,cohort,14700000,1721,461,0,11,1074,175,0,0,0
cold_online_random_h16_s7_state0_mac0,scratch,cold,final,16,7,,0,0,25000000,25000000,25000000,cohort,14800000,1543,461,0,11,909,162,0,0,0
cold_online_random_h16_s7_state0_mac0,scratch,cold,final,16,7,,0,0,25000000,25000000,25000000,cohort,14900000,1661,460,0,12,1010,179,0,0,0
cold_online_random_h16_s7_state0_mac0,scratch,cold,final,16,7,,0,0,25000000,25000000,25000000,cohort,15000000,1783,460,0,7,1146,170,0,0,0
cold_online_random_h16_s7_state0_mac0,scratch,cold,final,16,7,,0,0,25000000,25000000,25000000,cohort,15100000,1647,461,0,24,974,188,0,0,0
cold_online_random_h16_s7_state0_mac0,scratch,cold,final,16,7,,0,0,25000000,25000000,25000000,cohort,15200000,1712,466,0,6,1066,174,0,0,0
cold_online_random_h16_s7_state0_mac0,scratch,cold,final,16,7,,0,0,25000000,25000000,25000000,cohort,15300000,1771,461,0,4,1136,170,0,0,0
cold_online_random_h16_s7_state0_mac0,scratch,cold,final,16,7,,0,0,25000000,25000000,25000000,cohort,15400000,1799,461,0,5,1160,173,0,0,0
cold_online_random_h16_s7_state0_mac0,scratch,cold,final,16,7,,0,0,25000000,25000000,25000000,cohort,15500000,1732,462,0,3,1099,168,0,0,0
cold_online_random_h16_s7_state0_mac0,scratch,cold,final,16,7,,0,0,25000000,25000000,25000000,cohort,15600000,1705,459,0,7,1067,172,0,0,0
cold_online_random_h16_s7_state0_mac0,scratch,cold,final,16,7,,0,0,25000000,25000000,25000000,cohort,15700000,1758,459,0,7,1120,172,0,0,0
cold_online_random_h16_s7_state0_mac0,scratch,cold,final,16,7,,0,0,25000000,25000000,25000000,cohort,15800000,1784,459,0,13,1137,175,0,0,0
cold_online_random_h16_s7_state0_mac0,scratch,cold,final,16,7,,0,0,25000000,25000000,25000000,cohort,15900000,1763,460,0,10,1122,171,0,0,0
cold_online_random_h16_s7_state0_mac0,scratch,cold,final,16,7,,0,0,25000000,25000000,25000000,cohort,16000000,1690,461,0,9,1047,173,0,0,0
cold_online_random_h16_s7_state0_mac0,scratch,cold,final,16,7,,0,0,25000000,25000000,25000000,cohort,16100000,1647,463,0,5,1008,171,0,0,0
cold_online_random_h16_s7_state0_mac0,scratch,cold,final,16,7,,0,0,25000000,25000000,25000000,cohort,16200000,1707,459,0,7,1067,174,0,0,0
cold_online_random_h16_s7_state0_mac0,scratch,cold,final,16,7,,0,0,25000000,25000000,25000000,cohort,16300000,1765,463,1,2,1129,170,0,0,0
cold_online_random_h16_s7_state0_mac0,scratch,cold,final,16,7,,0,0,25000000,25000000,25000000,cohort,16400000,1646,457,0,8,1008,173,0,0,0
cold_online_random_h16_s7_state0_mac0,scratch,cold,final,16,7,,0,0,25000000,25000000,25000000,cohort,16500000,1758,460,0,10,1112,176,0,0,0
cold_online_random_h16_s7_state0_mac0,scratch,cold,final,16,7,,0,0,25000000,25000000,25000000,cohort,16600000,1646,458,0,7,1009,172,0,0,0
cold_online_random_h16_s7_state0_mac0,scratch,cold,final,16,7,,0,0,25000000,25000000,25000000,cohort,16700000,1756,461,0,8,1112,175,0,0,0
cold_online_random_h16_s7_state0_mac0,scratch,cold,final,16,7,,0,0,25000000,25000000,25000000,cohort,16800000,1736,458,0,5,1101,172,0,0,0
cold_online_random_h16_s7_state0_mac0,scratch,cold,final,16,7,,0,0,25000000,25000000,25000000,cohort,16900000,1772,457,0,12,1129,174,0,0,0
cold_online_random_h16_s7_state0_mac0,scratch,cold,final,16,7,,0,0,25000000,25000000,25000000,cohort,17000000,1759,462,0,4,1122,171,0,0,0
cold_online_random_h16_s7_state0_mac0,scratch,cold,final,16,7,,0,0,25000000,25000000,25000000,cohort,17100000,1712,459,0,9,1069,175,0,0,0
cold_online_random_h16_s7_state0_mac0,scratch,cold,final,16,7,,0,0,25000000,25000000,25000000,cohort,17200000,1737,461,0,8,1096,172,0,0,0
cold_online_random_h16_s7_state0_mac0,scratch,cold,final,16,7,,0,0,25000000,25000000,25000000,cohort,17300000,1778,461,0,14,1129,174,0,0,0
cold_online_random_h16_s7_state0_mac0,scratch,cold,final,16,7,,0,0,25000000,25000000,25000000,cohort,17400000,1763,463,0,10,1111,179,0,0,0
cold_online_random_h16_s7_state0_mac0,scratch,cold,final,16,7,,0,0,25000000,25000000,25000000,cohort,17500000,1774,460,0,7,1135,172,0,0,0
cold_online_random_h16_s7_state0_mac0,scratch,cold,final,16,7,,0,0,25000000,25000000,25000000,cohort,17600000,1768,456,0,11,1124,177,0,0,0
cold_online_random_h16_s7_state0_mac0,scratch,cold,final,16,7,,0,0,25000000,25000000,25000000,cohort,17700000,1676,459,0,14,1026,177,0,0,0
cold_online_random_h16_s7_state0_mac0,scratch,cold,final,16,7,,0,0,25000000,25000000,25000000,cohort,17800000,1776,460,0,7,1139,170,0,0,0
cold_online_random_h16_s7_state0_mac0,scratch,cold,final,16,7,,0,0,25000000,25000000,25000000,cohort,17900000,1754,460,0,16,1100,178,0,0,0
cold_online_random_h16_s7_state0_mac0,scratch,cold,final,16,7,,0,0,25000000,25000000,25000000,cohort,18000000,1770,465,0,3,1130,172,0,0,0
cold_online_random_h16_s7_state0_mac0,scratch,cold,final,16,7,,0,0,25000000,25000000,25000000,cohort,18100000,1780,460,0,5,1143,172,0,0,0
cold_online_random_h16_s7_state0_mac0,scratch,cold,final,16,7,,0,0,25000000,25000000,25000000,cohort,18200000,1752,459,0,6,1118,169,0,0,0
cold_online_random_h16_s7_state0_mac0,scratch,cold,final,16,7,,0,0,25000000,25000000,25000000,cohort,18300000,1669,460,0,13,1024,172,0,0,0
cold_online_random_h16_s7_state0_mac0,scratch,cold,final,16,7,,0,0,25000000,25000000,25000000,cohort,18400000,1552,458,0,6,915,173,0,0,0
cold_online_random_h16_s7_state0_mac0,scratch,cold,final,16,7,,0,0,25000000,25000000,25000000,cohort,18500000,1748,461,0,5,1110,172,0,0,0
cold_online_random_h16_s7_state0_mac0,scratch,cold,final,16,7,,0,0,25000000,25000000,25000000,cohort,18600000,1739,466,0,14,1081,178,0,0,0
cold_online_random_h16_s7_state0_mac0,scratch,cold,final,16,7,,0,0,25000000,25000000,25000000,cohort,18700000,1651,461,0,2,1018,170,0,0,0
cold_online_random_h16_s7_state0_mac0,scratch,cold,final,16,7,,0,0,25000000,25000000,25000000,cohort,18800000,1717,457,0,10,1078,172,0,0,0
cold_online_random_h16_s7_state0_mac0,scratch,cold,final,16,7,,0,0,25000000,25000000,25000000,cohort,18900000,1728,461,0,6,1089,172,0,0,0
cold_online_random_h16_s7_state0_mac0,scratch,cold,final,16,7,,0,0,25000000,25000000,25000000,cohort,19000000,1758,459,0,2,1123,174,0,0,0
cold_online_random_h16_s7_state0_mac0,scratch,cold,final,16,7,,0,0,25000000,25000000,25000000,cohort,19100000,1713,461,0,8,1070,174,0,0,0
cold_online_random_h16_s7_state0_mac0,scratch,cold,final,16,7,,0,0,25000000,25000000,25000000,cohort,19200000,1710,457,0,4,1077,172,0,0,0
cold_online_random_h16_s7_state0_mac0,scratch,cold,final,16,7,,0,0,25000000,25000000,25000000,cohort,19300000,1652,455,0,12,1010,175,0,0,0
cold_online_random_h16_s7_state0_mac0,scratch,cold,final,16,7,,0,0,25000000,25000000,25000000,cohort,19400000,1734,460,0,4,1099,171,0,0,0
cold_online_random_h16_s7_state0_mac0,scratch,cold,final,16,7,,0,0,25000000,25000000,25000000,cohort,19500000,1654,455,1,17,1000,181,0,0,0
cold_online_random_h16_s7_state0_mac0,scratch,cold,final,16,7,,0,0,25000000,25000000,25000000,cohort,19600000,1709,444,1,10,1073,181,0,0,0
cold_online_random_h16_s7_state0_mac0,scratch,cold,final,16,7,,0,0,25000000,25000000,25000000,cohort,19700000,1706,461,0,11,1060,174,0,0,0
cold_online_random_h16_s7_state0_mac0,scratch,cold,final,16,7,,0,0,25000000,25000000,25000000,cohort,19800000,1578,462,0,7,937,172,0,0,0
cold_online_random_h16_s7_state0_mac0,scratch,cold,final,16,7,,0,0,25000000,25000000,25000000,cohort,19900000,1711,445,1,7,1080,178,0,0,0
cold_online_random_h16_s7_state0_mac0,scratch,cold,final,16,7,,0,0,25000000,25000000,25000000,cohort,20000000,1704,472,1,10,1053,168,0,0,0
cold_online_random_h16_s7_state0_mac0,scratch,cold,final,16,7,,0,0,25000000,25000000,25000000,cohort,20100000,1645,455,0,7,1012,171,0,0,0
cold_online_random_h16_s7_state0_mac0,scratch,cold,final,16,7,,0,0,25000000,25000000,25000000,cohort,20200000,1750,460,1,8,1107,174,0,0,0
cold_online_random_h16_s7_state0_mac0,scratch,cold,final,16,7,,0,0,25000000,25000000,25000000,cohort,20300000,1663,461,0,5,1029,168,0,0,0
cold_online_random_h16_s7_state0_mac0,scratch,cold,final,16,7,,0,0,25000000,25000000,25000000,cohort,20400000,1754,460,0,7,1112,175,0,0,0
cold_online_random_h16_s7_state0_mac0,scratch,cold,final,16,7,,0,0,25000000,25000000,25000000,cohort,20500000,1719,460,1,4,1083,171,0,0,0
cold_online_random_h16_s7_state0_mac0,scratch,cold,final,16,7,,0,0,25000000,25000000,25000000,cohort,20600000,1718,460,1,2,1087,168,0,0,0
cold_online_random_h16_s7_state0_mac0,scratch,cold,final,16,7,,0,0,25000000,25000000,25000000,cohort,20700000,1636,446,0,13,993,184,0,0,0
cold_online_random_h16_s7_state0_mac0,scratch,cold,final,16,7,,0,0,25000000,25000000,25000000,cohort,20800000,1738,463,0,15,1090,170,0,0,0
cold_online_random_h16_s7_state0_mac0,scratch,cold,final,16,7,,0,0,25000000,25000000,25000000,cohort,20900000,1661,464,0,9,1019,169,0,0,0
cold_online_random_h16_s7_state0_mac0,scratch,cold,final,16,7,,0,0,25000000,25000000,25000000,cohort,21000000,1692,459,0,9,1050,174,0,0,0
cold_online_random_h16_s7_state0_mac0,scratch,cold,final,16,7,,0,0,25000000,25000000,25000000,cohort,21100000,1694,460,0,4,1060,170,0,0,0
cold_online_random_h16_s7_state0_mac0,scratch,cold,final,16,7,,0,0,25000000,25000000,25000000,cohort,21200000,1719,463,0,4,1083,169,0,0,0
cold_online_random_h16_s7_state0_mac0,scratch,cold,final,16,7,,0,0,25000000,25000000,25000000,cohort,21300000,1654,464,0,10,1011,169,0,0,0
cold_online_random_h16_s7_state0_mac0,scratch,cold,final,16,7,,0,0,25000000,25000000,25000000,cohort,21400000,1627,453,0,15,980,179,0,0,0
cold_online_random_h16_s7_state0_mac0,scratch,cold,final,16,7,,0,0,25000000,25000000,25000000,cohort,21500000,1599,461,0,3,965,170,0,0,0
cold_online_random_h16_s7_state0_mac0,scratch,cold,final,16,7,,0,0,25000000,25000000,25000000,cohort,21600000,1709,459,0,10,1063,177,0,0,0
cold_online_random_h16_s7_state0_mac0,scratch,cold,final,16,7,,0,0,25000000,25000000,25000000,cohort,21700000,1414,457,0,11,771,175,0,0,0
cold_online_random_h16_s7_state0_mac0,scratch,cold,final,16,7,,0,0,25000000,25000000,25000000,cohort,21800000,1652,462,1,10,1006,173,0,0,0
cold_online_random_h16_s7_state0_mac0,scratch,cold,final,16,7,,0,0,25000000,25000000,25000000,cohort,21900000,1679,461,0,6,1043,169,0,0,0
cold_online_random_h16_s7_state0_mac0,scratch,cold,final,16,7,,0,0,25000000,25000000,25000000,cohort,22000000,1517,457,0,8,880,172,0,0,0
cold_online_random_h16_s7_state0_mac0,scratch,cold,final,16,7,,0,0,25000000,25000000,25000000,cohort,22100000,1616,458,0,12,972,174,0,0,0
cold_online_random_h16_s7_state0_mac0,scratch,cold,final,16,7,,0,0,25000000,25000000,25000000,cohort,22200000,1580,459,0,3,948,170,0,0,0
cold_online_random_h16_s7_state0_mac0,scratch,cold,final,16,7,,0,0,25000000,25000000,25000000,cohort,22300000,1492,456,0,15,845,175,0,1,1
cold_online_random_h16_s7_state0_mac0,scratch,cold,final,16,7,,0,0,25000000,25000000,25000000,cohort,22400000,1593,461,0,6,957,169,0,0,0
cold_online_random_h16_s7_state0_mac0,scratch,cold,final,16,7,,0,0,25000000,25000000,25000000,cohort,22500000,1443,452,0,14,800,177,0,0,0
cold_online_random_h16_s7_state0_mac0,scratch,cold,final,16,7,,0,0,25000000,25000000,25000000,cohort,22600000,1531,459,0,10,888,174,0,0,0
cold_online_random_h16_s7_state0_mac0,scratch,cold,final,16,7,,0,0,25000000,25000000,25000000,cohort,22700000,1383,436,1,2,773,171,0,0,0
cold_online_random_h16_s7_state0_mac0,scratch,cold,final,16,7,,0,0,25000000,25000000,25000000,cohort,22800000,1151,338,1,12,633,167,0,0,0
cold_online_random_h16_s7_state0_mac0,scratch,cold,final,16,7,,0,0,25000000,25000000,25000000,cohort,22900000,987,247,0,6,570,164,0,0,0
cold_online_random_h16_s7_state0_mac0,scratch,cold,final,16,7,,0,0,25000000,25000000,25000000,cohort,23000000,919,231,1,10,516,161,0,0,0
cold_online_random_h16_s7_state0_mac0,scratch,cold,final,16,7,,0,0,25000000,25000000,25000000,cohort,23100000,905,235,1,8,510,150,0,1,1
cold_online_random_h16_s7_state0_mac0,scratch,cold,final,16,7,,0,0,25000000,25000000,25000000,cohort,23200000,914,203,1,13,531,165,0,1,1
cold_online_random_h16_s7_state0_mac0,scratch,cold,final,16,7,,0,0,25000000,25000000,25000000,cohort,23300000,740,178,0,6,391,164,0,1,1
cold_online_random_h16_s7_state0_mac0,scratch,cold,final,16,7,,0,0,25000000,25000000,25000000,cohort,23400000,728,177,0,1,386,164,0,0,0
cold_online_random_h16_s7_state0_mac0,scratch,cold,final,16,7,,0,0,25000000,25000000,25000000,cohort,23500000,702,169,0,4,373,156,0,0,0
cold_online_random_h16_s7_state0_mac0,scratch,cold,final,16,7,,0,0,25000000,25000000,25000000,cohort,23600000,694,165,0,5,362,162,0,0,0
cold_online_random_h16_s7_state0_mac0,scratch,cold,final,16,7,,0,0,25000000,25000000,25000000,cohort,23700000,608,159,0,6,286,157,0,0,0
cold_online_random_h16_s7_state0_mac0,scratch,cold,final,16,7,,0,0,25000000,25000000,25000000,cohort,23800000,640,168,0,4,307,161,0,0,0
cold_online_random_h16_s7_state0_mac0,scratch,cold,final,16,7,,0,0,25000000,25000000,25000000,cohort,23900000,687,166,0,4,362,155,0,0,0
cold_online_random_h16_s7_state0_mac0,scratch,cold,final,16,7,,0,0,25000000,25000000,25000000,cohort,24000000,625,161,0,7,298,159,0,0,0
cold_online_random_h16_s7_state0_mac0,scratch,cold,final,16,7,,0,0,25000000,25000000,25000000,cohort,24100000,702,160,0,3,378,161,0,0,0
cold_online_random_h16_s7_state0_mac0,scratch,cold,final,16,7,,0,0,25000000,25000000,25000000,cohort,24200000,657,165,0,2,327,162,0,1,1
cold_online_random_h16_s7_state0_mac0,scratch,cold,final,16,7,,0,0,25000000,25000000,25000000,cohort,24300000,611,156,0,1,298,156,0,0,0
cold_online_random_h16_s7_state0_mac0,scratch,cold,final,16,7,,0,0,25000000,25000000,25000000,cohort,24400000,649,164,0,1,323,158,0,3,3
cold_online_random_h16_s7_state0_mac0,scratch,cold,final,16,7,,0,0,25000000,25000000,25000000,cohort,24500000,634,177,0,2,294,159,0,2,2
cold_online_random_h16_s7_state0_mac0,scratch,cold,final,16,7,,0,0,25000000,25000000,25000000,cohort,24600000,687,166,0,3,342,165,0,11,11
cold_online_random_h16_s7_state0_mac0,scratch,cold,final,16,7,,0,0,25000000,25000000,25000000,cohort,24700000,628,169,0,0,300,156,0,3,3
cold_online_random_h16_s7_state0_mac0,scratch,cold,final,16,7,,0,0,25000000,25000000,25000000,cohort,24800000,616,166,0,0,291,156,0,3,3
cold_online_random_h16_s7_state0_mac0,scratch,cold,final,16,7,,0,0,25000000,25000000,25000000,cohort,24900000,636,163,0,0,306,160,0,7,7
cold_online_random_h8_s17_state0_mac0,scratch,cold,final,8,17,,0,0,25000000,25000000,25000000,cohort,0,1659,0,0,0,257,1402,0,0,0
cold_online_random_h8_s17_state0_mac0,scratch,cold,final,8,17,,0,0,25000000,25000000,25000000,cohort,100000,2939,653,7,24,2099,156,0,0,0
cold_online_random_h8_s17_state0_mac0,scratch,cold,final,8,17,,0,0,25000000,25000000,25000000,cohort,200000,3207,750,8,8,2393,48,0,0,0
cold_online_random_h8_s17_state0_mac0,scratch,cold,final,8,17,,0,0,25000000,25000000,25000000,cohort,300000,2098,521,0,23,1407,147,0,0,0
cold_online_random_h8_s17_state0_mac0,scratch,cold,final,8,17,,0,0,25000000,25000000,25000000,cohort,400000,1894,473,0,5,1255,161,0,0,0
cold_online_random_h8_s17_state0_mac0,scratch,cold,final,8,17,,0,0,25000000,25000000,25000000,cohort,500000,1936,474,0,3,1298,161,0,0,0
cold_online_random_h8_s17_state0_mac0,scratch,cold,final,8,17,,0,0,25000000,25000000,25000000,cohort,600000,1930,471,0,5,1294,160,0,0,0
cold_online_random_h8_s17_state0_mac0,scratch,cold,final,8,17,,0,0,25000000,25000000,25000000,cohort,700000,1926,469,0,5,1290,162,0,0,0
cold_online_random_h8_s17_state0_mac0,scratch,cold,final,8,17,,0,0,25000000,25000000,25000000,cohort,800000,1682,474,0,2,1047,159,0,0,0
cold_online_random_h8_s17_state0_mac0,scratch,cold,final,8,17,,0,0,25000000,25000000,25000000,cohort,900000,1920,471,0,4,1283,162,0,0,0
cold_online_random_h8_s17_state0_mac0,scratch,cold,final,8,17,,0,0,25000000,25000000,25000000,cohort,1000000,1804,475,0,6,1161,162,0,0,0
cold_online_random_h8_s17_state0_mac0,scratch,cold,final,8,17,,0,0,25000000,25000000,25000000,cohort,1100000,1916,473,0,3,1280,160,0,0,0
cold_online_random_h8_s17_state0_mac0,scratch,cold,final,8,17,,0,0,25000000,25000000,25000000,cohort,1200000,1922,468,0,7,1283,164,0,0,0
cold_online_random_h8_s17_state0_mac0,scratch,cold,final,8,17,,0,0,25000000,25000000,25000000,cohort,1300000,1926,469,0,5,1291,161,0,0,0
cold_online_random_h8_s17_state0_mac0,scratch,cold,final,8,17,,0,0,25000000,25000000,25000000,cohort,1400000,1932,472,0,7,1291,162,0,0,0
cold_online_random_h8_s17_state0_mac0,scratch,cold,final,8,17,,0,0,25000000,25000000,25000000,cohort,1500000,1916,474,0,3,1280,159,0,0,0
cold_online_random_h8_s17_state0_mac0,scratch,cold,final,8,17,,0,0,25000000,25000000,25000000,cohort,1600000,2260,580,0,15,1573,92,0,0,0
cold_online_random_h8_s17_state0_mac0,scratch,cold,final,8,17,,0,0,25000000,25000000,25000000,cohort,1700000,1852,474,0,7,1205,166,0,0,0
cold_online_random_h8_s17_state0_mac0,scratch,cold,final,8,17,,0,0,25000000,25000000,25000000,cohort,1800000,1936,473,0,6,1295,162,0,0,0
cold_online_random_h8_s17_state0_mac0,scratch,cold,final,8,17,,0,0,25000000,25000000,25000000,cohort,1900000,1940,471,0,13,1287,169,0,0,0
cold_online_random_h8_s17_state0_mac0,scratch,cold,final,8,17,,0,0,25000000,25000000,25000000,cohort,2000000,1930,478,0,4,1287,161,0,0,0
cold_online_random_h8_s17_state0_mac0,scratch,cold,final,8,17,,0,0,25000000,25000000,25000000,cohort,2100000,1956,474,0,15,1299,168,0,0,0
cold_online_random_h8_s17_state0_mac0,scratch,cold,final,8,17,,0,0,25000000,25000000,25000000,cohort,2200000,1948,474,0,5,1308,161,0,0,0
cold_online_random_h8_s17_state0_mac0,scratch,cold,final,8,17,,0,0,25000000,25000000,25000000,cohort,2300000,1816,474,0,13,1159,170,0,0,0
cold_online_random_h8_s17_state0_mac0,scratch,cold,final,8,17,,0,0,25000000,25000000,25000000,cohort,2400000,1950,466,0,21,1292,171,0,0,0
cold_online_random_h8_s17_state0_mac0,scratch,cold,final,8,17,,0,0,25000000,25000000,25000000,cohort,2500000,1538,472,0,27,861,178,0,0,0
cold_online_random_h8_s17_state0_mac0,scratch,cold,final,8,17,,0,0,25000000,25000000,25000000,cohort,2600000,1350,475,0,26,668,181,0,0,0
cold_online_random_h8_s17_state0_mac0,scratch,cold,final,8,17,,0,0,25000000,25000000,25000000,cohort,2700000,1494,480,0,3,843,168,0,0,0
cold_online_random_h8_s17_state0_mac0,scratch,cold,final,8,17,,0,0,25000000,25000000,25000000,cohort,2800000,1698,474,0,6,1057,161,0,0,0
cold_online_random_h8_s17_state0_mac0,scratch,cold,final,8,17,,0,0,25000000,25000000,25000000,cohort,2900000,1952,475,0,8,1297,172,0,0,0
cold_online_random_h8_s17_state0_mac0,scratch,cold,final,8,17,,0,0,25000000,25000000,25000000,cohort,3000000,1800,476,0,8,1154,162,0,0,0
cold_online_random_h8_s17_state0_mac0,scratch,cold,final,8,17,,0,0,25000000,25000000,25000000,cohort,3100000,1816,470,0,3,1180,163,0,0,0
cold_online_random_h8_s17_state0_mac0,scratch,cold,final,8,17,,0,0,25000000,25000000,25000000,cohort,3200000,1962,478,0,7,1311,166,0,0,0
cold_online_random_h8_s17_state0_mac0,scratch,cold,final,8,17,,0,0,25000000,25000000,25000000,cohort,3300000,1958,476,0,11,1308,163,0,0,0
cold_online_random_h8_s17_state0_mac0,scratch,cold,final,8,17,,0,0,25000000,25000000,25000000,cohort,3400000,1936,472,0,6,1297,161,0,0,0
cold_online_random_h8_s17_state0_mac0,scratch,cold,final,8,17,,0,0,25000000,25000000,25000000,cohort,3500000,1980,473,0,20,1310,177,0,0,0
cold_online_random_h8_s17_state0_mac0,scratch,cold,final,8,17,,0,0,25000000,25000000,25000000,cohort,3600000,1685,466,0,36,996,187,0,0,0
cold_online_random_h8_s17_state0_mac0,scratch,cold,final,8,17,,0,0,25000000,25000000,25000000,cohort,3700000,1926,473,0,9,1275,169,0,0,0
cold_online_random_h8_s17_state0_mac0,scratch,cold,final,8,17,,0,0,25000000,25000000,25000000,cohort,3800000,1959,473,0,17,1303,166,0,0,0
cold_online_random_h8_s17_state0_mac0,scratch,cold,final,8,17,,0,0,25000000,25000000,25000000,cohort,3900000,1958,472,0,17,1299,170,0,0,0
cold_online_random_h8_s17_state0_mac0,scratch,cold,final,8,17,,0,0,25000000,25000000,25000000,cohort,4000000,1688,471,0,27,1011,179,0,0,0
cold_online_random_h8_s17_state0_mac0,scratch,cold,final,8,17,,0,0,25000000,25000000,25000000,cohort,4100000,1944,474,0,8,1294,168,0,0,0
cold_online_random_h8_s17_state0_mac0,scratch,cold,final,8,17,,0,0,25000000,25000000,25000000,cohort,4200000,1658,469,0,18,998,173,0,0,0
cold_online_random_h8_s17_state0_mac0,scratch,cold,final,8,17,,0,0,25000000,25000000,25000000,cohort,4300000,1936,475,0,9,1289,163,0,0,0
cold_online_random_h8_s17_state0_mac0,scratch,cold,final,8,17,,0,0,25000000,25000000,25000000,cohort,4400000,1938,472,0,16,1285,165,0,0,0
cold_online_random_h8_s17_state0_mac0,scratch,cold,final,8,17,,0,0,25000000,25000000,25000000,cohort,4500000,1874,471,0,14,1221,168,0,0,0
cold_online_random_h8_s17_state0_mac0,scratch,cold,final,8,17,,0,0,25000000,25000000,25000000,cohort,4600000,1692,475,0,10,1041,166,0,0,0
cold_online_random_h8_s17_state0_mac0,scratch,cold,final,8,17,,0,0,25000000,25000000,25000000,cohort,4700000,1958,473,0,13,1300,172,0,0,0
cold_online_random_h8_s17_state0_mac0,scratch,cold,final,8,17,,0,0,25000000,25000000,25000000,cohort,4800000,1944,476,0,10,1298,160,0,0,0
cold_online_random_h8_s17_state0_mac0,scratch,cold,final,8,17,,0,0,25000000,25000000,25000000,cohort,4900000,1958,470,0,25,1283,180,0,0,0
cold_online_random_h8_s17_state0_mac0,scratch,cold,final,8,17,,0,0,25000000,25000000,25000000,cohort,5000000,1918,469,0,20,1260,169,0,0,0
cold_online_random_h8_s17_state0_mac0,scratch,cold,final,8,17,,0,0,25000000,25000000,25000000,cohort,5100000,1928,473,0,19,1264,172,0,0,0
cold_online_random_h8_s17_state0_mac0,scratch,cold,final,8,17,,0,0,25000000,25000000,25000000,cohort,5200000,1976,473,0,27,1296,180,0,0,0
cold_online_random_h8_s17_state0_mac0,scratch,cold,final,8,17,,0,0,25000000,25000000,25000000,cohort,5300000,1830,473,0,20,1164,173,0,0,0
cold_online_random_h8_s17_state0_mac0,scratch,cold,final,8,17,,0,0,25000000,25000000,25000000,cohort,5400000,1658,468,0,25,991,174,0,0,0
cold_online_random_h8_s17_state0_mac0,scratch,cold,final,8,17,,0,0,25000000,25000000,25000000,cohort,5500000,1889,470,0,15,1231,173,0,0,0
cold_online_random_h8_s17_state0_mac0,scratch,cold,final,8,17,,0,0,25000000,25000000,25000000,cohort,5600000,1882,473,0,22,1219,168,0,0,0
cold_online_random_h8_s17_state0_mac0,scratch,cold,final,8,17,,0,0,25000000,25000000,25000000,cohort,5700000,1926,471,0,25,1260,170,0,0,0
cold_online_random_h8_s17_state0_mac0,scratch,cold,final,8,17,,0,0,25000000,25000000,25000000,cohort,5800000,1939,474,0,19,1272,174,0,0,0
cold_online_random_h8_s17_state0_mac0,scratch,cold,final,8,17,,0,0,25000000,25000000,25000000,cohort,5900000,1998,470,0,21,1336,171,0,0,0
cold_online_random_h8_s17_state0_mac0,scratch,cold,final,8,17,,0,0,25000000,25000000,25000000,cohort,6000000,1522,473,0,8,880,161,0,0,0
cold_online_random_h8_s17_state0_mac0,scratch,cold,final,8,17,,0,0,25000000,25000000,25000000,cohort,6100000,1956,469,0,22,1287,178,0,0,0
cold_online_random_h8_s17_state0_mac0,scratch,cold,final,8,17,,0,0,25000000,25000000,25000000,cohort,6200000,1890,474,0,7,1246,163,0,0,0
cold_online_random_h8_s17_state0_mac0,scratch,cold,final,8,17,,0,0,25000000,25000000,25000000,cohort,6300000,1938,473,1,25,1260,179,0,0,0
cold_online_random_h8_s17_state0_mac0,scratch,cold,final,8,17,,0,0,25000000,25000000,25000000,cohort,6400000,1891,480,1,16,1223,171,0,0,0
cold_online_random_h8_s17_state0_mac0,scratch,cold,final,8,17,,0,0,25000000,25000000,25000000,cohort,6500000,1782,473,0,12,1122,175,0,0,0
cold_online_random_h8_s17_state0_mac0,scratch,cold,final,8,17,,0,0,25000000,25000000,25000000,cohort,6600000,1774,478,0,16,1108,172,0,0,0
cold_online_random_h8_s17_state0_mac0,scratch,cold,final,8,17,,0,0,25000000,25000000,25000000,cohort,6700000,1936,475,0,11,1285,165,0,0,0
cold_online_random_h8_s17_state0_mac0,scratch,cold,final,8,17,,0,0,25000000,25000000,25000000,cohort,6800000,1938,470,0,17,1281,170,0,0,0
cold_online_random_h8_s17_state0_mac0,scratch,cold,final,8,17,,0,0,25000000,25000000,25000000,cohort,6900000,1458,472,0,10,809,167,0,0,0
cold_online_random_h8_s17_state0_mac0,scratch,cold,final,8,17,,0,0,25000000,25000000,25000000,cohort,7000000,1650,477,0,11,1003,159,0,0,0
cold_online_random_h8_s17_state0_mac0,scratch,cold,final,8,17,,0,0,25000000,25000000,25000000,cohort,7100000,1672,466,1,21,992,192,0,0,0
cold_online_random_h8_s17_state0_mac0,scratch,cold,final,8,17,,0,0,25000000,25000000,25000000,cohort,7200000,1736,474,0,15,1079,168,0,0,0
cold_online_random_h8_s17_state0_mac0,scratch,cold,final,8,17,,0,0,25000000,25000000,25000000,cohort,7300000,1888,474,0,17,1229,168,0,0,0
cold_online_random_h8_s17_state0_mac0,scratch,cold,final,8,17,,0,0,25000000,25000000,25000000,cohort,7400000,1825,471,0,13,1175,166,0,0,0
cold_online_random_h8_s17_state0_mac0,scratch,cold,final,8,17,,0,0,25000000,25000000,25000000,cohort,7500000,1693,467,0,14,1039,173,0,0,0
cold_online_random_h8_s17_state0_mac0,scratch,cold,final,8,17,,0,0,25000000,25000000,25000000,cohort,7600000,1799,476,0,6,1155,162,0,0,0
cold_online_random_h8_s17_state0_mac0,scratch,cold,final,8,17,,0,0,25000000,25000000,25000000,cohort,7700000,1880,470,0,10,1236,164,0,0,0
cold_online_random_h8_s17_state0_mac0,scratch,cold,final,8,17,,0,0,25000000,25000000,25000000,cohort,7800000,1872,470,0,19,1211,172,0,0,0
cold_online_random_h8_s17_state0_mac0,scratch,cold,final,8,17,,0,0,25000000,25000000,25000000,cohort,7900000,1692,476,0,7,1049,160,0,0,0
cold_online_random_h8_s17_state0_mac0,scratch,cold,final,8,17,,0,0,25000000,25000000,25000000,cohort,8000000,1603,468,0,17,949,169,0,0,0
cold_online_random_h8_s17_state0_mac0,scratch,cold,final,8,17,,0,0,25000000,25000000,25000000,cohort,8100000,1635,467,0,15,986,167,0,0,0
cold_online_random_h8_s17_state0_mac0,scratch,cold,final,8,17,,0,0,25000000,25000000,25000000,cohort,8200000,1566,473,0,10,918,165,0,0,0
cold_online_random_h8_s17_state0_mac0,scratch,cold,final,8,17,,0,0,25000000,25000000,25000000,cohort,8300000,1851,476,0,10,1204,161,0,0,0
cold_online_random_h8_s17_state0_mac0,scratch,cold,final,8,17,,0,0,25000000,25000000,25000000,cohort,8400000,1632,476,0,8,985,163,0,0,0
cold_online_random_h8_s17_state0_mac0,scratch,cold,final,8,17,,0,0,25000000,25000000,25000000,cohort,8500000,1954,481,1,30,1260,182,0,0,0
cold_online_random_h8_s17_state0_mac0,scratch,cold,final,8,17,,0,0,25000000,25000000,25000000,cohort,8600000,1829,475,1,11,1178,164,0,0,0
cold_online_random_h8_s17_state0_mac0,scratch,cold,final,8,17,,0,0,25000000,25000000,25000000,cohort,8700000,1781,474,1,17,1121,168,0,0,0
cold_online_random_h8_s17_state0_mac0,scratch,cold,final,8,17,,0,0,25000000,25000000,25000000,cohort,8800000,1858,476,0,17,1196,169,0,0,0
cold_online_random_h8_s17_state0_mac0,scratch,cold,final,8,17,,0,0,25000000,25000000,25000000,cohort,8900000,1685,471,0,12,1038,164,0,0,0
cold_online_random_h8_s17_state0_mac0,scratch,cold,final,8,17,,0,0,25000000,25000000,25000000,cohort,9000000,1858,473,0,9,1212,164,0,0,0
cold_online_random_h8_s17_state0_mac0,scratch,cold,final,8,17,,0,0,25000000,25000000,25000000,cohort,9100000,1804,474,0,11,1155,164,0,0,0
cold_online_random_h8_s17_state0_mac0,scratch,cold,final,8,17,,0,0,25000000,25000000,25000000,cohort,9200000,1886,473,0,14,1231,168,0,0,0
cold_online_random_h8_s17_state0_mac0,scratch,cold,final,8,17,,0,0,25000000,25000000,25000000,cohort,9300000,1712,473,0,6,1071,162,0,0,0
cold_online_random_h8_s17_state0_mac0,scratch,cold,final,8,17,,0,0,25000000,25000000,25000000,cohort,9400000,1743,472,0,10,1098,163,0,0,0
cold_online_random_h8_s17_state0_mac0,scratch,cold,final,8,17,,0,0,25000000,25000000,25000000,cohort,9500000,1561,475,0,16,906,164,0,0,0
cold_online_random_h8_s17_state0_mac0,scratch,cold,final,8,17,,0,0,25000000,25000000,25000000,cohort,9600000,1499,471,0,11,848,169,0,0,0
cold_online_random_h8_s17_state0_mac0,scratch,cold,final,8,17,,0,0,25000000,25000000,25000000,cohort,9700000,1607,469,0,15,954,169,0,0,0
cold_online_random_h8_s17_state0_mac0,scratch,cold,final,8,17,,0,0,25000000,25000000,25000000,cohort,9800000,1802,473,0,20,1137,172,0,0,0
cold_online_random_h8_s17_state0_mac0,scratch,cold,final,8,17,,0,0,25000000,25000000,25000000,cohort,9900000,1773,468,0,17,1113,175,0,0,0
cold_online_random_h8_s17_state0_mac0,scratch,cold,final,8,17,,0,0,25000000,25000000,25000000,cohort,10000000,1565,472,0,14,917,162,0,0,0
cold_online_random_h8_s17_state0_mac0,scratch,cold,final,8,17,,0,0,25000000,25000000,25000000,cohort,10100000,1836,474,0,8,1187,167,0,0,0
cold_online_random_h8_s17_state0_mac0,scratch,cold,final,8,17,,0,0,25000000,25000000,25000000,cohort,10200000,1781,471,0,13,1133,164,0,0,0
cold_online_random_h8_s17_state0_mac0,scratch,cold,final,8,17,,0,0,25000000,25000000,25000000,cohort,10300000,1793,474,0,12,1140,167,0,0,0
cold_online_random_h8_s17_state0_mac0,scratch,cold,final,8,17,,0,0,25000000,25000000,25000000,cohort,10400000,1700,470,0,9,1056,165,0,0,0
cold_online_random_h8_s17_state0_mac0,scratch,cold,final,8,17,,0,0,25000000,25000000,25000000,cohort,10500000,1669,471,0,8,1025,165,0,0,0
cold_online_random_h8_s17_state0_mac0,scratch,cold,final,8,17,,0,0,25000000,25000000,25000000,cohort,10600000,1796,466,1,13,1144,172,0,0,0
cold_online_random_h8_s17_state0_mac0,scratch,cold,final,8,17,,0,0,25000000,25000000,25000000,cohort,10700000,1784,470,0,8,1140,166,0,0,0
cold_online_random_h8_s17_state0_mac0,scratch,cold,final,8,17,,0,0,25000000,25000000,25000000,cohort,10800000,1659,465,0,12,1014,168,0,0,0
cold_online_random_h8_s17_state0_mac0,scratch,cold,final,8,17,,0,0,25000000,25000000,25000000,cohort,10900000,1862,476,0,8,1216,162,0,0,0
cold_online_random_h8_s17_state0_mac0,scratch,cold,final,8,17,,0,0,25000000,25000000,25000000,cohort,11000000,1755,467,0,17,1102,169,0,0,0
cold_online_random_h8_s17_state0_mac0,scratch,cold,final,8,17,,0,0,25000000,25000000,25000000,cohort,11100000,1758,470,0,9,1111,168,0,0,0
cold_online_random_h8_s17_state0_mac0,scratch,cold,final,8,17,,0,0,25000000,25000000,25000000,cohort,11200000,1734,470,0,17,1077,170,0,0,0
cold_online_random_h8_s17_state0_mac0,scratch,cold,final,8,17,,0,0,25000000,25000000,25000000,cohort,11300000,1633,467,0,18,981,167,0,0,0
cold_online_random_h8_s17_state0_mac0,scratch,cold,final,8,17,,0,0,25000000,25000000,25000000,cohort,11400000,1712,465,2,31,1020,194,0,0,0
cold_online_random_h8_s17_state0_mac0,scratch,cold,final,8,17,,0,0,25000000,25000000,25000000,cohort,11500000,1318,446,8,91,524,249,0,0,0
cold_online_random_h8_s17_state0_mac0,scratch,cold,final,8,17,,0,0,25000000,25000000,25000000,cohort,11600000,1543,469,1,17,862,194,0,0,0
cold_online_random_h8_s17_state0_mac0,scratch,cold,final,8,17,,0,0,25000000,25000000,25000000,cohort,11700000,1735,466,0,10,1089,170,0,0,0
cold_online_random_h8_s17_state0_mac0,scratch,cold,final,8,17,,0,0,25000000,25000000,25000000,cohort,11800000,2024,500,74,81,1060,309,0,0,0
cold_online_random_h8_s17_state0_mac0,scratch,cold,final,8,17,,0,0,25000000,25000000,25000000,cohort,11900000,1888,489,18,99,991,291,0,0,0
cold_online_random_h8_s17_state0_mac0,scratch,cold,final,8,17,,0,0,25000000,25000000,25000000,cohort,12000000,1723,471,12,46,982,212,0,0,0
cold_online_random_h8_s17_state0_mac0,scratch,cold,final,8,17,,0,0,25000000,25000000,25000000,cohort,12100000,1908,481,20,50,1136,221,0,0,0
cold_online_random_h8_s17_state0_mac0,scratch,cold,final,8,17,,0,0,25000000,25000000,25000000,cohort,12200000,1646,464,0,13,995,174,0,0,0
cold_online_random_h8_s17_state0_mac0,scratch,cold,final,8,17,,0,0,25000000,25000000,25000000,cohort,12300000,1508,451,4,23,845,185,0,0,0
cold_online_random_h8_s17_state0_mac0,scratch,cold,final,8,17,,0,0,25000000,25000000,25000000,cohort,12400000,1805,469,7,21,1117,191,0,0,0
cold_online_random_h8_s17_state0_mac0,scratch,cold,final,8,17,,0,0,25000000,25000000,25000000,cohort,12500000,1823,464,0,13,1177,169,0,0,0
cold_online_random_h8_s17_state0_mac0,scratch,cold,final,8,17,,0,0,25000000,25000000,25000000,cohort,12600000,1922,458,45,111,1000,308,0,0,0
cold_online_random_h8_s17_state0_mac0,scratch,cold,final,8,17,,0,0,25000000,25000000,25000000,cohort,12700000,1892,475,24,71,1065,257,0,0,0
cold_online_random_h8_s17_state0_mac0,scratch,cold,final,8,17,,0,0,25000000,25000000,25000000,cohort,12800000,2029,486,27,96,1138,282,0,0,0
cold_online_random_h8_s17_state0_mac0,scratch,cold,final,8,17,,0,0,25000000,25000000,25000000,cohort,12900000,1735,472,0,23,1061,179,0,0,0
cold_online_random_h8_s17_state0_mac0,scratch,cold,final,8,17,,0,0,25000000,25000000,25000000,cohort,13000000,1865,470,0,11,1212,172,0,0,0
cold_online_random_h8_s17_state0_mac0,scratch,cold,final,8,17,,0,0,25000000,25000000,25000000,cohort,13100000,1746,464,0,9,1096,177,0,0,0
cold_online_random_h8_s17_state0_mac0,scratch,cold,final,8,17,,0,0,25000000,25000000,25000000,cohort,13200000,1858,467,15,165,886,325,0,0,0
cold_online_random_h8_s17_state0_mac0,scratch,cold,final,8,17,,0,0,25000000,25000000,25000000,cohort,13300000,1782,470,0,7,1141,164,0,0,0
cold_online_random_h8_s17_state0_mac0,scratch,cold,final,8,17,,0,0,25000000,25000000,25000000,cohort,13400000,2178,719,3,159,832,465,0,0,0
cold_online_random_h8_s17_state0_mac0,scratch,cold,final,8,17,,0,0,25000000,25000000,25000000,cohort,13500000,1704,448,0,24,1052,179,0,1,1
cold_online_random_h8_s17_state0_mac0,scratch,cold,final,8,17,,0,0,25000000,25000000,25000000,cohort,13600000,1904,459,0,19,1249,177,0,0,0
cold_online_random_h8_s17_state0_mac0,scratch,cold,final,8,17,,0,0,25000000,25000000,25000000,cohort,13700000,1870,485,0,31,1169,185,0,0,0
cold_online_random_h8_s17_state0_mac0,scratch,cold,final,8,17,,0,0,25000000,25000000,25000000,cohort,13800000,1843,477,0,4,1204,158,0,0,0
cold_online_random_h8_s17_state0_mac0,scratch,cold,final,8,17,,0,0,25000000,25000000,25000000,cohort,13900000,1645,462,1,23,980,179,0,0,0
cold_online_random_h8_s17_state0_mac0,scratch,cold,final,8,17,,0,0,25000000,25000000,25000000,cohort,14000000,1749,473,0,13,1097,166,0,0,0
cold_online_random_h8_s17_state0_mac0,scratch,cold,final,8,17,,0,0,25000000,25000000,25000000,cohort,14100000,1842,479,0,28,1158,177,0,0,0
cold_online_random_h8_s17_state0_mac0,scratch,cold,final,8,17,,0,0,25000000,25000000,25000000,cohort,14200000,1846,476,0,12,1189,169,0,0,0
cold_online_random_h8_s17_state0_mac0,scratch,cold,final,8,17,,0,0,25000000,25000000,25000000,cohort,14300000,1705,471,0,6,1067,161,0,0,0
cold_online_random_h8_s17_state0_mac0,scratch,cold,final,8,17,,0,0,25000000,25000000,25000000,cohort,14400000,1818,469,0,10,1167,172,0,0,0
cold_online_random_h8_s17_state0_mac0,scratch,cold,final,8,17,,0,0,25000000,25000000,25000000,cohort,14500000,1696,468,0,8,1054,166,0,0,0
cold_online_random_h8_s17_state0_mac0,scratch,cold,final,8,17,,0,0,25000000,25000000,25000000,cohort,14600000,1745,472,0,14,1088,171,0,0,0
cold_online_random_h8_s17_state0_mac0,scratch,cold,final,8,17,,0,0,25000000,25000000,25000000,cohort,14700000,1720,458,0,10,1077,175,0,0,0
cold_online_random_h8_s17_state0_mac0,scratch,cold,final,8,17,,0,0,25000000,25000000,25000000,cohort,14800000,1645,463,0,10,1006,166,0,0,0
cold_online_random_h8_s17_state0_mac0,scratch,cold,final,8,17,,0,0,25000000,25000000,25000000,cohort,14900000,1675,460,0,14,1020,181,0,0,0
cold_online_random_h8_s17_state0_mac0,scratch,cold,final,8,17,,0,0,25000000,25000000,25000000,cohort,15000000,1806,463,0,8,1166,169,0,0,0
cold_online_random_h8_s17_state0_mac0,scratch,cold,final,8,17,,0,0,25000000,25000000,25000000,cohort,15100000,1665,460,1,29,985,190,0,0,0
cold_online_random_h8_s17_state0_mac0,scratch,cold,final,8,17,,0,0,25000000,25000000,25000000,cohort,15200000,1782,474,0,12,1127,169,0,0,0
cold_online_random_h8_s17_state0_mac0,scratch,cold,final,8,17,,0,0,25000000,25000000,25000000,cohort,15300000,1783,462,0,6,1145,170,0,0,0
cold_online_random_h8_s17_state0_mac0,scratch,cold,final,8,17,,0,0,25000000,25000000,25000000,cohort,15400000,1831,463,0,9,1186,173,0,0,0
cold_online_random_h8_s17_state0_mac0,scratch,cold,final,8,17,,0,0,25000000,25000000,25000000,cohort,15500000,1795,463,0,4,1159,169,0,0,0
cold_online_random_h8_s17_state0_mac0,scratch,cold,final,8,17,,0,0,25000000,25000000,25000000,cohort,15600000,1727,459,0,9,1087,172,0,0,0
cold_online_random_h8_s17_state0_mac0,scratch,cold,final,8,17,,0,0,25000000,25000000,25000000,cohort,15700000,1761,459,0,7,1123,172,0,0,0
cold_online_random_h8_s17_state0_mac0,scratch,cold,final,8,17,,0,0,25000000,25000000,25000000,cohort,15800000,1808,458,0,15,1159,176,0,0,0
cold_online_random_h8_s17_state0_mac0,scratch,cold,final,8,17,,0,0,25000000,25000000,25000000,cohort,15900000,1822,461,0,13,1175,173,0,0,0
cold_online_random_h8_s17_state0_mac0,scratch,cold,final,8,17,,0,0,25000000,25000000,25000000,cohort,16000000,1706,455,0,13,1060,178,0,0,0
cold_online_random_h8_s17_state0_mac0,scratch,cold,final,8,17,,0,0,25000000,25000000,25000000,cohort,16100000,1601,463,0,8,963,167,0,0,0
cold_online_random_h8_s17_state0_mac0,scratch,cold,final,8,17,,0,0,25000000,25000000,25000000,cohort,16200000,1708,459,0,15,1058,176,0,0,0
cold_online_random_h8_s17_state0_mac0,scratch,cold,final,8,17,,0,0,25000000,25000000,25000000,cohort,16300000,1744,462,0,4,1108,170,0,0,0
cold_online_random_h8_s17_state0_mac0,scratch,cold,final,8,17,,0,0,25000000,25000000,25000000,cohort,16400000,1672,460,0,12,1021,179,0,0,0
cold_online_random_h8_s17_state0_mac0,scratch,cold,final,8,17,,0,0,25000000,25000000,25000000,cohort,16500000,1790,458,0,12,1142,178,0,0,0
cold_online_random_h8_s17_state0_mac0,scratch,cold,final,8,17,,0,0,25000000,25000000,25000000,cohort,16600000,1637,457,0,11,996,173,0,0,0
cold_online_random_h8_s17_state0_mac0,scratch,cold,final,8,17,,0,0,25000000,25000000,25000000,cohort,16700000,1820,460,0,12,1173,175,0,0,0
cold_online_random_h8_s17_state0_mac0,scratch,cold,final,8,17,,0,0,25000000,25000000,25000000,cohort,16800000,1742,458,0,9,1099,176,0,0,0
cold_online_random_h8_s17_state0_mac0,scratch,cold,final,8,17,,0,0,25000000,25000000,25000000,cohort,16900000,1786,458,0,17,1136,175,0,0,0
cold_online_random_h8_s17_state0_mac0,scratch,cold,final,8,17,,0,0,25000000,25000000,25000000,cohort,17000000,1790,463,0,7,1146,174,0,0,0
cold_online_random_h8_s17_state0_mac0,scratch,cold,final,8,17,,0,0,25000000,25000000,25000000,cohort,17100000,1736,462,0,14,1084,176,0,0,0
cold_online_random_h8_s17_state0_mac0,scratch,cold,final,8,17,,0,0,25000000,25000000,25000000,cohort,17200000,1727,459,0,12,1080,176,0,0,0
cold_online_random_h8_s17_state0_mac0,scratch,cold,final,8,17,,0,0,25000000,25000000,25000000,cohort,17300000,1782,458,0,4,1145,175,0,0,0
cold_online_random_h8_s17_state0_mac0,scratch,cold,final,8,17,,0,0,25000000,25000000,25000000,cohort,17400000,1802,463,0,11,1154,174,0,0,0
cold_online_random_h8_s17_state0_mac0,scratch,cold,final,8,17,,0,0,25000000,25000000,25000000,cohort,17500000,1785,460,0,7,1146,172,0,0,0
cold_online_random_h8_s17_state0_mac0,scratch,cold,final,8,17,,0,0,25000000,25000000,25000000,cohort,17600000,1786,458,0,11,1142,175,0,0,0
cold_online_random_h8_s17_state0_mac0,scratch,cold,final,8,17,,0,0,25000000,25000000,25000000,cohort,17700000,1667,459,0,14,1017,177,0,0,0
cold_online_random_h8_s17_state0_mac0,scratch,cold,final,8,17,,0,0,25000000,25000000,25000000,cohort,17800000,1790,460,0,11,1149,170,0,0,0
cold_online_random_h8_s17_state0_mac0,scratch,cold,final,8,17,,0,0,25000000,25000000,25000000,cohort,17900000,1767,462,0,7,1118,180,0,0,0
cold_online_random_h8_s17_state0_mac0,scratch,cold,final,8,17,,0,0,25000000,25000000,25000000,cohort,18000000,1750,466,0,3,1109,172,0,0,0
cold_online_random_h8_s17_state0_mac0,scratch,cold,final,8,17,,0,0,25000000,25000000,25000000,cohort,18100000,1815,461,0,5,1177,172,0,0,0
cold_online_random_h8_s17_state0_mac0,scratch,cold,final,8,17,,0,0,25000000,25000000,25000000,cohort,18200000,1760,459,0,8,1125,168,0,0,0
cold_online_random_h8_s17_state0_mac0,scratch,cold,final,8,17,,0,0,25000000,25000000,25000000,cohort,18300000,1695,460,0,12,1050,173,0,0,0
cold_online_random_h8_s17_state0_mac0,scratch,cold,final,8,17,,0,0,25000000,25000000,25000000,cohort,18400000,1629,460,0,6,992,171,0,0,0
cold_online_random_h8_s17_state0_mac0,scratch,cold,final,8,17,,0,0,25000000,25000000,25000000,cohort,18500000,1776,462,0,7,1135,172,0,0,0
cold_online_random_h8_s17_state0_mac0,scratch,cold,final,8,17,,0,0,25000000,25000000,25000000,cohort,18600000,1756,465,0,14,1096,181,0,0,0
cold_online_random_h8_s17_state0_mac0,scratch,cold,final,8,17,,0,0,25000000,25000000,25000000,cohort,18700000,1638,460,0,5,1003,170,0,0,0
cold_online_random_h8_s17_state0_mac0,scratch,cold,final,8,17,,0,0,25000000,25000000,25000000,cohort,18800000,1758,451,0,8,1124,175,0,0,0
cold_online_random_h8_s17_state0_mac0,scratch,cold,final,8,17,,0,0,25000000,25000000,25000000,cohort,18900000,1756,465,0,7,1115,169,0,0,0
cold_online_random_h8_s17_state0_mac0,scratch,cold,final,8,17,,0,0,25000000,25000000,25000000,cohort,19000000,1750,458,0,2,1116,174,0,0,0
cold_online_random_h8_s17_state0_mac0,scratch,cold,final,8,17,,0,0,25000000,25000000,25000000,cohort,19100000,1727,460,0,8,1086,173,0,0,0
cold_online_random_h8_s17_state0_mac0,scratch,cold,final,8,17,,0,0,25000000,25000000,25000000,cohort,19200000,1726,457,0,4,1093,172,0,0,0
cold_online_random_h8_s17_state0_mac0,scratch,cold,final,8,17,,0,0,25000000,25000000,25000000,cohort,19300000,1607,455,0,10,967,175,0,0,0
cold_online_random_h8_s17_state0_mac0,scratch,cold,final,8,17,,0,0,25000000,25000000,25000000,cohort,19400000,1814,460,0,10,1173,171,0,0,0
cold_online_random_h8_s17_state0_mac0,scratch,cold,final,8,17,,0,0,25000000,25000000,25000000,cohort,19500000,1728,460,0,16,1076,176,0,0,0
cold_online_random_h8_s17_state0_mac0,scratch,cold,final,8,17,,0,0,25000000,25000000,25000000,cohort,19600000,1779,458,0,9,1139,173,0,0,0
cold_online_random_h8_s17_state0_mac0,scratch,cold,final,8,17,,0,0,25000000,25000000,25000000,cohort,19700000,1707,460,0,18,1052,177,0,0,0
cold_online_random_h8_s17_state0_mac0,scratch,cold,final,8,17,,0,0,25000000,25000000,25000000,cohort,19800000,1605,461,0,7,967,170,0,0,0
cold_online_random_h8_s17_state0_mac0,scratch,cold,final,8,17,,0,0,25000000,25000000,25000000,cohort,19900000,1696,426,0,7,1069,194,0,0,0
cold_online_random_h8_s17_state0_mac0,scratch,cold,final,8,17,,0,0,25000000,25000000,25000000,cohort,20000000,1767,461,1,11,1119,175,0,0,0
cold_online_random_h8_s17_state0_mac0,scratch,cold,final,8,17,,0,0,25000000,25000000,25000000,cohort,20100000,1611,452,0,10,978,171,0,0,0
cold_online_random_h8_s17_state0_mac0,scratch,cold,final,8,17,,0,0,25000000,25000000,25000000,cohort,20200000,1790,459,0,7,1152,172,0,0,0
cold_online_random_h8_s17_state0_mac0,scratch,cold,final,8,17,,0,0,25000000,25000000,25000000,cohort,20300000,1679,461,0,6,1044,168,0,0,0
cold_online_random_h8_s17_state0_mac0,scratch,cold,final,8,17,,0,0,25000000,25000000,25000000,cohort,20400000,1837,463,0,12,1185,177,0,0,0
cold_online_random_h8_s17_state0_mac0,scratch,cold,final,8,17,,0,0,25000000,25000000,25000000,cohort,20500000,1783,460,0,4,1147,172,0,0,0
cold_online_random_h8_s17_state0_mac0,scratch,cold,final,8,17,,0,0,25000000,25000000,25000000,cohort,20600000,1791,463,0,8,1152,168,0,0,0
cold_online_random_h8_s17_state0_mac0,scratch,cold,final,8,17,,0,0,25000000,25000000,25000000,cohort,20700000,1645,451,0,11,1001,182,0,0,0
cold_online_random_h8_s17_state0_mac0,scratch,cold,final,8,17,,0,0,25000000,25000000,25000000,cohort,20800000,1804,459,0,10,1163,172,0,0,0
cold_online_random_h8_s17_state0_mac0,scratch,cold,final,8,17,,0,0,25000000,25000000,25000000,cohort,20900000,1727,460,0,5,1092,170,0,0,0
cold_online_random_h8_s17_state0_mac0,scratch,cold,final,8,17,,0,0,25000000,25000000,25000000,cohort,21000000,1735,458,0,9,1096,172,0,0,0
cold_online_random_h8_s17_state0_mac0,scratch,cold,final,8,17,,0,0,25000000,25000000,25000000,cohort,21100000,1771,460,0,7,1134,170,0,0,0
cold_online_random_h8_s17_state0_mac0,scratch,cold,final,8,17,,0,0,25000000,25000000,25000000,cohort,21200000,1773,463,0,4,1136,170,0,0,0
cold_online_random_h8_s17_state0_mac0,scratch,cold,final,8,17,,0,0,25000000,25000000,25000000,cohort,21300000,1710,469,0,8,1068,165,0,0,0
cold_online_random_h8_s17_state0_mac0,scratch,cold,final,8,17,,0,0,25000000,25000000,25000000,cohort,21400000,1741,459,0,17,1086,179,0,0,0
cold_online_random_h8_s17_state0_mac0,scratch,cold,final,8,17,,0,0,25000000,25000000,25000000,cohort,21500000,1685,464,0,3,1049,169,0,0,0
cold_online_random_h8_s17_state0_mac0,scratch,cold,final,8,17,,0,0,25000000,25000000,25000000,cohort,21600000,1791,464,0,10,1145,172,0,0,0
cold_online_random_h8_s17_state0_mac0,scratch,cold,final,8,17,,0,0,25000000,25000000,25000000,cohort,21700000,1493,454,0,12,853,174,0,0,0
cold_online_random_h8_s17_state0_mac0,scratch,cold,final,8,17,,0,0,25000000,25000000,25000000,cohort,21800000,1736,463,1,9,1090,173,0,0,0
cold_online_random_h8_s17_state0_mac0,scratch,cold,final,8,17,,0,0,25000000,25000000,25000000,cohort,21900000,1814,463,0,5,1176,170,0,0,0
cold_online_random_h8_s17_state0_mac0,scratch,cold,final,8,17,,0,0,25000000,25000000,25000000,cohort,22000000,1622,459,0,11,980,172,0,0,0
cold_online_random_h8_s17_state0_mac0,scratch,cold,final,8,17,,0,0,25000000,25000000,25000000,cohort,22100000,1789,459,0,13,1144,173,0,0,0
cold_online_random_h8_s17_state0_mac0,scratch,cold,final,8,17,,0,0,25000000,25000000,25000000,cohort,22200000,1833,463,0,8,1191,171,0,0,0
cold_online_random_h8_s17_state0_mac0,scratch,cold,final,8,17,,0,0,25000000,25000000,25000000,cohort,22300000,1617,458,0,15,965,179,0,0,0
cold_online_random_h8_s17_state0_mac0,scratch,cold,final,8,17,,0,0,25000000,25000000,25000000,cohort,22400000,1817,463,0,9,1176,169,0,0,0
cold_online_random_h8_s17_state0_mac0,scratch,cold,final,8,17,,0,0,25000000,25000000,25000000,cohort,22500000,1623,455,0,13,980,175,0,0,0
cold_online_random_h8_s17_state0_mac0,scratch,cold,final,8,17,,0,0,25000000,25000000,25000000,cohort,22600000,1763,460,0,7,1121,175,0,0,0
cold_online_random_h8_s17_state0_mac0,scratch,cold,final,8,17,,0,0,25000000,25000000,25000000,cohort,22700000,1723,461,0,7,1083,172,0,0,0
cold_online_random_h8_s17_state0_mac0,scratch,cold,final,8,17,,0,0,25000000,25000000,25000000,cohort,22800000,1590,457,0,13,949,171,0,0,0
cold_online_random_h8_s17_state0_mac0,scratch,cold,final,8,17,,0,0,25000000,25000000,25000000,cohort,22900000,1635,461,0,6,998,170,0,0,0
cold_online_random_h8_s17_state0_mac0,scratch,cold,final,8,17,,0,0,25000000,25000000,25000000,cohort,23000000,1723,453,0,14,1078,178,0,0,0
cold_online_random_h8_s17_state0_mac0,scratch,cold,final,8,17,,0,0,25000000,25000000,25000000,cohort,23100000,1681,463,0,8,1035,175,0,0,0
cold_online_random_h8_s17_state0_mac0,scratch,cold,final,8,17,,0,0,25000000,25000000,25000000,cohort,23200000,1379,458,0,16,731,174,0,0,0
cold_online_random_h8_s17_state0_mac0,scratch,cold,final,8,17,,0,0,25000000,25000000,25000000,cohort,23300000,1647,456,0,10,1000,181,0,0,0
cold_online_random_h8_s17_state0_mac0,scratch,cold,final,8,17,,0,0,25000000,25000000,25000000,cohort,23400000,1785,459,0,3,1151,172,0,0,0
cold_online_random_h8_s17_state0_mac0,scratch,cold,final,8,17,,0,0,25000000,25000000,25000000,cohort,23500000,1665,458,0,15,1018,173,0,1,1
cold_online_random_h8_s17_state0_mac0,scratch,cold,final,8,17,,0,0,25000000,25000000,25000000,cohort,23600000,1606,458,0,10,969,169,0,0,0
cold_online_random_h8_s17_state0_mac0,scratch,cold,final,8,17,,0,0,25000000,25000000,25000000,cohort,23700000,1802,460,0,6,1161,175,0,0,0
cold_online_random_h8_s17_state0_mac0,scratch,cold,final,8,17,,0,0,25000000,25000000,25000000,cohort,23800000,1651,447,0,3,1037,164,0,0,0
cold_online_random_h8_s17_state0_mac0,scratch,cold,final,8,17,,0,0,25000000,25000000,25000000,cohort,23900000,1706,428,0,10,1108,160,0,0,0
cold_online_random_h8_s17_state0_mac0,scratch,cold,final,8,17,,0,0,25000000,25000000,25000000,cohort,24000000,1758,453,0,4,1134,167,0,0,0
cold_online_random_h8_s17_state0_mac0,scratch,cold,final,8,17,,0,0,25000000,25000000,25000000,cohort,24100000,1755,448,0,5,1137,165,0,0,0
cold_online_random_h8_s17_state0_mac0,scratch,cold,final,8,17,,0,0,25000000,25000000,25000000,cohort,24200000,1659,460,0,8,1018,173,0,0,0
cold_online_random_h8_s17_state0_mac0,scratch,cold,final,8,17,,0,0,25000000,25000000,25000000,cohort,24300000,1790,460,0,5,1155,170,0,0,0
cold_online_random_h8_s17_state0_mac0,scratch,cold,final,8,17,,0,0,25000000,25000000,25000000,cohort,24400000,1742,459,0,7,1103,172,0,1,1
cold_online_random_h8_s17_state0_mac0,scratch,cold,final,8,17,,0,0,25000000,25000000,25000000,cohort,24500000,1768,452,0,2,1136,176,0,2,2
cold_online_random_h8_s17_state0_mac0,scratch,cold,final,8,17,,0,0,25000000,25000000,25000000,cohort,24600000,1684,452,0,1,1041,183,0,7,7
cold_online_random_h8_s17_state0_mac0,scratch,cold,final,8,17,,0,0,25000000,25000000,25000000,cohort,24700000,1796,463,0,0,1162,169,0,2,2
cold_online_random_h8_s17_state0_mac0,scratch,cold,final,8,17,,0,0,25000000,25000000,25000000,cohort,24800000,1502,460,0,0,866,170,0,6,6
cold_online_random_h8_s17_state0_mac0,scratch,cold,final,8,17,,0,0,25000000,25000000,25000000,cohort,24900000,1781,459,0,0,1136,172,0,14,14
cold_online_random_h8_s27_state0_mac0,scratch,cold,final,8,27,,0,0,25000000,25000000,25000000,cohort,0,262,0,0,0,115,147,0,0,0
cold_online_random_h8_s27_state0_mac0,scratch,cold,final,8,27,,0,0,25000000,25000000,25000000,cohort,100000,1758,76,0,0,964,718,0,0,0
cold_online_random_h8_s27_state0_mac0,scratch,cold,final,8,27,,0,0,25000000,25000000,25000000,cohort,200000,1684,783,9,12,875,5,0,0,0
cold_online_random_h8_s27_state0_mac0,scratch,cold,final,8,27,,0,0,25000000,25000000,25000000,cohort,300000,3089,748,13,12,2265,51,0,0,0
cold_online_random_h8_s27_state0_mac0,scratch,cold,final,8,27,,0,0,25000000,25000000,25000000,cohort,400000,1898,471,1,3,1195,228,0,0,0
cold_online_random_h8_s27_state0_mac0,scratch,cold,final,8,27,,0,0,25000000,25000000,25000000,cohort,500000,1945,477,0,7,1297,164,0,0,0
cold_online_random_h8_s27_state0_mac0,scratch,cold,final,8,27,,0,0,25000000,25000000,25000000,cohort,600000,1934,472,0,6,1296,160,0,0,0
cold_online_random_h8_s27_state0_mac0,scratch,cold,final,8,27,,0,0,25000000,25000000,25000000,cohort,700000,1892,472,0,5,1253,162,0,0,0
cold_online_random_h8_s27_state0_mac0,scratch,cold,final,8,27,,0,0,25000000,25000000,25000000,cohort,800000,1490,474,0,3,853,160,0,0,0
cold_online_random_h8_s27_state0_mac0,scratch,cold,final,8,27,,0,0,25000000,25000000,25000000,cohort,900000,1820,471,0,3,1185,161,0,0,0
cold_online_random_h8_s27_state0_mac0,scratch,cold,final,8,27,,0,0,25000000,25000000,25000000,cohort,1000000,1938,475,0,1,1302,160,0,0,0
cold_online_random_h8_s27_state0_mac0,scratch,cold,final,8,27,,0,0,25000000,25000000,25000000,cohort,1100000,1912,473,0,3,1276,160,0,0,0
cold_online_random_h8_s27_state0_mac0,scratch,cold,final,8,27,,0,0,25000000,25000000,25000000,cohort,1200000,1916,468,0,5,1281,162,0,0,0
cold_online_random_h8_s27_state0_mac0,scratch,cold,final,8,27,,0,0,25000000,25000000,25000000,cohort,1300000,1924,471,0,2,1291,160,0,0,0
cold_online_random_h8_s27_state0_mac0,scratch,cold,final,8,27,,0,0,25000000,25000000,25000000,cohort,1400000,1692,472,0,4,1054,162,0,0,0
cold_online_random_h8_s27_state0_mac0,scratch,cold,final,8,27,,0,0,25000000,25000000,25000000,cohort,1500000,1914,474,0,1,1280,159,0,0,0
cold_online_random_h8_s27_state0_mac0,scratch,cold,final,8,27,,0,0,25000000,25000000,25000000,cohort,1600000,1816,447,0,5,1211,153,0,0,0
cold_online_random_h8_s27_state0_mac0,scratch,cold,final,8,27,,0,0,25000000,25000000,25000000,cohort,1700000,1920,472,0,4,1282,162,0,0,0
cold_online_random_h8_s27_state0_mac0,scratch,cold,final,8,27,,0,0,25000000,25000000,25000000,cohort,1800000,1924,471,0,4,1289,160,0,0,0
cold_online_random_h8_s27_state0_mac0,scratch,cold,final,8,27,,0,0,25000000,25000000,25000000,cohort,1900000,1922,471,0,5,1282,164,0,0,0
cold_online_random_h8_s27_state0_mac0,scratch,cold,final,8,27,,0,0,25000000,25000000,25000000,cohort,2000000,1918,478,0,1,1279,160,0,0,0
cold_online_random_h8_s27_state0_mac0,scratch,cold,final,8,27,,0,0,25000000,25000000,25000000,cohort,2100000,1928,472,0,4,1290,162,0,0,0
cold_online_random_h8_s27_state0_mac0,scratch,cold,final,8,27,,0,0,25000000,25000000,25000000,cohort,2200000,1930,473,0,3,1294,160,0,0,0
cold_online_random_h8_s27_state0_mac0,scratch,cold,final,8,27,,0,0,25000000,25000000,25000000,cohort,2300000,1880,473,0,4,1241,162,0,0,0
cold_online_random_h8_s27_state0_mac0,scratch,cold,final,8,27,,0,0,25000000,25000000,25000000,cohort,2400000,1918,463,0,8,1284,163,0,0,0
cold_online_random_h8_s27_state0_mac0,scratch,cold,final,8,27,,0,0,25000000,25000000,25000000,cohort,2500000,1784,463,0,11,1146,164,0,0,0
cold_online_random_h8_s27_state0_mac0,scratch,cold,final,8,27,,0,0,25000000,25000000,25000000,cohort,2600000,1726,465,0,11,1085,165,0,0,0
cold_online_random_h8_s27_state0_mac0,scratch,cold,final,8,27,,0,0,25000000,25000000,25000000,cohort,2700000,1695,478,0,2,1050,165,0,0,0
cold_online_random_h8_s27_state0_mac0,scratch,cold,final,8,27,,0,0,25000000,25000000,25000000,cohort,2800000,1880,471,0,5,1242,162,0,0,0
cold_online_random_h8_s27_state0_mac0,scratch,cold,final,8,27,,0,0,25000000,25000000,25000000,cohort,2900000,1934,477,0,5,1283,169,0,0,0
cold_online_random_h8_s27_state0_mac0,scratch,cold,final,8,27,,0,0,25000000,25000000,25000000,cohort,3000000,1930,477,0,4,1287,162,0,0,0
cold_online_random_h8_s27_state0_mac0,scratch,cold,final,8,27,,0,0,25000000,25000000,25000000,cohort,3100000,1920,471,0,4,1283,162,0,0,0
cold_online_random_h8_s27_state0_mac0,scratch,cold,final,8,27,,0,0,25000000,25000000,25000000,cohort,3200000,1952,476,0,7,1304,165,0,0,0
cold_online_random_h8_s27_state0_mac0,scratch,cold,final,8,27,,0,0,25000000,25000000,25000000,cohort,3300000,1962,475,0,8,1313,166,0,0,0
cold_online_random_h8_s27_state0_mac0,scratch,cold,final,8,27,,0,0,25000000,25000000,25000000,cohort,3400000,1934,473,0,4,1295,162,0,0,0
cold_online_random_h8_s27_state0_mac0,scratch,cold,final,8,27,,0,0,25000000,25000000,25000000,cohort,3500000,1958,472,0,16,1297,173,0,0,0
cold_online_random_h8_s27_state0_mac0,scratch,cold,final,8,27,,0,0,25000000,25000000,25000000,cohort,3600000,1890,462,0,30,1216,182,0,0,0
cold_online_random_h8_s27_state0_mac0,scratch,cold,final,8,27,,0,0,25000000,25000000,25000000,cohort,3700000,1936,473,0,6,1288,169,0,0,0
cold_online_random_h8_s27_state0_mac0,scratch,cold,final,8,27,,0,0,25000000,25000000,25000000,cohort,3800000,1952,473,0,11,1303,165,0,0,0
cold_online_random_h8_s27_state0_mac0,scratch,cold,final,8,27,,0,0,25000000,25000000,25000000,cohort,3900000,1922,471,0,11,1273,167,0,0,0
cold_online_random_h8_s27_state0_mac0,scratch,cold,final,8,27,,0,0,25000000,25000000,25000000,cohort,4000000,1779,469,0,18,1120,172,0,0,0
cold_online_random_h8_s27_state0_mac0,scratch,cold,final,8,27,,0,0,25000000,25000000,25000000,cohort,4100000,1938,474,0,8,1290,166,0,0,0
cold_online_random_h8_s27_state0_mac0,scratch,cold,final,8,27,,0,0,25000000,25000000,25000000,cohort,4200000,1918,469,0,15,1265,169,0,0,0
cold_online_random_h8_s27_state0_mac0,scratch,cold,final,8,27,,0,0,25000000,25000000,25000000,cohort,4300000,1922,473,0,5,1282,162,0,0,0
cold_online_random_h8_s27_state0_mac0,scratch,cold,final,8,27,,0,0,25000000,25000000,25000000,cohort,4400000,1908,470,0,5,1272,161,0,0,0
cold_online_random_h8_s27_state0_mac0,scratch,cold,final,8,27,,0,0,25000000,25000000,25000000,cohort,4500000,1826,470,0,8,1184,164,0,0,0
cold_online_random_h8_s27_state0_mac0,scratch,cold,final,8,27,,0,0,25000000,25000000,25000000,cohort,4600000,1810,473,0,2,1174,161,0,0,0
cold_online_random_h8_s27_state0_mac0,scratch,cold,final,8,27,,0,0,25000000,25000000,25000000,cohort,4700000,1920,470,0,5,1280,165,0,0,0
cold_online_random_h8_s27_state0_mac0,scratch,cold,final,8,27,,0,0,25000000,25000000,25000000,cohort,4800000,1920,474,0,3,1284,159,0,0,0
cold_online_random_h8_s27_state0_mac0,scratch,cold,final,8,27,,0,0,25000000,25000000,25000000,cohort,4900000,1916,470,0,13,1264,169,0,0,0
cold_online_random_h8_s27_state0_mac0,scratch,cold,final,8,27,,0,0,25000000,25000000,25000000,cohort,5000000,1898,468,0,11,1252,167,0,0,0
cold_online_random_h8_s27_state0_mac0,scratch,cold,final,8,27,,0,0,25000000,25000000,25000000,cohort,5100000,1909,472,0,14,1255,168,0,0,0
cold_online_random_h8_s27_state0_mac0,scratch,cold,final,8,27,,0,0,25000000,25000000,25000000,cohort,5200000,1961,473,0,23,1284,181,0,0,0
cold_online_random_h8_s27_state0_mac0,scratch,cold,final,8,27,,0,0,25000000,25000000,25000000,cohort,5300000,1757,470,0,15,1101,171,0,0,0
cold_online_random_h8_s27_state0_mac0,scratch,cold,final,8,27,,0,0,25000000,25000000,25000000,cohort,5400000,1568,467,0,18,913,170,0,0,0
cold_online_random_h8_s27_state0_mac0,scratch,cold,final,8,27,,0,0,25000000,25000000,25000000,cohort,5500000,1937,470,0,13,1282,172,0,0,0
cold_online_random_h8_s27_state0_mac0,scratch,cold,final,8,27,,0,0,25000000,25000000,25000000,cohort,5600000,1944,470,0,22,1281,171,0,0,0
cold_online_random_h8_s27_state0_mac0,scratch,cold,final,8,27,,0,0,25000000,25000000,25000000,cohort,5700000,1920,470,0,18,1260,172,0,0,0
cold_online_random_h8_s27_state0_mac0,scratch,cold,final,8,27,,0,0,25000000,25000000,25000000,cohort,5800000,1926,474,0,17,1267,168,0,0,0
cold_online_random_h8_s27_state0_mac0,scratch,cold,final,8,27,,0,0,25000000,25000000,25000000,cohort,5900000,2024,474,0,23,1345,182,0,0,0
cold_online_random_h8_s27_state0_mac0,scratch,cold,final,8,27,,0,0,25000000,25000000,25000000,cohort,6000000,1600,471,0,14,947,168,0,0,0
cold_online_random_h8_s27_state0_mac0,scratch,cold,final,8,27,,0,0,25000000,25000000,25000000,cohort,6100000,1978,469,2,19,1307,181,0,0,0
cold_online_random_h8_s27_state0_mac0,scratch,cold,final,8,27,,0,0,25000000,25000000,25000000,cohort,6200000,1926,474,0,14,1272,166,0,0,0
cold_online_random_h8_s27_state0_mac0,scratch,cold,final,8,27,,0,0,25000000,25000000,25000000,cohort,6300000,1942,470,1,23,1268,180,0,0,0
cold_online_random_h8_s27_state0_mac0,scratch,cold,final,8,27,,0,0,25000000,25000000,25000000,cohort,6400000,1924,475,1,15,1261,172,0,0,0
cold_online_random_h8_s27_state0_mac0,scratch,cold,final,8,27,,0,0,25000000,25000000,25000000,cohort,6500000,1859,474,0,15,1196,174,0,0,0
cold_online_random_h8_s27_state0_mac0,scratch,cold,final,8,27,,0,0,25000000,25000000,25000000,cohort,6600000,1784,478,0,18,1113,175,0,0,0
cold_online_random_h8_s27_state0_mac0,scratch,cold,final,8,27,,0,0,25000000,25000000,25000000,cohort,6700000,1943,476,1,9,1289,168,0,0,0
cold_online_random_h8_s27_state0_mac0,scratch,cold,final,8,27,,0,0,25000000,25000000,25000000,cohort,6800000,1945,471,0,12,1291,171,0,0,0
cold_online_random_h8_s27_state0_mac0,scratch,cold,final,8,27,,0,0,25000000,25000000,25000000,cohort,6900000,1582,471,0,11,934,166,0,0,0
cold_online_random_h8_s27_state0_mac0,scratch,cold,final,8,27,,0,0,25000000,25000000,25000000,cohort,7000000,1729,478,0,7,1084,160,0,0,0
cold_online_random_h8_s27_state0_mac0,scratch,cold,final,8,27,,0,0,25000000,25000000,25000000,cohort,7100000,1673,469,0,23,1006,175,0,0,0
cold_online_random_h8_s27_state0_mac0,scratch,cold,final,8,27,,0,0,25000000,25000000,25000000,cohort,7200000,1872,476,0,10,1219,167,0,0,0
cold_online_random_h8_s27_state0_mac0,scratch,cold,final,8,27,,0,0,25000000,25000000,25000000,cohort,7300000,1920,473,1,17,1260,169,0,0,0
cold_online_random_h8_s27_state0_mac0,scratch,cold,final,8,27,,0,0,25000000,25000000,25000000,cohort,7400000,1884,471,0,13,1232,168,0,0,0
cold_online_random_h8_s27_state0_mac0,scratch,cold,final,8,27,,0,0,25000000,25000000,25000000,cohort,7500000,1850,469,0,11,1198,172,0,0,0
cold_online_random_h8_s27_state0_mac0,scratch,cold,final,8,27,,0,0,25000000,25000000,25000000,cohort,7600000,1824,477,0,6,1183,158,0,0,0
cold_online_random_h8_s27_state0_mac0,scratch,cold,final,8,27,,0,0,25000000,25000000,25000000,cohort,7700000,1914,469,0,8,1275,162,0,0,0
cold_online_random_h8_s27_state0_mac0,scratch,cold,final,8,27,,0,0,25000000,25000000,25000000,cohort,7800000,1892,468,0,13,1243,168,0,0,0
cold_online_random_h8_s27_state0_mac0,scratch,cold,final,8,27,,0,0,25000000,25000000,25000000,cohort,7900000,1734,475,0,6,1094,159,0,0,0
cold_online_random_h8_s27_state0_mac0,scratch,cold,final,8,27,,0,0,25000000,25000000,25000000,cohort,8000000,1640,465,0,18,990,167,0,0,0
cold_online_random_h8_s27_state0_mac0,scratch,cold,final,8,27,,0,0,25000000,25000000,25000000,cohort,8100000,1692,465,0,16,1044,167,0,0,0
cold_online_random_h8_s27_state0_mac0,scratch,cold,final,8,27,,0,0,25000000,25000000,25000000,cohort,8200000,1540,471,0,8,897,164,0,0,0
cold_online_random_h8_s27_state0_mac0,scratch,cold,final,8,27,,0,0,25000000,25000000,25000000,cohort,8300000,1846,474,0,3,1211,158,0,0,0
cold_online_random_h8_s27_state0_mac0,scratch,cold,final,8,27,,0,0,25000000,25000000,25000000,cohort,8400000,1682,472,0,10,1040,160,0,0,0
cold_online_random_h8_s27_state0_mac0,scratch,cold,final,8,27,,0,0,25000000,25000000,25000000,cohort,8500000,1942,482,2,24,1255,179,0,0,0
cold_online_random_h8_s27_state0_mac0,scratch,cold,final,8,27,,0,0,25000000,25000000,25000000,cohort,8600000,1862,476,0,13,1206,167,0,0,0
cold_online_random_h8_s27_state0_mac0,scratch,cold,final,8,27,,0,0,25000000,25000000,25000000,cohort,8700000,1800,477,0,22,1129,172,0,0,0
cold_online_random_h8_s27_state0_mac0,scratch,cold,final,8,27,,0,0,25000000,25000000,25000000,cohort,8800000,1870,480,0,17,1201,172,0,0,0
cold_online_random_h8_s27_state0_mac0,scratch,cold,final,8,27,,0,0,25000000,25000000,25000000,cohort,8900000,1712,473,0,18,1054,167,0,0,0
cold_online_random_h8_s27_state0_mac0,scratch,cold,final,8,27,,0,0,25000000,25000000,25000000,cohort,9000000,1896,474,0,11,1244,167,0,0,0
cold_online_random_h8_s27_state0_mac0,scratch,cold,final,8,27,,0,0,25000000,25000000,25000000,cohort,9100000,1831,475,0,14,1175,167,0,0,0
cold_online_random_h8_s27_state0_mac0,scratch,cold,final,8,27,,0,0,25000000,25000000,25000000,cohort,9200000,1920,474,0,16,1259,171,0,0,0
cold_online_random_h8_s27_state0_mac0,scratch,cold,final,8,27,,0,0,25000000,25000000,25000000,cohort,9300000,1718,473,0,7,1075,163,0,0,0
cold_online_random_h8_s27_state0_mac0,scratch,cold,final,8,27,,0,0,25000000,25000000,25000000,cohort,9400000,1760,472,0,11,1113,164,0,0,0
cold_online_random_h8_s27_state0_mac0,scratch,cold,final,8,27,,0,0,25000000,25000000,25000000,cohort,9500000,1534,477,0,8,886,163,0,0,0
cold_online_random_h8_s27_state0_mac0,scratch,cold,final,8,27,,0,0,25000000,25000000,25000000,cohort,9600000,1342,469,1,12,690,170,0,0,0
cold_online_random_h8_s27_state0_mac0,scratch,cold,final,8,27,,0,0,25000000,25000000,25000000,cohort,9700000,1722,470,0,15,1065,172,0,0,0
cold_online_random_h8_s27_state0_mac0,scratch,cold,final,8,27,,0,0,25000000,25000000,25000000,cohort,9800000,1789,475,0,18,1123,173,0,0,0
cold_online_random_h8_s27_state0_mac0,scratch,cold,final,8,27,,0,0,25000000,25000000,25000000,cohort,9900000,1821,468,0,18,1162,173,0,0,0
cold_online_random_h8_s27_state0_mac0,scratch,cold,final,8,27,,0,0,25000000,25000000,25000000,cohort,10000000,1534,473,0,13,885,163,0,0,0
cold_online_random_h8_s27_state0_mac0,scratch,cold,final,8,27,,0,0,25000000,25000000,25000000,cohort,10100000,1840,474,0,10,1191,165,0,0,0
cold_online_random_h8_s27_state0_mac0,scratch,cold,final,8,27,,0,0,25000000,25000000,25000000,cohort,10200000,1808,474,0,8,1166,160,0,0,0
cold_online_random_h8_s27_state0_mac0,scratch,cold,final,8,27,,0,0,25000000,25000000,25000000,cohort,10300000,1840,474,0,13,1186,167,0,0,0
cold_online_random_h8_s27_state0_mac0,scratch,cold,final,8,27,,0,0,25000000,25000000,25000000,cohort,10400000,1733,474,0,8,1089,162,0,0,0
cold_online_random_h8_s27_state0_mac0,scratch,cold,final,8,27,,0,0,25000000,25000000,25000000,cohort,10500000,1624,475,0,7,980,162,0,0,0
cold_online_random_h8_s27_state0_mac0,scratch,cold,final,8,27,,0,0,25000000,25000000,25000000,cohort,10600000,1793,468,0,17,1138,170,0,0,0
cold_online_random_h8_s27_state0_mac0,scratch,cold,final,8,27,,0,0,25000000,25000000,25000000,cohort,10700000,1809,475,0,4,1168,162,0,0,0
cold_online_random_h8_s27_state0_mac0,scratch,cold,final,8,27,,0,0,25000000,25000000,25000000,cohort,10800000,1730,464,0,12,1086,168,0,0,0
cold_online_random_h8_s27_state0_mac0,scratch,cold,final,8,27,,0,0,25000000,25000000,25000000,cohort,10900000,1884,476,0,8,1237,163,0,0,0
cold_online_random_h8_s27_state0_mac0,scratch,cold,final,8,27,,0,0,25000000,25000000,25000000,cohort,11000000,1816,466,0,20,1160,170,0,0,0
cold_online_random_h8_s27_state0_mac0,scratch,cold,final,8,27,,0,0,25000000,25000000,25000000,cohort,11100000,1757,473,0,9,1108,167,0,0,0
cold_online_random_h8_s27_state0_mac0,scratch,cold,final,8,27,,0,0,25000000,25000000,25000000,cohort,11200000,1818,467,0,12,1175,164,0,0,0
cold_online_random_h8_s27_state0_mac0,scratch,cold,final,8,27,,0,0,25000000,25000000,25000000,cohort,11300000,1613,466,0,16,965,166,0,0,0
cold_online_random_h8_s27_state0_mac0,scratch,cold,final,8,27,,0,0,25000000,25000000,25000000,cohort,11400000,1782,458,3,13,1140,168,0,0,0
cold_online_random_h8_s27_state0_mac0,scratch,cold,final,8,27,,0,0,25000000,25000000,25000000,cohort,11500000,1494,457,9,64,739,225,0,0,0
cold_online_random_h8_s27_state0_mac0,scratch,cold,final,8,27,,0,0,25000000,25000000,25000000,cohort,11600000,1848,477,2,13,1090,266,0,0,0
cold_online_random_h8_s27_state0_mac0,scratch,cold,final,8,27,,0,0,25000000,25000000,25000000,cohort,11700000,1652,467,2,6,1007,170,0,0,0
cold_online_random_h8_s27_state0_mac0,scratch,cold,final,8,27,,0,0,25000000,25000000,25000000,cohort,11800000,1974,505,63,76,1043,287,0,0,0
cold_online_random_h8_s27_state0_mac0,scratch,cold,final,8,27,,0,0,25000000,25000000,25000000,cohort,11900000,1951,508,19,106,1004,314,0,0,0
cold_online_random_h8_s27_state0_mac0,scratch,cold,final,8,27,,0,0,25000000,25000000,25000000,cohort,12000000,1891,473,4,58,1137,219,0,0,0
cold_online_random_h8_s27_state0_mac0,scratch,cold,final,8,27,,0,0,25000000,25000000,25000000,cohort,12100000,1916,483,14,57,1137,225,0,0,0
cold_online_random_h8_s27_state0_mac0,scratch,cold,final,8,27,,0,0,25000000,25000000,25000000,cohort,12200000,1613,472,0,12,961,168,0,0,0
cold_online_random_h8_s27_state0_mac0,scratch,cold,final,8,27,,0,0,25000000,25000000,25000000,cohort,12300000,1562,474,2,19,889,178,0,0,0
cold_online_random_h8_s27_state0_mac0,scratch,cold,final,8,27,,0,0,25000000,25000000,25000000,cohort,12400000,1733,472,6,21,1051,183,0,0,0
cold_online_random_h8_s27_state0_mac0,scratch,cold,final,8,27,,0,0,25000000,25000000,25000000,cohort,12500000,1872,469,0,17,1215,171,0,0,0
cold_online_random_h8_s27_state0_mac0,scratch,cold,final,8,27,,0,0,25000000,25000000,25000000,cohort,12600000,1926,466,40,119,1001,300,0,0,0
cold_online_random_h8_s27_state0_mac0,scratch,cold,final,8,27,,0,0,25000000,25000000,25000000,cohort,12700000,1841,464,24,51,1078,224,0,0,0
cold_online_random_h8_s27_state0_mac0,scratch,cold,final,8,27,,0,0,25000000,25000000,25000000,cohort,12800000,2257,523,24,77,1380,253,0,0,0
cold_online_random_h8_s27_state0_mac0,scratch,cold,final,8,27,,0,0,25000000,25000000,25000000,cohort,12900000,1481,501,0,21,770,189,0,0,0
cold_online_random_h8_s27_state0_mac0,scratch,cold,final,8,27,,0,0,25000000,25000000,25000000,cohort,13000000,1783,473,0,14,1126,170,0,0,0
cold_online_random_h8_s27_state0_mac0,scratch,cold,final,8,27,,0,0,25000000,25000000,25000000,cohort,13100000,1775,476,0,7,1120,172,0,0,0
cold_online_random_h8_s27_state0_mac0,scratch,cold,final,8,27,,0,0,25000000,25000000,25000000,cohort,13200000,1845,454,28,179,794,390,0,0,0
cold_online_random_h8_s27_state0_mac0,scratch,cold,final,8,27,,0,0,25000000,25000000,25000000,cohort,13300000,1811,470,0,9,1168,164,0,0,0
cold_online_random_h8_s27_state0_mac0,scratch,cold,final,8,27,,0,0,25000000,25000000,25000000,cohort,13400000,2081,690,2,148,811,427,0,3,3
cold_online_random_h8_s27_state0_mac0,scratch,cold,final,8,27,,0,0,25000000,25000000,25000000,cohort,13500000,1615,436,0,17,993,168,0,1,1
cold_online_random_h8_s27_state0_mac0,scratch,cold,final,8,27,,0,0,25000000,25000000,25000000,cohort,13600000,1892,459,0,19,1235,179,0,0,0
cold_online_random_h8_s27_state0_mac0,scratch,cold,final,8,27,,0,0,25000000,25000000,25000000,cohort,13700000,1866,476,0,23,1189,178,0,0,0
cold_online_random_h8_s27_state0_mac0,scratch,cold,final,8,27,,0,0,25000000,25000000,25000000,cohort,13800000,1850,477,0,5,1211,157,0,0,0
cold_online_random_h8_s27_state0_mac0,scratch,cold,final,8,27,,0,0,25000000,25000000,25000000,cohort,13900000,1638,467,0,19,982,170,0,0,0
cold_online_random_h8_s27_state0_mac0,scratch,cold,final,8,27,,0,0,25000000,25000000,25000000,cohort,14000000,1736,475,0,9,1089,163,0,0,0
cold_online_random_h8_s27_state0_mac0,scratch,cold,final,8,27,,0,0,25000000,25000000,25000000,cohort,14100000,1856,472,0,23,1186,175,0,0,0
cold_online_random_h8_s27_state0_mac0,scratch,cold,final,8,27,,0,0,25000000,25000000,25000000,cohort,14200000,1900,477,0,14,1238,171,0,0,0
cold_online_random_h8_s27_state0_mac0,scratch,cold,final,8,27,,0,0,25000000,25000000,25000000,cohort,14300000,1781,474,0,9,1139,159,0,0,0
cold_online_random_h8_s27_state0_mac0,scratch,cold,final,8,27,,0,0,25000000,25000000,25000000,cohort,14400000,1800,475,0,7,1151,167,0,0,0
cold_online_random_h8_s27_state0_mac0,scratch,cold,final,8,27,,0,0,25000000,25000000,25000000,cohort,14500000,1728,474,0,7,1087,160,0,0,0
cold_online_random_h8_s27_state0_mac0,scratch,cold,final,8,27,,0,0,25000000,25000000,25000000,cohort,14600000,1760,475,0,9,1112,164,0,0,0
cold_online_random_h8_s27_state0_mac0,scratch,cold,final,8,27,,0,0,25000000,25000000,25000000,cohort,14700000,1734,472,0,12,1083,167,0,0,0
cold_online_random_h8_s27_state0_mac0,scratch,cold,final,8,27,,0,0,25000000,25000000,25000000,cohort,14800000,1570,476,0,11,922,161,0,0,0
cold_online_random_h8_s27_state0_mac0,scratch,cold,final,8,27,,0,0,25000000,25000000,25000000,cohort,14900000,1668,471,0,16,1010,171,0,0,0
cold_online_random_h8_s27_state0_mac0,scratch,cold,final,8,27,,0,0,25000000,25000000,25000000,cohort,15000000,1864,475,0,7,1222,160,0,0,0
cold_online_random_h8_s27_state0_mac0,scratch,cold,final,8,27,,0,0,25000000,25000000,25000000,cohort,15100000,1738,468,0,22,1072,176,0,0,0
cold_online_random_h8_s27_state0_mac0,scratch,cold,final,8,27,,0,0,25000000,25000000,25000000,cohort,15200000,1782,476,0,11,1129,166,0,0,0
cold_online_random_h8_s27_state0_mac0,scratch,cold,final,8,27,,0,0,25000000,25000000,25000000,cohort,15300000,1806,473,0,7,1166,160,0,0,0
cold_online_random_h8_s27_state0_mac0,scratch,cold,final,8,27,,0,0,25000000,25000000,25000000,cohort,15400000,1842,475,0,11,1192,164,0,0,0
cold_online_random_h8_s27_state0_mac0,scratch,cold,final,8,27,,0,0,25000000,25000000,25000000,cohort,15500000,1818,473,0,5,1179,161,0,0,0
cold_online_random_h8_s27_state0_mac0,scratch,cold,final,8,27,,0,0,25000000,25000000,25000000,cohort,15600000,1782,473,0,11,1136,162,0,0,0
cold_online_random_h8_s27_state0_mac0,scratch,cold,final,8,27,,0,0,25000000,25000000,25000000,cohort,15700000,1794,472,0,7,1151,164,0,0,0
cold_online_random_h8_s27_state0_mac0,scratch,cold,final,8,27,,0,0,25000000,25000000,25000000,cohort,15800000,1830,467,1,15,1179,168,0,0,0
cold_online_random_h8_s27_state0_mac0,scratch,cold,final,8,27,,0,0,25000000,25000000,25000000,cohort,15900000,1844,474,0,10,1198,162,0,0,0
cold_online_random_h8_s27_state0_mac0,scratch,cold,final,8,27,,0,0,25000000,25000000,25000000,cohort,16000000,1732,470,0,12,1085,165,0,0,0
cold_online_random_h8_s27_state0_mac0,scratch,cold,final,8,27,,0,0,25000000,25000000,25000000,cohort,16100000,1615,475,0,8,969,163,0,0,0
cold_online_random_h8_s27_state0_mac0,scratch,cold,final,8,27,,0,0,25000000,25000000,25000000,cohort,16200000,1657,469,0,13,1007,168,0,0,0
cold_online_random_h8_s27_state0_mac0,scratch,cold,final,8,27,,0,0,25000000,25000000,25000000,cohort,16300000,1780,477,1,7,1134,161,0,0,0
cold_online_random_h8_s27_state0_mac0,scratch,cold,final,8,27,,0,0,25000000,25000000,25000000,cohort,16400000,1652,472,1,10,1006,163,0,0,0
cold_online_random_h8_s27_state0_mac0,scratch,cold,final,8,27,,0,0,25000000,25000000,25000000,cohort,16500000,1793,471,0,10,1146,166,0,0,0
cold_online_random_h8_s27_state0_mac0,scratch,cold,final,8,27,,0,0,25000000,25000000,25000000,cohort,16600000,1687,466,0,12,1045,164,0,0,0
cold_online_random_h8_s27_state0_mac0,scratch,cold,final,8,27,,0,0,25000000,25000000,25000000,cohort,16700000,1804,474,0,11,1155,164,0,0,0
cold_online_random_h8_s27_state0_mac0,scratch,cold,final,8,27,,0,0,25000000,25000000,25000000,cohort,16800000,1749,471,0,11,1102,165,0,0,0
cold_online_random_h8_s27_state0_mac0,scratch,cold,final,8,27,,0,0,25000000,25000000,25000000,cohort,16900000,1792,468,0,12,1148,164,0,0,0
cold_online_random_h8_s27_state0_mac0,scratch,cold,final,8,27,,0,0,25000000,25000000,25000000,cohort,17000000,1804,472,0,10,1160,162,0,0,0
cold_online_random_h8_s27_state0_mac0,scratch,cold,final,8,27,,0,0,25000000,25000000,25000000,cohort,17100000,1720,468,0,12,1071,169,0,0,0
cold_online_random_h8_s27_state0_mac0,scratch,cold,final,8,27,,0,0,25000000,25000000,25000000,cohort,17200000,1734,474,0,9,1086,165,0,0,0
cold_online_random_h8_s27_state0_mac0,scratch,cold,final,8,27,,0,0,25000000,25000000,25000000,cohort,17300000,1800,472,0,4,1161,163,0,0,0
cold_online_random_h8_s27_state0_mac0,scratch,cold,final,8,27,,0,0,25000000,25000000,25000000,cohort,17400000,1794,475,0,12,1141,166,0,0,0
cold_online_random_h8_s27_state0_mac0,scratch,cold,final,8,27,,0,0,25000000,25000000,25000000,cohort,17500000,1810,474,0,7,1168,161,0,0,0
cold_online_random_h8_s27_state0_mac0,scratch,cold,final,8,27,,0,0,25000000,25000000,25000000,cohort,17600000,1808,470,0,8,1165,165,0,0,0
cold_online_random_h8_s27_state0_mac0,scratch,cold,final,8,27,,0,0,25000000,25000000,25000000,cohort,17700000,1724,472,0,14,1072,166,0,0,0
cold_online_random_h8_s27_state0_mac0,scratch,cold,final,8,27,,0,0,25000000,25000000,25000000,cohort,17800000,1792,471,0,8,1151,162,0,0,0
cold_online_random_h8_s27_state0_mac0,scratch,cold,final,8,27,,0,0,25000000,25000000,25000000,cohort,17900000,1792,471,0,10,1144,167,0,0,0
cold_online_random_h8_s27_state0_mac0,scratch,cold,final,8,27,,0,0,25000000,25000000,25000000,cohort,18000000,1800,480,0,5,1151,164,0,0,0
cold_online_random_h8_s27_state0_mac0,scratch,cold,final,8,27,,0,0,25000000,25000000,25000000,cohort,18100000,1826,471,0,8,1184,163,0,0,0
cold_online_random_h8_s27_state0_mac0,scratch,cold,final,8,27,,0,0,25000000,25000000,25000000,cohort,18200000,1762,472,0,8,1121,161,0,0,0
cold_online_random_h8_s27_state0_mac0,scratch,cold,final,8,27,,0,0,25000000,25000000,25000000,cohort,18300000,1700,473,0,10,1054,163,0,0,0
cold_online_random_h8_s27_state0_mac0,scratch,cold,final,8,27,,0,0,25000000,25000000,25000000,cohort,18400000,1660,473,0,6,1018,163,0,0,0
cold_online_random_h8_s27_state0_mac0,scratch,cold,final,8,27,,0,0,25000000,25000000,25000000,cohort,18500000,1778,472,0,9,1130,167,0,0,0
cold_online_random_h8_s27_state0_mac0,scratch,cold,final,8,27,,0,0,25000000,25000000,25000000,cohort,18600000,1819,478,0,14,1153,174,0,0,0
cold_online_random_h8_s27_state0_mac0,scratch,cold,final,8,27,,0,0,25000000,25000000,25000000,cohort,18700000,1628,474,0,4,991,159,0,0,0
cold_online_random_h8_s27_state0_mac0,scratch,cold,final,8,27,,0,0,25000000,25000000,25000000,cohort,18800000,1735,465,1,14,1089,166,0,0,0
cold_online_random_h8_s27_state0_mac0,scratch,cold,final,8,27,,0,0,25000000,25000000,25000000,cohort,18900000,1728,474,0,6,1085,163,0,0,0
cold_online_random_h8_s27_state0_mac0,scratch,cold,final,8,27,,0,0,25000000,25000000,25000000,cohort,19000000,1744,471,0,4,1104,165,0,0,0
cold_online_random_h8_s27_state0_mac0,scratch,cold,final,8,27,,0,0,25000000,25000000,25000000,cohort,19100000,1732,473,0,10,1085,164,0,0,0
cold_online_random_h8_s27_state0_mac0,scratch,cold,final,8,27,,0,0,25000000,25000000,25000000,cohort,19200000,1792,471,0,6,1152,163,0,0,0
cold_online_random_h8_s27_state0_mac0,scratch,cold,final,8,27,,0,0,25000000,25000000,25000000,cohort,19300000,1642,468,1,12,991,170,0,0,0
cold_online_random_h8_s27_state0_mac0,scratch,cold,final,8,27,,0,0,25000000,25000000,25000000,cohort,19400000,1801,475,1,5,1161,159,0,0,0
cold_online_random_h8_s27_state0_mac0,scratch,cold,final,8,27,,0,0,25000000,25000000,25000000,cohort,19500000,1696,469,0,14,1040,173,0,0,0
cold_online_random_h8_s27_state0_mac0,scratch,cold,final,8,27,,0,0,25000000,25000000,25000000,cohort,19600000,1796,468,0,10,1154,164,0,0,0
cold_online_random_h8_s27_state0_mac0,scratch,cold,final,8,27,,0,0,25000000,25000000,25000000,cohort,19700000,1701,466,0,14,1050,171,0,0,0
cold_online_random_h8_s27_state0_mac0,scratch,cold,final,8,27,,0,0,25000000,25000000,25000000,cohort,19800000,1640,471,0,9,996,163,0,1,1
cold_online_random_h8_s27_state0_mac0,scratch,cold,final,8,27,,0,0,25000000,25000000,25000000,cohort,19900000,1778,467,0,8,1135,166,0,2,2
cold_online_random_h8_s27_state0_mac0,scratch,cold,final,8,27,,0,0,25000000,25000000,25000000,cohort,20000000,1753,469,0,11,1108,165,0,0,0
cold_online_random_h8_s27_state0_mac0,scratch,cold,final,8,27,,0,0,25000000,25000000,25000000,cohort,20100000,1618,466,0,4,985,163,0,0,0
cold_online_random_h8_s27_state0_mac0,scratch,cold,final,8,27,,0,0,25000000,25000000,25000000,cohort,20200000,1808,472,0,11,1158,167,0,0,0
cold_online_random_h8_s27_state0_mac0,scratch,cold,final,8,27,,0,0,25000000,25000000,25000000,cohort,20300000,1706,473,0,4,1069,160,0,0,0
cold_online_random_h8_s27_state0_mac0,scratch,cold,final,8,27,,0,0,25000000,25000000,25000000,cohort,20400000,1814,473,0,12,1159,170,0,0,0
cold_online_random_h8_s27_state0_mac0,scratch,cold,final,8,27,,0,0,25000000,25000000,25000000,cohort,20500000,1785,474,1,5,1142,163,0,0,0
cold_online_random_h8_s27_state0_mac0,scratch,cold,final,8,27,,0,0,25000000,25000000,25000000,cohort,20600000,1771,474,0,5,1132,160,0,0,0
cold_online_random_h8_s27_state0_mac0,scratch,cold,final,8,27,,0,0,25000000,25000000,25000000,cohort,20700000,1642,465,0,14,990,173,0,0,0
cold_online_random_h8_s27_state0_mac0,scratch,cold,final,8,27,,0,0,25000000,25000000,25000000,cohort,20800000,1757,472,0,7,1116,162,0,0,0
cold_online_random_h8_s27_state0_mac0,scratch,cold,final,8,27,,0,0,25000000,25000000,25000000,cohort,20900000,1766,468,0,10,1123,165,0,0,0
cold_online_random_h8_s27_state0_mac0,scratch,cold,final,8,27,,0,0,25000000,25000000,25000000,cohort,21000000,1759,469,0,8,1121,161,0,0,0
cold_online_random_h8_s27_state0_mac0,scratch,cold,final,8,27,,0,0,25000000,25000000,25000000,cohort,21100000,1788,474,0,10,1143,161,0,0,0
cold_online_random_h8_s27_state0_mac0,scratch,cold,final,8,27,,0,0,25000000,25000000,25000000,cohort,21200000,1796,475,1,5,1156,159,0,0,0
cold_online_random_h8_s27_state0_mac0,scratch,cold,final,8,27,,0,0,25000000,25000000,25000000,cohort,21300000,1742,471,0,8,1102,161,0,0,0
cold_online_random_h8_s27_state0_mac0,scratch,cold,final,8,27,,0,0,25000000,25000000,25000000,cohort,21400000,1754,467,0,17,1098,172,0,0,0
cold_online_random_h8_s27_state0_mac0,scratch,cold,final,8,27,,0,0,25000000,25000000,25000000,cohort,21500000,1718,475,0,4,1076,163,0,0,0
cold_online_random_h8_s27_state0_mac0,scratch,cold,final,8,27,,0,0,25000000,25000000,25000000,cohort,21600000,1800,474,0,8,1152,166,0,0,0
cold_online_random_h8_s27_state0_mac0,scratch,cold,final,8,27,,0,0,25000000,25000000,25000000,cohort,21700000,1466,467,0,10,823,166,0,0,0
cold_online_random_h8_s27_state0_mac0,scratch,cold,final,8,27,,0,0,25000000,25000000,25000000,cohort,21800000,1766,476,1,9,1112,168,0,0,0
cold_online_random_h8_s27_state0_mac0,scratch,cold,final,8,27,,0,0,25000000,25000000,25000000,cohort,21900000,1832,474,0,11,1185,162,0,0,0
cold_online_random_h8_s27_state0_mac0,scratch,cold,final,8,27,,0,0,25000000,25000000,25000000,cohort,22000000,1630,466,0,10,987,167,0,0,0
cold_online_random_h8_s27_state0_mac0,scratch,cold,final,8,27,,0,0,25000000,25000000,25000000,cohort,22100000,1809,467,0,17,1160,165,0,0,0
cold_online_random_h8_s27_state0_mac0,scratch,cold,final,8,27,,0,0,25000000,25000000,25000000,cohort,22200000,1808,475,0,7,1166,160,0,0,0
cold_online_random_h8_s27_state0_mac0,scratch,cold,final,8,27,,0,0,25000000,25000000,25000000,cohort,22300000,1551,469,0,16,900,166,0,0,0
cold_online_random_h8_s27_state0_mac0,scratch,cold,final,8,27,,0,0,25000000,25000000,25000000,cohort,22400000,1818,475,0,10,1170,163,0,0,0
cold_online_random_h8_s27_state0_mac0,scratch,cold,final,8,27,,0,0,25000000,25000000,25000000,cohort,22500000,1726,468,0,19,1074,165,0,0,0
cold_online_random_h8_s27_state0_mac0,scratch,cold,final,8,27,,0,0,25000000,25000000,25000000,cohort,22600000,1744,472,0,9,1098,165,0,0,0
cold_online_random_h8_s27_state0_mac0,scratch,cold,final,8,27,,0,0,25000000,25000000,25000000,cohort,22700000,1732,475,0,8,1087,162,0,0,0
cold_online_random_h8_s27_state0_mac0,scratch,cold,final,8,27,,0,0,25000000,25000000,25000000,cohort,22800000,1554,465,0,10,918,161,0,0,0
cold_online_random_h8_s27_state0_mac0,scratch,cold,final,8,27,,0,0,25000000,25000000,25000000,cohort,22900000,1684,473,0,3,1048,160,0,0,0
cold_online_random_h8_s27_state0_mac0,scratch,cold,final,8,27,,0,0,25000000,25000000,25000000,cohort,23000000,1760,465,0,14,1114,167,0,0,0
cold_online_random_h8_s27_state0_mac0,scratch,cold,final,8,27,,0,0,25000000,25000000,25000000,cohort,23100000,1660,472,0,9,1013,166,0,0,0
cold_online_random_h8_s27_state0_mac0,scratch,cold,final,8,27,,0,0,25000000,25000000,25000000,cohort,23200000,1586,463,0,18,942,163,0,0,0
cold_online_random_h8_s27_state0_mac0,scratch,cold,final,8,27,,0,0,25000000,25000000,25000000,cohort,23300000,1620,468,0,9,971,171,0,1,1
cold_online_random_h8_s27_state0_mac0,scratch,cold,final,8,27,,0,0,25000000,25000000,25000000,cohort,23400000,1820,473,0,6,1178,163,0,0,0
cold_online_random_h8_s27_state0_mac0,scratch,cold,final,8,27,,0,0,25000000,25000000,25000000,cohort,23500000,1668,470,0,16,1015,167,0,0,0
cold_online_random_h8_s27_state0_mac0,scratch,cold,final,8,27,,0,0,25000000,25000000,25000000,cohort,23600000,1577,465,0,6,940,166,0,0,0
cold_online_random_h8_s27_state0_mac0,scratch,cold,final,8,27,,0,0,25000000,25000000,25000000,cohort,23700000,1805,470,0,10,1159,165,0,1,1
cold_online_random_h8_s27_state0_mac0,scratch,cold,final,8,27,,0,0,25000000,25000000,25000000,cohort,23800000,1736,452,0,7,1125,151,0,1,1
cold_online_random_h8_s27_state0_mac0,scratch,cold,final,8,27,,0,0,25000000,25000000,25000000,cohort,23900000,1684,416,0,14,1100,154,0,0,0
cold_online_random_h8_s27_state0_mac0,scratch,cold,final,8,27,,0,0,25000000,25000000,25000000,cohort,24000000,1779,465,0,6,1147,161,0,0,0
cold_online_random_h8_s27_state0_mac0,scratch,cold,final,8,27,,0,0,25000000,25000000,25000000,cohort,24100000,1736,463,0,8,1103,161,0,1,1
cold_online_random_h8_s27_state0_mac0,scratch,cold,final,8,27,,0,0,25000000,25000000,25000000,cohort,24200000,1624,476,0,11,974,163,0,0,0
cold_online_random_h8_s27_state0_mac0,scratch,cold,final,8,27,,0,0,25000000,25000000,25000000,cohort,24300000,1806,473,0,5,1169,157,0,2,2
cold_online_random_h8_s27_state0_mac0,scratch,cold,final,8,27,,0,0,25000000,25000000,25000000,cohort,24400000,1755,471,0,4,1117,161,0,2,2
cold_online_random_h8_s27_state0_mac0,scratch,cold,final,8,27,,0,0,25000000,25000000,25000000,cohort,24500000,1770,471,0,4,1131,162,0,2,2
cold_online_random_h8_s27_state0_mac0,scratch,cold,final,8,27,,0,0,25000000,25000000,25000000,cohort,24600000,1735,462,0,2,1095,172,0,4,4
cold_online_random_h8_s27_state0_mac0,scratch,cold,final,8,27,,0,0,25000000,25000000,25000000,cohort,24700000,1780,472,0,0,1143,160,0,5,5
cold_online_random_h8_s27_state0_mac0,scratch,cold,final,8,27,,0,0,25000000,25000000,25000000,cohort,24800000,1470,473,0,0,833,161,0,3,3
cold_online_random_h8_s27_state0_mac0,scratch,cold,final,8,27,,0,0,25000000,25000000,25000000,cohort,24900000,1745,464,0,0,1098,168,0,15,15
cold_online_random_h8_s7_state0_mac0,scratch,cold,final,8,7,,0,0,25000000,25000000,25000000,cohort,0,1659,0,0,0,257,1402,0,0,0
cold_online_random_h8_s7_state0_mac0,scratch,cold,final,8,7,,0,0,25000000,25000000,25000000,cohort,100000,2644,505,5,11,1831,292,0,0,0
cold_online_random_h8_s7_state0_mac0,scratch,cold,final,8,7,,0,0,25000000,25000000,25000000,cohort,200000,1914,483,0,16,1251,164,0,0,0
cold_online_random_h8_s7_state0_mac0,scratch,cold,final,8,7,,0,0,25000000,25000000,25000000,cohort,300000,1926,474,0,3,1289,160,0,0,0
cold_online_random_h8_s7_state0_mac0,scratch,cold,final,8,7,,0,0,25000000,25000000,25000000,cohort,400000,1910,473,0,1,1278,158,0,0,0
cold_online_random_h8_s7_state0_mac0,scratch,cold,final,8,7,,0,0,25000000,25000000,25000000,cohort,500000,1930,473,0,3,1293,161,0,0,0
cold_online_random_h8_s7_state0_mac0,scratch,cold,final,8,7,,0,0,25000000,25000000,25000000,cohort,600000,1930,471,0,6,1293,160,0,0,0
cold_online_random_h8_s7_state0_mac0,scratch,cold,final,8,7,,0,0,25000000,25000000,25000000,cohort,700000,1926,469,0,7,1288,162,0,0,0
cold_online_random_h8_s7_state0_mac0,scratch,cold,final,8,7,,0,0,25000000,25000000,25000000,cohort,800000,1622,474,0,10,979,159,0,0,0
cold_online_random_h8_s7_state0_mac0,scratch,cold,final,8,7,,0,0,25000000,25000000,25000000,cohort,900000,1816,471,0,1,1182,162,0,0,0
cold_online_random_h8_s7_state0_mac0,scratch,cold,final,8,7,,0,0,25000000,25000000,25000000,cohort,1000000,1820,475,0,3,1182,160,0,0,0
cold_online_random_h8_s7_state0_mac0,scratch,cold,final,8,7,,0,0,25000000,25000000,25000000,cohort,1100000,1918,473,0,4,1281,160,0,0,0
cold_online_random_h8_s7_state0_mac0,scratch,cold,final,8,7,,0,0,25000000,25000000,25000000,cohort,1200000,1856,468,0,10,1213,165,0,0,0
cold_online_random_h8_s7_state0_mac0,scratch,cold,final,8,7,,0,0,25000000,25000000,25000000,cohort,1300000,1936,471,0,9,1294,162,0,0,0
cold_online_random_h8_s7_state0_mac0,scratch,cold,final,8,7,,0,0,25000000,25000000,25000000,cohort,1400000,1582,473,0,7,938,164,0,0,0
cold_online_random_h8_s7_state0_mac0,scratch,cold,final,8,7,,0,0,25000000,25000000,25000000,cohort,1500000,1930,477,0,3,1290,160,0,0,0
cold_online_random_h8_s7_state0_mac0,scratch,cold,final,8,7,,0,0,25000000,25000000,25000000,cohort,1600000,1904,471,0,26,1219,188,0,0,0
cold_online_random_h8_s7_state0_mac0,scratch,cold,final,8,7,,0,0,25000000,25000000,25000000,cohort,1700000,1950,475,1,8,1288,178,0,0,0
cold_online_random_h8_s7_state0_mac0,scratch,cold,final,8,7,,0,0,25000000,25000000,25000000,cohort,1800000,1942,473,0,6,1301,162,0,0,0
cold_online_random_h8_s7_state0_mac0,scratch,cold,final,8,7,,0,0,25000000,25000000,25000000,cohort,1900000,1948,470,0,12,1296,170,0,0,0
cold_online_random_h8_s7_state0_mac0,scratch,cold,final,8,7,,0,0,25000000,25000000,25000000,cohort,2000000,1926,477,0,7,1283,159,0,0,0
cold_online_random_h8_s7_state0_mac0,scratch,cold,final,8,7,,0,0,25000000,25000000,25000000,cohort,2100000,1904,473,0,12,1251,168,0,0,0
cold_online_random_h8_s7_state0_mac0,scratch,cold,final,8,7,,0,0,25000000,25000000,25000000,cohort,2200000,1948,474,0,7,1305,162,0,0,0
cold_online_random_h8_s7_state0_mac0,scratch,cold,final,8,7,,0,0,25000000,25000000,25000000,cohort,2300000,1768,472,0,9,1121,166,0,0,0
cold_online_random_h8_s7_state0_mac0,scratch,cold,final,8,7,,0,0,25000000,25000000,25000000,cohort,2400000,1938,463,0,17,1289,169,0,0,0
cold_online_random_h8_s7_state0_mac0,scratch,cold,final,8,7,,0,0,25000000,25000000,25000000,cohort,2500000,1356,470,0,19,695,172,0,0,0
cold_online_random_h8_s7_state0_mac0,scratch,cold,final,8,7,,0,0,25000000,25000000,25000000,cohort,2600000,1356,472,0,22,689,173,0,0,0
cold_online_random_h8_s7_state0_mac0,scratch,cold,final,8,7,,0,0,25000000,25000000,25000000,cohort,2700000,1788,479,0,7,1136,166,0,0,0
cold_online_random_h8_s7_state0_mac0,scratch,cold,final,8,7,,0,0,25000000,25000000,25000000,cohort,2800000,1930,472,0,7,1290,161,0,0,0
cold_online_random_h8_s7_state0_mac0,scratch,cold,final,8,7,,0,0,25000000,25000000,25000000,cohort,2900000,1950,475,0,11,1293,171,0,0,0
cold_online_random_h8_s7_state0_mac0,scratch,cold,final,8,7,,0,0,25000000,25000000,25000000,cohort,3000000,1686,474,0,8,1042,162,0,0,0
cold_online_random_h8_s7_state0_mac0,scratch,cold,final,8,7,,0,0,25000000,25000000,25000000,cohort,3100000,1764,470,0,4,1127,163,0,0,0
cold_online_random_h8_s7_state0_mac0,scratch,cold,final,8,7,,0,0,25000000,25000000,25000000,cohort,3200000,1960,476,0,10,1308,166,0,0,0
cold_online_random_h8_s7_state0_mac0,scratch,cold,final,8,7,,0,0,25000000,25000000,25000000,cohort,3300000,1608,477,0,11,954,166,0,0,0
cold_online_random_h8_s7_state0_mac0,scratch,cold,final,8,7,,0,0,25000000,25000000,25000000,cohort,3400000,1890,472,0,8,1248,162,0,0,0
cold_online_random_h8_s7_state0_mac0,scratch,cold,final,8,7,,0,0,25000000,25000000,25000000,cohort,3500000,1966,470,0,20,1303,173,0,0,0
cold_online_random_h8_s7_state0_mac0,scratch,cold,final,8,7,,0,0,25000000,25000000,25000000,cohort,3600000,1610,466,0,29,938,177,0,0,0
cold_online_random_h8_s7_state0_mac0,scratch,cold,final,8,7,,0,0,25000000,25000000,25000000,cohort,3700000,1890,473,0,10,1240,167,0,0,0
cold_online_random_h8_s7_state0_mac0,scratch,cold,final,8,7,,0,0,25000000,25000000,25000000,cohort,3800000,1632,473,0,12,984,163,0,0,0
cold_online_random_h8_s7_state0_mac0,scratch,cold,final,8,7,,0,0,25000000,25000000,25000000,cohort,3900000,1748,471,0,13,1099,165,0,0,0
cold_online_random_h8_s7_state0_mac0,scratch,cold,final,8,7,,0,0,25000000,25000000,25000000,cohort,4000000,1620,470,0,22,958,170,0,0,0
cold_online_random_h8_s7_state0_mac0,scratch,cold,final,8,7,,0,0,25000000,25000000,25000000,cohort,4100000,1826,474,0,7,1181,164,0,0,0
cold_online_random_h8_s7_state0_mac0,scratch,cold,final,8,7,,0,0,25000000,25000000,25000000,cohort,4200000,1534,468,0,15,883,168,0,0,0
cold_online_random_h8_s7_state0_mac0,scratch,cold,final,8,7,,0,0,25000000,25000000,25000000,cohort,4300000,1922,476,0,9,1274,163,0,0,0
cold_online_random_h8_s7_state0_mac0,scratch,cold,final,8,7,,0,0,25000000,25000000,25000000,cohort,4400000,1894,472,0,11,1247,164,0,0,0
cold_online_random_h8_s7_state0_mac0,scratch,cold,final,8,7,,0,0,25000000,25000000,25000000,cohort,4500000,1806,472,0,13,1155,166,0,0,0
cold_online_random_h8_s7_state0_mac0,scratch,cold,final,8,7,,0,0,25000000,25000000,25000000,cohort,4600000,1662,475,0,7,1015,165,0,0,0
cold_online_random_h8_s7_state0_mac0,scratch,cold,final,8,7,,0,0,25000000,25000000,25000000,cohort,4700000,1934,472,0,12,1280,170,0,0,0
cold_online_random_h8_s7_state0_mac0,scratch,cold,final,8,7,,0,0,25000000,25000000,25000000,cohort,4800000,1902,476,0,6,1260,160,0,0,0
cold_online_random_h8_s7_state0_mac0,scratch,cold,final,8,7,,0,0,25000000,25000000,25000000,cohort,4900000,1914,471,0,23,1246,174,0,0,0
cold_online_random_h8_s7_state0_mac0,scratch,cold,final,8,7,,0,0,25000000,25000000,25000000,cohort,5000000,1898,466,0,20,1243,169,0,0,0
cold_online_random_h8_s7_state0_mac0,scratch,cold,final,8,7,,0,0,25000000,25000000,25000000,cohort,5100000,1804,471,0,17,1146,170,0,0,0
cold_online_random_h8_s7_state0_mac0,scratch,cold,final,8,7,,0,0,25000000,25000000,25000000,cohort,5200000,1924,470,0,27,1251,176,0,0,0
cold_online_random_h8_s7_state0_mac0,scratch,cold,final,8,7,,0,0,25000000,25000000,25000000,cohort,5300000,1650,471,0,19,991,169,0,0,0
cold_online_random_h8_s7_state0_mac0,scratch,cold,final,8,7,,0,0,25000000,25000000,25000000,cohort,5400000,1636,467,0,23,973,173,0,0,0
cold_online_random_h8_s7_state0_mac0,scratch,cold,final,8,7,,0,0,25000000,25000000,25000000,cohort,5500000,1900,471,0,15,1246,168,0,0,0
cold_online_random_h8_s7_state0_mac0,scratch,cold,final,8,7,,0,0,25000000,25000000,25000000,cohort,5600000,1834,471,0,21,1173,169,0,0,0
cold_online_random_h8_s7_state0_mac0,scratch,cold,final,8,7,,0,0,25000000,25000000,25000000,cohort,5700000,1912,467,0,26,1244,175,0,0,0
cold_online_random_h8_s7_state0_mac0,scratch,cold,final,8,7,,0,0,25000000,25000000,25000000,cohort,5800000,1904,471,0,23,1236,174,0,0,0
cold_online_random_h8_s7_state0_mac0,scratch,cold,final,8,7,,0,0,25000000,25000000,25000000,cohort,5900000,1926,467,0,27,1256,176,0,0,0
cold_online_random_h8_s7_state0_mac0,scratch,cold,final,8,7,,0,0,25000000,25000000,25000000,cohort,6000000,1612,473,0,7,972,160,0,0,0
cold_online_random_h8_s7_state0_mac0,scratch,cold,final,8,7,,0,0,25000000,25000000,25000000,cohort,6100000,1944,468,0,19,1282,175,0,0,0
cold_online_random_h8_s7_state0_mac0,scratch,cold,final,8,7,,0,0,25000000,25000000,25000000,cohort,6200000,1814,474,0,8,1170,162,0,0,0
cold_online_random_h8_s7_state0_mac0,scratch,cold,final,8,7,,0,0,25000000,25000000,25000000,cohort,6300000,1880,469,0,23,1215,173,0,0,0
cold_online_random_h8_s7_state0_mac0,scratch,cold,final,8,7,,0,0,25000000,25000000,25000000,cohort,6400000,1870,481,0,16,1204,169,0,0,0
cold_online_random_h8_s7_state0_mac0,scratch,cold,final,8,7,,0,0,25000000,25000000,25000000,cohort,6500000,1812,474,0,12,1157,169,0,0,0
cold_online_random_h8_s7_state0_mac0,scratch,cold,final,8,7,,0,0,25000000,25000000,25000000,cohort,6600000,1810,478,0,17,1139,176,0,0,0
cold_online_random_h8_s7_state0_mac0,scratch,cold,final,8,7,,0,0,25000000,25000000,25000000,cohort,6700000,1908,476,0,12,1256,164,0,0,0
cold_online_random_h8_s7_state0_mac0,scratch,cold,final,8,7,,0,0,25000000,25000000,25000000,cohort,6800000,1904,472,0,16,1247,169,0,0,0
cold_online_random_h8_s7_state0_mac0,scratch,cold,final,8,7,,0,0,25000000,25000000,25000000,cohort,6900000,1462,466,0,13,813,170,0,0,0
cold_online_random_h8_s7_state0_mac0,scratch,cold,final,8,7,,0,0,25000000,25000000,25000000,cohort,7000000,1532,477,0,7,888,160,0,0,0
cold_online_random_h8_s7_state0_mac0,scratch,cold,final,8,7,,0,0,25000000,25000000,25000000,cohort,7100000,1777,471,1,20,1112,173,0,0,0
cold_online_random_h8_s7_state0_mac0,scratch,cold,final,8,7,,0,0,25000000,25000000,25000000,cohort,7200000,1732,473,0,20,1072,167,0,0,0
cold_online_random_h8_s7_state0_mac0,scratch,cold,final,8,7,,0,0,25000000,25000000,25000000,cohort,7300000,1904,473,1,16,1246,168,0,0,0
cold_online_random_h8_s7_state0_mac0,scratch,cold,final,8,7,,0,0,25000000,25000000,25000000,cohort,7400000,1832,472,0,10,1186,164,0,0,0
cold_online_random_h8_s7_state0_mac0,scratch,cold,final,8,7,,0,0,25000000,25000000,25000000,cohort,7500000,1796,469,0,12,1146,169,0,0,0
cold_online_random_h8_s7_state0_mac0,scratch,cold,final,8,7,,0,0,25000000,25000000,25000000,cohort,7600000,1788,477,0,3,1149,159,0,0,0
cold_online_random_h8_s7_state0_mac0,scratch,cold,final,8,7,,0,0,25000000,25000000,25000000,cohort,7700000,1906,469,0,11,1263,163,0,0,0
cold_online_random_h8_s7_state0_mac0,scratch,cold,final,8,7,,0,0,25000000,25000000,25000000,cohort,7800000,1894,470,0,17,1237,170,0,0,0
cold_online_random_h8_s7_state0_mac0,scratch,cold,final,8,7,,0,0,25000000,25000000,25000000,cohort,7900000,1646,476,0,6,1005,159,0,0,0
cold_online_random_h8_s7_state0_mac0,scratch,cold,final,8,7,,0,0,25000000,25000000,25000000,cohort,8000000,1652,468,0,22,992,170,0,0,0
cold_online_random_h8_s7_state0_mac0,scratch,cold,final,8,7,,0,0,25000000,25000000,25000000,cohort,8100000,1766,464,0,20,1107,175,0,0,0
cold_online_random_h8_s7_state0_mac0,scratch,cold,final,8,7,,0,0,25000000,25000000,25000000,cohort,8200000,1945,471,0,16,1287,171,0,0,0
cold_online_random_h8_s7_state0_mac0,scratch,cold,final,8,7,,0,0,25000000,25000000,25000000,cohort,8300000,1927,474,0,6,1287,160,0,0,0
cold_online_random_h8_s7_state0_mac0,scratch,cold,final,8,7,,0,0,25000000,25000000,25000000,cohort,8400000,1915,472,0,9,1272,162,0,0,0
cold_online_random_h8_s7_state0_mac0,scratch,cold,final,8,7,,0,0,25000000,25000000,25000000,cohort,8500000,1948,478,0,25,1266,179,0,0,0
cold_online_random_h8_s7_state0_mac0,scratch,cold,final,8,7,,0,0,25000000,25000000,25000000,cohort,8600000,1930,476,0,10,1278,166,0,0,0
cold_online_random_h8_s7_state0_mac0,scratch,cold,final,8,7,,0,0,25000000,25000000,25000000,cohort,8700000,1935,476,2,23,1264,170,0,0,0
cold_online_random_h8_s7_state0_mac0,scratch,cold,final,8,7,,0,0,25000000,25000000,25000000,cohort,8800000,1932,481,0,18,1266,167,0,0,0
cold_online_random_h8_s7_state0_mac0,scratch,cold,final,8,7,,0,0,25000000,25000000,25000000,cohort,8900000,1866,472,0,14,1215,165,0,0,0
cold_online_random_h8_s7_state0_mac0,scratch,cold,final,8,7,,0,0,25000000,25000000,25000000,cohort,9000000,1884,472,0,10,1238,164,0,0,0
cold_online_random_h8_s7_state0_mac0,scratch,cold,final,8,7,,0,0,25000000,25000000,25000000,cohort,9100000,1862,473,0,10,1215,164,0,0,0
cold_online_random_h8_s7_state0_mac0,scratch,cold,final,8,7,,0,0,25000000,25000000,25000000,cohort,9200000,1886,472,0,14,1233,167,0,0,0
cold_online_random_h8_s7_state0_mac0,scratch,cold,final,8,7,,0,0,25000000,25000000,25000000,cohort,9300000,1768,473,0,5,1128,162,0,0,0
cold_online_random_h8_s7_state0_mac0,scratch,cold,final,8,7,,0,0,25000000,25000000,25000000,cohort,9400000,1769,471,0,12,1121,165,0,0,0
cold_online_random_h8_s7_state0_mac0,scratch,cold,final,8,7,,0,0,25000000,25000000,25000000,cohort,9500000,1658,476,0,9,1010,163,0,0,0
cold_online_random_h8_s7_state0_mac0,scratch,cold,final,8,7,,0,0,25000000,25000000,25000000,cohort,9600000,1522,471,1,15,866,169,0,0,0
cold_online_random_h8_s7_state0_mac0,scratch,cold,final,8,7,,0,0,25000000,25000000,25000000,cohort,9700000,1766,470,0,13,1116,167,0,0,0
cold_online_random_h8_s7_state0_mac0,scratch,cold,final,8,7,,0,0,25000000,25000000,25000000,cohort,9800000,1806,473,0,16,1152,165,0,0,0
cold_online_random_h8_s7_state0_mac0,scratch,cold,final,8,7,,0,0,25000000,25000000,25000000,cohort,9900000,1848,470,0,19,1189,170,0,0,0
cold_online_random_h8_s7_state0_mac0,scratch,cold,final,8,7,,0,0,25000000,25000000,25000000,cohort,10000000,1599,474,0,11,951,163,0,0,0
cold_online_random_h8_s7_state0_mac0,scratch,cold,final,8,7,,0,0,25000000,25000000,25000000,cohort,10100000,1894,474,0,9,1248,163,0,0,0
cold_online_random_h8_s7_state0_mac0,scratch,cold,final,8,7,,0,0,25000000,25000000,25000000,cohort,10200000,1852,473,0,5,1213,161,0,0,0
cold_online_random_h8_s7_state0_mac0,scratch,cold,final,8,7,,0,0,25000000,25000000,25000000,cohort,10300000,1812,475,0,11,1161,165,0,0,0
cold_online_random_h8_s7_state0_mac0,scratch,cold,final,8,7,,0,0,25000000,25000000,25000000,cohort,10400000,1750,474,1,8,1106,161,0,0,0
cold_online_random_h8_s7_state0_mac0,scratch,cold,final,8,7,,0,0,25000000,25000000,25000000,cohort,10500000,1666,475,0,6,1024,161,0,0,0
cold_online_random_h8_s7_state0_mac0,scratch,cold,final,8,7,,0,0,25000000,25000000,25000000,cohort,10600000,1862,469,0,17,1208,168,0,0,0
cold_online_random_h8_s7_state0_mac0,scratch,cold,final,8,7,,0,0,25000000,25000000,25000000,cohort,10700000,1800,475,0,6,1158,161,0,0,0
cold_online_random_h8_s7_state0_mac0,scratch,cold,final,8,7,,0,0,25000000,25000000,25000000,cohort,10800000,1762,467,0,16,1107,172,0,0,0
cold_online_random_h8_s7_state0_mac0,scratch,cold,final,8,7,,0,0,25000000,25000000,25000000,cohort,10900000,1866,477,0,9,1219,161,0,0,0
cold_online_random_h8_s7_state0_mac0,scratch,cold,final,8,7,,0,0,25000000,25000000,25000000,cohort,11000000,1770,467,1,18,1116,168,0,0,0
cold_online_random_h8_s7_state0_mac0,scratch,cold,final,8,7,,0,0,25000000,25000000,25000000,cohort,11100000,1755,471,1,12,1104,167,0,0,0
cold_online_random_h8_s7_state0_mac0,scratch,cold,final,8,7,,0,0,25000000,25000000,25000000,cohort,11200000,1800,465,0,16,1144,175,0,0,0
cold_online_random_h8_s7_state0_mac0,scratch,cold,final,8,7,,0,0,25000000,25000000,25000000,cohort,11300000,1688,468,0,15,1039,166,0,0,0
cold_online_random_h8_s7_state0_mac0,scratch,cold,final,8,7,,0,0,25000000,25000000,25000000,cohort,11400000,1871,467,14,22,1178,190,0,0,0
cold_online_random_h8_s7_state0_mac0,scratch,cold,final,8,7,,0,0,25000000,25000000,25000000,cohort,11500000,1363,448,1,66,628,220,0,0,0
cold_online_random_h8_s7_state0_mac0,scratch,cold,final,8,7,,0,0,25000000,25000000,25000000,cohort,11600000,1714,471,1,18,1044,180,0,0,0
cold_online_random_h8_s7_state0_mac0,scratch,cold,final,8,7,,0,0,25000000,25000000,25000000,cohort,11700000,1683,473,0,9,1037,164,0,0,0
cold_online_random_h8_s7_state0_mac0,scratch,cold,final,8,7,,0,0,25000000,25000000,25000000,cohort,11800000,2123,506,89,105,1082,341,0,0,0
cold_online_random_h8_s7_state0_mac0,scratch,cold,final,8,7,,0,0,25000000,25000000,25000000,cohort,11900000,1852,506,12,113,936,285,0,0,0
cold_online_random_h8_s7_state0_mac0,scratch,cold,final,8,7,,0,0,25000000,25000000,25000000,cohort,12000000,1687,476,2,56,940,213,0,0,0
cold_online_random_h8_s7_state0_mac0,scratch,cold,final,8,7,,0,0,25000000,25000000,25000000,cohort,12100000,1872,487,9,55,1105,216,0,0,0
cold_online_random_h8_s7_state0_mac0,scratch,cold,final,8,7,,0,0,25000000,25000000,25000000,cohort,12200000,1695,473,0,18,1037,167,0,0,0
cold_online_random_h8_s7_state0_mac0,scratch,cold,final,8,7,,0,0,25000000,25000000,25000000,cohort,12300000,1575,458,1,27,914,175,0,0,0
cold_online_random_h8_s7_state0_mac0,scratch,cold,final,8,7,,0,0,25000000,25000000,25000000,cohort,12400000,1775,475,6,21,1089,184,0,0,0
cold_online_random_h8_s7_state0_mac0,scratch,cold,final,8,7,,0,0,25000000,25000000,25000000,cohort,12500000,1891,467,0,16,1240,168,0,0,0
cold_online_random_h8_s7_state0_mac0,scratch,cold,final,8,7,,0,0,25000000,25000000,25000000,cohort,12600000,1976,474,20,138,1033,311,0,0,0
cold_online_random_h8_s7_state0_mac0,scratch,cold,final,8,7,,0,0,25000000,25000000,25000000,cohort,12700000,1871,481,17,47,1097,229,0,0,0
cold_online_random_h8_s7_state0_mac0,scratch,cold,final,8,7,,0,0,25000000,25000000,25000000,cohort,12800000,1990,472,18,79,1151,270,0,0,0
cold_online_random_h8_s7_state0_mac0,scratch,cold,final,8,7,,0,0,25000000,25000000,25000000,cohort,12900000,1883,469,0,20,1208,186,0,0,0
cold_online_random_h8_s7_state0_mac0,scratch,cold,final,8,7,,0,0,25000000,25000000,25000000,cohort,13000000,1870,473,0,13,1216,168,0,0,0
cold_online_random_h8_s7_state0_mac0,scratch,cold,final,8,7,,0,0,25000000,25000000,25000000,cohort,13100000,1781,474,0,9,1127,171,0,0,0
cold_online_random_h8_s7_state0_mac0,scratch,cold,final,8,7,,0,0,25000000,25000000,25000000,cohort,13200000,1897,463,13,165,932,324,0,0,0
cold_online_random_h8_s7_state0_mac0,scratch,cold,final,8,7,,0,0,25000000,25000000,25000000,cohort,13300000,1803,470,1,7,1160,165,0,0,0
cold_online_random_h8_s7_state0_mac0,scratch,cold,final,8,7,,0,0,25000000,25000000,25000000,cohort,13400000,2261,752,3,153,892,461,0,0,0
cold_online_random_h8_s7_state0_mac0,scratch,cold,final,8,7,,0,0,25000000,25000000,25000000,cohort,13500000,1726,459,0,25,1061,181,0,0,0
cold_online_random_h8_s7_state0_mac0,scratch,cold,final,8,7,,0,0,25000000,25000000,25000000,cohort,13600000,1936,459,0,19,1281,177,0,0,0
cold_online_random_h8_s7_state0_mac0,scratch,cold,final,8,7,,0,0,25000000,25000000,25000000,cohort,13700000,1919,482,0,31,1218,188,0,0,0
cold_online_random_h8_s7_state0_mac0,scratch,cold,final,8,7,,0,0,25000000,25000000,25000000,cohort,13800000,1866,476,0,7,1224,159,0,0,0
cold_online_random_h8_s7_state0_mac0,scratch,cold,final,8,7,,0,0,25000000,25000000,25000000,cohort,13900000,1680,460,0,27,1018,175,0,0,0
cold_online_random_h8_s7_state0_mac0,scratch,cold,final,8,7,,0,0,25000000,25000000,25000000,cohort,14000000,1791,474,0,13,1139,165,0,0,0
cold_online_random_h8_s7_state0_mac0,scratch,cold,final,8,7,,0,0,25000000,25000000,25000000,cohort,14100000,1841,475,0,25,1162,179,0,0,0
cold_online_random_h8_s7_state0_mac0,scratch,cold,final,8,7,,0,0,25000000,25000000,25000000,cohort,14200000,1884,474,0,12,1229,169,0,0,0
cold_online_random_h8_s7_state0_mac0,scratch,cold,final,8,7,,0,0,25000000,25000000,25000000,cohort,14300000,1707,468,0,6,1069,164,0,0,0
cold_online_random_h8_s7_state0_mac0,scratch,cold,final,8,7,,0,0,25000000,25000000,25000000,cohort,14400000,1851,471,0,11,1197,172,0,0,0
cold_online_random_h8_s7_state0_mac0,scratch,cold,final,8,7,,0,0,25000000,25000000,25000000,cohort,14500000,1717,472,0,7,1075,163,0,0,0
cold_online_random_h8_s7_state0_mac0,scratch,cold,final,8,7,,0,0,25000000,25000000,25000000,cohort,14600000,1805,474,0,10,1151,170,0,0,0
cold_online_random_h8_s7_state0_mac0,scratch,cold,final,8,7,,0,0,25000000,25000000,25000000,cohort,14700000,1763,463,0,10,1117,173,0,0,0
cold_online_random_h8_s7_state0_mac0,scratch,cold,final,8,7,,0,0,25000000,25000000,25000000,cohort,14800000,1648,468,0,9,1007,164,0,0,0
cold_online_random_h8_s7_state0_mac0,scratch,cold,final,8,7,,0,0,25000000,25000000,25000000,cohort,14900000,1678,457,0,15,1025,181,0,0,0
cold_online_random_h8_s7_state0_mac0,scratch,cold,final,8,7,,0,0,25000000,25000000,25000000,cohort,15000000,1876,466,0,6,1237,167,0,0,0
cold_online_random_h8_s7_state0_mac0,scratch,cold,final,8,7,,0,0,25000000,25000000,25000000,cohort,15100000,1750,465,0,27,1073,185,0,0,0
cold_online_random_h8_s7_state0_mac0,scratch,cold,final,8,7,,0,0,25000000,25000000,25000000,cohort,15200000,1724,469,0,9,1075,171,0,0,0
cold_online_random_h8_s7_state0_mac0,scratch,cold,final,8,7,,0,0,25000000,25000000,25000000,cohort,15300000,1825,467,0,10,1182,166,0,0,0
cold_online_random_h8_s7_state0_mac0,scratch,cold,final,8,7,,0,0,25000000,25000000,25000000,cohort,15400000,1845,470,0,8,1197,170,0,0,0
cold_online_random_h8_s7_state0_mac0,scratch,cold,final,8,7,,0,0,25000000,25000000,25000000,cohort,15500000,1784,465,0,5,1147,167,0,0,0
cold_online_random_h8_s7_state0_mac0,scratch,cold,final,8,7,,0,0,25000000,25000000,25000000,cohort,15600000,1733,459,0,13,1088,173,0,0,0
cold_online_random_h8_s7_state0_mac0,scratch,cold,final,8,7,,0,0,25000000,25000000,25000000,cohort,15700000,1774,463,0,8,1133,170,0,0,0
cold_online_random_h8_s7_state0_mac0,scratch,cold,final,8,7,,0,0,25000000,25000000,25000000,cohort,15800000,1815,457,0,18,1164,176,0,0,0
cold_online_random_h8_s7_state0_mac0,scratch,cold,final,8,7,,0,0,25000000,25000000,25000000,cohort,15900000,1814,462,0,14,1164,174,0,0,0
cold_online_random_h8_s7_state0_mac0,scratch,cold,final,8,7,,0,0,25000000,25000000,25000000,cohort,16000000,1711,460,0,10,1066,175,0,0,0
cold_online_random_h8_s7_state0_mac0,scratch,cold,final,8,7,,0,0,25000000,25000000,25000000,cohort,16100000,1662,461,0,9,1017,175,0,0,0
cold_online_random_h8_s7_state0_mac0,scratch,cold,final,8,7,,0,0,25000000,25000000,25000000,cohort,16200000,1703,462,0,19,1046,176,0,0,0
cold_online_random_h8_s7_state0_mac0,scratch,cold,final,8,7,,0,0,25000000,25000000,25000000,cohort,16300000,1758,463,0,4,1121,170,0,0,0
cold_online_random_h8_s7_state0_mac0,scratch,cold,final,8,7,,0,0,25000000,25000000,25000000,cohort,16400000,1663,457,0,10,1022,174,0,0,0
cold_online_random_h8_s7_state0_mac0,scratch,cold,final,8,7,,0,0,25000000,25000000,25000000,cohort,16500000,1797,458,1,12,1143,183,0,0,0
cold_online_random_h8_s7_state0_mac0,scratch,cold,final,8,7,,0,0,25000000,25000000,25000000,cohort,16600000,1674,461,0,12,1029,172,0,0,0
cold_online_random_h8_s7_state0_mac0,scratch,cold,final,8,7,,0,0,25000000,25000000,25000000,cohort,16700000,1779,460,0,8,1135,176,0,0,0
cold_online_random_h8_s7_state0_mac0,scratch,cold,final,8,7,,0,0,25000000,25000000,25000000,cohort,16800000,1734,455,0,9,1094,176,0,0,0
cold_online_random_h8_s7_state0_mac0,scratch,cold,final,8,7,,0,0,25000000,25000000,25000000,cohort,16900000,1786,460,0,17,1133,176,0,0,0
cold_online_random_h8_s7_state0_mac0,scratch,cold,final,8,7,,0,0,25000000,25000000,25000000,cohort,17000000,1736,459,0,7,1099,171,0,0,0
cold_online_random_h8_s7_state0_mac0,scratch,cold,final,8,7,,0,0,25000000,25000000,25000000,cohort,17100000,1760,467,0,14,1102,177,0,0,0
cold_online_random_h8_s7_state0_mac0,scratch,cold,final,8,7,,0,0,25000000,25000000,25000000,cohort,17200000,1741,462,1,9,1097,172,0,0,0
cold_online_random_h8_s7_state0_mac0,scratch,cold,final,8,7,,0,0,25000000,25000000,25000000,cohort,17300000,1784,456,0,6,1146,176,0,0,0
cold_online_random_h8_s7_state0_mac0,scratch,cold,final,8,7,,0,0,25000000,25000000,25000000,cohort,17400000,1753,468,0,14,1095,176,0,0,0
cold_online_random_h8_s7_state0_mac0,scratch,cold,final,8,7,,0,0,25000000,25000000,25000000,cohort,17500000,1752,462,0,7,1113,170,0,0,0
cold_online_random_h8_s7_state0_mac0,scratch,cold,final,8,7,,0,0,25000000,25000000,25000000,cohort,17600000,1766,457,0,10,1124,175,0,0,0
cold_online_random_h8_s7_state0_mac0,scratch,cold,final,8,7,,0,0,25000000,25000000,25000000,cohort,17700000,1665,459,0,14,1017,175,0,0,0
cold_online_random_h8_s7_state0_mac0,scratch,cold,final,8,7,,0,0,25000000,25000000,25000000,cohort,17800000,1770,465,0,8,1129,168,0,0,0
cold_online_random_h8_s7_state0_mac0,scratch,cold,final,8,7,,0,0,25000000,25000000,25000000,cohort,17900000,1699,457,0,7,1056,179,0,0,0
cold_online_random_h8_s7_state0_mac0,scratch,cold,final,8,7,,0,0,25000000,25000000,25000000,cohort,18000000,1768,467,0,4,1125,172,0,0,0
cold_online_random_h8_s7_state0_mac0,scratch,cold,final,8,7,,0,0,25000000,25000000,25000000,cohort,18100000,1747,461,0,7,1105,174,0,0,0
cold_online_random_h8_s7_state0_mac0,scratch,cold,final,8,7,,0,0,25000000,25000000,25000000,cohort,18200000,1724,458,0,7,1091,168,0,0,0
cold_online_random_h8_s7_state0_mac0,scratch,cold,final,8,7,,0,0,25000000,25000000,25000000,cohort,18300000,1663,458,0,13,1018,174,0,0,0
cold_online_random_h8_s7_state0_mac0,scratch,cold,final,8,7,,0,0,25000000,25000000,25000000,cohort,18400000,1483,465,0,6,844,168,0,0,0
cold_online_random_h8_s7_state0_mac0,scratch,cold,final,8,7,,0,0,25000000,25000000,25000000,cohort,18500000,1740,468,0,11,1091,170,0,0,0
cold_online_random_h8_s7_state0_mac0,scratch,cold,final,8,7,,0,0,25000000,25000000,25000000,cohort,18600000,1686,464,0,16,1026,180,0,0,0
cold_online_random_h8_s7_state0_mac0,scratch,cold,final,8,7,,0,0,25000000,25000000,25000000,cohort,18700000,1609,457,0,4,976,172,0,0,0
cold_online_random_h8_s7_state0_mac0,scratch,cold,final,8,7,,0,0,25000000,25000000,25000000,cohort,18800000,1708,455,0,9,1072,172,0,0,0
cold_online_random_h8_s7_state0_mac0,scratch,cold,final,8,7,,0,0,25000000,25000000,25000000,cohort,18900000,1734,469,0,4,1094,167,0,0,0
cold_online_random_h8_s7_state0_mac0,scratch,cold,final,8,7,,0,0,25000000,25000000,25000000,cohort,19000000,1717,469,0,10,1071,167,0,0,0
cold_online_random_h8_s7_state0_mac0,scratch,cold,final,8,7,,0,0,25000000,25000000,25000000,cohort,19100000,1690,463,0,10,1044,173,0,0,0
cold_online_random_h8_s7_state0_mac0,scratch,cold,final,8,7,,0,0,25000000,25000000,25000000,cohort,19200000,1680,450,0,4,1050,176,0,0,0
cold_online_random_h8_s7_state0_mac0,scratch,cold,final,8,7,,0,0,25000000,25000000,25000000,cohort,19300000,1613,459,0,7,973,174,0,0,0
cold_online_random_h8_s7_state0_mac0,scratch,cold,final,8,7,,0,0,25000000,25000000,25000000,cohort,19400000,1723,464,0,7,1086,166,0,0,0
cold_online_random_h8_s7_state0_mac0,scratch,cold,final,8,7,,0,0,25000000,25000000,25000000,cohort,19500000,1597,456,0,15,944,182,0,0,0
cold_online_random_h8_s7_state0_mac0,scratch,cold,final,8,7,,0,0,25000000,25000000,25000000,cohort,19600000,1683,444,0,9,1046,184,0,0,0
cold_online_random_h8_s7_state0_mac0,scratch,cold,final,8,7,,0,0,25000000,25000000,25000000,cohort,19700000,1636,462,0,18,981,174,0,1,1
cold_online_random_h8_s7_state0_mac0,scratch,cold,final,8,7,,0,0,25000000,25000000,25000000,cohort,19800000,1661,463,0,9,1016,173,0,0,0
cold_online_random_h8_s7_state0_mac0,scratch,cold,final,8,7,,0,0,25000000,25000000,25000000,cohort,19900000,1699,447,0,7,1066,179,0,0,0
cold_online_random_h8_s7_state0_mac0,scratch,cold,final,8,7,,0,0,25000000,25000000,25000000,cohort,20000000,1688,465,0,8,1043,172,0,0,0
cold_online_random_h8_s7_state0_mac0,scratch,cold,final,8,7,,0,0,25000000,25000000,25000000,cohort,20100000,1598,457,0,7,963,171,0,0,0
cold_online_random_h8_s7_state0_mac0,scratch,cold,final,8,7,,0,0,25000000,25000000,25000000,cohort,20200000,1731,461,0,7,1089,174,0,0,0
cold_online_random_h8_s7_state0_mac0,scratch,cold,final,8,7,,0,0,25000000,25000000,25000000,cohort,20300000,1679,468,0,7,1038,166,0,0,0
cold_online_random_h8_s7_state0_mac0,scratch,cold,final,8,7,,0,0,25000000,25000000,25000000,cohort,20400000,1714,461,0,10,1068,175,0,0,0
cold_online_random_h8_s7_state0_mac0,scratch,cold,final,8,7,,0,0,25000000,25000000,25000000,cohort,20500000,1687,462,0,6,1047,172,0,0,0
cold_online_random_h8_s7_state0_mac0,scratch,cold,final,8,7,,0,0,25000000,25000000,25000000,cohort,20600000,1726,461,0,6,1092,167,0,0,0
cold_online_random_h8_s7_state0_mac0,scratch,cold,final,8,7,,0,0,25000000,25000000,25000000,cohort,20700000,1637,448,0,12,995,182,0,0,0
cold_online_random_h8_s7_state0_mac0,scratch,cold,final,8,7,,0,0,25000000,25000000,25000000,cohort,20800000,1707,461,0,8,1065,173,0,0,0
cold_online_random_h8_s7_state0_mac0,scratch,cold,final,8,7,,0,0,25000000,25000000,25000000,cohort,20900000,1647,460,1,5,1009,172,0,0,0
cold_online_random_h8_s7_state0_mac0,scratch,cold,final,8,7,,0,0,25000000,25000000,25000000,cohort,21000000,1682,460,0,11,1039,172,0,0,0
cold_online_random_h8_s7_state0_mac0,scratch,cold,final,8,7,,0,0,25000000,25000000,25000000,cohort,21100000,1692,459,0,10,1051,172,0,0,0
cold_online_random_h8_s7_state0_mac0,scratch,cold,final,8,7,,0,0,25000000,25000000,25000000,cohort,21200000,1707,464,0,4,1069,170,0,0,0
cold_online_random_h8_s7_state0_mac0,scratch,cold,final,8,7,,0,0,25000000,25000000,25000000,cohort,21300000,1660,466,0,10,1015,169,0,0,0
cold_online_random_h8_s7_state0_mac0,scratch,cold,final,8,7,,0,0,25000000,25000000,25000000,cohort,21400000,1657,467,0,18,1001,171,0,0,0
cold_online_random_h8_s7_state0_mac0,scratch,cold,final,8,7,,0,0,25000000,25000000,25000000,cohort,21500000,1674,471,0,3,1036,164,0,0,0
cold_online_random_h8_s7_state0_mac0,scratch,cold,final,8,7,,0,0,25000000,25000000,25000000,cohort,21600000,1703,471,0,12,1054,166,0,0,0
cold_online_random_h8_s7_state0_mac0,scratch,cold,final,8,7,,0,0,25000000,25000000,25000000,cohort,21700000,1513,456,0,6,874,177,0,0,0
cold_online_random_h8_s7_state0_mac0,scratch,cold,final,8,7,,0,0,25000000,25000000,25000000,cohort,21800000,1676,462,1,10,1030,173,0,0,0
cold_online_random_h8_s7_state0_mac0,scratch,cold,final,8,7,,0,0,25000000,25000000,25000000,cohort,21900000,1729,463,0,5,1091,170,0,0,0
cold_online_random_h8_s7_state0_mac0,scratch,cold,final,8,7,,0,0,25000000,25000000,25000000,cohort,22000000,1544,457,0,10,903,174,0,0,0
cold_online_random_h8_s7_state0_mac0,scratch,cold,final,8,7,,0,0,25000000,25000000,25000000,cohort,22100000,1674,459,0,9,1034,172,0,0,0
cold_online_random_h8_s7_state0_mac0,scratch,cold,final,8,7,,0,0,25000000,25000000,25000000,cohort,22200000,1697,462,0,7,1058,170,0,0,0
cold_online_random_h8_s7_state0_mac0,scratch,cold,final,8,7,,0,0,25000000,25000000,25000000,cohort,22300000,1637,462,1,14,986,174,0,0,0
cold_online_random_h8_s7_state0_mac0,scratch,cold,final,8,7,,0,0,25000000,25000000,25000000,cohort,22400000,1686,464,0,6,1047,169,0,0,0
cold_online_random_h8_s7_state0_mac0,scratch,cold,final,8,7,,0,0,25000000,25000000,25000000,cohort,22500000,1581,463,0,17,927,174,0,0,0
cold_online_random_h8_s7_state0_mac0,scratch,cold,final,8,7,,0,0,25000000,25000000,25000000,cohort,22600000,1655,461,0,9,1009,176,0,0,0
cold_online_random_h8_s7_state0_mac0,scratch,cold,final,8,7,,0,0,25000000,25000000,25000000,cohort,22700000,1622,460,0,8,982,172,0,0,0
cold_online_random_h8_s7_state0_mac0,scratch,cold,final,8,7,,0,0,25000000,25000000,25000000,cohort,22800000,1569,456,0,15,925,173,0,0,0
cold_online_random_h8_s7_state0_mac0,scratch,cold,final,8,7,,0,0,25000000,25000000,25000000,cohort,22900000,1557,462,0,5,920,170,0,0,0
cold_online_random_h8_s7_state0_mac0,scratch,cold,final,8,7,,0,0,25000000,25000000,25000000,cohort,23000000,1681,454,0,14,1032,181,0,0,0
cold_online_random_h8_s7_state0_mac0,scratch,cold,final,8,7,,0,0,25000000,25000000,25000000,cohort,23100000,1545,465,0,11,893,176,0,0,0
cold_online_random_h8_s7_state0_mac0,scratch,cold,final,8,7,,0,0,25000000,25000000,25000000,cohort,23200000,1566,458,0,15,919,174,0,0,0
cold_online_random_h8_s7_state0_mac0,scratch,cold,final,8,7,,0,0,25000000,25000000,25000000,cohort,23300000,1600,453,0,11,957,178,0,1,1
cold_online_random_h8_s7_state0_mac0,scratch,cold,final,8,7,,0,0,25000000,25000000,25000000,cohort,23400000,1610,462,1,2,974,170,0,1,1
cold_online_random_h8_s7_state0_mac0,scratch,cold,final,8,7,,0,0,25000000,25000000,25000000,cohort,23500000,1583,460,0,20,927,176,0,0,0
cold_online_random_h8_s7_state0_mac0,scratch,cold,final,8,7,,0,0,25000000,25000000,25000000,cohort,23600000,1534,455,0,5,904,170,0,0,0
cold_online_random_h8_s7_state0_mac0,scratch,cold,final,8,7,,0,0,25000000,25000000,25000000,cohort,23700000,1644,463,0,4,1003,173,0,1,1
cold_online_random_h8_s7_state0_mac0,scratch,cold,final,8,7,,0,0,25000000,25000000,25000000,cohort,23800000,1500,431,0,2,906,161,0,0,0
cold_online_random_h8_s7_state0_mac0,scratch,cold,final,8,7,,0,0,25000000,25000000,25000000,cohort,23900000,1521,373,0,14,976,158,0,0,0
cold_online_random_h8_s7_state0_mac0,scratch,cold,final,8,7,,0,0,25000000,25000000,25000000,cohort,24000000,1543,414,0,10,959,160,0,0,0
cold_online_random_h8_s7_state0_mac0,scratch,cold,final,8,7,,0,0,25000000,25000000,25000000,cohort,24100000,1376,396,0,8,811,160,0,1,1
cold_online_random_h8_s7_state0_mac0,scratch,cold,final,8,7,,0,0,25000000,25000000,25000000,cohort,24200000,1481,445,0,10,857,167,0,2,2
cold_online_random_h8_s7_state0_mac0,scratch,cold,final,8,7,,0,0,25000000,25000000,25000000,cohort,24300000,1457,421,0,4,870,162,0,0,0
cold_online_random_h8_s7_state0_mac0,scratch,cold,final,8,7,,0,0,25000000,25000000,25000000,cohort,24400000,1345,378,0,9,796,162,0,0,0
cold_online_random_h8_s7_state0_mac0,scratch,cold,final,8,7,,0,0,25000000,25000000,25000000,cohort,24500000,1416,411,1,3,827,168,0,6,6
cold_online_random_h8_s7_state0_mac0,scratch,cold,final,8,7,,0,0,25000000,25000000,25000000,cohort,24600000,1545,460,0,3,907,171,0,4,4
cold_online_random_h8_s7_state0_mac0,scratch,cold,final,8,7,,0,0,25000000,25000000,25000000,cohort,24700000,1554,461,0,0,923,166,0,4,4
cold_online_random_h8_s7_state0_mac0,scratch,cold,final,8,7,,0,0,25000000,25000000,25000000,cohort,24800000,1428,457,0,0,791,173,0,7,7
cold_online_random_h8_s7_state0_mac0,scratch,cold,final,8,7,,0,0,25000000,25000000,25000000,cohort,24900000,1553,466,0,0,905,169,0,13,13
cold_online_random_h8_s7_state64_mac0,scratch,cold,final,8,7,,64,0,25000000,25000000,25000000,cohort,0,1659,0,0,0,257,1402,0,0,0
cold_online_random_h8_s7_state64_mac0,scratch,cold,final,8,7,,64,0,25000000,25000000,25000000,cohort,100000,2644,505,5,11,1831,292,0,0,0
cold_online_random_h8_s7_state64_mac0,scratch,cold,final,8,7,,64,0,25000000,25000000,25000000,cohort,200000,1914,483,0,16,1251,164,0,0,0
cold_online_random_h8_s7_state64_mac0,scratch,cold,final,8,7,,64,0,25000000,25000000,25000000,cohort,300000,1926,474,0,3,1289,160,0,0,0
cold_online_random_h8_s7_state64_mac0,scratch,cold,final,8,7,,64,0,25000000,25000000,25000000,cohort,400000,1910,473,0,1,1278,158,0,0,0
cold_online_random_h8_s7_state64_mac0,scratch,cold,final,8,7,,64,0,25000000,25000000,25000000,cohort,500000,1930,473,0,3,1293,161,0,0,0
cold_online_random_h8_s7_state64_mac0,scratch,cold,final,8,7,,64,0,25000000,25000000,25000000,cohort,600000,1930,471,0,6,1293,160,0,0,0
cold_online_random_h8_s7_state64_mac0,scratch,cold,final,8,7,,64,0,25000000,25000000,25000000,cohort,700000,1926,469,0,7,1288,162,0,0,0
cold_online_random_h8_s7_state64_mac0,scratch,cold,final,8,7,,64,0,25000000,25000000,25000000,cohort,800000,1622,474,0,10,979,159,0,0,0
cold_online_random_h8_s7_state64_mac0,scratch,cold,final,8,7,,64,0,25000000,25000000,25000000,cohort,900000,1816,471,0,1,1182,162,0,0,0
cold_online_random_h8_s7_state64_mac0,scratch,cold,final,8,7,,64,0,25000000,25000000,25000000,cohort,1000000,1820,475,0,3,1182,160,0,0,0
cold_online_random_h8_s7_state64_mac0,scratch,cold,final,8,7,,64,0,25000000,25000000,25000000,cohort,1100000,1918,473,0,4,1281,160,0,0,0
cold_online_random_h8_s7_state64_mac0,scratch,cold,final,8,7,,64,0,25000000,25000000,25000000,cohort,1200000,1856,468,0,10,1213,165,0,0,0
cold_online_random_h8_s7_state64_mac0,scratch,cold,final,8,7,,64,0,25000000,25000000,25000000,cohort,1300000,1936,471,0,9,1294,162,0,0,0
cold_online_random_h8_s7_state64_mac0,scratch,cold,final,8,7,,64,0,25000000,25000000,25000000,cohort,1400000,1582,473,0,7,938,164,0,0,0
cold_online_random_h8_s7_state64_mac0,scratch,cold,final,8,7,,64,0,25000000,25000000,25000000,cohort,1500000,1930,477,0,3,1290,160,0,0,0
cold_online_random_h8_s7_state64_mac0,scratch,cold,final,8,7,,64,0,25000000,25000000,25000000,cohort,1600000,1904,471,0,26,1219,188,0,0,0
cold_online_random_h8_s7_state64_mac0,scratch,cold,final,8,7,,64,0,25000000,25000000,25000000,cohort,1700000,1950,475,1,8,1288,178,0,0,0
cold_online_random_h8_s7_state64_mac0,scratch,cold,final,8,7,,64,0,25000000,25000000,25000000,cohort,1800000,1942,473,0,6,1301,162,0,0,0
cold_online_random_h8_s7_state64_mac0,scratch,cold,final,8,7,,64,0,25000000,25000000,25000000,cohort,1900000,1948,470,0,12,1296,170,0,0,0
cold_online_random_h8_s7_state64_mac0,scratch,cold,final,8,7,,64,0,25000000,25000000,25000000,cohort,2000000,1926,477,0,7,1283,159,0,0,0
cold_online_random_h8_s7_state64_mac0,scratch,cold,final,8,7,,64,0,25000000,25000000,25000000,cohort,2100000,1904,473,0,12,1251,168,0,0,0
cold_online_random_h8_s7_state64_mac0,scratch,cold,final,8,7,,64,0,25000000,25000000,25000000,cohort,2200000,1948,474,0,7,1305,162,0,0,0
cold_online_random_h8_s7_state64_mac0,scratch,cold,final,8,7,,64,0,25000000,25000000,25000000,cohort,2300000,1768,472,0,9,1121,166,0,0,0
cold_online_random_h8_s7_state64_mac0,scratch,cold,final,8,7,,64,0,25000000,25000000,25000000,cohort,2400000,1938,463,0,17,1289,169,0,0,0
cold_online_random_h8_s7_state64_mac0,scratch,cold,final,8,7,,64,0,25000000,25000000,25000000,cohort,2500000,1356,470,0,19,695,172,0,0,0
cold_online_random_h8_s7_state64_mac0,scratch,cold,final,8,7,,64,0,25000000,25000000,25000000,cohort,2600000,1356,472,0,22,689,173,0,0,0
cold_online_random_h8_s7_state64_mac0,scratch,cold,final,8,7,,64,0,25000000,25000000,25000000,cohort,2700000,1788,479,0,7,1136,166,0,0,0
cold_online_random_h8_s7_state64_mac0,scratch,cold,final,8,7,,64,0,25000000,25000000,25000000,cohort,2800000,1930,472,0,7,1290,161,0,0,0
cold_online_random_h8_s7_state64_mac0,scratch,cold,final,8,7,,64,0,25000000,25000000,25000000,cohort,2900000,1950,475,0,11,1293,171,0,0,0
cold_online_random_h8_s7_state64_mac0,scratch,cold,final,8,7,,64,0,25000000,25000000,25000000,cohort,3000000,1686,474,0,8,1042,162,0,0,0
cold_online_random_h8_s7_state64_mac0,scratch,cold,final,8,7,,64,0,25000000,25000000,25000000,cohort,3100000,1764,470,0,4,1127,163,0,0,0
cold_online_random_h8_s7_state64_mac0,scratch,cold,final,8,7,,64,0,25000000,25000000,25000000,cohort,3200000,1960,476,0,10,1308,166,0,0,0
cold_online_random_h8_s7_state64_mac0,scratch,cold,final,8,7,,64,0,25000000,25000000,25000000,cohort,3300000,1608,477,0,11,954,166,0,0,0
cold_online_random_h8_s7_state64_mac0,scratch,cold,final,8,7,,64,0,25000000,25000000,25000000,cohort,3400000,1890,472,0,8,1248,162,0,0,0
cold_online_random_h8_s7_state64_mac0,scratch,cold,final,8,7,,64,0,25000000,25000000,25000000,cohort,3500000,1966,470,0,20,1303,173,0,0,0
cold_online_random_h8_s7_state64_mac0,scratch,cold,final,8,7,,64,0,25000000,25000000,25000000,cohort,3600000,1610,466,0,29,938,177,0,0,0
cold_online_random_h8_s7_state64_mac0,scratch,cold,final,8,7,,64,0,25000000,25000000,25000000,cohort,3700000,1890,473,0,10,1240,167,0,0,0
cold_online_random_h8_s7_state64_mac0,scratch,cold,final,8,7,,64,0,25000000,25000000,25000000,cohort,3800000,1632,473,0,12,984,163,0,0,0
cold_online_random_h8_s7_state64_mac0,scratch,cold,final,8,7,,64,0,25000000,25000000,25000000,cohort,3900000,1748,471,0,13,1099,165,0,0,0
cold_online_random_h8_s7_state64_mac0,scratch,cold,final,8,7,,64,0,25000000,25000000,25000000,cohort,4000000,1620,470,0,22,958,170,0,0,0
cold_online_random_h8_s7_state64_mac0,scratch,cold,final,8,7,,64,0,25000000,25000000,25000000,cohort,4100000,1826,474,0,7,1181,164,0,0,0
cold_online_random_h8_s7_state64_mac0,scratch,cold,final,8,7,,64,0,25000000,25000000,25000000,cohort,4200000,1534,468,0,15,883,168,0,0,0
cold_online_random_h8_s7_state64_mac0,scratch,cold,final,8,7,,64,0,25000000,25000000,25000000,cohort,4300000,1922,476,0,9,1274,163,0,0,0
cold_online_random_h8_s7_state64_mac0,scratch,cold,final,8,7,,64,0,25000000,25000000,25000000,cohort,4400000,1894,472,0,11,1247,164,0,0,0
cold_online_random_h8_s7_state64_mac0,scratch,cold,final,8,7,,64,0,25000000,25000000,25000000,cohort,4500000,1806,472,0,13,1155,166,0,0,0
cold_online_random_h8_s7_state64_mac0,scratch,cold,final,8,7,,64,0,25000000,25000000,25000000,cohort,4600000,1662,475,0,7,1015,165,0,0,0
cold_online_random_h8_s7_state64_mac0,scratch,cold,final,8,7,,64,0,25000000,25000000,25000000,cohort,4700000,1934,472,0,12,1280,170,0,0,0
cold_online_random_h8_s7_state64_mac0,scratch,cold,final,8,7,,64,0,25000000,25000000,25000000,cohort,4800000,1902,476,0,6,1260,160,0,0,0
cold_online_random_h8_s7_state64_mac0,scratch,cold,final,8,7,,64,0,25000000,25000000,25000000,cohort,4900000,1914,471,0,23,1246,174,0,0,0
cold_online_random_h8_s7_state64_mac0,scratch,cold,final,8,7,,64,0,25000000,25000000,25000000,cohort,5000000,1898,466,0,20,1243,169,0,0,0
cold_online_random_h8_s7_state64_mac0,scratch,cold,final,8,7,,64,0,25000000,25000000,25000000,cohort,5100000,1804,471,0,17,1146,170,0,0,0
cold_online_random_h8_s7_state64_mac0,scratch,cold,final,8,7,,64,0,25000000,25000000,25000000,cohort,5200000,1924,470,0,27,1251,176,0,0,0
cold_online_random_h8_s7_state64_mac0,scratch,cold,final,8,7,,64,0,25000000,25000000,25000000,cohort,5300000,1650,471,0,19,991,169,0,0,0
cold_online_random_h8_s7_state64_mac0,scratch,cold,final,8,7,,64,0,25000000,25000000,25000000,cohort,5400000,1636,467,0,23,973,173,0,0,0
cold_online_random_h8_s7_state64_mac0,scratch,cold,final,8,7,,64,0,25000000,25000000,25000000,cohort,5500000,1900,471,0,15,1246,168,0,0,0
cold_online_random_h8_s7_state64_mac0,scratch,cold,final,8,7,,64,0,25000000,25000000,25000000,cohort,5600000,1834,471,0,21,1173,169,0,0,0
cold_online_random_h8_s7_state64_mac0,scratch,cold,final,8,7,,64,0,25000000,25000000,25000000,cohort,5700000,1912,467,0,26,1244,175,0,0,0
cold_online_random_h8_s7_state64_mac0,scratch,cold,final,8,7,,64,0,25000000,25000000,25000000,cohort,5800000,1904,471,0,23,1236,174,0,0,0
cold_online_random_h8_s7_state64_mac0,scratch,cold,final,8,7,,64,0,25000000,25000000,25000000,cohort,5900000,1926,467,0,27,1256,176,0,0,0
cold_online_random_h8_s7_state64_mac0,scratch,cold,final,8,7,,64,0,25000000,25000000,25000000,cohort,6000000,1612,473,0,7,972,160,0,0,0
cold_online_random_h8_s7_state64_mac0,scratch,cold,final,8,7,,64,0,25000000,25000000,25000000,cohort,6100000,1944,468,0,19,1282,175,0,0,0
cold_online_random_h8_s7_state64_mac0,scratch,cold,final,8,7,,64,0,25000000,25000000,25000000,cohort,6200000,1814,474,0,8,1170,162,0,0,0
cold_online_random_h8_s7_state64_mac0,scratch,cold,final,8,7,,64,0,25000000,25000000,25000000,cohort,6300000,1880,469,0,23,1215,173,0,0,0
cold_online_random_h8_s7_state64_mac0,scratch,cold,final,8,7,,64,0,25000000,25000000,25000000,cohort,6400000,1870,481,0,16,1204,169,0,0,0
cold_online_random_h8_s7_state64_mac0,scratch,cold,final,8,7,,64,0,25000000,25000000,25000000,cohort,6500000,1812,474,0,12,1157,169,0,0,0
cold_online_random_h8_s7_state64_mac0,scratch,cold,final,8,7,,64,0,25000000,25000000,25000000,cohort,6600000,1810,478,0,17,1139,176,0,0,0
cold_online_random_h8_s7_state64_mac0,scratch,cold,final,8,7,,64,0,25000000,25000000,25000000,cohort,6700000,1908,476,0,12,1256,164,0,0,0
cold_online_random_h8_s7_state64_mac0,scratch,cold,final,8,7,,64,0,25000000,25000000,25000000,cohort,6800000,1904,472,0,16,1247,169,0,0,0
cold_online_random_h8_s7_state64_mac0,scratch,cold,final,8,7,,64,0,25000000,25000000,25000000,cohort,6900000,1462,466,0,13,813,170,0,0,0
cold_online_random_h8_s7_state64_mac0,scratch,cold,final,8,7,,64,0,25000000,25000000,25000000,cohort,7000000,1532,477,0,7,888,160,0,0,0
cold_online_random_h8_s7_state64_mac0,scratch,cold,final,8,7,,64,0,25000000,25000000,25000000,cohort,7100000,1777,471,1,20,1112,173,0,0,0
cold_online_random_h8_s7_state64_mac0,scratch,cold,final,8,7,,64,0,25000000,25000000,25000000,cohort,7200000,1732,473,0,20,1072,167,0,0,0
cold_online_random_h8_s7_state64_mac0,scratch,cold,final,8,7,,64,0,25000000,25000000,25000000,cohort,7300000,1904,473,1,16,1246,168,0,0,0
cold_online_random_h8_s7_state64_mac0,scratch,cold,final,8,7,,64,0,25000000,25000000,25000000,cohort,7400000,1832,472,0,10,1186,164,0,0,0
cold_online_random_h8_s7_state64_mac0,scratch,cold,final,8,7,,64,0,25000000,25000000,25000000,cohort,7500000,1796,469,0,12,1146,169,0,0,0
cold_online_random_h8_s7_state64_mac0,scratch,cold,final,8,7,,64,0,25000000,25000000,25000000,cohort,7600000,1788,477,0,3,1149,159,0,0,0
cold_online_random_h8_s7_state64_mac0,scratch,cold,final,8,7,,64,0,25000000,25000000,25000000,cohort,7700000,1906,469,0,11,1263,163,0,0,0
cold_online_random_h8_s7_state64_mac0,scratch,cold,final,8,7,,64,0,25000000,25000000,25000000,cohort,7800000,1894,470,0,17,1237,170,0,0,0
cold_online_random_h8_s7_state64_mac0,scratch,cold,final,8,7,,64,0,25000000,25000000,25000000,cohort,7900000,1646,476,0,6,1005,159,0,0,0
cold_online_random_h8_s7_state64_mac0,scratch,cold,final,8,7,,64,0,25000000,25000000,25000000,cohort,8000000,1652,468,0,22,992,170,0,0,0
cold_online_random_h8_s7_state64_mac0,scratch,cold,final,8,7,,64,0,25000000,25000000,25000000,cohort,8100000,1766,464,0,20,1107,175,0,0,0
cold_online_random_h8_s7_state64_mac0,scratch,cold,final,8,7,,64,0,25000000,25000000,25000000,cohort,8200000,1945,471,0,16,1287,171,0,0,0
cold_online_random_h8_s7_state64_mac0,scratch,cold,final,8,7,,64,0,25000000,25000000,25000000,cohort,8300000,1927,474,0,6,1287,160,0,0,0
cold_online_random_h8_s7_state64_mac0,scratch,cold,final,8,7,,64,0,25000000,25000000,25000000,cohort,8400000,1915,472,0,9,1272,162,0,0,0
cold_online_random_h8_s7_state64_mac0,scratch,cold,final,8,7,,64,0,25000000,25000000,25000000,cohort,8500000,1948,478,0,25,1266,179,0,0,0
cold_online_random_h8_s7_state64_mac0,scratch,cold,final,8,7,,64,0,25000000,25000000,25000000,cohort,8600000,1930,476,0,10,1278,166,0,0,0
cold_online_random_h8_s7_state64_mac0,scratch,cold,final,8,7,,64,0,25000000,25000000,25000000,cohort,8700000,1935,476,2,23,1264,170,0,0,0
cold_online_random_h8_s7_state64_mac0,scratch,cold,final,8,7,,64,0,25000000,25000000,25000000,cohort,8800000,1932,481,0,18,1266,167,0,0,0
cold_online_random_h8_s7_state64_mac0,scratch,cold,final,8,7,,64,0,25000000,25000000,25000000,cohort,8900000,1866,472,0,14,1215,165,0,0,0
cold_online_random_h8_s7_state64_mac0,scratch,cold,final,8,7,,64,0,25000000,25000000,25000000,cohort,9000000,1884,472,0,10,1238,164,0,0,0
cold_online_random_h8_s7_state64_mac0,scratch,cold,final,8,7,,64,0,25000000,25000000,25000000,cohort,9100000,1862,473,0,10,1215,164,0,0,0
cold_online_random_h8_s7_state64_mac0,scratch,cold,final,8,7,,64,0,25000000,25000000,25000000,cohort,9200000,1886,472,0,14,1233,167,0,0,0
cold_online_random_h8_s7_state64_mac0,scratch,cold,final,8,7,,64,0,25000000,25000000,25000000,cohort,9300000,1768,473,0,5,1128,162,0,0,0
cold_online_random_h8_s7_state64_mac0,scratch,cold,final,8,7,,64,0,25000000,25000000,25000000,cohort,9400000,1769,471,0,12,1121,165,0,0,0
cold_online_random_h8_s7_state64_mac0,scratch,cold,final,8,7,,64,0,25000000,25000000,25000000,cohort,9500000,1658,476,0,9,1010,163,0,0,0
cold_online_random_h8_s7_state64_mac0,scratch,cold,final,8,7,,64,0,25000000,25000000,25000000,cohort,9600000,1522,471,1,15,866,169,0,0,0
cold_online_random_h8_s7_state64_mac0,scratch,cold,final,8,7,,64,0,25000000,25000000,25000000,cohort,9700000,1766,470,0,13,1116,167,0,0,0
cold_online_random_h8_s7_state64_mac0,scratch,cold,final,8,7,,64,0,25000000,25000000,25000000,cohort,9800000,1806,473,0,16,1152,165,0,0,0
cold_online_random_h8_s7_state64_mac0,scratch,cold,final,8,7,,64,0,25000000,25000000,25000000,cohort,9900000,1848,470,0,19,1189,170,0,0,0
cold_online_random_h8_s7_state64_mac0,scratch,cold,final,8,7,,64,0,25000000,25000000,25000000,cohort,10000000,1599,474,0,11,951,163,0,0,0
cold_online_random_h8_s7_state64_mac0,scratch,cold,final,8,7,,64,0,25000000,25000000,25000000,cohort,10100000,1894,474,0,9,1248,163,0,0,0
cold_online_random_h8_s7_state64_mac0,scratch,cold,final,8,7,,64,0,25000000,25000000,25000000,cohort,10200000,1852,473,0,5,1213,161,0,0,0
cold_online_random_h8_s7_state64_mac0,scratch,cold,final,8,7,,64,0,25000000,25000000,25000000,cohort,10300000,1812,475,0,11,1161,165,0,0,0
cold_online_random_h8_s7_state64_mac0,scratch,cold,final,8,7,,64,0,25000000,25000000,25000000,cohort,10400000,1750,474,1,8,1106,161,0,0,0
cold_online_random_h8_s7_state64_mac0,scratch,cold,final,8,7,,64,0,25000000,25000000,25000000,cohort,10500000,1666,475,0,6,1024,161,0,0,0
cold_online_random_h8_s7_state64_mac0,scratch,cold,final,8,7,,64,0,25000000,25000000,25000000,cohort,10600000,1862,469,0,17,1208,168,0,0,0
cold_online_random_h8_s7_state64_mac0,scratch,cold,final,8,7,,64,0,25000000,25000000,25000000,cohort,10700000,1800,475,0,6,1158,161,0,0,0
cold_online_random_h8_s7_state64_mac0,scratch,cold,final,8,7,,64,0,25000000,25000000,25000000,cohort,10800000,1762,467,0,16,1107,172,0,0,0
cold_online_random_h8_s7_state64_mac0,scratch,cold,final,8,7,,64,0,25000000,25000000,25000000,cohort,10900000,1866,477,0,9,1219,161,0,0,0
cold_online_random_h8_s7_state64_mac0,scratch,cold,final,8,7,,64,0,25000000,25000000,25000000,cohort,11000000,1770,467,1,18,1116,168,0,0,0
cold_online_random_h8_s7_state64_mac0,scratch,cold,final,8,7,,64,0,25000000,25000000,25000000,cohort,11100000,1755,471,1,12,1104,167,0,0,0
cold_online_random_h8_s7_state64_mac0,scratch,cold,final,8,7,,64,0,25000000,25000000,25000000,cohort,11200000,1800,465,0,16,1144,175,0,0,0
cold_online_random_h8_s7_state64_mac0,scratch,cold,final,8,7,,64,0,25000000,25000000,25000000,cohort,11300000,1688,468,0,15,1039,166,0,0,0
cold_online_random_h8_s7_state64_mac0,scratch,cold,final,8,7,,64,0,25000000,25000000,25000000,cohort,11400000,1871,467,14,22,1178,190,0,0,0
cold_online_random_h8_s7_state64_mac0,scratch,cold,final,8,7,,64,0,25000000,25000000,25000000,cohort,11500000,1363,448,1,66,628,220,0,0,0
cold_online_random_h8_s7_state64_mac0,scratch,cold,final,8,7,,64,0,25000000,25000000,25000000,cohort,11600000,1714,471,1,18,1044,180,0,0,0
cold_online_random_h8_s7_state64_mac0,scratch,cold,final,8,7,,64,0,25000000,25000000,25000000,cohort,11700000,1683,473,0,9,1037,164,0,0,0
cold_online_random_h8_s7_state64_mac0,scratch,cold,final,8,7,,64,0,25000000,25000000,25000000,cohort,11800000,2123,506,89,105,1082,341,0,0,0
cold_online_random_h8_s7_state64_mac0,scratch,cold,final,8,7,,64,0,25000000,25000000,25000000,cohort,11900000,1852,506,12,113,936,285,0,0,0
cold_online_random_h8_s7_state64_mac0,scratch,cold,final,8,7,,64,0,25000000,25000000,25000000,cohort,12000000,1687,476,2,56,940,213,0,0,0
cold_online_random_h8_s7_state64_mac0,scratch,cold,final,8,7,,64,0,25000000,25000000,25000000,cohort,12100000,1872,487,9,55,1105,216,0,0,0
cold_online_random_h8_s7_state64_mac0,scratch,cold,final,8,7,,64,0,25000000,25000000,25000000,cohort,12200000,1695,473,0,18,1037,167,0,0,0
cold_online_random_h8_s7_state64_mac0,scratch,cold,final,8,7,,64,0,25000000,25000000,25000000,cohort,12300000,1575,458,1,27,914,175,0,0,0
cold_online_random_h8_s7_state64_mac0,scratch,cold,final,8,7,,64,0,25000000,25000000,25000000,cohort,12400000,1775,475,6,21,1089,184,0,0,0
cold_online_random_h8_s7_state64_mac0,scratch,cold,final,8,7,,64,0,25000000,25000000,25000000,cohort,12500000,1891,467,0,16,1240,168,0,0,0
cold_online_random_h8_s7_state64_mac0,scratch,cold,final,8,7,,64,0,25000000,25000000,25000000,cohort,12600000,1976,474,20,138,1033,311,0,0,0
cold_online_random_h8_s7_state64_mac0,scratch,cold,final,8,7,,64,0,25000000,25000000,25000000,cohort,12700000,1871,481,17,47,1097,229,0,0,0
cold_online_random_h8_s7_state64_mac0,scratch,cold,final,8,7,,64,0,25000000,25000000,25000000,cohort,12800000,1990,472,18,79,1151,270,0,0,0
cold_online_random_h8_s7_state64_mac0,scratch,cold,final,8,7,,64,0,25000000,25000000,25000000,cohort,12900000,1883,469,0,20,1208,186,0,0,0
cold_online_random_h8_s7_state64_mac0,scratch,cold,final,8,7,,64,0,25000000,25000000,25000000,cohort,13000000,1870,473,0,13,1216,168,0,0,0
cold_online_random_h8_s7_state64_mac0,scratch,cold,final,8,7,,64,0,25000000,25000000,25000000,cohort,13100000,1781,474,0,9,1127,171,0,0,0
cold_online_random_h8_s7_state64_mac0,scratch,cold,final,8,7,,64,0,25000000,25000000,25000000,cohort,13200000,1897,463,13,165,932,324,0,0,0
cold_online_random_h8_s7_state64_mac0,scratch,cold,final,8,7,,64,0,25000000,25000000,25000000,cohort,13300000,1803,470,1,7,1160,165,0,0,0
cold_online_random_h8_s7_state64_mac0,scratch,cold,final,8,7,,64,0,25000000,25000000,25000000,cohort,13400000,2261,752,3,153,892,461,0,0,0
cold_online_random_h8_s7_state64_mac0,scratch,cold,final,8,7,,64,0,25000000,25000000,25000000,cohort,13500000,1725,459,0,24,1061,181,0,0,0
cold_online_random_h8_s7_state64_mac0,scratch,cold,final,8,7,,64,0,25000000,25000000,25000000,cohort,13600000,1936,459,0,19,1281,177,0,0,0
cold_online_random_h8_s7_state64_mac0,scratch,cold,final,8,7,,64,0,25000000,25000000,25000000,cohort,13700000,1919,482,0,31,1218,188,0,0,0
cold_online_random_h8_s7_state64_mac0,scratch,cold,final,8,7,,64,0,25000000,25000000,25000000,cohort,13800000,1866,476,0,7,1224,159,0,0,0
cold_online_random_h8_s7_state64_mac0,scratch,cold,final,8,7,,64,0,25000000,25000000,25000000,cohort,13900000,1680,460,0,27,1018,175,0,0,0
cold_online_random_h8_s7_state64_mac0,scratch,cold,final,8,7,,64,0,25000000,25000000,25000000,cohort,14000000,1791,474,0,13,1139,165,0,0,0
cold_online_random_h8_s7_state64_mac0,scratch,cold,final,8,7,,64,0,25000000,25000000,25000000,cohort,14100000,1839,475,0,24,1162,178,0,0,0
cold_online_random_h8_s7_state64_mac0,scratch,cold,final,8,7,,64,0,25000000,25000000,25000000,cohort,14200000,1884,474,0,12,1229,169,0,0,0
cold_online_random_h8_s7_state64_mac0,scratch,cold,final,8,7,,64,0,25000000,25000000,25000000,cohort,14300000,1707,468,0,6,1069,164,0,0,0
cold_online_random_h8_s7_state64_mac0,scratch,cold,final,8,7,,64,0,25000000,25000000,25000000,cohort,14400000,1851,471,0,11,1197,172,0,0,0
cold_online_random_h8_s7_state64_mac0,scratch,cold,final,8,7,,64,0,25000000,25000000,25000000,cohort,14500000,1717,472,0,7,1075,163,0,0,0
cold_online_random_h8_s7_state64_mac0,scratch,cold,final,8,7,,64,0,25000000,25000000,25000000,cohort,14600000,1803,474,0,9,1151,169,0,0,0
cold_online_random_h8_s7_state64_mac0,scratch,cold,final,8,7,,64,0,25000000,25000000,25000000,cohort,14700000,1763,463,0,10,1117,173,0,0,0
cold_online_random_h8_s7_state64_mac0,scratch,cold,final,8,7,,64,0,25000000,25000000,25000000,cohort,14800000,1650,468,0,9,1009,164,0,0,0
cold_online_random_h8_s7_state64_mac0,scratch,cold,final,8,7,,64,0,25000000,25000000,25000000,cohort,14900000,1676,457,0,15,1023,181,0,0,0
cold_online_random_h8_s7_state64_mac0,scratch,cold,final,8,7,,64,0,25000000,25000000,25000000,cohort,15000000,1876,466,0,6,1237,167,0,0,0
cold_online_random_h8_s7_state64_mac0,scratch,cold,final,8,7,,64,0,25000000,25000000,25000000,cohort,15100000,1750,465,0,27,1073,185,0,0,0
cold_online_random_h8_s7_state64_mac0,scratch,cold,final,8,7,,64,0,25000000,25000000,25000000,cohort,15200000,1724,469,0,9,1075,171,0,0,0
cold_online_random_h8_s7_state64_mac0,scratch,cold,final,8,7,,64,0,25000000,25000000,25000000,cohort,15300000,1825,467,0,10,1182,166,0,0,0
cold_online_random_h8_s7_state64_mac0,scratch,cold,final,8,7,,64,0,25000000,25000000,25000000,cohort,15400000,1845,470,0,8,1197,170,0,0,0
cold_online_random_h8_s7_state64_mac0,scratch,cold,final,8,7,,64,0,25000000,25000000,25000000,cohort,15500000,1786,465,0,5,1149,167,0,0,0
cold_online_random_h8_s7_state64_mac0,scratch,cold,final,8,7,,64,0,25000000,25000000,25000000,cohort,15600000,1731,459,0,13,1086,173,0,0,0
cold_online_random_h8_s7_state64_mac0,scratch,cold,final,8,7,,64,0,25000000,25000000,25000000,cohort,15700000,1773,462,0,8,1132,171,0,0,0
cold_online_random_h8_s7_state64_mac0,scratch,cold,final,8,7,,64,0,25000000,25000000,25000000,cohort,15800000,1815,456,0,18,1164,177,0,0,0
cold_online_random_h8_s7_state64_mac0,scratch,cold,final,8,7,,64,0,25000000,25000000,25000000,cohort,15900000,1816,462,0,15,1165,174,0,0,0
cold_online_random_h8_s7_state64_mac0,scratch,cold,final,8,7,,64,0,25000000,25000000,25000000,cohort,16000000,1705,459,0,11,1059,176,0,0,0
cold_online_random_h8_s7_state64_mac0,scratch,cold,final,8,7,,64,0,25000000,25000000,25000000,cohort,16100000,1662,461,0,9,1017,175,0,0,0
cold_online_random_h8_s7_state64_mac0,scratch,cold,final,8,7,,64,0,25000000,25000000,25000000,cohort,16200000,1701,462,0,19,1043,177,0,0,0
cold_online_random_h8_s7_state64_mac0,scratch,cold,final,8,7,,64,0,25000000,25000000,25000000,cohort,16300000,1756,463,0,3,1120,170,0,0,0
cold_online_random_h8_s7_state64_mac0,scratch,cold,final,8,7,,64,0,25000000,25000000,25000000,cohort,16400000,1663,458,0,10,1020,175,0,0,0
cold_online_random_h8_s7_state64_mac0,scratch,cold,final,8,7,,64,0,25000000,25000000,25000000,cohort,16500000,1795,458,1,12,1141,183,0,0,0
cold_online_random_h8_s7_state64_mac0,scratch,cold,final,8,7,,64,0,25000000,25000000,25000000,cohort,16600000,1653,459,0,13,1008,173,0,0,0
cold_online_random_h8_s7_state64_mac0,scratch,cold,final,8,7,,64,0,25000000,25000000,25000000,cohort,16700000,1787,460,0,8,1143,176,0,0,0
cold_online_random_h8_s7_state64_mac0,scratch,cold,final,8,7,,64,0,25000000,25000000,25000000,cohort,16800000,1740,455,0,9,1100,176,0,0,0
cold_online_random_h8_s7_state64_mac0,scratch,cold,final,8,7,,64,0,25000000,25000000,25000000,cohort,16900000,1790,461,0,16,1137,176,0,0,0
cold_online_random_h8_s7_state64_mac0,scratch,cold,final,8,7,,64,0,25000000,25000000,25000000,cohort,17000000,1738,459,0,7,1101,171,0,0,0
cold_online_random_h8_s7_state64_mac0,scratch,cold,final,8,7,,64,0,25000000,25000000,25000000,cohort,17100000,1761,467,0,14,1103,177,0,0,0
cold_online_random_h8_s7_state64_mac0,scratch,cold,final,8,7,,64,0,25000000,25000000,25000000,cohort,17200000,1740,463,1,9,1095,172,0,0,0
cold_online_random_h8_s7_state64_mac0,scratch,cold,final,8,7,,64,0,25000000,25000000,25000000,cohort,17300000,1784,456,0,5,1147,176,0,0,0
cold_online_random_h8_s7_state64_mac0,scratch,cold,final,8,7,,64,0,25000000,25000000,25000000,cohort,17400000,1752,466,0,14,1096,176,0,0,0
cold_online_random_h8_s7_state64_mac0,scratch,cold,final,8,7,,64,0,25000000,25000000,25000000,cohort,17500000,1751,462,0,8,1111,170,0,0,0
cold_online_random_h8_s7_state64_mac0,scratch,cold,final,8,7,,64,0,25000000,25000000,25000000,cohort,17600000,1764,457,0,9,1123,175,0,0,0
cold_online_random_h8_s7_state64_mac0,scratch,cold,final,8,7,,64,0,25000000,25000000,25000000,cohort,17700000,1665,459,0,14,1017,175,0,0,0
cold_online_random_h8_s7_state64_mac0,scratch,cold,final,8,7,,64,0,25000000,25000000,25000000,cohort,17800000,1768,465,0,8,1127,168,0,0,0
cold_online_random_h8_s7_state64_mac0,scratch,cold,final,8,7,,64,0,25000000,25000000,25000000,cohort,17900000,1699,457,0,7,1056,179,0,0,0
cold_online_random_h8_s7_state64_mac0,scratch,cold,final,8,7,,64,0,25000000,25000000,25000000,cohort,18000000,1767,466,0,4,1124,173,0,0,0
cold_online_random_h8_s7_state64_mac0,scratch,cold,final,8,7,,64,0,25000000,25000000,25000000,cohort,18100000,1748,461,0,6,1107,174,0,0,0
cold_online_random_h8_s7_state64_mac0,scratch,cold,final,8,7,,64,0,25000000,25000000,25000000,cohort,18200000,1726,458,0,7,1093,168,0,0,0
cold_online_random_h8_s7_state64_mac0,scratch,cold,final,8,7,,64,0,25000000,25000000,25000000,cohort,18300000,1661,458,0,13,1016,174,0,0,0
cold_online_random_h8_s7_state64_mac0,scratch,cold,final,8,7,,64,0,25000000,25000000,25000000,cohort,18400000,1483,465,0,5,845,168,0,0,0
cold_online_random_h8_s7_state64_mac0,scratch,cold,final,8,7,,64,0,25000000,25000000,25000000,cohort,18500000,1740,468,0,10,1092,170,0,0,0
cold_online_random_h8_s7_state64_mac0,scratch,cold,final,8,7,,64,0,25000000,25000000,25000000,cohort,18600000,1686,464,0,16,1026,180,0,0,0
cold_online_random_h8_s7_state64_mac0,scratch,cold,final,8,7,,64,0,25000000,25000000,25000000,cohort,18700000,1609,457,0,5,975,172,0,0,0
cold_online_random_h8_s7_state64_mac0,scratch,cold,final,8,7,,64,0,25000000,25000000,25000000,cohort,18800000,1708,456,0,9,1072,171,0,0,0
cold_online_random_h8_s7_state64_mac0,scratch,cold,final,8,7,,64,0,25000000,25000000,25000000,cohort,18900000,1739,470,0,4,1098,167,0,0,0
cold_online_random_h8_s7_state64_mac0,scratch,cold,final,8,7,,64,0,25000000,25000000,25000000,cohort,19000000,1715,470,0,9,1070,166,0,0,0
cold_online_random_h8_s7_state64_mac0,scratch,cold,final,8,7,,64,0,25000000,25000000,25000000,cohort,19100000,1695,462,0,10,1049,174,0,0,0
cold_online_random_h8_s7_state64_mac0,scratch,cold,final,8,7,,64,0,25000000,25000000,25000000,cohort,19200000,1679,450,0,3,1050,176,0,0,0
cold_online_random_h8_s7_state64_mac0,scratch,cold,final,8,7,,64,0,25000000,25000000,25000000,cohort,19300000,1611,458,0,7,972,174,0,0,0
cold_online_random_h8_s7_state64_mac0,scratch,cold,final,8,7,,64,0,25000000,25000000,25000000,cohort,19400000,1723,464,0,7,1085,167,0,0,0
cold_online_random_h8_s7_state64_mac0,scratch,cold,final,8,7,,64,0,25000000,25000000,25000000,cohort,19500000,1599,456,0,16,945,182,0,0,0
cold_online_random_h8_s7_state64_mac0,scratch,cold,final,8,7,,64,0,25000000,25000000,25000000,cohort,19600000,1686,444,0,9,1050,183,0,0,0
cold_online_random_h8_s7_state64_mac0,scratch,cold,final,8,7,,64,0,25000000,25000000,25000000,cohort,19700000,1640,462,0,18,985,174,0,1,1
cold_online_random_h8_s7_state64_mac0,scratch,cold,final,8,7,,64,0,25000000,25000000,25000000,cohort,19800000,1655,463,0,9,1010,173,0,0,0
cold_online_random_h8_s7_state64_mac0,scratch,cold,final,8,7,,64,0,25000000,25000000,25000000,cohort,19900000,1699,447,0,7,1066,179,0,0,0
cold_online_random_h8_s7_state64_mac0,scratch,cold,final,8,7,,64,0,25000000,25000000,25000000,cohort,20000000,1686,465,0,8,1041,172,0,0,0
cold_online_random_h8_s7_state64_mac0,scratch,cold,final,8,7,,64,0,25000000,25000000,25000000,cohort,20100000,1599,457,0,6,965,171,0,0,0
cold_online_random_h8_s7_state64_mac0,scratch,cold,final,8,7,,64,0,25000000,25000000,25000000,cohort,20200000,1733,461,0,7,1091,174,0,0,0
cold_online_random_h8_s7_state64_mac0,scratch,cold,final,8,7,,64,0,25000000,25000000,25000000,cohort,20300000,1679,467,0,8,1038,166,0,0,0
cold_online_random_h8_s7_state64_mac0,scratch,cold,final,8,7,,64,0,25000000,25000000,25000000,cohort,20400000,1716,462,0,10,1069,175,0,0,0
cold_online_random_h8_s7_state64_mac0,scratch,cold,final,8,7,,64,0,25000000,25000000,25000000,cohort,20500000,1687,462,0,6,1047,172,0,0,0
cold_online_random_h8_s7_state64_mac0,scratch,cold,final,8,7,,64,0,25000000,25000000,25000000,cohort,20600000,1730,461,0,6,1096,167,0,0,0
cold_online_random_h8_s7_state64_mac0,scratch,cold,final,8,7,,64,0,25000000,25000000,25000000,cohort,20700000,1637,448,0,12,995,182,0,0,0
cold_online_random_h8_s7_state64_mac0,scratch,cold,final,8,7,,64,0,25000000,25000000,25000000,cohort,20800000,1705,461,0,8,1063,173,0,0,0
cold_online_random_h8_s7_state64_mac0,scratch,cold,final,8,7,,64,0,25000000,25000000,25000000,cohort,20900000,1651,460,1,5,1013,172,0,0,0
cold_online_random_h8_s7_state64_mac0,scratch,cold,final,8,7,,64,0,25000000,25000000,25000000,cohort,21000000,1683,460,0,11,1040,172,0,0,0
cold_online_random_h8_s7_state64_mac0,scratch,cold,final,8,7,,64,0,25000000,25000000,25000000,cohort,21100000,1690,459,0,10,1049,172,0,0,0
cold_online_random_h8_s7_state64_mac0,scratch,cold,final,8,7,,64,0,25000000,25000000,25000000,cohort,21200000,1708,464,0,4,1070,170,0,0,0
cold_online_random_h8_s7_state64_mac0,scratch,cold,final,8,7,,64,0,25000000,25000000,25000000,cohort,21300000,1662,466,0,10,1018,168,0,0,0
cold_online_random_h8_s7_state64_mac0,scratch,cold,final,8,7,,64,0,25000000,25000000,25000000,cohort,21400000,1659,467,0,18,1002,172,0,0,0
cold_online_random_h8_s7_state64_mac0,scratch,cold,final,8,7,,64,0,25000000,25000000,25000000,cohort,21500000,1676,471,0,3,1038,164,0,0,0
cold_online_random_h8_s7_state64_mac0,scratch,cold,final,8,7,,64,0,25000000,25000000,25000000,cohort,21600000,1705,471,0,11,1057,166,0,0,0
cold_online_random_h8_s7_state64_mac0,scratch,cold,final,8,7,,64,0,25000000,25000000,25000000,cohort,21700000,1514,455,0,7,875,177,0,0,0
cold_online_random_h8_s7_state64_mac0,scratch,cold,final,8,7,,64,0,25000000,25000000,25000000,cohort,21800000,1674,462,1,10,1028,173,0,0,0
cold_online_random_h8_s7_state64_mac0,scratch,cold,final,8,7,,64,0,25000000,25000000,25000000,cohort,21900000,1731,463,0,5,1093,170,0,0,0
cold_online_random_h8_s7_state64_mac0,scratch,cold,final,8,7,,64,0,25000000,25000000,25000000,cohort,22000000,1546,457,0,10,905,174,0,0,0
cold_online_random_h8_s7_state64_mac0,scratch,cold,final,8,7,,64,0,25000000,25000000,25000000,cohort,22100000,1674,459,0,9,1034,172,0,0,0
cold_online_random_h8_s7_state64_mac0,scratch,cold,final,8,7,,64,0,25000000,25000000,25000000,cohort,22200000,1698,462,0,7,1059,170,0,0,0
cold_online_random_h8_s7_state64_mac0,scratch,cold,final,8,7,,64,0,25000000,25000000,25000000,cohort,22300000,1647,462,1,14,996,174,0,0,0
cold_online_random_h8_s7_state64_mac0,scratch,cold,final,8,7,,64,0,25000000,25000000,25000000,cohort,22400000,1683,464,0,5,1045,169,0,0,0
cold_online_random_h8_s7_state64_mac0,scratch,cold,final,8,7,,64,0,25000000,25000000,25000000,cohort,22500000,1583,463,0,17,929,174,0,0,0
cold_online_random_h8_s7_state64_mac0,scratch,cold,final,8,7,,64,0,25000000,25000000,25000000,cohort,22600000,1657,460,0,9,1012,176,0,0,0
cold_online_random_h8_s7_state64_mac0,scratch,cold,final,8,7,,64,0,25000000,25000000,25000000,cohort,22700000,1621,460,0,8,981,172,0,0,0
cold_online_random_h8_s7_state64_mac0,scratch,cold,final,8,7,,64,0,25000000,25000000,25000000,cohort,22800000,1573,456,0,15,929,173,0,0,0
cold_online_random_h8_s7_state64_mac0,scratch,cold,final,8,7,,64,0,25000000,25000000,25000000,cohort,22900000,1559,462,0,5,922,170,0,0,0
cold_online_random_h8_s7_state64_mac0,scratch,cold,final,8,7,,64,0,25000000,25000000,25000000,cohort,23000000,1688,455,0,14,1039,180,0,0,0
cold_online_random_h8_s7_state64_mac0,scratch,cold,final,8,7,,64,0,25000000,25000000,25000000,cohort,23100000,1548,464,0,12,896,176,0,0,0
cold_online_random_h8_s7_state64_mac0,scratch,cold,final,8,7,,64,0,25000000,25000000,25000000,cohort,23200000,1568,458,0,15,921,174,0,0,0
cold_online_random_h8_s7_state64_mac0,scratch,cold,final,8,7,,64,0,25000000,25000000,25000000,cohort,23300000,1600,453,0,10,958,178,0,1,1
cold_online_random_h8_s7_state64_mac0,scratch,cold,final,8,7,,64,0,25000000,25000000,25000000,cohort,23400000,1615,462,1,2,979,170,0,1,1
cold_online_random_h8_s7_state64_mac0,scratch,cold,final,8,7,,64,0,25000000,25000000,25000000,cohort,23500000,1588,461,0,21,930,176,0,0,0
cold_online_random_h8_s7_state64_mac0,scratch,cold,final,8,7,,64,0,25000000,25000000,25000000,cohort,23600000,1532,455,0,5,902,170,0,0,0
cold_online_random_h8_s7_state64_mac0,scratch,cold,final,8,7,,64,0,25000000,25000000,25000000,cohort,23700000,1648,463,0,4,1007,173,0,1,1
cold_online_random_h8_s7_state64_mac0,scratch,cold,final,8,7,,64,0,25000000,25000000,25000000,cohort,23800000,1504,431,0,2,910,161,0,0,0
cold_online_random_h8_s7_state64_mac0,scratch,cold,final,8,7,,64,0,25000000,25000000,25000000,cohort,23900000,1526,375,0,14,978,159,0,0,0
cold_online_random_h8_s7_state64_mac0,scratch,cold,final,8,7,,64,0,25000000,25000000,25000000,cohort,24000000,1556,416,0,10,970,160,0,0,0
cold_online_random_h8_s7_state64_mac0,scratch,cold,final,8,7,,64,0,25000000,25000000,25000000,cohort,24100000,1396,403,0,8,823,161,0,1,1
cold_online_random_h8_s7_state64_mac0,scratch,cold,final,8,7,,64,0,25000000,25000000,25000000,cohort,24200000,1489,449,0,12,859,167,0,2,2
cold_online_random_h8_s7_state64_mac0,scratch,cold,final,8,7,,64,0,25000000,25000000,25000000,cohort,24300000,1493,437,0,1,892,162,0,1,1
cold_online_random_h8_s7_state64_mac0,scratch,cold,final,8,7,,64,0,25000000,25000000,25000000,cohort,24400000,1355,381,0,6,805,162,0,1,1
cold_online_random_h8_s7_state64_mac0,scratch,cold,final,8,7,,64,0,25000000,25000000,25000000,cohort,24500000,1428,414,1,4,838,166,0,5,5
cold_online_random_h8_s7_state64_mac0,scratch,cold,final,8,7,,64,0,25000000,25000000,25000000,cohort,24600000,1552,460,0,3,912,172,0,5,5
cold_online_random_h8_s7_state64_mac0,scratch,cold,final,8,7,,64,0,25000000,25000000,25000000,cohort,24700000,1560,463,0,0,928,166,0,3,3
cold_online_random_h8_s7_state64_mac0,scratch,cold,final,8,7,,64,0,25000000,25000000,25000000,cohort,24800000,1418,457,0,0,781,172,0,8,8
cold_online_random_h8_s7_state64_mac0,scratch,cold,final,8,7,,64,0,25000000,25000000,25000000,cohort,24900000,1563,466,0,0,916,169,0,12,12
cold_online_random_h8_s7_state64_mac16,scratch,cold,final,8,7,,64,16,25000000,25000000,25000000,cohort,0,754,0,0,0,754,0,0,0,0
cold_online_random_h8_s7_state64_mac16,scratch,cold,final,8,7,,64,16,25000000,25000000,25000000,cohort,100000,619,0,0,0,619,0,0,0,0
cold_online_random_h8_s7_state64_mac16,scratch,cold,final,8,7,,64,16,25000000,25000000,25000000,cohort,200000,610,0,0,0,610,0,0,0,0
cold_online_random_h8_s7_state64_mac16,scratch,cold,final,8,7,,64,16,25000000,25000000,25000000,cohort,300000,623,0,0,0,623,0,0,0,0
cold_online_random_h8_s7_state64_mac16,scratch,cold,final,8,7,,64,16,25000000,25000000,25000000,cohort,400000,620,0,0,0,620,0,0,0,0
cold_online_random_h8_s7_state64_mac16,scratch,cold,final,8,7,,64,16,25000000,25000000,25000000,cohort,500000,625,0,0,0,625,0,0,0,0
cold_online_random_h8_s7_state64_mac16,scratch,cold,final,8,7,,64,16,25000000,25000000,25000000,cohort,600000,622,0,0,0,622,0,0,0,0
cold_online_random_h8_s7_state64_mac16,scratch,cold,final,8,7,,64,16,25000000,25000000,25000000,cohort,700000,630,0,0,0,630,0,0,0,0
cold_online_random_h8_s7_state64_mac16,scratch,cold,final,8,7,,64,16,25000000,25000000,25000000,cohort,800000,611,0,0,0,611,0,0,0,0
cold_online_random_h8_s7_state64_mac16,scratch,cold,final,8,7,,64,16,25000000,25000000,25000000,cohort,900000,628,0,0,0,628,0,0,0,0
cold_online_random_h8_s7_state64_mac16,scratch,cold,final,8,7,,64,16,25000000,25000000,25000000,cohort,1000000,619,0,0,0,619,0,0,0,0
cold_online_random_h8_s7_state64_mac16,scratch,cold,final,8,7,,64,16,25000000,25000000,25000000,cohort,1100000,615,0,0,0,615,0,0,0,0
cold_online_random_h8_s7_state64_mac16,scratch,cold,final,8,7,,64,16,25000000,25000000,25000000,cohort,1200000,619,0,0,0,619,0,0,0,0
cold_online_random_h8_s7_state64_mac16,scratch,cold,final,8,7,,64,16,25000000,25000000,25000000,cohort,1300000,613,0,0,0,613,0,0,0,0
cold_online_random_h8_s7_state64_mac16,scratch,cold,final,8,7,,64,16,25000000,25000000,25000000,cohort,1400000,621,0,0,0,621,0,0,0,0
cold_online_random_h8_s7_state64_mac16,scratch,cold,final,8,7,,64,16,25000000,25000000,25000000,cohort,1500000,620,0,0,0,620,0,0,0,0
cold_online_random_h8_s7_state64_mac16,scratch,cold,final,8,7,,64,16,25000000,25000000,25000000,cohort,1600000,650,0,0,0,650,0,0,0,0
cold_online_random_h8_s7_state64_mac16,scratch,cold,final,8,7,,64,16,25000000,25000000,25000000,cohort,1700000,834,1,0,2,831,0,0,0,0
cold_online_random_h8_s7_state64_mac16,scratch,cold,final,8,7,,64,16,25000000,25000000,25000000,cohort,1800000,974,0,0,2,972,0,0,0,0
cold_online_random_h8_s7_state64_mac16,scratch,cold,final,8,7,,64,16,25000000,25000000,25000000,cohort,1900000,974,2,0,5,967,0,0,0,0
cold_online_random_h8_s7_state64_mac16,scratch,cold,final,8,7,,64,16,25000000,25000000,25000000,cohort,2000000,970,7,0,2,961,0,0,0,0
cold_online_random_h8_s7_state64_mac16,scratch,cold,final,8,7,,64,16,25000000,25000000,25000000,cohort,2100000,984,6,0,4,974,0,0,0,0
cold_online_random_h8_s7_state64_mac16,scratch,cold,final,8,7,,64,16,25000000,25000000,25000000,cohort,2200000,980,2,0,4,973,1,0,0,0
cold_online_random_h8_s7_state64_mac16,scratch,cold,final,8,7,,64,16,25000000,25000000,25000000,cohort,2300000,985,8,0,3,974,0,0,0,0
cold_online_random_h8_s7_state64_mac16,scratch,cold,final,8,7,,64,16,25000000,25000000,25000000,cohort,2400000,739,5,0,8,725,1,0,0,0
cold_online_random_h8_s7_state64_mac16,scratch,cold,final,8,7,,64,16,25000000,25000000,25000000,cohort,2500000,408,3,0,7,398,0,0,0,0
cold_online_random_h8_s7_state64_mac16,scratch,cold,final,8,7,,64,16,25000000,25000000,25000000,cohort,2600000,83,2,0,1,80,0,0,0,0
cold_online_random_h8_s7_state64_mac16,scratch,cold,final,8,7,,64,16,25000000,25000000,25000000,cohort,2800000,1,0,0,0,1,0,0,0,0
cold_online_random_h8_s7_state64_mac16,scratch,cold,final,8,7,,64,16,25000000,25000000,25000000,cohort,2900000,2,0,0,0,2,0,0,0,0
cold_online_random_h8_s7_state64_mac16,scratch,cold,final,8,7,,64,16,25000000,25000000,25000000,cohort,3000000,4,1,0,1,2,0,0,0,0
cold_online_random_h8_s7_state64_mac16,scratch,cold,final,8,7,,64,16,25000000,25000000,25000000,cohort,3100000,4,0,0,0,4,0,0,0,0
cold_online_random_h8_s7_state64_mac16,scratch,cold,final,8,7,,64,16,25000000,25000000,25000000,cohort,3200000,4,0,0,1,3,0,0,0,0
cold_online_random_h8_s7_state64_mac16,scratch,cold,final,8,7,,64,16,25000000,25000000,25000000,cohort,3300000,186,3,0,0,183,0,0,0,0
cold_online_random_h8_s7_state64_mac16,scratch,cold,final,8,7,,64,16,25000000,25000000,25000000,cohort,3400000,352,6,0,1,345,0,0,0,0
cold_online_random_h8_s7_state64_mac16,scratch,cold,final,8,7,,64,16,25000000,25000000,25000000,cohort,3500000,472,5,0,2,465,0,0,0,0
cold_online_random_h8_s7_state64_mac16,scratch,cold,final,8,7,,64,16,25000000,25000000,25000000,cohort,3600000,614,5,0,13,596,0,0,0,0
cold_online_random_h8_s7_state64_mac16,scratch,cold,final,8,7,,64,16,25000000,25000000,25000000,cohort,3700000,714,6,0,5,703,0,0,0,0
cold_online_random_h8_s7_state64_mac16,scratch,cold,final,8,7,,64,16,25000000,25000000,25000000,cohort,3800000,690,7,0,8,675,0,0,0,0
cold_online_random_h8_s7_state64_mac16,scratch,cold,final,8,7,,64,16,25000000,25000000,25000000,cohort,3900000,664,9,0,11,644,0,0,0,0
cold_online_random_h8_s7_state64_mac16,scratch,cold,final,8,7,,64,16,25000000,25000000,25000000,cohort,4000000,718,6,0,16,696,0,0,0,0
cold_online_random_h8_s7_state64_mac16,scratch,cold,final,8,7,,64,16,25000000,25000000,25000000,cohort,4100000,580,7,0,7,566,0,0,0,0
cold_online_random_h8_s7_state64_mac16,scratch,cold,final,8,7,,64,16,25000000,25000000,25000000,cohort,4200000,548,13,0,7,528,0,0,0,0
cold_online_random_h8_s7_state64_mac16,scratch,cold,final,8,7,,64,16,25000000,25000000,25000000,cohort,4300000,426,5,0,1,420,0,0,0,0
cold_online_random_h8_s7_state64_mac16,scratch,cold,final,8,7,,64,16,25000000,25000000,25000000,cohort,4400000,464,5,0,1,458,0,0,0,0
cold_online_random_h8_s7_state64_mac16,scratch,cold,final,8,7,,64,16,25000000,25000000,25000000,cohort,4500000,520,5,0,8,507,0,0,0,0
cold_online_random_h8_s7_state64_mac16,scratch,cold,final,8,7,,64,16,25000000,25000000,25000000,cohort,4600000,678,1,0,5,672,0,0,0,0
cold_online_random_h8_s7_state64_mac16,scratch,cold,final,8,7,,64,16,25000000,25000000,25000000,cohort,4700000,662,3,0,6,653,0,0,0,0
cold_online_random_h8_s7_state64_mac16,scratch,cold,final,8,7,,64,16,25000000,25000000,25000000,cohort,4800000,672,10,0,4,658,0,0,0,0
cold_online_random_h8_s7_state64_mac16,scratch,cold,final,8,7,,64,16,25000000,25000000,25000000,cohort,4900000,682,8,0,17,657,0,0,0,0
cold_online_random_h8_s7_state64_mac16,scratch,cold,final,8,7,,64,16,25000000,25000000,25000000,cohort,5000000,648,6,0,22,620,0,0,0,0
cold_online_random_h8_s7_state64_mac16,scratch,cold,final,8,7,,64,16,25000000,25000000,25000000,cohort,5100000,642,7,0,10,625,0,0,0,0
cold_online_random_h8_s7_state64_mac16,scratch,cold,final,8,7,,64,16,25000000,25000000,25000000,cohort,5200000,644,7,0,7,630,0,0,0,0
cold_online_random_h8_s7_state64_mac16,scratch,cold,final,8,7,,64,16,25000000,25000000,25000000,cohort,5300000,664,4,0,7,653,0,0,0,0
cold_online_random_h8_s7_state64_mac16,scratch,cold,final,8,7,,64,16,25000000,25000000,25000000,cohort,5400000,700,6,0,7,687,0,0,0,0
cold_online_random_h8_s7_state64_mac16,scratch,cold,final,8,7,,64,16,25000000,25000000,25000000,cohort,5500000,716,4,0,6,706,0,0,0,0
cold_online_random_h8_s7_state64_mac16,scratch,cold,final,8,7,,64,16,25000000,25000000,25000000,cohort,5600000,674,4,0,6,664,0,0,0,0
cold_online_random_h8_s7_state64_mac16,scratch,cold,final,8,7,,64,16,25000000,25000000,25000000,cohort,5700000,590,5,0,12,573,0,0,0,0
cold_online_random_h8_s7_state64_mac16,scratch,cold,final,8,7,,64,16,25000000,25000000,25000000,cohort,5800000,646,5,0,15,626,0,0,0,0
cold_online_random_h8_s7_state64_mac16,scratch,cold,final,8,7,,64,16,25000000,25000000,25000000,cohort,5900000,648,6,0,11,631,0,0,0,0
cold_online_random_h8_s7_state64_mac16,scratch,cold,final,8,7,,64,16,25000000,25000000,25000000,cohort,6000000,656,8,0,4,644,0,0,0,0
cold_online_random_h8_s7_state64_mac16,scratch,cold,final,8,7,,64,16,25000000,25000000,25000000,cohort,6100000,684,7,0,9,668,0,0,0,0
cold_online_random_h8_s7_state64_mac16,scratch,cold,final,8,7,,64,16,25000000,25000000,25000000,cohort,6200000,700,3,0,2,694,1,0,0,0
cold_online_random_h8_s7_state64_mac16,scratch,cold,final,8,7,,64,16,25000000,25000000,25000000,cohort,6300000,688,3,0,10,675,0,0,0,0
cold_online_random_h8_s7_state64_mac16,scratch,cold,final,8,7,,64,16,25000000,25000000,25000000,cohort,6400000,632,4,0,6,622,0,0,0,0
cold_online_random_h8_s7_state64_mac16,scratch,cold,final,8,7,,64,16,25000000,25000000,25000000,cohort,6500000,682,2,0,5,675,0,0,0,0
cold_online_random_h8_s7_state64_mac16,scratch,cold,final,8,7,,64,16,25000000,25000000,25000000,cohort,6600000,624,4,0,9,611,0,0,0,0
cold_online_random_h8_s7_state64_mac16,scratch,cold,final,8,7,,64,16,25000000,25000000,25000000,cohort,6700000,606,3,0,5,598,0,0,0,0
cold_online_random_h8_s7_state64_mac16,scratch,cold,final,8,7,,64,16,25000000,25000000,25000000,cohort,6800000,608,6,0,8,594,0,0,0,0
cold_online_random_h8_s7_state64_mac16,scratch,cold,final,8,7,,64,16,25000000,25000000,25000000,cohort,6900000,630,3,0,6,621,0,0,0,0
cold_online_random_h8_s7_state64_mac16,scratch,cold,final,8,7,,64,16,25000000,25000000,25000000,cohort,7000000,668,5,0,3,660,0,0,0,0
cold_online_random_h8_s7_state64_mac16,scratch,cold,final,8,7,,64,16,25000000,25000000,25000000,cohort,7100000,636,8,0,9,619,0,0,0,0
cold_online_random_h8_s7_state64_mac16,scratch,cold,final,8,7,,64,16,25000000,25000000,25000000,cohort,7200000,708,3,0,2,703,0,0,0,0
cold_online_random_h8_s7_state64_mac16,scratch,cold,final,8,7,,64,16,25000000,25000000,25000000,cohort,7300000,668,8,0,4,656,0,0,0,0
cold_online_random_h8_s7_state64_mac16,scratch,cold,final,8,7,,64,16,25000000,25000000,25000000,cohort,7400000,638,3,0,4,631,0,0,0,0
cold_online_random_h8_s7_state64_mac16,scratch,cold,final,8,7,,64,16,25000000,25000000,25000000,cohort,7500000,628,4,0,4,620,0,0,0,0
cold_online_random_h8_s7_state64_mac16,scratch,cold,final,8,7,,64,16,25000000,25000000,25000000,cohort,7600000,614,1,0,1,612,0,0,0,0
cold_online_random_h8_s7_state64_mac16,scratch,cold,final,8,7,,64,16,25000000,25000000,25000000,cohort,7700000,660,7,0,3,650,0,0,0,0
cold_online_random_h8_s7_state64_mac16,scratch,cold,final,8,7,,64,16,25000000,25000000,25000000,cohort,7800000,642,6,0,2,634,0,0,0,0
cold_online_random_h8_s7_state64_mac16,scratch,cold,final,8,7,,64,16,25000000,25000000,25000000,cohort,7900000,648,3,0,2,643,0,0,0,0
cold_online_random_h8_s7_state64_mac16,scratch,cold,final,8,7,,64,16,25000000,25000000,25000000,cohort,8000000,620,5,0,10,605,0,0,0,0
cold_online_random_h8_s7_state64_mac16,scratch,cold,final,8,7,,64,16,25000000,25000000,25000000,cohort,8100000,664,6,0,3,655,0,0,0,0
cold_online_random_h8_s7_state64_mac16,scratch,cold,final,8,7,,64,16,25000000,25000000,25000000,cohort,8200000,672,3,0,6,663,0,0,0,0
cold_online_random_h8_s7_state64_mac16,scratch,cold,final,8,7,,64,16,25000000,25000000,25000000,cohort,8300000,712,5,0,1,706,0,0,0,0
cold_online_random_h8_s7_state64_mac16,scratch,cold,final,8,7,,64,16,25000000,25000000,25000000,cohort,8400000,632,7,0,4,621,0,0,0,0
cold_online_random_h8_s7_state64_mac16,scratch,cold,final,8,7,,64,16,25000000,25000000,25000000,cohort,8500000,618,5,0,7,606,0,0,0,0
cold_online_random_h8_s7_state64_mac16,scratch,cold,final,8,7,,64,16,25000000,25000000,25000000,cohort,8600000,618,5,0,3,610,0,0,0,0
cold_online_random_h8_s7_state64_mac16,scratch,cold,final,8,7,,64,16,25000000,25000000,25000000,cohort,8700000,690,7,0,6,677,0,0,0,0
cold_online_random_h8_s7_state64_mac16,scratch,cold,final,8,7,,64,16,25000000,25000000,25000000,cohort,8800000,630,7,0,9,614,0,0,0,0
cold_online_random_h8_s7_state64_mac16,scratch,cold,final,8,7,,64,16,25000000,25000000,25000000,cohort,8900000,662,3,0,6,653,0,0,0,0
cold_online_random_h8_s7_state64_mac16,scratch,cold,final,8,7,,64,16,25000000,25000000,25000000,cohort,9000000,696,4,0,8,684,0,0,0,0
cold_online_random_h8_s7_state64_mac16,scratch,cold,final,8,7,,64,16,25000000,25000000,25000000,cohort,9100000,642,7,0,7,628,0,0,0,0
cold_online_random_h8_s7_state64_mac16,scratch,cold,final,8,7,,64,16,25000000,25000000,25000000,cohort,9200000,712,3,0,9,700,0,0,0,0
cold_online_random_h8_s7_state64_mac16,scratch,cold,final,8,7,,64,16,25000000,25000000,25000000,cohort,9300000,728,6,0,6,716,0,0,0,0
cold_online_random_h8_s7_state64_mac16,scratch,cold,final,8,7,,64,16,25000000,25000000,25000000,cohort,9400000,670,4,0,2,664,0,0,0,0
cold_online_random_h8_s7_state64_mac16,scratch,cold,final,8,7,,64,16,25000000,25000000,25000000,cohort,9500000,654,7,0,3,644,0,0,0,0
cold_online_random_h8_s7_state64_mac16,scratch,cold,final,8,7,,64,16,25000000,25000000,25000000,cohort,9600000,734,8,0,10,716,0,0,0,0
cold_online_random_h8_s7_state64_mac16,scratch,cold,final,8,7,,64,16,25000000,25000000,25000000,cohort,9700000,716,7,0,10,699,0,0,0,0
cold_online_random_h8_s7_state64_mac16,scratch,cold,final,8,7,,64,16,25000000,25000000,25000000,cohort,9800000,666,4,0,13,649,0,0,0,0
cold_online_random_h8_s7_state64_mac16,scratch,cold,final,8,7,,64,16,25000000,25000000,25000000,cohort,9900000,662,7,0,12,643,0,0,0,0
cold_online_random_h8_s7_state64_mac16,scratch,cold,final,8,7,,64,16,25000000,25000000,25000000,cohort,10000000,666,3,0,3,660,0,0,0,0
cold_online_random_h8_s7_state64_mac16,scratch,cold,final,8,7,,64,16,25000000,25000000,25000000,cohort,10100000,630,8,0,3,619,0,0,0,0
cold_online_random_h8_s7_state64_mac16,scratch,cold,final,8,7,,64,16,25000000,25000000,25000000,cohort,10200000,742,5,0,3,734,0,0,0,0
cold_online_random_h8_s7_state64_mac16,scratch,cold,final,8,7,,64,16,25000000,25000000,25000000,cohort,10300000,696,6,0,6,684,0,0,0,0
cold_online_random_h8_s7_state64_mac16,scratch,cold,final,8,7,,64,16,25000000,25000000,25000000,cohort,10400000,612,9,0,5,598,0,0,0,0
cold_online_random_h8_s7_state64_mac16,scratch,cold,final,8,7,,64,16,25000000,25000000,25000000,cohort,10500000,656,6,0,7,643,0,0,0,0
cold_online_random_h8_s7_state64_mac16,scratch,cold,final,8,7,,64,16,25000000,25000000,25000000,cohort,10600000,646,6,0,11,629,0,0,0,0
cold_online_random_h8_s7_state64_mac16,scratch,cold,final,8,7,,64,16,25000000,25000000,25000000,cohort,10700000,664,6,0,3,655,0,0,0,0
cold_online_random_h8_s7_state64_mac16,scratch,cold,final,8,7,,64,16,25000000,25000000,25000000,cohort,10800000,704,7,0,17,680,0,0,0,0
cold_online_random_h8_s7_state64_mac16,scratch,cold,final,8,7,,64,16,25000000,25000000,25000000,cohort,10900000,640,7,0,5,628,0,0,0,0
cold_online_random_h8_s7_state64_mac16,scratch,cold,final,8,7,,64,16,25000000,25000000,25000000,cohort,11000000,662,5,0,7,650,0,0,0,0
cold_online_random_h8_s7_state64_mac16,scratch,cold,final,8,7,,64,16,25000000,25000000,25000000,cohort,11100000,650,4,0,7,639,0,0,0,0
cold_online_random_h8_s7_state64_mac16,scratch,cold,final,8,7,,64,16,25000000,25000000,25000000,cohort,11200000,704,9,0,17,678,0,0,0,0
cold_online_random_h8_s7_state64_mac16,scratch,cold,final,8,7,,64,16,25000000,25000000,25000000,cohort,11300000,732,7,0,17,708,0,0,0,0
cold_online_random_h8_s7_state64_mac16,scratch,cold,final,8,7,,64,16,25000000,25000000,25000000,cohort,11400000,716,7,0,34,675,0,0,0,0
cold_online_random_h8_s7_state64_mac16,scratch,cold,final,8,7,,64,16,25000000,25000000,25000000,cohort,11500000,772,5,0,70,697,0,0,0,0
cold_online_random_h8_s7_state64_mac16,scratch,cold,final,8,7,,64,16,25000000,25000000,25000000,cohort,11600000,672,6,0,17,649,0,0,0,0
cold_online_random_h8_s7_state64_mac16,scratch,cold,final,8,7,,64,16,25000000,25000000,25000000,cohort,11700000,698,6,0,4,688,0,0,0,0
cold_online_random_h8_s7_state64_mac16,scratch,cold,final,8,7,,64,16,25000000,25000000,25000000,cohort,11800000,866,6,0,66,794,0,0,0,0
cold_online_random_h8_s7_state64_mac16,scratch,cold,final,8,7,,64,16,25000000,25000000,25000000,cohort,11900000,750,11,0,46,693,0,0,0,0
cold_online_random_h8_s7_state64_mac16,scratch,cold,final,8,7,,64,16,25000000,25000000,25000000,cohort,12000000,696,6,0,31,659,0,0,0,0
cold_online_random_h8_s7_state64_mac16,scratch,cold,final,8,7,,64,16,25000000,25000000,25000000,cohort,12100000,712,5,0,24,683,0,0,0,0
cold_online_random_h8_s7_state64_mac16,scratch,cold,final,8,7,,64,16,25000000,25000000,25000000,cohort,12200000,680,6,0,4,670,0,0,0,0
cold_online_random_h8_s7_state64_mac16,scratch,cold,final,8,7,,64,16,25000000,25000000,25000000,cohort,12300000,640,4,0,11,625,0,0,0,0
cold_online_random_h8_s7_state64_mac16,scratch,cold,final,8,7,,64,16,25000000,25000000,25000000,cohort,12400000,684,4,0,10,670,0,0,0,0
cold_online_random_h8_s7_state64_mac16,scratch,cold,final,8,7,,64,16,25000000,25000000,25000000,cohort,12500000,684,7,0,9,668,0,0,0,0
cold_online_random_h8_s7_state64_mac16,scratch,cold,final,8,7,,64,16,25000000,25000000,25000000,cohort,12600000,822,2,0,69,750,1,0,0,0
cold_online_random_h8_s7_state64_mac16,scratch,cold,final,8,7,,64,16,25000000,25000000,25000000,cohort,12700000,760,5,0,48,707,0,0,0,0
cold_online_random_h8_s7_state64_mac16,scratch,cold,final,8,7,,64,16,25000000,25000000,25000000,cohort,12800000,732,8,0,49,675,0,0,0,0
cold_online_random_h8_s7_state64_mac16,scratch,cold,final,8,7,,64,16,25000000,25000000,25000000,cohort,12900000,696,6,0,10,680,0,0,0,0
cold_online_random_h8_s7_state64_mac16,scratch,cold,final,8,7,,64,16,25000000,25000000,25000000,cohort,13000000,694,5,0,7,682,0,0,0,0
cold_online_random_h8_s7_state64_mac16,scratch,cold,final,8,7,,64,16,25000000,25000000,25000000,cohort,13100000,680,8,0,6,666,0,0,0,0
cold_online_random_h8_s7_state64_mac16,scratch,cold,final,8,7,,64,16,25000000,25000000,25000000,cohort,13200000,890,8,0,113,769,0,0,0,0
cold_online_random_h8_s7_state64_mac16,scratch,cold,final,8,7,,64,16,25000000,25000000,25000000,cohort,13300000,670,5,0,4,661,0,0,0,0
cold_online_random_h8_s7_state64_mac16,scratch,cold,final,8,7,,64,16,25000000,25000000,25000000,cohort,13400000,1021,9,0,103,909,0,0,0,0
cold_online_random_h8_s7_state64_mac16,scratch,cold,final,8,7,,64,16,25000000,25000000,25000000,cohort,13500000,640,3,0,13,624,0,0,0,0
cold_online_random_h8_s7_state64_mac16,scratch,cold,final,8,7,,64,16,25000000,25000000,25000000,cohort,13600000,608,2,0,8,598,0,0,0,0
cold_online_random_h8_s7_state64_mac16,scratch,cold,final,8,7,,64,16,25000000,25000000,25000000,cohort,13700000,752,10,1,32,709,0,0,0,0
cold_online_random_h8_s7_state64_mac16,scratch,cold,final,8,7,,64,16,25000000,25000000,25000000,cohort,13800000,610,2,0,4,604,0,0,0,0
cold_online_random_h8_s7_state64_mac16,scratch,cold,final,8,7,,64,16,25000000,25000000,25000000,cohort,13900000,686,5,0,18,663,0,0,0,0
cold_online_random_h8_s7_state64_mac16,scratch,cold,final,8,7,,64,16,25000000,25000000,25000000,cohort,14000000,662,9,0,6,647,0,0,0,0
cold_online_random_h8_s7_state64_mac16,scratch,cold,final,8,7,,64,16,25000000,25000000,25000000,cohort,14100000,690,6,0,28,656,0,0,0,0
cold_online_random_h8_s7_state64_mac16,scratch,cold,final,8,7,,64,16,25000000,25000000,25000000,cohort,14200000,708,6,0,10,692,0,0,0,0
cold_online_random_h8_s7_state64_mac16,scratch,cold,final,8,7,,64,16,25000000,25000000,25000000,cohort,14300000,686,5,0,2,679,0,0,0,0
cold_online_random_h8_s7_state64_mac16,scratch,cold,final,8,7,,64,16,25000000,25000000,25000000,cohort,14400000,704,10,0,6,688,0,0,0,0
cold_online_random_h8_s7_state64_mac16,scratch,cold,final,8,7,,64,16,25000000,25000000,25000000,cohort,14500000,694,5,0,3,686,0,0,0,0
cold_online_random_h8_s7_state64_mac16,scratch,cold,final,8,7,,64,16,25000000,25000000,25000000,cohort,14600000,654,6,0,10,638,0,0,0,0
cold_online_random_h8_s7_state64_mac16,scratch,cold,final,8,7,,64,16,25000000,25000000,25000000,cohort,14700000,700,6,0,7,687,0,0,0,0
cold_online_random_h8_s7_state64_mac16,scratch,cold,final,8,7,,64,16,25000000,25000000,25000000,cohort,14800000,712,4,0,5,703,0,0,0,0
cold_online_random_h8_s7_state64_mac16,scratch,cold,final,8,7,,64,16,25000000,25000000,25000000,cohort,14900000,654,8,0,17,629,0,0,0,0
cold_online_random_h8_s7_state64_mac16,scratch,cold,final,8,7,,64,16,25000000,25000000,25000000,cohort,15000000,650,12,0,5,633,0,0,0,0
cold_online_random_h8_s7_state64_mac16,scratch,cold,final,8,7,,64,16,25000000,25000000,25000000,cohort,15100000,724,7,0,26,691,0,0,0,0
cold_online_random_h8_s7_state64_mac16,scratch,cold,final,8,7,,64,16,25000000,25000000,25000000,cohort,15200000,654,9,0,6,639,0,0,0,0
cold_online_random_h8_s7_state64_mac16,scratch,cold,final,8,7,,64,16,25000000,25000000,25000000,cohort,15300000,692,7,0,5,680,0,0,0,0
cold_online_random_h8_s7_state64_mac16,scratch,cold,final,8,7,,64,16,25000000,25000000,25000000,cohort,15400000,652,3,0,6,643,0,0,0,0
cold_online_random_h8_s7_state64_mac16,scratch,cold,final,8,7,,64,16,25000000,25000000,25000000,cohort,15500000,678,3,0,7,668,0,0,0,0
cold_online_random_h8_s7_state64_mac16,scratch,cold,final,8,7,,64,16,25000000,25000000,25000000,cohort,15600000,642,4,0,3,635,0,0,0,0
cold_online_random_h8_s7_state64_mac16,scratch,cold,final,8,7,,64,16,25000000,25000000,25000000,cohort,15700000,654,7,0,4,643,0,0,0,0
cold_online_random_h8_s7_state64_mac16,scratch,cold,final,8,7,,64,16,25000000,25000000,25000000,cohort,15800000,640,5,0,8,627,0,0,0,0
cold_online_random_h8_s7_state64_mac16,scratch,cold,final,8,7,,64,16,25000000,25000000,25000000,cohort,15900000,676,8,0,7,661,0,0,0,0
cold_online_random_h8_s7_state64_mac16,scratch,cold,final,8,7,,64,16,25000000,25000000,25000000,cohort,16000000,646,6,0,5,635,0,0,0,0
cold_online_random_h8_s7_state64_mac16,scratch,cold,final,8,7,,64,16,25000000,25000000,25000000,cohort,16100000,690,8,0,12,670,0,0,0,0
cold_online_random_h8_s7_state64_mac16,scratch,cold,final,8,7,,64,16,25000000,25000000,25000000,cohort,16200000,690,4,0,7,679,0,0,0,0
cold_online_random_h8_s7_state64_mac16,scratch,cold,final,8,7,,64,16,25000000,25000000,25000000,cohort,16300000,662,4,0,9,649,0,0,0,0
cold_online_random_h8_s7_state64_mac16,scratch,cold,final,8,7,,64,16,25000000,25000000,25000000,cohort,16400000,678,10,0,16,652,0,0,0,0
cold_online_random_h8_s7_state64_mac16,scratch,cold,final,8,7,,64,16,25000000,25000000,25000000,cohort,16500000,640,4,0,11,625,0,0,0,0
cold_online_random_h8_s7_state64_mac16,scratch,cold,final,8,7,,64,16,25000000,25000000,25000000,cohort,16600000,676,5,0,9,662,0,0,0,0
cold_online_random_h8_s7_state64_mac16,scratch,cold,final,8,7,,64,16,25000000,25000000,25000000,cohort,16700000,682,5,0,10,667,0,0,0,0
cold_online_random_h8_s7_state64_mac16,scratch,cold,final,8,7,,64,16,25000000,25000000,25000000,cohort,16800000,670,6,0,10,654,0,0,0,0
cold_online_random_h8_s7_state64_mac16,scratch,cold,final,8,7,,64,16,25000000,25000000,25000000,cohort,16900000,674,5,0,7,662,0,0,0,0
cold_online_random_h8_s7_state64_mac16,scratch,cold,final,8,7,,64,16,25000000,25000000,25000000,cohort,17000000,624,7,0,14,603,0,0,0,0
cold_online_random_h8_s7_state64_mac16,scratch,cold,final,8,7,,64,16,25000000,25000000,25000000,cohort,17100000,688,6,0,22,660,0,0,0,0
cold_online_random_h8_s7_state64_mac16,scratch,cold,final,8,7,,64,16,25000000,25000000,25000000,cohort,17200000,616,4,0,11,601,0,0,0,0
cold_online_random_h8_s7_state64_mac16,scratch,cold,final,8,7,,64,16,25000000,25000000,25000000,cohort,17300000,680,3,0,8,669,0,0,0,0
cold_online_random_h8_s7_state64_mac16,scratch,cold,final,8,7,,64,16,25000000,25000000,25000000,cohort,17400000,714,5,0,11,698,0,0,0,0
cold_online_random_h8_s7_state64_mac16,scratch,cold,final,8,7,,64,16,25000000,25000000,25000000,cohort,17500000,684,4,0,9,671,0,0,0,0
cold_online_random_h8_s7_state64_mac16,scratch,cold,final,8,7,,64,16,25000000,25000000,25000000,cohort,17600000,662,4,0,10,648,0,0,0,0
cold_online_random_h8_s7_state64_mac16,scratch,cold,final,8,7,,64,16,25000000,25000000,25000000,cohort,17700000,654,5,0,8,641,0,0,0,0
cold_online_random_h8_s7_state64_mac16,scratch,cold,final,8,7,,64,16,25000000,25000000,25000000,cohort,17800000,676,9,0,4,663,0,0,0,0
cold_online_random_h8_s7_state64_mac16,scratch,cold,final,8,7,,64,16,25000000,25000000,25000000,cohort,17900000,698,1,0,15,682,0,0,0,0
cold_online_random_h8_s7_state64_mac16,scratch,cold,final,8,7,,64,16,25000000,25000000,25000000,cohort,18000000,690,2,0,3,685,0,0,0,0
cold_online_random_h8_s7_state64_mac16,scratch,cold,final,8,7,,64,16,25000000,25000000,25000000,cohort,18100000,730,4,0,6,720,0,0,0,0
cold_online_random_h8_s7_state64_mac16,scratch,cold,final,8,7,,64,16,25000000,25000000,25000000,cohort,18200000,616,7,0,5,604,0,0,0,0
cold_online_random_h8_s7_state64_mac16,scratch,cold,final,8,7,,64,16,25000000,25000000,25000000,cohort,18300000,644,4,0,3,637,0,0,0,0
cold_online_random_h8_s7_state64_mac16,scratch,cold,final,8,7,,64,16,25000000,25000000,25000000,cohort,18400000,668,10,0,10,648,0,0,0,0
cold_online_random_h8_s7_state64_mac16,scratch,cold,final,8,7,,64,16,25000000,25000000,25000000,cohort,18500000,660,5,0,8,647,0,0,0,0
cold_online_random_h8_s7_state64_mac16,scratch,cold,final,8,7,,64,16,25000000,25000000,25000000,cohort,18600000,710,7,0,10,693,0,0,0,0
cold_online_random_h8_s7_state64_mac16,scratch,cold,final,8,7,,64,16,25000000,25000000,25000000,cohort,18700000,610,6,0,3,601,0,0,0,0
cold_online_random_h8_s7_state64_mac16,scratch,cold,final,8,7,,64,16,25000000,25000000,25000000,cohort,18800000,688,10,0,6,672,0,0,0,0
cold_online_random_h8_s7_state64_mac16,scratch,cold,final,8,7,,64,16,25000000,25000000,25000000,cohort,18900000,664,2,0,2,660,0,0,0,0
cold_online_random_h8_s7_state64_mac16,scratch,cold,final,8,7,,64,16,25000000,25000000,25000000,cohort,19000000,672,5,0,3,664,0,0,0,0
cold_online_random_h8_s7_state64_mac16,scratch,cold,final,8,7,,64,16,25000000,25000000,25000000,cohort,19100000,620,5,0,5,610,0,0,0,0
cold_online_random_h8_s7_state64_mac16,scratch,cold,final,8,7,,64,16,25000000,25000000,25000000,cohort,19200000,706,7,0,3,696,0,0,0,0
cold_online_random_h8_s7_state64_mac16,scratch,cold,final,8,7,,64,16,25000000,25000000,25000000,cohort,19300000,662,3,0,6,653,0,0,0,0
cold_online_random_h8_s7_state64_mac16,scratch,cold,final,8,7,,64,16,25000000,25000000,25000000,cohort,19400000,632,5,0,3,624,0,0,0,0
cold_online_random_h8_s7_state64_mac16,scratch,cold,final,8,7,,64,16,25000000,25000000,25000000,cohort,19500000,736,7,0,19,710,0,0,0,0
cold_online_random_h8_s7_state64_mac16,scratch,cold,final,8,7,,64,16,25000000,25000000,25000000,cohort,19600000,654,3,0,5,646,0,0,0,0
cold_online_random_h8_s7_state64_mac16,scratch,cold,final,8,7,,64,16,25000000,25000000,25000000,cohort,19700000,688,5,0,8,675,0,0,0,0
cold_online_random_h8_s7_state64_mac16,scratch,cold,final,8,7,,64,16,25000000,25000000,25000000,cohort,19800000,718,9,0,11,698,0,0,0,0
cold_online_random_h8_s7_state64_mac16,scratch,cold,final,8,7,,64,16,25000000,25000000,25000000,cohort,19900000,670,4,0,11,655,0,0,0,0
cold_online_random_h8_s7_state64_mac16,scratch,cold,final,8,7,,64,16,25000000,25000000,25000000,cohort,20000000,640,4,0,3,633,0,0,0,0
cold_online_random_h8_s7_state64_mac16,scratch,cold,final,8,7,,64,16,25000000,25000000,25000000,cohort,20100000,594,9,0,7,578,0,0,0,0
cold_online_random_h8_s7_state64_mac16,scratch,cold,final,8,7,,64,16,25000000,25000000,25000000,cohort,20200000,702,10,0,3,689,0,0,0,0
cold_online_random_h8_s7_state64_mac16,scratch,cold,final,8,7,,64,16,25000000,25000000,25000000,cohort,20300000,672,3,0,3,666,0,0,0,0
cold_online_random_h8_s7_state64_mac16,scratch,cold,final,8,7,,64,16,25000000,25000000,25000000,cohort,20400000,680,6,0,8,666,0,0,0,0
cold_online_random_h8_s7_state64_mac16,scratch,cold,final,8,7,,64,16,25000000,25000000,25000000,cohort,20500000,720,4,0,5,711,0,0,0,0
cold_online_random_h8_s7_state64_mac16,scratch,cold,final,8,7,,64,16,25000000,25000000,25000000,cohort,20600000,652,5,0,1,646,0,0,0,0
cold_online_random_h8_s7_state64_mac16,scratch,cold,final,8,7,,64,16,25000000,25000000,25000000,cohort,20700000,640,4,0,9,627,0,0,0,0
cold_online_random_h8_s7_state64_mac16,scratch,cold,final,8,7,,64,16,25000000,25000000,25000000,cohort,20800000,658,3,0,5,650,0,0,0,0
cold_online_random_h8_s7_state64_mac16,scratch,cold,final,8,7,,64,16,25000000,25000000,25000000,cohort,20900000,684,6,0,9,669,0,0,0,0
cold_online_random_h8_s7_state64_mac16,scratch,cold,final,8,7,,64,16,25000000,25000000,25000000,cohort,21000000,676,6,0,12,658,0,0,0,0
cold_online_random_h8_s7_state64_mac16,scratch,cold,final,8,7,,64,16,25000000,25000000,25000000,cohort,21100000,662,7,0,3,652,0,0,0,0
cold_online_random_h8_s7_state64_mac16,scratch,cold,final,8,7,,64,16,25000000,25000000,25000000,cohort,21200000,636,6,0,1,629,0,0,0,0
cold_online_random_h8_s7_state64_mac16,scratch,cold,final,8,7,,64,16,25000000,25000000,25000000,cohort,21300000,686,7,0,13,666,0,0,0,0
cold_online_random_h8_s7_state64_mac16,scratch,cold,final,8,7,,64,16,25000000,25000000,25000000,cohort,21400000,660,6,0,18,636,0,0,0,0
cold_online_random_h8_s7_state64_mac16,scratch,cold,final,8,7,,64,16,25000000,25000000,25000000,cohort,21500000,664,8,0,1,655,0,0,0,0
cold_online_random_h8_s7_state64_mac16,scratch,cold,final,8,7,,64,16,25000000,25000000,25000000,cohort,21600000,718,7,0,8,703,0,0,0,0
cold_online_random_h8_s7_state64_mac16,scratch,cold,final,8,7,,64,16,25000000,25000000,25000000,cohort,21700000,708,6,0,12,690,0,0,0,0
cold_online_random_h8_s7_state64_mac16,scratch,cold,final,8,7,,64,16,25000000,25000000,25000000,cohort,21800000,652,8,0,8,636,0,0,0,0
cold_online_random_h8_s7_state64_mac16,scratch,cold,final,8,7,,64,16,25000000,25000000,25000000,cohort,21900000,716,3,0,2,711,0,0,0,0
cold_online_random_h8_s7_state64_mac16,scratch,cold,final,8,7,,64,16,25000000,25000000,25000000,cohort,22000000,724,6,0,3,715,0,0,0,0
cold_online_random_h8_s7_state64_mac16,scratch,cold,final,8,7,,64,16,25000000,25000000,25000000,cohort,22100000,684,4,0,7,673,0,0,0,0
cold_online_random_h8_s7_state64_mac16,scratch,cold,final,8,7,,64,16,25000000,25000000,25000000,cohort,22200000,660,5,0,2,653,0,0,0,0
cold_online_random_h8_s7_state64_mac16,scratch,cold,final,8,7,,64,16,25000000,25000000,25000000,cohort,22300000,652,6,0,11,635,0,0,0,0
cold_online_random_h8_s7_state64_mac16,scratch,cold,final,8,7,,64,16,25000000,25000000,25000000,cohort,22400000,644,7,0,2,635,0,0,0,0
cold_online_random_h8_s7_state64_mac16,scratch,cold,final,8,7,,64,16,25000000,25000000,25000000,cohort,22500000,712,5,0,21,686,0,0,0,0
cold_online_random_h8_s7_state64_mac16,scratch,cold,final,8,7,,64,16,25000000,25000000,25000000,cohort,22600000,650,7,0,13,630,0,0,0,0
cold_online_random_h8_s7_state64_mac16,scratch,cold,final,8,7,,64,16,25000000,25000000,25000000,cohort,22700000,628,5,0,5,618,0,0,0,0
cold_online_random_h8_s7_state64_mac16,scratch,cold,final,8,7,,64,16,25000000,25000000,25000000,cohort,22800000,740,5,0,13,722,0,0,0,0
cold_online_random_h8_s7_state64_mac16,scratch,cold,final,8,7,,64,16,25000000,25000000,25000000,cohort,22900000,668,2,0,3,663,0,0,0,0
cold_online_random_h8_s7_state64_mac16,scratch,cold,final,8,7,,64,16,25000000,25000000,25000000,cohort,23000000,710,6,0,14,690,0,0,0,0
cold_online_random_h8_s7_state64_mac16,scratch,cold,final,8,7,,64,16,25000000,25000000,25000000,cohort,23100000,710,3,0,13,694,0,0,0,0
cold_online_random_h8_s7_state64_mac16,scratch,cold,final,8,7,,64,16,25000000,25000000,25000000,cohort,23200000,676,5,0,13,658,0,0,0,0
cold_online_random_h8_s7_state64_mac16,scratch,cold,final,8,7,,64,16,25000000,25000000,25000000,cohort,23300000,712,6,0,12,694,0,0,0,0
cold_online_random_h8_s7_state64_mac16,scratch,cold,final,8,7,,64,16,25000000,25000000,25000000,cohort,23400000,580,2,0,2,576,0,0,0,0
cold_online_random_h8_s7_state64_mac16,scratch,cold,final,8,7,,64,16,25000000,25000000,25000000,cohort,23500000,680,7,0,11,662,0,0,0,0
cold_online_random_h8_s7_state64_mac16,scratch,cold,final,8,7,,64,16,25000000,25000000,25000000,cohort,23600000,642,8,0,3,631,0,0,0,0
cold_online_random_h8_s7_state64_mac16,scratch,cold,final,8,7,,64,16,25000000,25000000,25000000,cohort,23700000,674,4,0,6,664,0,0,0,0
cold_online_random_h8_s7_state64_mac16,scratch,cold,final,8,7,,64,16,25000000,25000000,25000000,cohort,23800000,688,4,0,6,676,0,0,2,2
cold_online_random_h8_s7_state64_mac16,scratch,cold,final,8,7,,64,16,25000000,25000000,25000000,cohort,23900000,692,3,0,11,678,0,0,0,0
cold_online_random_h8_s7_state64_mac16,scratch,cold,final,8,7,,64,16,25000000,25000000,25000000,cohort,24000000,596,3,0,5,588,0,0,0,0
cold_online_random_h8_s7_state64_mac16,scratch,cold,final,8,7,,64,16,25000000,25000000,25000000,cohort,24100000,596,7,0,2,585,0,0,2,2
cold_online_random_h8_s7_state64_mac16,scratch,cold,final,8,7,,64,16,25000000,25000000,25000000,cohort,24200000,626,5,0,2,619,0,0,0,0
cold_online_random_h8_s7_state64_mac16,scratch,cold,final,8,7,,64,16,25000000,25000000,25000000,cohort,24300000,648,4,0,2,641,0,0,1,1
cold_online_random_h8_s7_state64_mac16,scratch,cold,final,8,7,,64,16,25000000,25000000,25000000,cohort,24400000,586,5,0,3,577,0,0,1,1
cold_online_random_h8_s7_state64_mac16,scratch,cold,final,8,7,,64,16,25000000,25000000,25000000,cohort,24500000,658,6,0,2,650,0,0,0,0
cold_online_random_h8_s7_state64_mac16,scratch,cold,final,8,7,,64,16,25000000,25000000,25000000,cohort,24600000,642,8,0,0,630,0,0,4,4
cold_online_random_h8_s7_state64_mac16,scratch,cold,final,8,7,,64,16,25000000,25000000,25000000,cohort,24700000,648,3,0,0,644,0,0,1,1
cold_online_random_h8_s7_state64_mac16,scratch,cold,final,8,7,,64,16,25000000,25000000,25000000,cohort,24800000,582,3,0,0,577,0,0,2,2
cold_online_random_h8_s7_state64_mac16,scratch,cold,final,8,7,,64,16,25000000,25000000,25000000,cohort,24900000,634,2,0,0,626,0,0,6,6
cold_online_random_h8_s7_state64_mac4,scratch,cold,final,8,7,,64,4,25000000,25000000,25000000,cohort,0,412,0,0,0,412,0,0,0,0
cold_online_random_h8_s7_state64_mac4,scratch,cold,final,8,7,,64,4,25000000,25000000,25000000,cohort,100000,340,0,0,0,340,0,0,0,0
cold_online_random_h8_s7_state64_mac4,scratch,cold,final,8,7,,64,4,25000000,25000000,25000000,cohort,200000,334,0,0,0,334,0,0,0,0
cold_online_random_h8_s7_state64_mac4,scratch,cold,final,8,7,,64,4,25000000,25000000,25000000,cohort,300000,342,0,0,0,342,0,0,0,0
cold_online_random_h8_s7_state64_mac4,scratch,cold,final,8,7,,64,4,25000000,25000000,25000000,cohort,400000,339,0,0,0,339,0,0,0,0
cold_online_random_h8_s7_state64_mac4,scratch,cold,final,8,7,,64,4,25000000,25000000,25000000,cohort,500000,343,0,0,0,343,0,0,0,0
cold_online_random_h8_s7_state64_mac4,scratch,cold,final,8,7,,64,4,25000000,25000000,25000000,cohort,600000,342,0,0,0,342,0,0,0,0
cold_online_random_h8_s7_state64_mac4,scratch,cold,final,8,7,,64,4,25000000,25000000,25000000,cohort,700000,346,0,0,0,346,0,0,0,0
cold_online_random_h8_s7_state64_mac4,scratch,cold,final,8,7,,64,4,25000000,25000000,25000000,cohort,800000,335,0,0,0,335,0,0,0,0
cold_online_random_h8_s7_state64_mac4,scratch,cold,final,8,7,,64,4,25000000,25000000,25000000,cohort,900000,345,0,0,0,345,0,0,0,0
cold_online_random_h8_s7_state64_mac4,scratch,cold,final,8,7,,64,4,25000000,25000000,25000000,cohort,1000000,340,0,0,0,340,0,0,0,0
cold_online_random_h8_s7_state64_mac4,scratch,cold,final,8,7,,64,4,25000000,25000000,25000000,cohort,1100000,337,0,0,0,337,0,0,0,0
cold_online_random_h8_s7_state64_mac4,scratch,cold,final,8,7,,64,4,25000000,25000000,25000000,cohort,1200000,340,0,0,0,340,0,0,0,0
cold_online_random_h8_s7_state64_mac4,scratch,cold,final,8,7,,64,4,25000000,25000000,25000000,cohort,1300000,337,0,0,0,337,0,0,0,0
cold_online_random_h8_s7_state64_mac4,scratch,cold,final,8,7,,64,4,25000000,25000000,25000000,cohort,1400000,340,0,0,0,340,0,0,0,0
cold_online_random_h8_s7_state64_mac4,scratch,cold,final,8,7,,64,4,25000000,25000000,25000000,cohort,1500000,340,0,0,0,340,0,0,0,0
cold_online_random_h8_s7_state64_mac4,scratch,cold,final,8,7,,64,4,25000000,25000000,25000000,cohort,1600000,357,0,0,0,357,0,0,0,0
cold_online_random_h8_s7_state64_mac4,scratch,cold,final,8,7,,64,4,25000000,25000000,25000000,cohort,1700000,338,0,0,0,338,0,0,0,0
cold_online_random_h8_s7_state64_mac4,scratch,cold,final,8,7,,64,4,25000000,25000000,25000000,cohort,1800000,340,0,0,0,340,0,0,0,0
cold_online_random_h8_s7_state64_mac4,scratch,cold,final,8,7,,64,4,25000000,25000000,25000000,cohort,1900000,341,0,0,0,341,0,0,0,0
cold_online_random_h8_s7_state64_mac4,scratch,cold,final,8,7,,64,4,25000000,25000000,25000000,cohort,2000000,338,0,0,0,338,0,0,0,0
cold_online_random_h8_s7_state64_mac4,scratch,cold,final,8,7,,64,4,25000000,25000000,25000000,cohort,2100000,343,0,0,0,343,0,0,0,0
cold_online_random_h8_s7_state64_mac4,scratch,cold,final,8,7,,64,4,25000000,25000000,25000000,cohort,2200000,341,0,0,0,341,0,0,0,0
cold_online_random_h8_s7_state64_mac4,scratch,cold,final,8,7,,64,4,25000000,25000000,25000000,cohort,2300000,343,0,0,0,343,0,0,0,0
cold_online_random_h8_s7_state64_mac4,scratch,cold,final,8,7,,64,4,25000000,25000000,25000000,cohort,2400000,339,0,0,0,339,0,0,0,0
cold_online_random_h8_s7_state64_mac4,scratch,cold,final,8,7,,64,4,25000000,25000000,25000000,cohort,2500000,343,0,0,0,343,0,0,0,0
cold_online_random_h8_s7_state64_mac4,scratch,cold,final,8,7,,64,4,25000000,25000000,25000000,cohort,2600000,343,0,0,0,343,0,0,0,0
cold_online_random_h8_s7_state64_mac4,scratch,cold,final,8,7,,64,4,25000000,25000000,25000000,cohort,2700000,342,0,0,0,342,0,0,0,0
cold_online_random_h8_s7_state64_mac4,scratch,cold,final,8,7,,64,4,25000000,25000000,25000000,cohort,2800000,341,0,0,0,341,0,0,0,0
cold_online_random_h8_s7_state64_mac4,scratch,cold,final,8,7,,64,4,25000000,25000000,25000000,cohort,2900000,339,0,0,0,339,0,0,0,0
cold_online_random_h8_s7_state64_mac4,scratch,cold,final,8,7,,64,4,25000000,25000000,25000000,cohort,3000000,342,0,0,0,342,0,0,0,0
cold_online_random_h8_s7_state64_mac4,scratch,cold,final,8,7,,64,4,25000000,25000000,25000000,cohort,3100000,380,0,0,0,380,0,0,0,0
cold_online_random_h8_s7_state64_mac4,scratch,cold,final,8,7,,64,4,25000000,25000000,25000000,cohort,3200000,518,1,0,2,515,0,0,0,0
cold_online_random_h8_s7_state64_mac4,scratch,cold,final,8,7,,64,4,25000000,25000000,25000000,cohort,3300000,558,2,0,2,554,0,0,0,0
cold_online_random_h8_s7_state64_mac4,scratch,cold,final,8,7,,64,4,25000000,25000000,25000000,cohort,3400000,566,3,0,0,563,0,0,0,0
cold_online_random_h8_s7_state64_mac4,scratch,cold,final,8,7,,64,4,25000000,25000000,25000000,cohort,3500000,563,0,0,0,563,0,0,0,0
cold_online_random_h8_s7_state64_mac4,scratch,cold,final,8,7,,64,4,25000000,25000000,25000000,cohort,3600000,583,4,0,8,571,0,0,0,0
cold_online_random_h8_s7_state64_mac4,scratch,cold,final,8,7,,64,4,25000000,25000000,25000000,cohort,3700000,561,2,0,3,556,0,0,0,0
cold_online_random_h8_s7_state64_mac4,scratch,cold,final,8,7,,64,4,25000000,25000000,25000000,cohort,3800000,576,2,0,2,572,0,0,0,0
cold_online_random_h8_s7_state64_mac4,scratch,cold,final,8,7,,64,4,25000000,25000000,25000000,cohort,3900000,566,1,0,5,560,0,0,0,0
cold_online_random_h8_s7_state64_mac4,scratch,cold,final,8,7,,64,4,25000000,25000000,25000000,cohort,4000000,571,5,0,5,561,0,0,0,0
cold_online_random_h8_s7_state64_mac4,scratch,cold,final,8,7,,64,4,25000000,25000000,25000000,cohort,4100000,566,4,0,2,560,0,0,0,0
cold_online_random_h8_s7_state64_mac4,scratch,cold,final,8,7,,64,4,25000000,25000000,25000000,cohort,4200000,562,3,0,2,557,0,0,0,0
cold_online_random_h8_s7_state64_mac4,scratch,cold,final,8,7,,64,4,25000000,25000000,25000000,cohort,4300000,552,0,0,3,549,0,0,0,0
cold_online_random_h8_s7_state64_mac4,scratch,cold,final,8,7,,64,4,25000000,25000000,25000000,cohort,4400000,526,2,0,2,522,0,0,0,0
cold_online_random_h8_s7_state64_mac4,scratch,cold,final,8,7,,64,4,25000000,25000000,25000000,cohort,4500000,504,3,0,6,495,0,0,0,0
cold_online_random_h8_s7_state64_mac4,scratch,cold,final,8,7,,64,4,25000000,25000000,25000000,cohort,4600000,510,0,0,1,509,0,0,0,0
cold_online_random_h8_s7_state64_mac4,scratch,cold,final,8,7,,64,4,25000000,25000000,25000000,cohort,4700000,508,3,0,2,503,0,0,0,0
cold_online_random_h8_s7_state64_mac4,scratch,cold,final,8,7,,64,4,25000000,25000000,25000000,cohort,4800000,491,3,0,1,487,0,0,0,0
cold_online_random_h8_s7_state64_mac4,scratch,cold,final,8,7,,64,4,25000000,25000000,25000000,cohort,4900000,495,2,0,5,488,0,0,0,0
cold_online_random_h8_s7_state64_mac4,scratch,cold,final,8,7,,64,4,25000000,25000000,25000000,cohort,5000000,478,1,0,12,465,0,0,0,0
cold_online_random_h8_s7_state64_mac4,scratch,cold,final,8,7,,64,4,25000000,25000000,25000000,cohort,5100000,402,3,0,3,396,0,0,0,0
cold_online_random_h8_s7_state64_mac4,scratch,cold,final,8,7,,64,4,25000000,25000000,25000000,cohort,5200000,387,2,0,5,380,0,0,0,0
cold_online_random_h8_s7_state64_mac4,scratch,cold,final,8,7,,64,4,25000000,25000000,25000000,cohort,5300000,372,1,0,6,365,0,0,0,0
cold_online_random_h8_s7_state64_mac4,scratch,cold,final,8,7,,64,4,25000000,25000000,25000000,cohort,5400000,276,3,0,4,269,0,0,0,0
cold_online_random_h8_s7_state64_mac4,scratch,cold,final,8,7,,64,4,25000000,25000000,25000000,cohort,5500000,228,3,0,0,225,0,0,0,0
cold_online_random_h8_s7_state64_mac4,scratch,cold,final,8,7,,64,4,25000000,25000000,25000000,cohort,5600000,227,5,0,2,220,0,0,0,0
cold_online_random_h8_s7_state64_mac4,scratch,cold,final,8,7,,64,4,25000000,25000000,25000000,cohort,5700000,240,2,0,3,235,0,0,0,0
cold_online_random_h8_s7_state64_mac4,scratch,cold,final,8,7,,64,4,25000000,25000000,25000000,cohort,5800000,186,2,0,1,183,0,0,0,0
cold_online_random_h8_s7_state64_mac4,scratch,cold,final,8,7,,64,4,25000000,25000000,25000000,cohort,5900000,240,5,0,5,230,0,0,0,0
cold_online_random_h8_s7_state64_mac4,scratch,cold,final,8,7,,64,4,25000000,25000000,25000000,cohort,6000000,324,0,0,1,323,0,0,0,0
cold_online_random_h8_s7_state64_mac4,scratch,cold,final,8,7,,64,4,25000000,25000000,25000000,cohort,6100000,234,2,0,1,231,0,0,0,0
cold_online_random_h8_s7_state64_mac4,scratch,cold,final,8,7,,64,4,25000000,25000000,25000000,cohort,6200000,278,2,0,2,274,0,0,0,0
cold_online_random_h8_s7_state64_mac4,scratch,cold,final,8,7,,64,4,25000000,25000000,25000000,cohort,6300000,224,1,0,3,220,0,0,0,0
cold_online_random_h8_s7_state64_mac4,scratch,cold,final,8,7,,64,4,25000000,25000000,25000000,cohort,6400000,221,1,0,3,217,0,0,0,0
cold_online_random_h8_s7_state64_mac4,scratch,cold,final,8,7,,64,4,25000000,25000000,25000000,cohort,6500000,254,2,0,2,250,0,0,0,0
cold_online_random_h8_s7_state64_mac4,scratch,cold,final,8,7,,64,4,25000000,25000000,25000000,cohort,6600000,286,0,0,4,282,0,0,0,0
cold_online_random_h8_s7_state64_mac4,scratch,cold,final,8,7,,64,4,25000000,25000000,25000000,cohort,6700000,312,2,0,3,307,0,0,0,0
cold_online_random_h8_s7_state64_mac4,scratch,cold,final,8,7,,64,4,25000000,25000000,25000000,cohort,6800000,340,0,0,5,335,0,0,0,0
cold_online_random_h8_s7_state64_mac4,scratch,cold,final,8,7,,64,4,25000000,25000000,25000000,cohort,6900000,364,1,0,2,361,0,0,0,0
cold_online_random_h8_s7_state64_mac4,scratch,cold,final,8,7,,64,4,25000000,25000000,25000000,cohort,7000000,382,2,0,1,379,0,0,0,0
cold_online_random_h8_s7_state64_mac4,scratch,cold,final,8,7,,64,4,25000000,25000000,25000000,cohort,7100000,350,2,0,4,344,0,0,0,0
cold_online_random_h8_s7_state64_mac4,scratch,cold,final,8,7,,64,4,25000000,25000000,25000000,cohort,7200000,322,1,0,2,319,0,0,0,0
cold_online_random_h8_s7_state64_mac4,scratch,cold,final,8,7,,64,4,25000000,25000000,25000000,cohort,7300000,326,2,0,5,319,0,0,0,0
cold_online_random_h8_s7_state64_mac4,scratch,cold,final,8,7,,64,4,25000000,25000000,25000000,cohort,7400000,332,1,0,2,328,1,0,0,0
cold_online_random_h8_s7_state64_mac4,scratch,cold,final,8,7,,64,4,25000000,25000000,25000000,cohort,7500000,306,1,0,4,301,0,0,0,0
cold_online_random_h8_s7_state64_mac4,scratch,cold,final,8,7,,64,4,25000000,25000000,25000000,cohort,7600000,312,2,0,2,308,0,0,0,0
cold_online_random_h8_s7_state64_mac4,scratch,cold,final,8,7,,64,4,25000000,25000000,25000000,cohort,7700000,336,5,0,2,329,0,0,0,0
cold_online_random_h8_s7_state64_mac4,scratch,cold,final,8,7,,64,4,25000000,25000000,25000000,cohort,7800000,338,4,0,5,329,0,0,0,0
cold_online_random_h8_s7_state64_mac4,scratch,cold,final,8,7,,64,4,25000000,25000000,25000000,cohort,7900000,376,3,0,3,370,0,0,0,0
cold_online_random_h8_s7_state64_mac4,scratch,cold,final,8,7,,64,4,25000000,25000000,25000000,cohort,8000000,326,1,0,7,318,0,0,0,0
cold_online_random_h8_s7_state64_mac4,scratch,cold,final,8,7,,64,4,25000000,25000000,25000000,cohort,8100000,352,4,0,7,341,0,0,0,0
cold_online_random_h8_s7_state64_mac4,scratch,cold,final,8,7,,64,4,25000000,25000000,25000000,cohort,8200000,364,2,0,2,360,0,0,0,0
cold_online_random_h8_s7_state64_mac4,scratch,cold,final,8,7,,64,4,25000000,25000000,25000000,cohort,8300000,434,1,0,3,430,0,0,0,0
cold_online_random_h8_s7_state64_mac4,scratch,cold,final,8,7,,64,4,25000000,25000000,25000000,cohort,8400000,360,2,0,3,355,0,0,0,0
cold_online_random_h8_s7_state64_mac4,scratch,cold,final,8,7,,64,4,25000000,25000000,25000000,cohort,8500000,370,3,0,8,359,0,0,0,0
cold_online_random_h8_s7_state64_mac4,scratch,cold,final,8,7,,64,4,25000000,25000000,25000000,cohort,8600000,340,4,0,3,333,0,0,0,0
cold_online_random_h8_s7_state64_mac4,scratch,cold,final,8,7,,64,4,25000000,25000000,25000000,cohort,8700000,374,5,0,4,365,0,0,0,0
cold_online_random_h8_s7_state64_mac4,scratch,cold,final,8,7,,64,4,25000000,25000000,25000000,cohort,8800000,342,1,0,9,332,0,0,0,0
cold_online_random_h8_s7_state64_mac4,scratch,cold,final,8,7,,64,4,25000000,25000000,25000000,cohort,8900000,376,1,0,1,374,0,0,0,0
cold_online_random_h8_s7_state64_mac4,scratch,cold,final,8,7,,64,4,25000000,25000000,25000000,cohort,9000000,396,2,0,6,388,0,0,0,0
cold_online_random_h8_s7_state64_mac4,scratch,cold,final,8,7,,64,4,25000000,25000000,25000000,cohort,9100000,338,4,0,4,330,0,0,0,0
cold_online_random_h8_s7_state64_mac4,scratch,cold,final,8,7,,64,4,25000000,25000000,25000000,cohort,9200000,368,2,0,7,359,0,0,0,0
cold_online_random_h8_s7_state64_mac4,scratch,cold,final,8,7,,64,4,25000000,25000000,25000000,cohort,9300000,406,2,0,5,399,0,0,0,0
cold_online_random_h8_s7_state64_mac4,scratch,cold,final,8,7,,64,4,25000000,25000000,25000000,cohort,9400000,366,1,0,0,365,0,0,0,0
cold_online_random_h8_s7_state64_mac4,scratch,cold,final,8,7,,64,4,25000000,25000000,25000000,cohort,9500000,396,3,0,2,391,0,0,0,0
cold_online_random_h8_s7_state64_mac4,scratch,cold,final,8,7,,64,4,25000000,25000000,25000000,cohort,9600000,416,5,0,5,406,0,0,0,0
cold_online_random_h8_s7_state64_mac4,scratch,cold,final,8,7,,64,4,25000000,25000000,25000000,cohort,9700000,410,1,0,2,407,0,0,0,0
cold_online_random_h8_s7_state64_mac4,scratch,cold,final,8,7,,64,4,25000000,25000000,25000000,cohort,9800000,344,0,0,5,339,0,0,0,0
cold_online_random_h8_s7_state64_mac4,scratch,cold,final,8,7,,64,4,25000000,25000000,25000000,cohort,9900000,370,2,0,6,362,0,0,0,0
cold_online_random_h8_s7_state64_mac4,scratch,cold,final,8,7,,64,4,25000000,25000000,25000000,cohort,10000000,380,2,0,4,374,0,0,0,0
cold_online_random_h8_s7_state64_mac4,scratch,cold,final,8,7,,64,4,25000000,25000000,25000000,cohort,10100000,354,2,0,2,350,0,0,0,0
cold_online_random_h8_s7_state64_mac4,scratch,cold,final,8,7,,64,4,25000000,25000000,25000000,cohort,10200000,390,4,0,0,386,0,0,0,0
cold_online_random_h8_s7_state64_mac4,scratch,cold,final,8,7,,64,4,25000000,25000000,25000000,cohort,10300000,390,3,0,3,384,0,0,0,0
cold_online_random_h8_s7_state64_mac4,scratch,cold,final,8,7,,64,4,25000000,25000000,25000000,cohort,10400000,332,4,0,3,325,0,0,0,0
cold_online_random_h8_s7_state64_mac4,scratch,cold,final,8,7,,64,4,25000000,25000000,25000000,cohort,10500000,338,3,0,2,333,0,0,0,0
cold_online_random_h8_s7_state64_mac4,scratch,cold,final,8,7,,64,4,25000000,25000000,25000000,cohort,10600000,192,2,0,6,184,0,0,0,0
cold_online_random_h8_s7_state64_mac4,scratch,cold,final,8,7,,64,4,25000000,25000000,25000000,cohort,10700000,132,0,0,1,131,0,0,0,0
cold_online_random_h8_s7_state64_mac4,scratch,cold,final,8,7,,64,4,25000000,25000000,25000000,cohort,10800000,308,1,0,3,304,0,0,0,0
cold_online_random_h8_s7_state64_mac4,scratch,cold,final,8,7,,64,4,25000000,25000000,25000000,cohort,10900000,346,2,0,3,341,0,0,0,0
cold_online_random_h8_s7_state64_mac4,scratch,cold,final,8,7,,64,4,25000000,25000000,25000000,cohort,11000000,352,1,0,6,345,0,0,0,0
cold_online_random_h8_s7_state64_mac4,scratch,cold,final,8,7,,64,4,25000000,25000000,25000000,cohort,11100000,348,1,0,0,347,0,0,0,0
cold_online_random_h8_s7_state64_mac4,scratch,cold,final,8,7,,64,4,25000000,25000000,25000000,cohort,11200000,398,6,0,10,382,0,0,0,0
cold_online_random_h8_s7_state64_mac4,scratch,cold,final,8,7,,64,4,25000000,25000000,25000000,cohort,11300000,362,5,0,5,352,0,0,0,0
cold_online_random_h8_s7_state64_mac4,scratch,cold,final,8,7,,64,4,25000000,25000000,25000000,cohort,11400000,414,2,0,20,392,0,0,0,0
cold_online_random_h8_s7_state64_mac4,scratch,cold,final,8,7,,64,4,25000000,25000000,25000000,cohort,11500000,422,1,0,33,388,0,0,0,0
cold_online_random_h8_s7_state64_mac4,scratch,cold,final,8,7,,64,4,25000000,25000000,25000000,cohort,11600000,386,2,0,15,369,0,0,0,0
cold_online_random_h8_s7_state64_mac4,scratch,cold,final,8,7,,64,4,25000000,25000000,25000000,cohort,11700000,382,2,0,3,377,0,0,0,0
cold_online_random_h8_s7_state64_mac4,scratch,cold,final,8,7,,64,4,25000000,25000000,25000000,cohort,11800000,480,0,0,50,430,0,0,0,0
cold_online_random_h8_s7_state64_mac4,scratch,cold,final,8,7,,64,4,25000000,25000000,25000000,cohort,11900000,448,3,0,36,409,0,0,0,0
cold_online_random_h8_s7_state64_mac4,scratch,cold,final,8,7,,64,4,25000000,25000000,25000000,cohort,12000000,422,2,0,24,396,0,0,0,0
cold_online_random_h8_s7_state64_mac4,scratch,cold,final,8,7,,64,4,25000000,25000000,25000000,cohort,12100000,432,3,0,27,402,0,0,0,0
cold_online_random_h8_s7_state64_mac4,scratch,cold,final,8,7,,64,4,25000000,25000000,25000000,cohort,12200000,376,1,1,2,372,0,0,0,0
cold_online_random_h8_s7_state64_mac4,scratch,cold,final,8,7,,64,4,25000000,25000000,25000000,cohort,12300000,360,2,0,7,351,0,0,0,0
cold_online_random_h8_s7_state64_mac4,scratch,cold,final,8,7,,64,4,25000000,25000000,25000000,cohort,12400000,356,2,0,5,349,0,0,0,0
cold_online_random_h8_s7_state64_mac4,scratch,cold,final,8,7,,64,4,25000000,25000000,25000000,cohort,12500000,362,3,0,6,353,0,0,0,0
cold_online_random_h8_s7_state64_mac4,scratch,cold,final,8,7,,64,4,25000000,25000000,25000000,cohort,12600000,506,1,0,46,459,0,0,0,0
cold_online_random_h8_s7_state64_mac4,scratch,cold,final,8,7,,64,4,25000000,25000000,25000000,cohort,12700000,436,1,0,29,405,1,0,0,0
cold_online_random_h8_s7_state64_mac4,scratch,cold,final,8,7,,64,4,25000000,25000000,25000000,cohort,12800000,396,4,0,28,364,0,0,0,0
cold_online_random_h8_s7_state64_mac4,scratch,cold,final,8,7,,64,4,25000000,25000000,25000000,cohort,12900000,382,1,0,8,373,0,0,0,0
cold_online_random_h8_s7_state64_mac4,scratch,cold,final,8,7,,64,4,25000000,25000000,25000000,cohort,13000000,382,5,0,2,375,0,0,0,0
cold_online_random_h8_s7_state64_mac4,scratch,cold,final,8,7,,64,4,25000000,25000000,25000000,cohort,13100000,366,2,0,3,361,0,0,0,0
cold_online_random_h8_s7_state64_mac4,scratch,cold,final,8,7,,64,4,25000000,25000000,25000000,cohort,13200000,446,3,0,43,400,0,0,0,0
cold_online_random_h8_s7_state64_mac4,scratch,cold,final,8,7,,64,4,25000000,25000000,25000000,cohort,13300000,386,2,0,1,383,0,0,0,0
cold_online_random_h8_s7_state64_mac4,scratch,cold,final,8,7,,64,4,25000000,25000000,25000000,cohort,13400000,564,0,0,53,511,0,0,0,0
cold_online_random_h8_s7_state64_mac4,scratch,cold,final,8,7,,64,4,25000000,25000000,25000000,cohort,13500000,356,3,0,11,342,0,0,0,0
cold_online_random_h8_s7_state64_mac4,scratch,cold,final,8,7,,64,4,25000000,25000000,25000000,cohort,13600000,308,2,0,7,299,0,0,0,0
cold_online_random_h8_s7_state64_mac4,scratch,cold,final,8,7,,64,4,25000000,25000000,25000000,cohort,13700000,410,4,0,18,388,0,0,0,0
cold_online_random_h8_s7_state64_mac4,scratch,cold,final,8,7,,64,4,25000000,25000000,25000000,cohort,13800000,338,2,0,2,334,0,0,0,0
cold_online_random_h8_s7_state64_mac4,scratch,cold,final,8,7,,64,4,25000000,25000000,25000000,cohort,13900000,364,5,0,9,350,0,0,0,0
cold_online_random_h8_s7_state64_mac4,scratch,cold,final,8,7,,64,4,25000000,25000000,25000000,cohort,14000000,332,1,0,4,327,0,0,0,0
cold_online_random_h8_s7_state64_mac4,scratch,cold,final,8,7,,64,4,25000000,25000000,25000000,cohort,14100000,336,2,0,13,321,0,0,0,0
cold_online_random_h8_s7_state64_mac4,scratch,cold,final,8,7,,64,4,25000000,25000000,25000000,cohort,14200000,438,5,0,6,427,0,0,0,0
cold_online_random_h8_s7_state64_mac4,scratch,cold,final,8,7,,64,4,25000000,25000000,25000000,cohort,14300000,360,2,0,1,357,0,0,0,0
cold_online_random_h8_s7_state64_mac4,scratch,cold,final,8,7,,64,4,25000000,25000000,25000000,cohort,14400000,332,4,0,3,325,0,0,0,0
cold_online_random_h8_s7_state64_mac4,scratch,cold,final,8,7,,64,4,25000000,25000000,25000000,cohort,14500000,368,2,0,3,363,0,0,0,0
cold_online_random_h8_s7_state64_mac4,scratch,cold,final,8,7,,64,4,25000000,25000000,25000000,cohort,14600000,372,2,0,6,364,0,0,0,0
cold_online_random_h8_s7_state64_mac4,scratch,cold,final,8,7,,64,4,25000000,25000000,25000000,cohort,14700000,404,2,0,3,399,0,0,0,0
cold_online_random_h8_s7_state64_mac4,scratch,cold,final,8,7,,64,4,25000000,25000000,25000000,cohort,14800000,368,0,0,4,364,0,0,0,0
cold_online_random_h8_s7_state64_mac4,scratch,cold,final,8,7,,64,4,25000000,25000000,25000000,cohort,14900000,362,2,0,8,352,0,0,0,0
cold_online_random_h8_s7_state64_mac4,scratch,cold,final,8,7,,64,4,25000000,25000000,25000000,cohort,15000000,346,5,0,3,338,0,0,0,0
cold_online_random_h8_s7_state64_mac4,scratch,cold,final,8,7,,64,4,25000000,25000000,25000000,cohort,15100000,398,3,0,7,388,0,0,0,0
cold_online_random_h8_s7_state64_mac4,scratch,cold,final,8,7,,64,4,25000000,25000000,25000000,cohort,15200000,360,4,0,2,354,0,0,0,0
cold_online_random_h8_s7_state64_mac4,scratch,cold,final,8,7,,64,4,25000000,25000000,25000000,cohort,15300000,370,4,0,4,362,0,0,0,0
cold_online_random_h8_s7_state64_mac4,scratch,cold,final,8,7,,64,4,25000000,25000000,25000000,cohort,15400000,326,5,0,4,317,0,0,0,0
cold_online_random_h8_s7_state64_mac4,scratch,cold,final,8,7,,64,4,25000000,25000000,25000000,cohort,15500000,380,1,0,3,376,0,0,0,0
cold_online_random_h8_s7_state64_mac4,scratch,cold,final,8,7,,64,4,25000000,25000000,25000000,cohort,15600000,356,3,0,3,350,0,0,0,0
cold_online_random_h8_s7_state64_mac4,scratch,cold,final,8,7,,64,4,25000000,25000000,25000000,cohort,15700000,334,1,0,2,331,0,0,0,0
cold_online_random_h8_s7_state64_mac4,scratch,cold,final,8,7,,64,4,25000000,25000000,25000000,cohort,15800000,352,2,0,5,345,0,0,0,0
cold_online_random_h8_s7_state64_mac4,scratch,cold,final,8,7,,64,4,25000000,25000000,25000000,cohort,15900000,378,2,0,3,373,0,0,0,0
cold_online_random_h8_s7_state64_mac4,scratch,cold,final,8,7,,64,4,25000000,25000000,25000000,cohort,16000000,350,2,0,5,343,0,0,0,0
cold_online_random_h8_s7_state64_mac4,scratch,cold,final,8,7,,64,4,25000000,25000000,25000000,cohort,16100000,366,2,0,4,360,0,0,0,0
cold_online_random_h8_s7_state64_mac4,scratch,cold,final,8,7,,64,4,25000000,25000000,25000000,cohort,16200000,382,2,0,3,377,0,0,0,0
cold_online_random_h8_s7_state64_mac4,scratch,cold,final,8,7,,64,4,25000000,25000000,25000000,cohort,16300000,350,2,0,1,347,0,0,0,0
cold_online_random_h8_s7_state64_mac4,scratch,cold,final,8,7,,64,4,25000000,25000000,25000000,cohort,16400000,382,1,0,6,375,0,0,0,0
cold_online_random_h8_s7_state64_mac4,scratch,cold,final,8,7,,64,4,25000000,25000000,25000000,cohort,16500000,348,2,0,5,341,0,0,0,0
cold_online_random_h8_s7_state64_mac4,scratch,cold,final,8,7,,64,4,25000000,25000000,25000000,cohort,16600000,374,2,0,3,369,0,0,0,0
cold_online_random_h8_s7_state64_mac4,scratch,cold,final,8,7,,64,4,25000000,25000000,25000000,cohort,16700000,384,3,0,6,375,0,0,0,0
cold_online_random_h8_s7_state64_mac4,scratch,cold,final,8,7,,64,4,25000000,25000000,25000000,cohort,16800000,376,2,0,7,367,0,0,0,0
cold_online_random_h8_s7_state64_mac4,scratch,cold,final,8,7,,64,4,25000000,25000000,25000000,cohort,16900000,358,3,0,2,353,0,0,0,0
cold_online_random_h8_s7_state64_mac4,scratch,cold,final,8,7,,64,4,25000000,25000000,25000000,cohort,17000000,356,2,0,5,349,0,0,0,0
cold_online_random_h8_s7_state64_mac4,scratch,cold,final,8,7,,64,4,25000000,25000000,25000000,cohort,17100000,356,2,0,8,346,0,0,0,0
cold_online_random_h8_s7_state64_mac4,scratch,cold,final,8,7,,64,4,25000000,25000000,25000000,cohort,17200000,364,5,0,4,355,0,0,0,0
cold_online_random_h8_s7_state64_mac4,scratch,cold,final,8,7,,64,4,25000000,25000000,25000000,cohort,17300000,378,4,0,4,370,0,0,0,0
cold_online_random_h8_s7_state64_mac4,scratch,cold,final,8,7,,64,4,25000000,25000000,25000000,cohort,17400000,390,2,0,4,384,0,0,0,0
cold_online_random_h8_s7_state64_mac4,scratch,cold,final,8,7,,64,4,25000000,25000000,25000000,cohort,17500000,366,3,0,4,359,0,0,0,0
cold_online_random_h8_s7_state64_mac4,scratch,cold,final,8,7,,64,4,25000000,25000000,25000000,cohort,17600000,376,2,0,7,367,0,0,0,0
cold_online_random_h8_s7_state64_mac4,scratch,cold,final,8,7,,64,4,25000000,25000000,25000000,cohort,17700000,360,2,0,2,356,0,0,0,0
cold_online_random_h8_s7_state64_mac4,scratch,cold,final,8,7,,64,4,25000000,25000000,25000000,cohort,17800000,372,2,0,4,366,0,0,0,0
cold_online_random_h8_s7_state64_mac4,scratch,cold,final,8,7,,64,4,25000000,25000000,25000000,cohort,17900000,400,3,0,6,391,0,0,0,0
cold_online_random_h8_s7_state64_mac4,scratch,cold,final,8,7,,64,4,25000000,25000000,25000000,cohort,18000000,358,3,0,1,354,0,0,0,0
cold_online_random_h8_s7_state64_mac4,scratch,cold,final,8,7,,64,4,25000000,25000000,25000000,cohort,18100000,410,3,0,3,404,0,0,0,0
cold_online_random_h8_s7_state64_mac4,scratch,cold,final,8,7,,64,4,25000000,25000000,25000000,cohort,18200000,340,4,0,4,332,0,0,0,0
cold_online_random_h8_s7_state64_mac4,scratch,cold,final,8,7,,64,4,25000000,25000000,25000000,cohort,18300000,356,0,0,1,355,0,0,0,0
cold_online_random_h8_s7_state64_mac4,scratch,cold,final,8,7,,64,4,25000000,25000000,25000000,cohort,18400000,378,5,0,5,368,0,0,0,0
cold_online_random_h8_s7_state64_mac4,scratch,cold,final,8,7,,64,4,25000000,25000000,25000000,cohort,18500000,350,4,0,5,340,1,0,0,0
cold_online_random_h8_s7_state64_mac4,scratch,cold,final,8,7,,64,4,25000000,25000000,25000000,cohort,18600000,382,3,0,4,375,0,0,0,0
cold_online_random_h8_s7_state64_mac4,scratch,cold,final,8,7,,64,4,25000000,25000000,25000000,cohort,18700000,340,4,0,2,334,0,0,0,0
cold_online_random_h8_s7_state64_mac4,scratch,cold,final,8,7,,64,4,25000000,25000000,25000000,cohort,18800000,384,6,0,4,374,0,0,0,0
cold_online_random_h8_s7_state64_mac4,scratch,cold,final,8,7,,64,4,25000000,25000000,25000000,cohort,18900000,366,2,0,2,362,0,0,0,0
cold_online_random_h8_s7_state64_mac4,scratch,cold,final,8,7,,64,4,25000000,25000000,25000000,cohort,19000000,380,1,0,3,376,0,0,0,0
cold_online_random_h8_s7_state64_mac4,scratch,cold,final,8,7,,64,4,25000000,25000000,25000000,cohort,19100000,342,5,0,4,333,0,0,0,0
cold_online_random_h8_s7_state64_mac4,scratch,cold,final,8,7,,64,4,25000000,25000000,25000000,cohort,19200000,388,0,0,2,386,0,0,0,0
cold_online_random_h8_s7_state64_mac4,scratch,cold,final,8,7,,64,4,25000000,25000000,25000000,cohort,19300000,374,1,0,6,367,0,0,0,0
cold_online_random_h8_s7_state64_mac4,scratch,cold,final,8,7,,64,4,25000000,25000000,25000000,cohort,19400000,306,2,0,0,304,0,0,0,0
cold_online_random_h8_s7_state64_mac4,scratch,cold,final,8,7,,64,4,25000000,25000000,25000000,cohort,19500000,388,2,0,9,377,0,0,0,0
cold_online_random_h8_s7_state64_mac4,scratch,cold,final,8,7,,64,4,25000000,25000000,25000000,cohort,19600000,400,1,0,2,397,0,0,0,0
cold_online_random_h8_s7_state64_mac4,scratch,cold,final,8,7,,64,4,25000000,25000000,25000000,cohort,19700000,384,4,0,5,375,0,0,0,0
cold_online_random_h8_s7_state64_mac4,scratch,cold,final,8,7,,64,4,25000000,25000000,25000000,cohort,19800000,370,1,0,7,361,1,0,0,0
cold_online_random_h8_s7_state64_mac4,scratch,cold,final,8,7,,64,4,25000000,25000000,25000000,cohort,19900000,402,3,0,6,393,0,0,0,0
cold_online_random_h8_s7_state64_mac4,scratch,cold,final,8,7,,64,4,25000000,25000000,25000000,cohort,20000000,336,2,0,2,332,0,0,0,0
cold_online_random_h8_s7_state64_mac4,scratch,cold,final,8,7,,64,4,25000000,25000000,25000000,cohort,20100000,350,2,0,2,346,0,0,0,0
cold_online_random_h8_s7_state64_mac4,scratch,cold,final,8,7,,64,4,25000000,25000000,25000000,cohort,20200000,390,4,0,4,382,0,0,0,0
cold_online_random_h8_s7_state64_mac4,scratch,cold,final,8,7,,64,4,25000000,25000000,25000000,cohort,20300000,404,0,0,3,401,0,0,0,0
cold_online_random_h8_s7_state64_mac4,scratch,cold,final,8,7,,64,4,25000000,25000000,25000000,cohort,20400000,376,2,0,3,371,0,0,0,0
cold_online_random_h8_s7_state64_mac4,scratch,cold,final,8,7,,64,4,25000000,25000000,25000000,cohort,20500000,382,1,0,6,375,0,0,0,0
cold_online_random_h8_s7_state64_mac4,scratch,cold,final,8,7,,64,4,25000000,25000000,25000000,cohort,20600000,346,3,0,1,342,0,0,0,0
cold_online_random_h8_s7_state64_mac4,scratch,cold,final,8,7,,64,4,25000000,25000000,25000000,cohort,20700000,330,1,0,6,323,0,0,0,0
cold_online_random_h8_s7_state64_mac4,scratch,cold,final,8,7,,64,4,25000000,25000000,25000000,cohort,20800000,392,1,0,3,388,0,0,0,0
cold_online_random_h8_s7_state64_mac4,scratch,cold,final,8,7,,64,4,25000000,25000000,25000000,cohort,20900000,356,0,0,6,350,0,0,0,0
cold_online_random_h8_s7_state64_mac4,scratch,cold,final,8,7,,64,4,25000000,25000000,25000000,cohort,21000000,350,2,1,7,340,0,0,0,0
cold_online_random_h8_s7_state64_mac4,scratch,cold,final,8,7,,64,4,25000000,25000000,25000000,cohort,21100000,384,4,0,0,380,0,0,0,0
cold_online_random_h8_s7_state64_mac4,scratch,cold,final,8,7,,64,4,25000000,25000000,25000000,cohort,21200000,386,0,0,3,383,0,0,0,0
cold_online_random_h8_s7_state64_mac4,scratch,cold,final,8,7,,64,4,25000000,25000000,25000000,cohort,21300000,374,3,0,7,364,0,0,0,0
cold_online_random_h8_s7_state64_mac4,scratch,cold,final,8,7,,64,4,25000000,25000000,25000000,cohort,21400000,370,3,0,9,358,0,0,0,0
cold_online_random_h8_s7_state64_mac4,scratch,cold,final,8,7,,64,4,25000000,25000000,25000000,cohort,21500000,376,1,0,2,373,0,0,0,0
cold_online_random_h8_s7_state64_mac4,scratch,cold,final,8,7,,64,4,25000000,25000000,25000000,cohort,21600000,418,4,0,5,409,0,0,0,0
cold_online_random_h8_s7_state64_mac4,scratch,cold,final,8,7,,64,4,25000000,25000000,25000000,cohort,21700000,388,1,0,6,380,1,0,0,0
cold_online_random_h8_s7_state64_mac4,scratch,cold,final,8,7,,64,4,25000000,25000000,25000000,cohort,21800000,352,2,0,4,346,0,0,0,0
cold_online_random_h8_s7_state64_mac4,scratch,cold,final,8,7,,64,4,25000000,25000000,25000000,cohort,21900000,406,2,0,4,400,0,0,0,0
cold_online_random_h8_s7_state64_mac4,scratch,cold,final,8,7,,64,4,25000000,25000000,25000000,cohort,22000000,384,1,0,4,379,0,0,0,0
cold_online_random_h8_s7_state64_mac4,scratch,cold,final,8,7,,64,4,25000000,25000000,25000000,cohort,22100000,364,3,0,7,354,0,0,0,0
cold_online_random_h8_s7_state64_mac4,scratch,cold,final,8,7,,64,4,25000000,25000000,25000000,cohort,22200000,370,4,0,2,364,0,0,0,0
cold_online_random_h8_s7_state64_mac4,scratch,cold,final,8,7,,64,4,25000000,25000000,25000000,cohort,22300000,352,1,0,6,345,0,0,0,0
cold_online_random_h8_s7_state64_mac4,scratch,cold,final,8,7,,64,4,25000000,25000000,25000000,cohort,22400000,362,3,0,4,355,0,0,0,0
cold_online_random_h8_s7_state64_mac4,scratch,cold,final,8,7,,64,4,25000000,25000000,25000000,cohort,22500000,364,2,0,5,357,0,0,0,0
cold_online_random_h8_s7_state64_mac4,scratch,cold,final,8,7,,64,4,25000000,25000000,25000000,cohort,22600000,382,3,0,8,371,0,0,0,0
cold_online_random_h8_s7_state64_mac4,scratch,cold,final,8,7,,64,4,25000000,25000000,25000000,cohort,22700000,344,1,0,2,341,0,0,0,0
cold_online_random_h8_s7_state64_mac4,scratch,cold,final,8,7,,64,4,25000000,25000000,25000000,cohort,22800000,414,2,0,7,405,0,0,0,0
cold_online_random_h8_s7_state64_mac4,scratch,cold,final,8,7,,64,4,25000000,25000000,25000000,cohort,22900000,366,2,0,4,360,0,0,0,0
cold_online_random_h8_s7_state64_mac4,scratch,cold,final,8,7,,64,4,25000000,25000000,25000000,cohort,23000000,414,2,0,7,405,0,0,0,0
cold_online_random_h8_s7_state64_mac4,scratch,cold,final,8,7,,64,4,25000000,25000000,25000000,cohort,23100000,372,2,0,5,365,0,0,0,0
cold_online_random_h8_s7_state64_mac4,scratch,cold,final,8,7,,64,4,25000000,25000000,25000000,cohort,23200000,374,4,0,5,365,0,0,0,0
cold_online_random_h8_s7_state64_mac4,scratch,cold,final,8,7,,64,4,25000000,25000000,25000000,cohort,23300000,416,4,0,7,405,0,0,0,0
cold_online_random_h8_s7_state64_mac4,scratch,cold,final,8,7,,64,4,25000000,25000000,25000000,cohort,23400000,322,2,0,1,319,0,0,0,0
cold_online_random_h8_s7_state64_mac4,scratch,cold,final,8,7,,64,4,25000000,25000000,25000000,cohort,23500000,368,2,0,3,363,0,0,0,0
cold_online_random_h8_s7_state64_mac4,scratch,cold,final,8,7,,64,4,25000000,25000000,25000000,cohort,23600000,360,1,0,3,355,1,0,0,0
cold_online_random_h8_s7_state64_mac4,scratch,cold,final,8,7,,64,4,25000000,25000000,25000000,cohort,23700000,352,0,0,6,346,0,0,0,0
cold_online_random_h8_s7_state64_mac4,scratch,cold,final,8,7,,64,4,25000000,25000000,25000000,cohort,23800000,380,3,0,3,374,0,0,0,0
cold_online_random_h8_s7_state64_mac4,scratch,cold,final,8,7,,64,4,25000000,25000000,25000000,cohort,23900000,350,2,0,5,343,0,0,0,0
cold_online_random_h8_s7_state64_mac4,scratch,cold,final,8,7,,64,4,25000000,25000000,25000000,cohort,24000000,318,2,0,2,314,0,0,0,0
cold_online_random_h8_s7_state64_mac4,scratch,cold,final,8,7,,64,4,25000000,25000000,25000000,cohort,24100000,334,1,0,1,332,0,0,0,0
cold_online_random_h8_s7_state64_mac4,scratch,cold,final,8,7,,64,4,25000000,25000000,25000000,cohort,24200000,344,0,0,1,342,0,0,1,1
cold_online_random_h8_s7_state64_mac4,scratch,cold,final,8,7,,64,4,25000000,25000000,25000000,cohort,24300000,368,2,0,0,365,0,0,1,1
cold_online_random_h8_s7_state64_mac4,scratch,cold,final,8,7,,64,4,25000000,25000000,25000000,cohort,24400000,324,1,0,1,321,0,0,1,1
cold_online_random_h8_s7_state64_mac4,scratch,cold,final,8,7,,64,4,25000000,25000000,25000000,cohort,24500000,372,0,0,1,370,0,0,1,1
cold_online_random_h8_s7_state64_mac4,scratch,cold,final,8,7,,64,4,25000000,25000000,25000000,cohort,24600000,336,3,0,1,329,0,0,3,3
cold_online_random_h8_s7_state64_mac4,scratch,cold,final,8,7,,64,4,25000000,25000000,25000000,cohort,24700000,342,1,0,0,341,0,0,0,0
cold_online_random_h8_s7_state64_mac4,scratch,cold,final,8,7,,64,4,25000000,25000000,25000000,cohort,24800000,318,1,0,0,317,0,0,0,0
cold_online_random_h8_s7_state64_mac4,scratch,cold,final,8,7,,64,4,25000000,25000000,25000000,cohort,24900000,344,0,0,0,343,0,0,1,1
cold_online_warm_h16_s7_state0_mac0,warm,cold,final,16,7,i1m,0,0,25000000,25000000,25000000,cohort,0,1919,775,0,17,828,299,0,0,0
cold_online_warm_h16_s7_state0_mac0,warm,cold,final,16,7,i1m,0,0,25000000,25000000,25000000,cohort,100000,1910,470,0,7,1273,160,0,0,0
cold_online_warm_h16_s7_state0_mac0,warm,cold,final,16,7,i1m,0,0,25000000,25000000,25000000,cohort,200000,1910,472,0,4,1275,159,0,0,0
cold_online_warm_h16_s7_state0_mac0,warm,cold,final,16,7,i1m,0,0,25000000,25000000,25000000,cohort,300000,1912,473,0,2,1278,159,0,0,0
cold_online_warm_h16_s7_state0_mac0,warm,cold,final,16,7,i1m,0,0,25000000,25000000,25000000,cohort,400000,1910,473,0,1,1278,158,0,0,0
cold_online_warm_h16_s7_state0_mac0,warm,cold,final,16,7,i1m,0,0,25000000,25000000,25000000,cohort,500000,1924,472,0,3,1289,160,0,0,0
cold_online_warm_h16_s7_state0_mac0,warm,cold,final,16,7,i1m,0,0,25000000,25000000,25000000,cohort,600000,1924,471,0,6,1287,160,0,0,0
cold_online_warm_h16_s7_state0_mac0,warm,cold,final,16,7,i1m,0,0,25000000,25000000,25000000,cohort,700000,1922,469,0,9,1283,161,0,0,0
cold_online_warm_h16_s7_state0_mac0,warm,cold,final,16,7,i1m,0,0,25000000,25000000,25000000,cohort,800000,1592,474,0,5,954,159,0,0,0
cold_online_warm_h16_s7_state0_mac0,warm,cold,final,16,7,i1m,0,0,25000000,25000000,25000000,cohort,900000,1868,471,0,3,1234,160,0,0,0
cold_online_warm_h16_s7_state0_mac0,warm,cold,final,16,7,i1m,0,0,25000000,25000000,25000000,cohort,1000000,1580,475,0,3,942,160,0,0,0
cold_online_warm_h16_s7_state0_mac0,warm,cold,final,16,7,i1m,0,0,25000000,25000000,25000000,cohort,1100000,1918,472,0,11,1275,160,0,0,0
cold_online_warm_h16_s7_state0_mac0,warm,cold,final,16,7,i1m,0,0,25000000,25000000,25000000,cohort,1200000,1930,469,0,10,1285,166,0,0,0
cold_online_warm_h16_s7_state0_mac0,warm,cold,final,16,7,i1m,0,0,25000000,25000000,25000000,cohort,1300000,1940,472,0,13,1291,164,0,0,0
cold_online_warm_h16_s7_state0_mac0,warm,cold,final,16,7,i1m,0,0,25000000,25000000,25000000,cohort,1400000,1496,473,0,12,846,165,0,0,0
cold_online_warm_h16_s7_state0_mac0,warm,cold,final,16,7,i1m,0,0,25000000,25000000,25000000,cohort,1500000,1934,477,0,4,1293,160,0,0,0
cold_online_warm_h16_s7_state0_mac0,warm,cold,final,16,7,i1m,0,0,25000000,25000000,25000000,cohort,1600000,1870,467,0,24,1205,174,0,0,0
cold_online_warm_h16_s7_state0_mac0,warm,cold,final,16,7,i1m,0,0,25000000,25000000,25000000,cohort,1700000,1956,477,1,9,1302,167,0,0,0
cold_online_warm_h16_s7_state0_mac0,warm,cold,final,16,7,i1m,0,0,25000000,25000000,25000000,cohort,1800000,1944,473,0,7,1301,163,0,0,0
cold_online_warm_h16_s7_state0_mac0,warm,cold,final,16,7,i1m,0,0,25000000,25000000,25000000,cohort,1900000,1954,474,0,13,1297,170,0,0,0
cold_online_warm_h16_s7_state0_mac0,warm,cold,final,16,7,i1m,0,0,25000000,25000000,25000000,cohort,2000000,1934,477,0,9,1289,159,0,0,0
cold_online_warm_h16_s7_state0_mac0,warm,cold,final,16,7,i1m,0,0,25000000,25000000,25000000,cohort,2100000,1900,471,1,16,1228,184,0,0,0
cold_online_warm_h16_s7_state0_mac0,warm,cold,final,16,7,i1m,0,0,25000000,25000000,25000000,cohort,2200000,1922,473,0,7,1281,161,0,0,0
cold_online_warm_h16_s7_state0_mac0,warm,cold,final,16,7,i1m,0,0,25000000,25000000,25000000,cohort,2300000,1700,472,0,10,1052,166,0,0,0
cold_online_warm_h16_s7_state0_mac0,warm,cold,final,16,7,i1m,0,0,25000000,25000000,25000000,cohort,2400000,1886,463,0,12,1247,164,0,0,0
cold_online_warm_h16_s7_state0_mac0,warm,cold,final,16,7,i1m,0,0,25000000,25000000,25000000,cohort,2500000,1318,470,0,12,671,165,0,0,0
cold_online_warm_h16_s7_state0_mac0,warm,cold,final,16,7,i1m,0,0,25000000,25000000,25000000,cohort,2600000,1290,470,0,15,636,169,0,0,0
cold_online_warm_h16_s7_state0_mac0,warm,cold,final,16,7,i1m,0,0,25000000,25000000,25000000,cohort,2700000,1668,481,0,7,1014,166,0,0,0
cold_online_warm_h16_s7_state0_mac0,warm,cold,final,16,7,i1m,0,0,25000000,25000000,25000000,cohort,2800000,1828,475,0,7,1186,160,0,0,0
cold_online_warm_h16_s7_state0_mac0,warm,cold,final,16,7,i1m,0,0,25000000,25000000,25000000,cohort,2900000,1944,476,0,5,1293,170,0,0,0
cold_online_warm_h16_s7_state0_mac0,warm,cold,final,16,7,i1m,0,0,25000000,25000000,25000000,cohort,3000000,1624,472,0,8,981,163,0,0,0
cold_online_warm_h16_s7_state0_mac0,warm,cold,final,16,7,i1m,0,0,25000000,25000000,25000000,cohort,3100000,1776,472,0,7,1134,163,0,0,0
cold_online_warm_h16_s7_state0_mac0,warm,cold,final,16,7,i1m,0,0,25000000,25000000,25000000,cohort,3200000,1942,475,1,7,1293,166,0,0,0
cold_online_warm_h16_s7_state0_mac0,warm,cold,final,16,7,i1m,0,0,25000000,25000000,25000000,cohort,3300000,1586,477,0,13,933,163,0,0,0
cold_online_warm_h16_s7_state0_mac0,warm,cold,final,16,7,i1m,0,0,25000000,25000000,25000000,cohort,3400000,1814,472,0,10,1170,162,0,0,0
cold_online_warm_h16_s7_state0_mac0,warm,cold,final,16,7,i1m,0,0,25000000,25000000,25000000,cohort,3500000,1924,472,0,13,1270,169,0,0,0
cold_online_warm_h16_s7_state0_mac0,warm,cold,final,16,7,i1m,0,0,25000000,25000000,25000000,cohort,3600000,1586,458,0,10,955,163,0,0,0
cold_online_warm_h16_s7_state0_mac0,warm,cold,final,16,7,i1m,0,0,25000000,25000000,25000000,cohort,3700000,1813,473,0,14,1159,167,0,0,0
cold_online_warm_h16_s7_state0_mac0,warm,cold,final,16,7,i1m,0,0,25000000,25000000,25000000,cohort,3800000,1596,473,0,12,947,164,0,0,0
cold_online_warm_h16_s7_state0_mac0,warm,cold,final,16,7,i1m,0,0,25000000,25000000,25000000,cohort,3900000,1707,471,0,14,1055,167,0,0,0
cold_online_warm_h16_s7_state0_mac0,warm,cold,final,16,7,i1m,0,0,25000000,25000000,25000000,cohort,4000000,1616,473,0,17,957,169,0,0,0
cold_online_warm_h16_s7_state0_mac0,warm,cold,final,16,7,i1m,0,0,25000000,25000000,25000000,cohort,4100000,1780,475,0,7,1136,162,0,0,0
cold_online_warm_h16_s7_state0_mac0,warm,cold,final,16,7,i1m,0,0,25000000,25000000,25000000,cohort,4200000,1506,471,0,12,858,165,0,0,0
cold_online_warm_h16_s7_state0_mac0,warm,cold,final,16,7,i1m,0,0,25000000,25000000,25000000,cohort,4300000,1879,474,0,10,1233,162,0,0,0
cold_online_warm_h16_s7_state0_mac0,warm,cold,final,16,7,i1m,0,0,25000000,25000000,25000000,cohort,4400000,1811,474,0,7,1168,162,0,0,0
cold_online_warm_h16_s7_state0_mac0,warm,cold,final,16,7,i1m,0,0,25000000,25000000,25000000,cohort,4500000,1762,473,0,11,1112,166,0,0,0
cold_online_warm_h16_s7_state0_mac0,warm,cold,final,16,7,i1m,0,0,25000000,25000000,25000000,cohort,4600000,1619,475,0,8,973,163,0,0,0
cold_online_warm_h16_s7_state0_mac0,warm,cold,final,16,7,i1m,0,0,25000000,25000000,25000000,cohort,4700000,1875,472,0,12,1222,169,0,0,0
cold_online_warm_h16_s7_state0_mac0,warm,cold,final,16,7,i1m,0,0,25000000,25000000,25000000,cohort,4800000,1845,475,0,2,1207,161,0,0,0
cold_online_warm_h16_s7_state0_mac0,warm,cold,final,16,7,i1m,0,0,25000000,25000000,25000000,cohort,4900000,1848,473,0,17,1189,169,0,0,0
cold_online_warm_h16_s7_state0_mac0,warm,cold,final,16,7,i1m,0,0,25000000,25000000,25000000,cohort,5000000,1832,471,0,7,1192,162,0,0,0
cold_online_warm_h16_s7_state0_mac0,warm,cold,final,16,7,i1m,0,0,25000000,25000000,25000000,cohort,5100000,1663,470,0,14,1012,167,0,0,0
cold_online_warm_h16_s7_state0_mac0,warm,cold,final,16,7,i1m,0,0,25000000,25000000,25000000,cohort,5200000,1881,473,0,18,1219,171,0,0,0
cold_online_warm_h16_s7_state0_mac0,warm,cold,final,16,7,i1m,0,0,25000000,25000000,25000000,cohort,5300000,1744,472,0,19,1085,168,0,0,0
cold_online_warm_h16_s7_state0_mac0,warm,cold,final,16,7,i1m,0,0,25000000,25000000,25000000,cohort,5400000,1558,468,0,21,898,171,0,0,0
cold_online_warm_h16_s7_state0_mac0,warm,cold,final,16,7,i1m,0,0,25000000,25000000,25000000,cohort,5500000,1802,468,0,10,1153,171,0,0,0
cold_online_warm_h16_s7_state0_mac0,warm,cold,final,16,7,i1m,0,0,25000000,25000000,25000000,cohort,5600000,1748,464,1,17,1094,172,0,0,0
cold_online_warm_h16_s7_state0_mac0,warm,cold,final,16,7,i1m,0,0,25000000,25000000,25000000,cohort,5700000,1848,473,0,17,1189,169,0,0,0
cold_online_warm_h16_s7_state0_mac0,warm,cold,final,16,7,i1m,0,0,25000000,25000000,25000000,cohort,5800000,1841,478,0,16,1181,166,0,0,0
cold_online_warm_h16_s7_state0_mac0,warm,cold,final,16,7,i1m,0,0,25000000,25000000,25000000,cohort,5900000,1848,471,0,21,1188,168,0,0,0
cold_online_warm_h16_s7_state0_mac0,warm,cold,final,16,7,i1m,0,0,25000000,25000000,25000000,cohort,6000000,1611,468,0,8,970,165,0,0,0
cold_online_warm_h16_s7_state0_mac0,warm,cold,final,16,7,i1m,0,0,25000000,25000000,25000000,cohort,6100000,1867,466,0,15,1214,172,0,0,0
cold_online_warm_h16_s7_state0_mac0,warm,cold,final,16,7,i1m,0,0,25000000,25000000,25000000,cohort,6200000,1751,471,0,8,1108,164,0,0,0
cold_online_warm_h16_s7_state0_mac0,warm,cold,final,16,7,i1m,0,0,25000000,25000000,25000000,cohort,6300000,1783,465,1,20,1125,172,0,0,0
cold_online_warm_h16_s7_state0_mac0,warm,cold,final,16,7,i1m,0,0,25000000,25000000,25000000,cohort,6400000,1711,468,2,14,1054,173,0,0,0
cold_online_warm_h16_s7_state0_mac0,warm,cold,final,16,7,i1m,0,0,25000000,25000000,25000000,cohort,6500000,1748,470,0,5,1103,170,0,0,0
cold_online_warm_h16_s7_state0_mac0,warm,cold,final,16,7,i1m,0,0,25000000,25000000,25000000,cohort,6600000,1721,477,0,13,1061,170,0,0,0
cold_online_warm_h16_s7_state0_mac0,warm,cold,final,16,7,i1m,0,0,25000000,25000000,25000000,cohort,6700000,1817,473,1,8,1169,166,0,0,0
cold_online_warm_h16_s7_state0_mac0,warm,cold,final,16,7,i1m,0,0,25000000,25000000,25000000,cohort,6800000,1798,455,0,11,1158,174,0,0,0
cold_online_warm_h16_s7_state0_mac0,warm,cold,final,16,7,i1m,0,0,25000000,25000000,25000000,cohort,6900000,1567,472,0,10,918,167,0,0,0
cold_online_warm_h16_s7_state0_mac0,warm,cold,final,16,7,i1m,0,0,25000000,25000000,25000000,cohort,7000000,1517,474,0,6,878,159,0,0,0
cold_online_warm_h16_s7_state0_mac0,warm,cold,final,16,7,i1m,0,0,25000000,25000000,25000000,cohort,7100000,1721,462,0,16,1068,175,0,0,0
cold_online_warm_h16_s7_state0_mac0,warm,cold,final,16,7,i1m,0,0,25000000,25000000,25000000,cohort,7200000,1678,474,0,13,1025,166,0,0,0
cold_online_warm_h16_s7_state0_mac0,warm,cold,final,16,7,i1m,0,0,25000000,25000000,25000000,cohort,7300000,1791,468,0,14,1141,168,0,0,0
cold_online_warm_h16_s7_state0_mac0,warm,cold,final,16,7,i1m,0,0,25000000,25000000,25000000,cohort,7400000,1732,462,0,7,1090,173,0,0,0
cold_online_warm_h16_s7_state0_mac0,warm,cold,final,16,7,i1m,0,0,25000000,25000000,25000000,cohort,7500000,1745,469,0,8,1099,169,0,0,0
cold_online_warm_h16_s7_state0_mac0,warm,cold,final,16,7,i1m,0,0,25000000,25000000,25000000,cohort,7600000,1739,474,0,1,1103,161,0,0,0
cold_online_warm_h16_s7_state0_mac0,warm,cold,final,16,7,i1m,0,0,25000000,25000000,25000000,cohort,7700000,1811,466,0,9,1172,164,0,0,0
cold_online_warm_h16_s7_state0_mac0,warm,cold,final,16,7,i1m,0,0,25000000,25000000,25000000,cohort,7800000,1772,468,0,14,1119,171,0,0,0
cold_online_warm_h16_s7_state0_mac0,warm,cold,final,16,7,i1m,0,0,25000000,25000000,25000000,cohort,7900000,1663,467,0,8,1022,166,0,0,0
cold_online_warm_h16_s7_state0_mac0,warm,cold,final,16,7,i1m,0,0,25000000,25000000,25000000,cohort,8000000,1710,458,0,20,1059,173,0,0,0
cold_online_warm_h16_s7_state0_mac0,warm,cold,final,16,7,i1m,0,0,25000000,25000000,25000000,cohort,8100000,1616,464,1,13,967,171,0,0,0
cold_online_warm_h16_s7_state0_mac0,warm,cold,final,16,7,i1m,0,0,25000000,25000000,25000000,cohort,8200000,1608,462,0,9,966,171,0,0,0
cold_online_warm_h16_s7_state0_mac0,warm,cold,final,16,7,i1m,0,0,25000000,25000000,25000000,cohort,8300000,1744,476,0,3,1105,160,0,0,0
cold_online_warm_h16_s7_state0_mac0,warm,cold,final,16,7,i1m,0,0,25000000,25000000,25000000,cohort,8400000,1692,477,0,9,1045,161,0,0,0
cold_online_warm_h16_s7_state0_mac0,warm,cold,final,16,7,i1m,0,0,25000000,25000000,25000000,cohort,8500000,1883,479,3,23,1202,176,0,0,0
cold_online_warm_h16_s7_state0_mac0,warm,cold,final,16,7,i1m,0,0,25000000,25000000,25000000,cohort,8600000,1769,466,0,8,1122,173,0,0,0
cold_online_warm_h16_s7_state0_mac0,warm,cold,final,16,7,i1m,0,0,25000000,25000000,25000000,cohort,8700000,1755,472,1,12,1099,171,0,0,0
cold_online_warm_h16_s7_state0_mac0,warm,cold,final,16,7,i1m,0,0,25000000,25000000,25000000,cohort,8800000,1789,471,0,11,1135,172,0,0,0
cold_online_warm_h16_s7_state0_mac0,warm,cold,final,16,7,i1m,0,0,25000000,25000000,25000000,cohort,8900000,1695,467,0,13,1048,167,0,0,0
cold_online_warm_h16_s7_state0_mac0,warm,cold,final,16,7,i1m,0,0,25000000,25000000,25000000,cohort,9000000,1819,470,0,8,1173,168,0,0,0
cold_online_warm_h16_s7_state0_mac0,warm,cold,final,16,7,i1m,0,0,25000000,25000000,25000000,cohort,9100000,1795,471,0,10,1146,168,0,0,0
cold_online_warm_h16_s7_state0_mac0,warm,cold,final,16,7,i1m,0,0,25000000,25000000,25000000,cohort,9200000,1802,461,0,10,1158,173,0,0,0
cold_online_warm_h16_s7_state0_mac0,warm,cold,final,16,7,i1m,0,0,25000000,25000000,25000000,cohort,9300000,1730,472,0,7,1089,162,0,0,0
cold_online_warm_h16_s7_state0_mac0,warm,cold,final,16,7,i1m,0,0,25000000,25000000,25000000,cohort,9400000,1744,471,0,8,1101,164,0,0,0
cold_online_warm_h16_s7_state0_mac0,warm,cold,final,16,7,i1m,0,0,25000000,25000000,25000000,cohort,9500000,1605,456,0,9,963,177,0,0,0
cold_online_warm_h16_s7_state0_mac0,warm,cold,final,16,7,i1m,0,0,25000000,25000000,25000000,cohort,9600000,1547,471,0,13,893,170,0,0,0
cold_online_warm_h16_s7_state0_mac0,warm,cold,final,16,7,i1m,0,0,25000000,25000000,25000000,cohort,9700000,1738,469,0,13,1086,170,0,0,0
cold_online_warm_h16_s7_state0_mac0,warm,cold,final,16,7,i1m,0,0,25000000,25000000,25000000,cohort,9800000,1742,461,0,11,1095,175,0,0,0
cold_online_warm_h16_s7_state0_mac0,warm,cold,final,16,7,i1m,0,0,25000000,25000000,25000000,cohort,9900000,1716,463,0,11,1065,177,0,0,0
cold_online_warm_h16_s7_state0_mac0,warm,cold,final,16,7,i1m,0,0,25000000,25000000,25000000,cohort,10000000,1574,462,0,10,933,169,0,0,0
cold_online_warm_h16_s7_state0_mac0,warm,cold,final,16,7,i1m,0,0,25000000,25000000,25000000,cohort,10100000,1812,473,1,8,1163,167,0,0,0
cold_online_warm_h16_s7_state0_mac0,warm,cold,final,16,7,i1m,0,0,25000000,25000000,25000000,cohort,10200000,1775,465,0,8,1134,168,0,0,0
cold_online_warm_h16_s7_state0_mac0,warm,cold,final,16,7,i1m,0,0,25000000,25000000,25000000,cohort,10300000,1731,464,0,10,1085,172,0,0,0
cold_online_warm_h16_s7_state0_mac0,warm,cold,final,16,7,i1m,0,0,25000000,25000000,25000000,cohort,10400000,1758,466,0,6,1118,168,0,0,0
cold_online_warm_h16_s7_state0_mac0,warm,cold,final,16,7,i1m,0,0,25000000,25000000,25000000,cohort,10500000,1604,462,0,6,966,170,0,0,0
cold_online_warm_h16_s7_state0_mac0,warm,cold,final,16,7,i1m,0,0,25000000,25000000,25000000,cohort,10600000,1815,458,0,13,1169,175,0,0,0
cold_online_warm_h16_s7_state0_mac0,warm,cold,final,16,7,i1m,0,0,25000000,25000000,25000000,cohort,10700000,1723,469,0,9,1080,165,0,0,0
cold_online_warm_h16_s7_state0_mac0,warm,cold,final,16,7,i1m,0,0,25000000,25000000,25000000,cohort,10800000,1790,469,0,14,1136,171,0,0,0
cold_online_warm_h16_s7_state0_mac0,warm,cold,final,16,7,i1m,0,0,25000000,25000000,25000000,cohort,10900000,1795,466,0,7,1152,170,0,0,0
cold_online_warm_h16_s7_state0_mac0,warm,cold,final,16,7,i1m,0,0,25000000,25000000,25000000,cohort,11000000,1764,462,0,12,1117,173,0,0,0
cold_online_warm_h16_s7_state0_mac0,warm,cold,final,16,7,i1m,0,0,25000000,25000000,25000000,cohort,11100000,1747,466,0,10,1100,171,0,0,0
cold_online_warm_h16_s7_state0_mac0,warm,cold,final,16,7,i1m,0,0,25000000,25000000,25000000,cohort,11200000,1687,459,0,15,1040,173,0,0,0
cold_online_warm_h16_s7_state0_mac0,warm,cold,final,16,7,i1m,0,0,25000000,25000000,25000000,cohort,11300000,1693,455,0,14,1049,175,0,0,0
cold_online_warm_h16_s7_state0_mac0,warm,cold,final,16,7,i1m,0,0,25000000,25000000,25000000,cohort,11400000,1702,457,8,13,1040,184,0,0,0
cold_online_warm_h16_s7_state0_mac0,warm,cold,final,16,7,i1m,0,0,25000000,25000000,25000000,cohort,11500000,1363,448,11,66,600,238,0,0,0
cold_online_warm_h16_s7_state0_mac0,warm,cold,final,16,7,i1m,0,0,25000000,25000000,25000000,cohort,11600000,1643,469,2,11,981,180,0,0,0
cold_online_warm_h16_s7_state0_mac0,warm,cold,final,16,7,i1m,0,0,25000000,25000000,25000000,cohort,11700000,1642,465,0,8,999,170,0,0,0
cold_online_warm_h16_s7_state0_mac0,warm,cold,final,16,7,i1m,0,0,25000000,25000000,25000000,cohort,11800000,2019,498,80,85,1007,349,0,0,0
cold_online_warm_h16_s7_state0_mac0,warm,cold,final,16,7,i1m,0,0,25000000,25000000,25000000,cohort,11900000,1913,489,30,84,1016,294,0,0,0
cold_online_warm_h16_s7_state0_mac0,warm,cold,final,16,7,i1m,0,0,25000000,25000000,25000000,cohort,12000000,1669,472,11,38,942,206,0,0,0
cold_online_warm_h16_s7_state0_mac0,warm,cold,final,16,7,i1m,0,0,25000000,25000000,25000000,cohort,12100000,1808,463,17,33,1095,200,0,0,0
cold_online_warm_h16_s7_state0_mac0,warm,cold,final,16,7,i1m,0,0,25000000,25000000,25000000,cohort,12200000,1749,476,0,17,1086,170,0,0,0
cold_online_warm_h16_s7_state0_mac0,warm,cold,final,16,7,i1m,0,0,25000000,25000000,25000000,cohort,12300000,1460,438,2,22,823,175,0,0,0
cold_online_warm_h16_s7_state0_mac0,warm,cold,final,16,7,i1m,0,0,25000000,25000000,25000000,cohort,12400000,1752,458,7,16,1081,190,0,0,0
cold_online_warm_h16_s7_state0_mac0,warm,cold,final,16,7,i1m,0,0,25000000,25000000,25000000,cohort,12500000,1811,446,0,15,1166,184,0,0,0
cold_online_warm_h16_s7_state0_mac0,warm,cold,final,16,7,i1m,0,0,25000000,25000000,25000000,cohort,12600000,1804,460,37,126,870,311,0,0,0
cold_online_warm_h16_s7_state0_mac0,warm,cold,final,16,7,i1m,0,0,25000000,25000000,25000000,cohort,12700000,1792,462,23,46,1029,232,0,0,0
cold_online_warm_h16_s7_state0_mac0,warm,cold,final,16,7,i1m,0,0,25000000,25000000,25000000,cohort,12800000,1806,457,14,70,1006,259,0,0,0
cold_online_warm_h16_s7_state0_mac0,warm,cold,final,16,7,i1m,0,0,25000000,25000000,25000000,cohort,12900000,1858,464,0,22,1185,187,0,0,0
cold_online_warm_h16_s7_state0_mac0,warm,cold,final,16,7,i1m,0,0,25000000,25000000,25000000,cohort,13000000,1824,467,0,14,1169,174,0,0,0
cold_online_warm_h16_s7_state0_mac0,warm,cold,final,16,7,i1m,0,0,25000000,25000000,25000000,cohort,13100000,1680,467,0,10,1025,178,0,0,0
cold_online_warm_h16_s7_state0_mac0,warm,cold,final,16,7,i1m,0,0,25000000,25000000,25000000,cohort,13200000,1823,462,21,163,831,346,0,0,0
cold_online_warm_h16_s7_state0_mac0,warm,cold,final,16,7,i1m,0,0,25000000,25000000,25000000,cohort,13300000,1712,461,0,9,1072,170,0,0,0
cold_online_warm_h16_s7_state0_mac0,warm,cold,final,16,7,i1m,0,0,25000000,25000000,25000000,cohort,13400000,1989,660,3,142,745,439,0,0,0
cold_online_warm_h16_s7_state0_mac0,warm,cold,final,16,7,i1m,0,0,25000000,25000000,25000000,cohort,13500000,1237,327,0,17,734,159,0,0,0
cold_online_warm_h16_s7_state0_mac0,warm,cold,final,16,7,i1m,0,0,25000000,25000000,25000000,cohort,13600000,1726,451,0,18,1076,181,0,0,0
cold_online_warm_h16_s7_state0_mac0,warm,cold,final,16,7,i1m,0,0,25000000,25000000,25000000,cohort,13700000,1643,468,0,31,955,189,0,0,0
cold_online_warm_h16_s7_state0_mac0,warm,cold,final,16,7,i1m,0,0,25000000,25000000,25000000,cohort,13800000,1578,449,0,3,963,163,0,0,0
cold_online_warm_h16_s7_state0_mac0,warm,cold,final,16,7,i1m,0,0,25000000,25000000,25000000,cohort,13900000,1398,415,0,23,783,177,0,0,0
cold_online_warm_h16_s7_state0_mac0,warm,cold,final,16,7,i1m,0,0,25000000,25000000,25000000,cohort,14000000,1536,449,0,16,898,173,0,0,0
cold_online_warm_h16_s7_state0_mac0,warm,cold,final,16,7,i1m,0,0,25000000,25000000,25000000,cohort,14100000,1419,395,0,23,820,181,0,0,0
cold_online_warm_h16_s7_state0_mac0,warm,cold,final,16,7,i1m,0,0,25000000,25000000,25000000,cohort,14200000,1330,352,0,14,793,171,0,0,0
cold_online_warm_h16_s7_state0_mac0,warm,cold,final,16,7,i1m,0,0,25000000,25000000,25000000,cohort,14300000,1293,339,0,10,780,164,0,0,0
cold_online_warm_h16_s7_state0_mac0,warm,cold,final,16,7,i1m,0,0,25000000,25000000,25000000,cohort,14400000,1223,304,0,11,726,182,0,0,0
cold_online_warm_h16_s7_state0_mac0,warm,cold,final,16,7,i1m,0,0,25000000,25000000,25000000,cohort,14500000,1228,316,0,9,739,164,0,0,0
cold_online_warm_h16_s7_state0_mac0,warm,cold,final,16,7,i1m,0,0,25000000,25000000,25000000,cohort,14600000,1212,311,2,9,695,195,0,0,0
cold_online_warm_h16_s7_state0_mac0,warm,cold,final,16,7,i1m,0,0,25000000,25000000,25000000,cohort,14700000,1257,319,0,13,757,168,0,0,0
cold_online_warm_h16_s7_state0_mac0,warm,cold,final,16,7,i1m,0,0,25000000,25000000,25000000,cohort,14800000,1032,254,0,9,605,164,0,0,0
cold_online_warm_h16_s7_state0_mac0,warm,cold,final,16,7,i1m,0,0,25000000,25000000,25000000,cohort,14900000,1037,247,0,19,603,168,0,0,0
cold_online_warm_h16_s7_state0_mac0,warm,cold,final,16,7,i1m,0,0,25000000,25000000,25000000,cohort,15000000,990,244,0,5,564,177,0,0,0
cold_online_warm_h16_s7_state0_mac0,warm,cold,final,16,7,i1m,0,0,25000000,25000000,25000000,cohort,15100000,944,244,1,23,492,184,0,0,0
cold_online_warm_h16_s7_state0_mac0,warm,cold,final,16,7,i1m,0,0,25000000,25000000,25000000,cohort,15200000,929,248,2,11,468,200,0,0,0
cold_online_warm_h16_s7_state0_mac0,warm,cold,final,16,7,i1m,0,0,25000000,25000000,25000000,cohort,15300000,948,243,1,5,519,180,0,0,0
cold_online_warm_h16_s7_state0_mac0,warm,cold,final,16,7,i1m,0,0,25000000,25000000,25000000,cohort,15400000,869,211,1,5,475,177,0,0,0
cold_online_warm_h16_s7_state0_mac0,warm,cold,final,16,7,i1m,0,0,25000000,25000000,25000000,cohort,15500000,660,168,0,2,332,158,0,0,0
cold_online_warm_h16_s7_state0_mac0,warm,cold,final,16,7,i1m,0,0,25000000,25000000,25000000,cohort,15600000,617,174,0,9,270,164,0,0,0
cold_online_warm_h16_s7_state0_mac0,warm,cold,final,16,7,i1m,0,0,25000000,25000000,25000000,cohort,15700000,700,179,0,6,357,158,0,0,0
cold_online_warm_h16_s7_state0_mac0,warm,cold,final,16,7,i1m,0,0,25000000,25000000,25000000,cohort,15800000,654,165,0,12,314,163,0,0,0
cold_online_warm_h16_s7_state0_mac0,warm,cold,final,16,7,i1m,0,0,25000000,25000000,25000000,cohort,15900000,659,170,1,9,319,160,0,0,0
cold_online_warm_h16_s7_state0_mac0,warm,cold,final,16,7,i1m,0,0,25000000,25000000,25000000,cohort,16000000,680,167,0,12,346,155,0,0,0
cold_online_warm_h16_s7_state0_mac0,warm,cold,final,16,7,i1m,0,0,25000000,25000000,25000000,cohort,16100000,673,170,0,5,334,164,0,0,0
cold_online_warm_h16_s7_state0_mac0,warm,cold,final,16,7,i1m,0,0,25000000,25000000,25000000,cohort,16200000,706,168,1,10,359,168,0,0,0
cold_online_warm_h16_s7_state0_mac0,warm,cold,final,16,7,i1m,0,0,25000000,25000000,25000000,cohort,16300000,600,164,0,1,276,159,0,0,0
cold_online_warm_h16_s7_state0_mac0,warm,cold,final,16,7,i1m,0,0,25000000,25000000,25000000,cohort,16400000,627,172,0,8,279,168,0,0,0
cold_online_warm_h16_s7_state0_mac0,warm,cold,final,16,7,i1m,0,0,25000000,25000000,25000000,cohort,16500000,603,162,1,6,275,159,0,0,0
cold_online_warm_h16_s7_state0_mac0,warm,cold,final,16,7,i1m,0,0,25000000,25000000,25000000,cohort,16600000,580,155,0,3,266,156,0,0,0
cold_online_warm_h16_s7_state0_mac0,warm,cold,final,16,7,i1m,0,0,25000000,25000000,25000000,cohort,16700000,633,163,1,6,301,162,0,0,0
cold_online_warm_h16_s7_state0_mac0,warm,cold,final,16,7,i1m,0,0,25000000,25000000,25000000,cohort,16800000,602,165,0,5,275,157,0,0,0
cold_online_warm_h16_s7_state0_mac0,warm,cold,final,16,7,i1m,0,0,25000000,25000000,25000000,cohort,16900000,643,168,0,9,308,158,0,0,0
cold_online_warm_h16_s7_state0_mac0,warm,cold,final,16,7,i1m,0,0,25000000,25000000,25000000,cohort,17000000,621,163,0,5,300,153,0,0,0
cold_online_warm_h16_s7_state0_mac0,warm,cold,final,16,7,i1m,0,0,25000000,25000000,25000000,cohort,17100000,600,161,1,3,276,159,0,0,0
cold_online_warm_h16_s7_state0_mac0,warm,cold,final,16,7,i1m,0,0,25000000,25000000,25000000,cohort,17200000,642,173,0,12,290,167,0,0,0
cold_online_warm_h16_s7_state0_mac0,warm,cold,final,16,7,i1m,0,0,25000000,25000000,25000000,cohort,17300000,644,165,0,2,317,160,0,0,0
cold_online_warm_h16_s7_state0_mac0,warm,cold,final,16,7,i1m,0,0,25000000,25000000,25000000,cohort,17400000,691,171,0,8,350,162,0,0,0
cold_online_warm_h16_s7_state0_mac0,warm,cold,final,16,7,i1m,0,0,25000000,25000000,25000000,cohort,17500000,604,167,0,5,273,159,0,0,0
cold_online_warm_h16_s7_state0_mac0,warm,cold,final,16,7,i1m,0,0,25000000,25000000,25000000,cohort,17600000,600,160,0,2,280,158,0,0,0
cold_online_warm_h16_s7_state0_mac0,warm,cold,final,16,7,i1m,0,0,25000000,25000000,25000000,cohort,17700000,640,167,0,9,302,162,0,0,0
cold_online_warm_h16_s7_state0_mac0,warm,cold,final,16,7,i1m,0,0,25000000,25000000,25000000,cohort,17800000,616,164,1,6,283,162,0,0,0
cold_online_warm_h16_s7_state0_mac0,warm,cold,final,16,7,i1m,0,0,25000000,25000000,25000000,cohort,17900000,705,163,0,7,376,159,0,0,0
cold_online_warm_h16_s7_state0_mac0,warm,cold,final,16,7,i1m,0,0,25000000,25000000,25000000,cohort,18000000,589,160,0,1,272,156,0,0,0
cold_online_warm_h16_s7_state0_mac0,warm,cold,final,16,7,i1m,0,0,25000000,25000000,25000000,cohort,18100000,612,158,0,5,296,153,0,0,0
cold_online_warm_h16_s7_state0_mac0,warm,cold,final,16,7,i1m,0,0,25000000,25000000,25000000,cohort,18200000,621,159,0,7,300,155,0,0,0
cold_online_warm_h16_s7_state0_mac0,warm,cold,final,16,7,i1m,0,0,25000000,25000000,25000000,cohort,18300000,623,160,0,10,294,159,0,0,0
cold_online_warm_h16_s7_state0_mac0,warm,cold,final,16,7,i1m,0,0,25000000,25000000,25000000,cohort,18400000,587,160,0,2,270,155,0,0,0
cold_online_warm_h16_s7_state0_mac0,warm,cold,final,16,7,i1m,0,0,25000000,25000000,25000000,cohort,18500000,621,158,0,4,304,155,0,0,0
cold_online_warm_h16_s7_state0_mac0,warm,cold,final,16,7,i1m,0,0,25000000,25000000,25000000,cohort,18600000,612,170,0,9,272,161,0,0,0
cold_online_warm_h16_s7_state0_mac0,warm,cold,final,16,7,i1m,0,0,25000000,25000000,25000000,cohort,18700000,630,167,0,4,300,159,0,0,0
cold_online_warm_h16_s7_state0_mac0,warm,cold,final,16,7,i1m,0,0,25000000,25000000,25000000,cohort,18800000,746,160,0,9,420,157,0,0,0
cold_online_warm_h16_s7_state0_mac0,warm,cold,final,16,7,i1m,0,0,25000000,25000000,25000000,cohort,18900000,604,163,0,2,283,156,0,0,0
cold_online_warm_h16_s7_state0_mac0,warm,cold,final,16,7,i1m,0,0,25000000,25000000,25000000,cohort,19000000,669,160,0,6,349,154,0,0,0
cold_online_warm_h16_s7_state0_mac0,warm,cold,final,16,7,i1m,0,0,25000000,25000000,25000000,cohort,19100000,638,166,2,4,306,160,0,0,0
cold_online_warm_h16_s7_state0_mac0,warm,cold,final,16,7,i1m,0,0,25000000,25000000,25000000,cohort,19200000,558,158,0,3,243,154,0,0,0
cold_online_warm_h16_s7_state0_mac0,warm,cold,final,16,7,i1m,0,0,25000000,25000000,25000000,cohort,19300000,601,162,0,6,274,159,0,0,0
cold_online_warm_h16_s7_state0_mac0,warm,cold,final,16,7,i1m,0,0,25000000,25000000,25000000,cohort,19400000,595,169,0,3,268,155,0,0,0
cold_online_warm_h16_s7_state0_mac0,warm,cold,final,16,7,i1m,0,0,25000000,25000000,25000000,cohort,19500000,604,160,0,15,265,164,0,0,0
cold_online_warm_h16_s7_state0_mac0,warm,cold,final,16,7,i1m,0,0,25000000,25000000,25000000,cohort,19600000,570,153,0,2,263,152,0,0,0
cold_online_warm_h16_s7_state0_mac0,warm,cold,final,16,7,i1m,0,0,25000000,25000000,25000000,cohort,19700000,618,159,0,8,294,157,0,0,0
cold_online_warm_h16_s7_state0_mac0,warm,cold,final,16,7,i1m,0,0,25000000,25000000,25000000,cohort,19800000,600,161,0,5,279,155,0,0,0
cold_online_warm_h16_s7_state0_mac0,warm,cold,final,16,7,i1m,0,0,25000000,25000000,25000000,cohort,19900000,608,161,0,5,282,160,0,0,0
cold_online_warm_h16_s7_state0_mac0,warm,cold,final,16,7,i1m,0,0,25000000,25000000,25000000,cohort,20000000,487,162,0,1,168,156,0,0,0
cold_online_warm_h16_s7_state0_mac0,warm,cold,final,16,7,i1m,0,0,25000000,25000000,25000000,cohort,20100000,583,165,0,9,251,158,0,0,0
cold_online_warm_h16_s7_state0_mac0,warm,cold,final,16,7,i1m,0,0,25000000,25000000,25000000,cohort,20200000,612,165,0,4,291,152,0,0,0
cold_online_warm_h16_s7_state0_mac0,warm,cold,final,16,7,i1m,0,0,25000000,25000000,25000000,cohort,20300000,601,161,0,2,284,154,0,0,0
cold_online_warm_h16_s7_state0_mac0,warm,cold,final,16,7,i1m,0,0,25000000,25000000,25000000,cohort,20400000,606,156,0,7,286,157,0,0,0
cold_online_warm_h16_s7_state0_mac0,warm,cold,final,16,7,i1m,0,0,25000000,25000000,25000000,cohort,20500000,618,166,0,5,291,156,0,0,0
cold_online_warm_h16_s7_state0_mac0,warm,cold,final,16,7,i1m,0,0,25000000,25000000,25000000,cohort,20600000,623,168,0,5,295,155,0,0,0
cold_online_warm_h16_s7_state0_mac0,warm,cold,final,16,7,i1m,0,0,25000000,25000000,25000000,cohort,20700000,621,167,1,4,289,160,0,0,0
cold_online_warm_h16_s7_state0_mac0,warm,cold,final,16,7,i1m,0,0,25000000,25000000,25000000,cohort,20800000,601,163,0,5,282,151,0,0,0
cold_online_warm_h16_s7_state0_mac0,warm,cold,final,16,7,i1m,0,0,25000000,25000000,25000000,cohort,20900000,577,159,0,2,261,155,0,0,0
cold_online_warm_h16_s7_state0_mac0,warm,cold,final,16,7,i1m,0,0,25000000,25000000,25000000,cohort,21000000,607,164,1,6,280,156,0,0,0
cold_online_warm_h16_s7_state0_mac0,warm,cold,final,16,7,i1m,0,0,25000000,25000000,25000000,cohort,21100000,650,164,1,4,324,157,0,0,0
cold_online_warm_h16_s7_state0_mac0,warm,cold,final,16,7,i1m,0,0,25000000,25000000,25000000,cohort,21200000,603,168,0,1,276,158,0,0,0
cold_online_warm_h16_s7_state0_mac0,warm,cold,final,16,7,i1m,0,0,25000000,25000000,25000000,cohort,21300000,590,164,0,6,262,158,0,0,0
cold_online_warm_h16_s7_state0_mac0,warm,cold,final,16,7,i1m,0,0,25000000,25000000,25000000,cohort,21400000,568,162,0,8,241,157,0,0,0
cold_online_warm_h16_s7_state0_mac0,warm,cold,final,16,7,i1m,0,0,25000000,25000000,25000000,cohort,21500000,575,162,0,9,248,156,0,0,0
cold_online_warm_h16_s7_state0_mac0,warm,cold,final,16,7,i1m,0,0,25000000,25000000,25000000,cohort,21600000,656,168,1,5,326,156,0,0,0
cold_online_warm_h16_s7_state0_mac0,warm,cold,final,16,7,i1m,0,0,25000000,25000000,25000000,cohort,21700000,586,159,0,7,256,164,0,0,0
cold_online_warm_h16_s7_state0_mac0,warm,cold,final,16,7,i1m,0,0,25000000,25000000,25000000,cohort,21800000,633,163,1,4,308,157,0,0,0
cold_online_warm_h16_s7_state0_mac0,warm,cold,final,16,7,i1m,0,0,25000000,25000000,25000000,cohort,21900000,626,160,0,2,311,153,0,0,0
cold_online_warm_h16_s7_state0_mac0,warm,cold,final,16,7,i1m,0,0,25000000,25000000,25000000,cohort,22000000,638,161,0,5,317,155,0,0,0
cold_online_warm_h16_s7_state0_mac0,warm,cold,final,16,7,i1m,0,0,25000000,25000000,25000000,cohort,22100000,611,157,0,10,285,159,0,0,0
cold_online_warm_h16_s7_state0_mac0,warm,cold,final,16,7,i1m,0,0,25000000,25000000,25000000,cohort,22200000,624,158,0,2,312,152,0,0,0
cold_online_warm_h16_s7_state0_mac0,warm,cold,final,16,7,i1m,0,0,25000000,25000000,25000000,cohort,22300000,639,167,0,5,306,161,0,0,0
cold_online_warm_h16_s7_state0_mac0,warm,cold,final,16,7,i1m,0,0,25000000,25000000,25000000,cohort,22400000,596,155,1,2,285,153,0,0,0
cold_online_warm_h16_s7_state0_mac0,warm,cold,final,16,7,i1m,0,0,25000000,25000000,25000000,cohort,22500000,609,163,1,8,280,157,0,0,0
cold_online_warm_h16_s7_state0_mac0,warm,cold,final,16,7,i1m,0,0,25000000,25000000,25000000,cohort,22600000,567,157,0,8,245,157,0,0,0
cold_online_warm_h16_s7_state0_mac0,warm,cold,final,16,7,i1m,0,0,25000000,25000000,25000000,cohort,22700000,614,159,0,4,293,158,0,0,0
cold_online_warm_h16_s7_state0_mac0,warm,cold,final,16,7,i1m,0,0,25000000,25000000,25000000,cohort,22800000,639,168,0,6,303,162,0,0,0
cold_online_warm_h16_s7_state0_mac0,warm,cold,final,16,7,i1m,0,0,25000000,25000000,25000000,cohort,22900000,648,169,0,2,319,158,0,0,0
cold_online_warm_h16_s7_state0_mac0,warm,cold,final,16,7,i1m,0,0,25000000,25000000,25000000,cohort,23000000,560,156,1,7,238,158,0,0,0
cold_online_warm_h16_s7_state0_mac0,warm,cold,final,16,7,i1m,0,0,25000000,25000000,25000000,cohort,23100000,560,156,0,6,241,157,0,0,0
cold_online_warm_h16_s7_state0_mac0,warm,cold,final,16,7,i1m,0,0,25000000,25000000,25000000,cohort,23200000,661,161,1,9,333,157,0,0,0
cold_online_warm_h16_s7_state0_mac0,warm,cold,final,16,7,i1m,0,0,25000000,25000000,25000000,cohort,23300000,625,158,0,3,308,156,0,0,0
cold_online_warm_h16_s7_state0_mac0,warm,cold,final,16,7,i1m,0,0,25000000,25000000,25000000,cohort,23400000,595,152,2,0,287,154,0,0,0
cold_online_warm_h16_s7_state0_mac0,warm,cold,final,16,7,i1m,0,0,25000000,25000000,25000000,cohort,23500000,627,159,0,4,306,158,0,0,0
cold_online_warm_h16_s7_state0_mac0,warm,cold,final,16,7,i1m,0,0,25000000,25000000,25000000,cohort,23600000,618,157,0,5,301,155,0,0,0
cold_online_warm_h16_s7_state0_mac0,warm,cold,final,16,7,i1m,0,0,25000000,25000000,25000000,cohort,23700000,562,157,0,6,245,154,0,0,0
cold_online_warm_h16_s7_state0_mac0,warm,cold,final,16,7,i1m,0,0,25000000,25000000,25000000,cohort,23800000,578,156,0,4,264,154,0,0,0
cold_online_warm_h16_s7_state0_mac0,warm,cold,final,16,7,i1m,0,0,25000000,25000000,25000000,cohort,23900000,659,160,0,8,333,158,0,0,0
cold_online_warm_h16_s7_state0_mac0,warm,cold,final,16,7,i1m,0,0,25000000,25000000,25000000,cohort,24000000,583,160,0,2,261,160,0,0,0
cold_online_warm_h16_s7_state0_mac0,warm,cold,final,16,7,i1m,0,0,25000000,25000000,25000000,cohort,24100000,623,160,0,1,302,159,0,1,1
cold_online_warm_h16_s7_state0_mac0,warm,cold,final,16,7,i1m,0,0,25000000,25000000,25000000,cohort,24200000,588,159,0,1,269,159,0,0,0
cold_online_warm_h16_s7_state0_mac0,warm,cold,final,16,7,i1m,0,0,25000000,25000000,25000000,cohort,24300000,605,156,0,4,291,154,0,0,0
cold_online_warm_h16_s7_state0_mac0,warm,cold,final,16,7,i1m,0,0,25000000,25000000,25000000,cohort,24400000,596,159,0,4,280,153,0,0,0
cold_online_warm_h16_s7_state0_mac0,warm,cold,final,16,7,i1m,0,0,25000000,25000000,25000000,cohort,24500000,583,157,0,2,264,158,0,2,2
cold_online_warm_h16_s7_state0_mac0,warm,cold,final,16,7,i1m,0,0,25000000,25000000,25000000,cohort,24600000,620,160,0,0,283,166,0,11,11
cold_online_warm_h16_s7_state0_mac0,warm,cold,final,16,7,i1m,0,0,25000000,25000000,25000000,cohort,24700000,601,164,0,0,280,155,0,2,2
cold_online_warm_h16_s7_state0_mac0,warm,cold,final,16,7,i1m,0,0,25000000,25000000,25000000,cohort,24800000,576,158,0,0,258,155,0,5,5
cold_online_warm_h16_s7_state0_mac0,warm,cold,final,16,7,i1m,0,0,25000000,25000000,25000000,cohort,24900000,612,161,0,0,287,157,0,7,7
cold_online_warm_h8_s7_state0_mac0,warm,cold,final,8,7,i1m,0,0,25000000,25000000,25000000,cohort,0,1919,767,0,17,823,312,0,0,0
cold_online_warm_h8_s7_state0_mac0,warm,cold,final,8,7,i1m,0,0,25000000,25000000,25000000,cohort,100000,1916,471,0,8,1276,161,0,0,0
cold_online_warm_h8_s7_state0_mac0,warm,cold,final,8,7,i1m,0,0,25000000,25000000,25000000,cohort,200000,1916,472,0,4,1281,159,0,0,0
cold_online_warm_h8_s7_state0_mac0,warm,cold,final,8,7,i1m,0,0,25000000,25000000,25000000,cohort,300000,1916,473,0,3,1280,160,0,0,0
cold_online_warm_h8_s7_state0_mac0,warm,cold,final,8,7,i1m,0,0,25000000,25000000,25000000,cohort,400000,1916,473,0,2,1283,158,0,0,0
cold_online_warm_h8_s7_state0_mac0,warm,cold,final,8,7,i1m,0,0,25000000,25000000,25000000,cohort,500000,1934,473,0,3,1296,162,0,0,0
cold_online_warm_h8_s7_state0_mac0,warm,cold,final,8,7,i1m,0,0,25000000,25000000,25000000,cohort,600000,1930,471,0,5,1294,160,0,0,0
cold_online_warm_h8_s7_state0_mac0,warm,cold,final,8,7,i1m,0,0,25000000,25000000,25000000,cohort,700000,1928,469,0,5,1292,162,0,0,0
cold_online_warm_h8_s7_state0_mac0,warm,cold,final,8,7,i1m,0,0,25000000,25000000,25000000,cohort,800000,1670,475,0,4,1031,160,0,0,0
cold_online_warm_h8_s7_state0_mac0,warm,cold,final,8,7,i1m,0,0,25000000,25000000,25000000,cohort,900000,1940,475,0,7,1292,166,0,0,0
cold_online_warm_h8_s7_state0_mac0,warm,cold,final,8,7,i1m,0,0,25000000,25000000,25000000,cohort,1000000,1732,475,0,6,1089,162,0,0,0
cold_online_warm_h8_s7_state0_mac0,warm,cold,final,8,7,i1m,0,0,25000000,25000000,25000000,cohort,1100000,1928,473,0,9,1283,163,0,0,0
cold_online_warm_h8_s7_state0_mac0,warm,cold,final,8,7,i1m,0,0,25000000,25000000,25000000,cohort,1200000,1948,469,0,13,1298,168,0,0,0
cold_online_warm_h8_s7_state0_mac0,warm,cold,final,8,7,i1m,0,0,25000000,25000000,25000000,cohort,1300000,1904,473,1,9,1256,165,0,0,0
cold_online_warm_h8_s7_state0_mac0,warm,cold,final,8,7,i1m,0,0,25000000,25000000,25000000,cohort,1400000,1450,476,1,11,797,165,0,0,0
cold_online_warm_h8_s7_state0_mac0,warm,cold,final,8,7,i1m,0,0,25000000,25000000,25000000,cohort,1500000,1934,475,0,4,1295,160,0,0,0
cold_online_warm_h8_s7_state0_mac0,warm,cold,final,8,7,i1m,0,0,25000000,25000000,25000000,cohort,1600000,1818,455,0,11,1192,160,0,0,0
cold_online_warm_h8_s7_state0_mac0,warm,cold,final,8,7,i1m,0,0,25000000,25000000,25000000,cohort,1700000,1958,475,1,14,1300,168,0,0,0
cold_online_warm_h8_s7_state0_mac0,warm,cold,final,8,7,i1m,0,0,25000000,25000000,25000000,cohort,1800000,1952,473,0,11,1305,163,0,0,0
cold_online_warm_h8_s7_state0_mac0,warm,cold,final,8,7,i1m,0,0,25000000,25000000,25000000,cohort,1900000,1968,472,0,16,1305,175,0,0,0
cold_online_warm_h8_s7_state0_mac0,warm,cold,final,8,7,i1m,0,0,25000000,25000000,25000000,cohort,2000000,1942,477,0,9,1297,159,0,0,0
cold_online_warm_h8_s7_state0_mac0,warm,cold,final,8,7,i1m,0,0,25000000,25000000,25000000,cohort,2100000,1952,474,0,13,1297,168,0,0,0
cold_online_warm_h8_s7_state0_mac0,warm,cold,final,8,7,i1m,0,0,25000000,25000000,25000000,cohort,2200000,1956,474,0,8,1312,162,0,0,0
cold_online_warm_h8_s7_state0_mac0,warm,cold,final,8,7,i1m,0,0,25000000,25000000,25000000,cohort,2300000,1744,470,0,16,1086,172,0,0,0
cold_online_warm_h8_s7_state0_mac0,warm,cold,final,8,7,i1m,0,0,25000000,25000000,25000000,cohort,2400000,1942,464,0,15,1293,170,0,0,0
cold_online_warm_h8_s7_state0_mac0,warm,cold,final,8,7,i1m,0,0,25000000,25000000,25000000,cohort,2500000,1362,468,0,27,687,180,0,0,0
cold_online_warm_h8_s7_state0_mac0,warm,cold,final,8,7,i1m,0,0,25000000,25000000,25000000,cohort,2600000,1962,470,0,24,1284,184,0,0,0
cold_online_warm_h8_s7_state0_mac0,warm,cold,final,8,7,i1m,0,0,25000000,25000000,25000000,cohort,2700000,1708,478,0,6,1057,167,0,0,0
cold_online_warm_h8_s7_state0_mac0,warm,cold,final,8,7,i1m,0,0,25000000,25000000,25000000,cohort,2800000,1838,471,0,10,1196,161,0,0,0
cold_online_warm_h8_s7_state0_mac0,warm,cold,final,8,7,i1m,0,0,25000000,25000000,25000000,cohort,2900000,1950,475,0,9,1295,171,0,0,0
cold_online_warm_h8_s7_state0_mac0,warm,cold,final,8,7,i1m,0,0,25000000,25000000,25000000,cohort,3000000,1750,475,0,8,1106,161,0,0,0
cold_online_warm_h8_s7_state0_mac0,warm,cold,final,8,7,i1m,0,0,25000000,25000000,25000000,cohort,3100000,1738,469,0,5,1101,163,0,0,0
cold_online_warm_h8_s7_state0_mac0,warm,cold,final,8,7,i1m,0,0,25000000,25000000,25000000,cohort,3200000,1962,476,0,8,1311,167,0,0,0
cold_online_warm_h8_s7_state0_mac0,warm,cold,final,8,7,i1m,0,0,25000000,25000000,25000000,cohort,3300000,1640,477,0,12,985,166,0,0,0
cold_online_warm_h8_s7_state0_mac0,warm,cold,final,8,7,i1m,0,0,25000000,25000000,25000000,cohort,3400000,1874,473,0,7,1233,161,0,0,0
cold_online_warm_h8_s7_state0_mac0,warm,cold,final,8,7,i1m,0,0,25000000,25000000,25000000,cohort,3500000,1970,470,1,19,1309,171,0,0,0
cold_online_warm_h8_s7_state0_mac0,warm,cold,final,8,7,i1m,0,0,25000000,25000000,25000000,cohort,3600000,1652,471,0,26,974,181,0,0,0
cold_online_warm_h8_s7_state0_mac0,warm,cold,final,8,7,i1m,0,0,25000000,25000000,25000000,cohort,3700000,1918,473,0,11,1269,165,0,0,0
cold_online_warm_h8_s7_state0_mac0,warm,cold,final,8,7,i1m,0,0,25000000,25000000,25000000,cohort,3800000,1762,473,0,17,1105,167,0,0,0
cold_online_warm_h8_s7_state0_mac0,warm,cold,final,8,7,i1m,0,0,25000000,25000000,25000000,cohort,3900000,1696,470,0,18,1037,171,0,0,0
cold_online_warm_h8_s7_state0_mac0,warm,cold,final,8,7,i1m,0,0,25000000,25000000,25000000,cohort,4000000,1604,471,0,25,934,174,0,0,0
cold_online_warm_h8_s7_state0_mac0,warm,cold,final,8,7,i1m,0,0,25000000,25000000,25000000,cohort,4100000,1826,474,0,13,1172,167,0,0,0
cold_online_warm_h8_s7_state0_mac0,warm,cold,final,8,7,i1m,0,0,25000000,25000000,25000000,cohort,4200000,1504,468,0,18,846,172,0,0,0
cold_online_warm_h8_s7_state0_mac0,warm,cold,final,8,7,i1m,0,0,25000000,25000000,25000000,cohort,4300000,1926,477,1,9,1276,163,0,0,0
cold_online_warm_h8_s7_state0_mac0,warm,cold,final,8,7,i1m,0,0,25000000,25000000,25000000,cohort,4400000,1894,473,1,12,1245,163,0,0,0
cold_online_warm_h8_s7_state0_mac0,warm,cold,final,8,7,i1m,0,0,25000000,25000000,25000000,cohort,4500000,1778,473,1,11,1126,167,0,0,0
cold_online_warm_h8_s7_state0_mac0,warm,cold,final,8,7,i1m,0,0,25000000,25000000,25000000,cohort,4600000,1676,476,0,6,1028,166,0,0,0
cold_online_warm_h8_s7_state0_mac0,warm,cold,final,8,7,i1m,0,0,25000000,25000000,25000000,cohort,4700000,1959,473,1,12,1300,173,0,0,0
cold_online_warm_h8_s7_state0_mac0,warm,cold,final,8,7,i1m,0,0,25000000,25000000,25000000,cohort,4800000,1912,476,0,6,1270,160,0,0,0
cold_online_warm_h8_s7_state0_mac0,warm,cold,final,8,7,i1m,0,0,25000000,25000000,25000000,cohort,4900000,1906,470,0,23,1239,174,0,0,0
cold_online_warm_h8_s7_state0_mac0,warm,cold,final,8,7,i1m,0,0,25000000,25000000,25000000,cohort,5000000,1918,468,0,26,1248,176,0,0,0
cold_online_warm_h8_s7_state0_mac0,warm,cold,final,8,7,i1m,0,0,25000000,25000000,25000000,cohort,5100000,1722,472,0,17,1066,167,0,0,0
cold_online_warm_h8_s7_state0_mac0,warm,cold,final,8,7,i1m,0,0,25000000,25000000,25000000,cohort,5200000,1918,474,1,20,1250,173,0,0,0
cold_online_warm_h8_s7_state0_mac0,warm,cold,final,8,7,i1m,0,0,25000000,25000000,25000000,cohort,5300000,1654,472,0,16,996,170,0,0,0
cold_online_warm_h8_s7_state0_mac0,warm,cold,final,8,7,i1m,0,0,25000000,25000000,25000000,cohort,5400000,1510,469,0,24,846,171,0,0,0
cold_online_warm_h8_s7_state0_mac0,warm,cold,final,8,7,i1m,0,0,25000000,25000000,25000000,cohort,5500000,1906,471,0,14,1252,169,0,0,0
cold_online_warm_h8_s7_state0_mac0,warm,cold,final,8,7,i1m,0,0,25000000,25000000,25000000,cohort,5600000,1838,473,0,19,1181,165,0,0,0
cold_online_warm_h8_s7_state0_mac0,warm,cold,final,8,7,i1m,0,0,25000000,25000000,25000000,cohort,5700000,1916,476,0,20,1250,170,0,0,0
cold_online_warm_h8_s7_state0_mac0,warm,cold,final,8,7,i1m,0,0,25000000,25000000,25000000,cohort,5800000,1893,476,0,19,1230,168,0,0,0
cold_online_warm_h8_s7_state0_mac0,warm,cold,final,8,7,i1m,0,0,25000000,25000000,25000000,cohort,5900000,1928,471,0,19,1269,169,0,0,0
cold_online_warm_h8_s7_state0_mac0,warm,cold,final,8,7,i1m,0,0,25000000,25000000,25000000,cohort,6000000,1548,473,0,8,906,161,0,0,0
cold_online_warm_h8_s7_state0_mac0,warm,cold,final,8,7,i1m,0,0,25000000,25000000,25000000,cohort,6100000,1964,472,1,18,1298,175,0,0,0
cold_online_warm_h8_s7_state0_mac0,warm,cold,final,8,7,i1m,0,0,25000000,25000000,25000000,cohort,6200000,1805,474,0,10,1158,163,0,0,0
cold_online_warm_h8_s7_state0_mac0,warm,cold,final,8,7,i1m,0,0,25000000,25000000,25000000,cohort,6300000,1886,474,1,22,1216,173,0,0,0
cold_online_warm_h8_s7_state0_mac0,warm,cold,final,8,7,i1m,0,0,25000000,25000000,25000000,cohort,6400000,1820,480,2,14,1157,167,0,0,0
cold_online_warm_h8_s7_state0_mac0,warm,cold,final,8,7,i1m,0,0,25000000,25000000,25000000,cohort,6500000,1819,474,0,14,1160,171,0,0,0
cold_online_warm_h8_s7_state0_mac0,warm,cold,final,8,7,i1m,0,0,25000000,25000000,25000000,cohort,6600000,1772,478,0,14,1108,172,0,0,0
cold_online_warm_h8_s7_state0_mac0,warm,cold,final,8,7,i1m,0,0,25000000,25000000,25000000,cohort,6700000,1903,477,1,12,1247,166,0,0,0
cold_online_warm_h8_s7_state0_mac0,warm,cold,final,8,7,i1m,0,0,25000000,25000000,25000000,cohort,6800000,1887,470,0,15,1232,170,0,0,0
cold_online_warm_h8_s7_state0_mac0,warm,cold,final,8,7,i1m,0,0,25000000,25000000,25000000,cohort,6900000,1414,452,0,9,778,175,0,0,0
cold_online_warm_h8_s7_state0_mac0,warm,cold,final,8,7,i1m,0,0,25000000,25000000,25000000,cohort,7000000,1523,476,0,8,881,158,0,0,0
cold_online_warm_h8_s7_state0_mac0,warm,cold,final,8,7,i1m,0,0,25000000,25000000,25000000,cohort,7100000,1715,471,1,27,1043,173,0,0,0
cold_online_warm_h8_s7_state0_mac0,warm,cold,final,8,7,i1m,0,0,25000000,25000000,25000000,cohort,7200000,1851,473,0,15,1196,167,0,0,0
cold_online_warm_h8_s7_state0_mac0,warm,cold,final,8,7,i1m,0,0,25000000,25000000,25000000,cohort,7300000,1797,472,1,14,1142,168,0,0,0
cold_online_warm_h8_s7_state0_mac0,warm,cold,final,8,7,i1m,0,0,25000000,25000000,25000000,cohort,7400000,1814,472,0,10,1167,165,0,0,0
cold_online_warm_h8_s7_state0_mac0,warm,cold,final,8,7,i1m,0,0,25000000,25000000,25000000,cohort,7500000,1761,469,0,15,1107,170,0,0,0
cold_online_warm_h8_s7_state0_mac0,warm,cold,final,8,7,i1m,0,0,25000000,25000000,25000000,cohort,7600000,1828,477,0,4,1188,159,0,0,0
cold_online_warm_h8_s7_state0_mac0,warm,cold,final,8,7,i1m,0,0,25000000,25000000,25000000,cohort,7700000,1855,470,0,9,1215,161,0,0,0
cold_online_warm_h8_s7_state0_mac0,warm,cold,final,8,7,i1m,0,0,25000000,25000000,25000000,cohort,7800000,1805,467,0,16,1150,172,0,0,0
cold_online_warm_h8_s7_state0_mac0,warm,cold,final,8,7,i1m,0,0,25000000,25000000,25000000,cohort,7900000,1565,471,0,4,926,164,0,0,0
cold_online_warm_h8_s7_state0_mac0,warm,cold,final,8,7,i1m,0,0,25000000,25000000,25000000,cohort,8000000,1591,459,0,19,940,173,0,0,0
cold_online_warm_h8_s7_state0_mac0,warm,cold,final,8,7,i1m,0,0,25000000,25000000,25000000,cohort,8100000,1642,461,0,17,995,169,0,0,0
cold_online_warm_h8_s7_state0_mac0,warm,cold,final,8,7,i1m,0,0,25000000,25000000,25000000,cohort,8200000,1591,471,0,9,945,166,0,0,0
cold_online_warm_h8_s7_state0_mac0,warm,cold,final,8,7,i1m,0,0,25000000,25000000,25000000,cohort,8300000,1841,475,0,9,1195,162,0,0,0
cold_online_warm_h8_s7_state0_mac0,warm,cold,final,8,7,i1m,0,0,25000000,25000000,25000000,cohort,8400000,1712,476,1,7,1065,163,0,0,0
cold_online_warm_h8_s7_state0_mac0,warm,cold,final,8,7,i1m,0,0,25000000,25000000,25000000,cohort,8500000,1934,480,0,30,1245,179,0,0,0
cold_online_warm_h8_s7_state0_mac0,warm,cold,final,8,7,i1m,0,0,25000000,25000000,25000000,cohort,8600000,1813,471,0,8,1166,168,0,0,0
cold_online_warm_h8_s7_state0_mac0,warm,cold,final,8,7,i1m,0,0,25000000,25000000,25000000,cohort,8700000,1782,465,0,20,1121,176,0,0,0
cold_online_warm_h8_s7_state0_mac0,warm,cold,final,8,7,i1m,0,0,25000000,25000000,25000000,cohort,8800000,1848,475,0,17,1187,169,0,0,0
cold_online_warm_h8_s7_state0_mac0,warm,cold,final,8,7,i1m,0,0,25000000,25000000,25000000,cohort,8900000,1684,472,0,12,1037,163,0,0,0
cold_online_warm_h8_s7_state0_mac0,warm,cold,final,8,7,i1m,0,0,25000000,25000000,25000000,cohort,9000000,1886,473,0,9,1240,164,0,0,0
cold_online_warm_h8_s7_state0_mac0,warm,cold,final,8,7,i1m,0,0,25000000,25000000,25000000,cohort,9100000,1777,474,0,9,1131,163,0,0,0
cold_online_warm_h8_s7_state0_mac0,warm,cold,final,8,7,i1m,0,0,25000000,25000000,25000000,cohort,9200000,1859,466,0,12,1207,174,0,0,0
cold_online_warm_h8_s7_state0_mac0,warm,cold,final,8,7,i1m,0,0,25000000,25000000,25000000,cohort,9300000,1651,470,0,8,1009,164,0,0,0
cold_online_warm_h8_s7_state0_mac0,warm,cold,final,8,7,i1m,0,0,25000000,25000000,25000000,cohort,9400000,1744,467,0,9,1101,167,0,0,0
cold_online_warm_h8_s7_state0_mac0,warm,cold,final,8,7,i1m,0,0,25000000,25000000,25000000,cohort,9500000,1611,460,0,12,967,172,0,0,0
cold_online_warm_h8_s7_state0_mac0,warm,cold,final,8,7,i1m,0,0,25000000,25000000,25000000,cohort,9600000,1560,468,1,14,906,171,0,0,0
cold_online_warm_h8_s7_state0_mac0,warm,cold,final,8,7,i1m,0,0,25000000,25000000,25000000,cohort,9700000,1716,470,0,13,1065,168,0,0,0
cold_online_warm_h8_s7_state0_mac0,warm,cold,final,8,7,i1m,0,0,25000000,25000000,25000000,cohort,9800000,1781,471,0,20,1119,171,0,0,0
cold_online_warm_h8_s7_state0_mac0,warm,cold,final,8,7,i1m,0,0,25000000,25000000,25000000,cohort,9900000,1762,460,1,13,1114,174,0,0,0
cold_online_warm_h8_s7_state0_mac0,warm,cold,final,8,7,i1m,0,0,25000000,25000000,25000000,cohort,10000000,1581,470,0,16,931,164,0,0,0
cold_online_warm_h8_s7_state0_mac0,warm,cold,final,8,7,i1m,0,0,25000000,25000000,25000000,cohort,10100000,1857,471,1,6,1209,170,0,0,0
cold_online_warm_h8_s7_state0_mac0,warm,cold,final,8,7,i1m,0,0,25000000,25000000,25000000,cohort,10200000,1771,463,0,7,1133,168,0,0,0
cold_online_warm_h8_s7_state0_mac0,warm,cold,final,8,7,i1m,0,0,25000000,25000000,25000000,cohort,10300000,1772,469,0,14,1121,168,0,0,0
cold_online_warm_h8_s7_state0_mac0,warm,cold,final,8,7,i1m,0,0,25000000,25000000,25000000,cohort,10400000,1720,464,0,8,1079,169,0,0,0
cold_online_warm_h8_s7_state0_mac0,warm,cold,final,8,7,i1m,0,0,25000000,25000000,25000000,cohort,10500000,1625,460,0,7,985,173,0,0,0
cold_online_warm_h8_s7_state0_mac0,warm,cold,final,8,7,i1m,0,0,25000000,25000000,25000000,cohort,10600000,1825,460,0,12,1178,175,0,0,0
cold_online_warm_h8_s7_state0_mac0,warm,cold,final,8,7,i1m,0,0,25000000,25000000,25000000,cohort,10700000,1757,469,0,8,1115,165,0,0,0
cold_online_warm_h8_s7_state0_mac0,warm,cold,final,8,7,i1m,0,0,25000000,25000000,25000000,cohort,10800000,1774,467,0,15,1119,173,0,0,0
cold_online_warm_h8_s7_state0_mac0,warm,cold,final,8,7,i1m,0,0,25000000,25000000,25000000,cohort,10900000,1841,469,0,7,1197,168,0,0,0
cold_online_warm_h8_s7_state0_mac0,warm,cold,final,8,7,i1m,0,0,25000000,25000000,25000000,cohort,11000000,1726,457,0,14,1078,177,0,0,0
cold_online_warm_h8_s7_state0_mac0,warm,cold,final,8,7,i1m,0,0,25000000,25000000,25000000,cohort,11100000,1752,466,1,7,1110,168,0,0,0
cold_online_warm_h8_s7_state0_mac0,warm,cold,final,8,7,i1m,0,0,25000000,25000000,25000000,cohort,11200000,1745,460,0,16,1097,172,0,0,0
cold_online_warm_h8_s7_state0_mac0,warm,cold,final,8,7,i1m,0,0,25000000,25000000,25000000,cohort,11300000,1634,464,0,13,991,166,0,0,0
cold_online_warm_h8_s7_state0_mac0,warm,cold,final,8,7,i1m,0,0,25000000,25000000,25000000,cohort,11400000,1773,461,11,18,1094,189,0,0,0
cold_online_warm_h8_s7_state0_mac0,warm,cold,final,8,7,i1m,0,0,25000000,25000000,25000000,cohort,11500000,1335,437,10,69,589,230,0,0,0
cold_online_warm_h8_s7_state0_mac0,warm,cold,final,8,7,i1m,0,0,25000000,25000000,25000000,cohort,11600000,1747,466,2,11,1090,178,0,0,0
cold_online_warm_h8_s7_state0_mac0,warm,cold,final,8,7,i1m,0,0,25000000,25000000,25000000,cohort,11700000,1775,466,0,11,1129,169,0,0,0
cold_online_warm_h8_s7_state0_mac0,warm,cold,final,8,7,i1m,0,0,25000000,25000000,25000000,cohort,11800000,2137,502,78,87,1141,329,0,0,0
cold_online_warm_h8_s7_state0_mac0,warm,cold,final,8,7,i1m,0,0,25000000,25000000,25000000,cohort,11900000,1984,490,13,102,1086,293,0,0,0
cold_online_warm_h8_s7_state0_mac0,warm,cold,final,8,7,i1m,0,0,25000000,25000000,25000000,cohort,12000000,1730,467,11,41,996,215,0,0,0
cold_online_warm_h8_s7_state0_mac0,warm,cold,final,8,7,i1m,0,0,25000000,25000000,25000000,cohort,12100000,1885,479,30,46,1104,226,0,0,0
cold_online_warm_h8_s7_state0_mac0,warm,cold,final,8,7,i1m,0,0,25000000,25000000,25000000,cohort,12200000,1657,462,0,13,1007,175,0,0,0
cold_online_warm_h8_s7_state0_mac0,warm,cold,final,8,7,i1m,0,0,25000000,25000000,25000000,cohort,12300000,1524,444,4,17,882,177,0,0,0
cold_online_warm_h8_s7_state0_mac0,warm,cold,final,8,7,i1m,0,0,25000000,25000000,25000000,cohort,12400000,1745,468,8,18,1062,189,0,0,0
cold_online_warm_h8_s7_state0_mac0,warm,cold,final,8,7,i1m,0,0,25000000,25000000,25000000,cohort,12500000,1832,468,0,9,1187,168,0,0,0
cold_online_warm_h8_s7_state0_mac0,warm,cold,final,8,7,i1m,0,0,25000000,25000000,25000000,cohort,12600000,1815,464,38,104,914,295,0,0,0
cold_online_warm_h8_s7_state0_mac0,warm,cold,final,8,7,i1m,0,0,25000000,25000000,25000000,cohort,12700000,1848,466,24,49,1080,229,0,0,0
cold_online_warm_h8_s7_state0_mac0,warm,cold,final,8,7,i1m,0,0,25000000,25000000,25000000,cohort,12800000,1936,466,19,84,1085,282,0,0,0
cold_online_warm_h8_s7_state0_mac0,warm,cold,final,8,7,i1m,0,0,25000000,25000000,25000000,cohort,12900000,1869,467,0,19,1198,185,0,0,0
cold_online_warm_h8_s7_state0_mac0,warm,cold,final,8,7,i1m,0,0,25000000,25000000,25000000,cohort,13000000,1853,466,0,10,1206,171,0,0,0
cold_online_warm_h8_s7_state0_mac0,warm,cold,final,8,7,i1m,0,0,25000000,25000000,25000000,cohort,13100000,1683,462,0,11,1030,180,0,0,0
cold_online_warm_h8_s7_state0_mac0,warm,cold,final,8,7,i1m,0,0,25000000,25000000,25000000,cohort,13200000,1836,459,23,141,888,325,0,0,0
cold_online_warm_h8_s7_state0_mac0,warm,cold,final,8,7,i1m,0,0,25000000,25000000,25000000,cohort,13300000,1807,470,0,6,1167,164,0,0,0
cold_online_warm_h8_s7_state0_mac0,warm,cold,final,8,7,i1m,0,0,25000000,25000000,25000000,cohort,13400000,2198,750,3,146,858,441,0,0,0
cold_online_warm_h8_s7_state0_mac0,warm,cold,final,8,7,i1m,0,0,25000000,25000000,25000000,cohort,13500000,1631,439,0,16,997,179,0,0,0
cold_online_warm_h8_s7_state0_mac0,warm,cold,final,8,7,i1m,0,0,25000000,25000000,25000000,cohort,13600000,1856,458,0,25,1194,179,0,0,0
cold_online_warm_h8_s7_state0_mac0,warm,cold,final,8,7,i1m,0,0,25000000,25000000,25000000,cohort,13700000,1836,473,0,29,1140,194,0,0,0
cold_online_warm_h8_s7_state0_mac0,warm,cold,final,8,7,i1m,0,0,25000000,25000000,25000000,cohort,13800000,1802,465,0,3,1167,167,0,0,0
cold_online_warm_h8_s7_state0_mac0,warm,cold,final,8,7,i1m,0,0,25000000,25000000,25000000,cohort,13900000,1607,440,0,22,966,179,0,0,0
cold_online_warm_h8_s7_state0_mac0,warm,cold,final,8,7,i1m,0,0,25000000,25000000,25000000,cohort,14000000,1726,463,0,7,1085,171,0,0,0
cold_online_warm_h8_s7_state0_mac0,warm,cold,final,8,7,i1m,0,0,25000000,25000000,25000000,cohort,14100000,1775,469,0,21,1104,181,0,0,0
cold_online_warm_h8_s7_state0_mac0,warm,cold,final,8,7,i1m,0,0,25000000,25000000,25000000,cohort,14200000,1791,467,0,9,1143,172,0,0,0
cold_online_warm_h8_s7_state0_mac0,warm,cold,final,8,7,i1m,0,0,25000000,25000000,25000000,cohort,14300000,1732,461,0,3,1101,167,0,0,0
cold_online_warm_h8_s7_state0_mac0,warm,cold,final,8,7,i1m,0,0,25000000,25000000,25000000,cohort,14400000,1754,465,0,9,1107,173,0,0,0
cold_online_warm_h8_s7_state0_mac0,warm,cold,final,8,7,i1m,0,0,25000000,25000000,25000000,cohort,14500000,1709,460,0,3,1079,167,0,0,0
cold_online_warm_h8_s7_state0_mac0,warm,cold,final,8,7,i1m,0,0,25000000,25000000,25000000,cohort,14600000,1695,465,0,10,1048,172,0,0,0
cold_online_warm_h8_s7_state0_mac0,warm,cold,final,8,7,i1m,0,0,25000000,25000000,25000000,cohort,14700000,1754,462,0,11,1112,169,0,0,0
cold_online_warm_h8_s7_state0_mac0,warm,cold,final,8,7,i1m,0,0,25000000,25000000,25000000,cohort,14800000,1588,461,0,9,957,161,0,0,0
cold_online_warm_h8_s7_state0_mac0,warm,cold,final,8,7,i1m,0,0,25000000,25000000,25000000,cohort,14900000,1655,466,0,13,1003,173,0,0,0
cold_online_warm_h8_s7_state0_mac0,warm,cold,final,8,7,i1m,0,0,25000000,25000000,25000000,cohort,15000000,1810,469,0,5,1171,165,0,0,0
cold_online_warm_h8_s7_state0_mac0,warm,cold,final,8,7,i1m,0,0,25000000,25000000,25000000,cohort,15100000,1673,459,0,27,997,190,0,0,0
cold_online_warm_h8_s7_state0_mac0,warm,cold,final,8,7,i1m,0,0,25000000,25000000,25000000,cohort,15200000,1725,471,0,8,1075,171,0,0,0
cold_online_warm_h8_s7_state0_mac0,warm,cold,final,8,7,i1m,0,0,25000000,25000000,25000000,cohort,15300000,1768,463,0,5,1130,170,0,0,0
cold_online_warm_h8_s7_state0_mac0,warm,cold,final,8,7,i1m,0,0,25000000,25000000,25000000,cohort,15400000,1803,463,0,6,1161,173,0,0,0
cold_online_warm_h8_s7_state0_mac0,warm,cold,final,8,7,i1m,0,0,25000000,25000000,25000000,cohort,15500000,1763,464,0,3,1127,169,0,0,0
cold_online_warm_h8_s7_state0_mac0,warm,cold,final,8,7,i1m,0,0,25000000,25000000,25000000,cohort,15600000,1727,460,0,9,1086,172,0,0,0
cold_online_warm_h8_s7_state0_mac0,warm,cold,final,8,7,i1m,0,0,25000000,25000000,25000000,cohort,15700000,1742,460,0,3,1107,172,0,0,0
cold_online_warm_h8_s7_state0_mac0,warm,cold,final,8,7,i1m,0,0,25000000,25000000,25000000,cohort,15800000,1780,463,0,15,1129,173,0,0,0
cold_online_warm_h8_s7_state0_mac0,warm,cold,final,8,7,i1m,0,0,25000000,25000000,25000000,cohort,15900000,1769,461,0,11,1124,173,0,0,0
cold_online_warm_h8_s7_state0_mac0,warm,cold,final,8,7,i1m,0,0,25000000,25000000,25000000,cohort,16000000,1675,456,0,10,1033,176,0,0,0
cold_online_warm_h8_s7_state0_mac0,warm,cold,final,8,7,i1m,0,0,25000000,25000000,25000000,cohort,16100000,1611,464,0,8,970,169,0,0,0
cold_online_warm_h8_s7_state0_mac0,warm,cold,final,8,7,i1m,0,0,25000000,25000000,25000000,cohort,16200000,1695,459,0,12,1048,176,0,0,0
cold_online_warm_h8_s7_state0_mac0,warm,cold,final,8,7,i1m,0,0,25000000,25000000,25000000,cohort,16300000,1757,464,0,3,1123,167,0,0,0
cold_online_warm_h8_s7_state0_mac0,warm,cold,final,8,7,i1m,0,0,25000000,25000000,25000000,cohort,16400000,1655,453,0,9,1018,175,0,0,0
cold_online_warm_h8_s7_state0_mac0,warm,cold,final,8,7,i1m,0,0,25000000,25000000,25000000,cohort,16500000,1765,463,0,10,1115,177,0,0,0
cold_online_warm_h8_s7_state0_mac0,warm,cold,final,8,7,i1m,0,0,25000000,25000000,25000000,cohort,16600000,1647,457,0,8,1009,173,0,0,0
cold_online_warm_h8_s7_state0_mac0,warm,cold,final,8,7,i1m,0,0,25000000,25000000,25000000,cohort,16700000,1743,461,0,8,1099,175,0,0,0
cold_online_warm_h8_s7_state0_mac0,warm,cold,final,8,7,i1m,0,0,25000000,25000000,25000000,cohort,16800000,1723,459,0,8,1083,173,0,0,0
cold_online_warm_h8_s7_state0_mac0,warm,cold,final,8,7,i1m,0,0,25000000,25000000,25000000,cohort,16900000,1763,461,0,13,1114,175,0,0,0
cold_online_warm_h8_s7_state0_mac0,warm,cold,final,8,7,i1m,0,0,25000000,25000000,25000000,cohort,17000000,1740,461,0,8,1100,171,0,0,0
cold_online_warm_h8_s7_state0_mac0,warm,cold,final,8,7,i1m,0,0,25000000,25000000,25000000,cohort,17100000,1719,465,0,17,1058,179,0,0,0
cold_online_warm_h8_s7_state0_mac0,warm,cold,final,8,7,i1m,0,0,25000000,25000000,25000000,cohort,17200000,1704,463,1,9,1059,172,0,0,0
cold_online_warm_h8_s7_state0_mac0,warm,cold,final,8,7,i1m,0,0,25000000,25000000,25000000,cohort,17300000,1733,456,0,3,1096,178,0,0,0
cold_online_warm_h8_s7_state0_mac0,warm,cold,final,8,7,i1m,0,0,25000000,25000000,25000000,cohort,17400000,1729,466,0,11,1078,174,0,0,0
cold_online_warm_h8_s7_state0_mac0,warm,cold,final,8,7,i1m,0,0,25000000,25000000,25000000,cohort,17500000,1757,462,0,6,1118,171,0,0,0
cold_online_warm_h8_s7_state0_mac0,warm,cold,final,8,7,i1m,0,0,25000000,25000000,25000000,cohort,17600000,1748,459,0,9,1107,173,0,0,0
cold_online_warm_h8_s7_state0_mac0,warm,cold,final,8,7,i1m,0,0,25000000,25000000,25000000,cohort,17700000,1680,459,0,13,1031,177,0,0,0
cold_online_warm_h8_s7_state0_mac0,warm,cold,final,8,7,i1m,0,0,25000000,25000000,25000000,cohort,17800000,1755,466,0,6,1114,169,0,0,0
cold_online_warm_h8_s7_state0_mac0,warm,cold,final,8,7,i1m,0,0,25000000,25000000,25000000,cohort,17900000,1726,461,0,11,1077,177,0,0,0
cold_online_warm_h8_s7_state0_mac0,warm,cold,final,8,7,i1m,0,0,25000000,25000000,25000000,cohort,18000000,1751,465,0,4,1110,172,0,0,0
cold_online_warm_h8_s7_state0_mac0,warm,cold,final,8,7,i1m,0,0,25000000,25000000,25000000,cohort,18100000,1748,460,0,5,1110,173,0,0,0
cold_online_warm_h8_s7_state0_mac0,warm,cold,final,8,7,i1m,0,0,25000000,25000000,25000000,cohort,18200000,1725,459,0,8,1090,168,0,0,0
cold_online_warm_h8_s7_state0_mac0,warm,cold,final,8,7,i1m,0,0,25000000,25000000,25000000,cohort,18300000,1653,460,0,14,1005,174,0,0,0
cold_online_warm_h8_s7_state0_mac0,warm,cold,final,8,7,i1m,0,0,25000000,25000000,25000000,cohort,18400000,1536,455,0,5,902,174,0,0,0
cold_online_warm_h8_s7_state0_mac0,warm,cold,final,8,7,i1m,0,0,25000000,25000000,25000000,cohort,18500000,1734,466,1,10,1088,169,0,0,0
cold_online_warm_h8_s7_state0_mac0,warm,cold,final,8,7,i1m,0,0,25000000,25000000,25000000,cohort,18600000,1721,462,0,14,1064,181,0,0,0
cold_online_warm_h8_s7_state0_mac0,warm,cold,final,8,7,i1m,0,0,25000000,25000000,25000000,cohort,18700000,1646,460,0,3,1013,170,0,0,0
cold_online_warm_h8_s7_state0_mac0,warm,cold,final,8,7,i1m,0,0,25000000,25000000,25000000,cohort,18800000,1671,453,0,7,1039,172,0,0,0
cold_online_warm_h8_s7_state0_mac0,warm,cold,final,8,7,i1m,0,0,25000000,25000000,25000000,cohort,18900000,1740,468,0,3,1102,167,0,0,0
cold_online_warm_h8_s7_state0_mac0,warm,cold,final,8,7,i1m,0,0,25000000,25000000,25000000,cohort,19000000,1731,463,0,10,1086,172,0,0,0
cold_online_warm_h8_s7_state0_mac0,warm,cold,final,8,7,i1m,0,0,25000000,25000000,25000000,cohort,19100000,1686,465,0,8,1042,171,0,0,0
cold_online_warm_h8_s7_state0_mac0,warm,cold,final,8,7,i1m,0,0,25000000,25000000,25000000,cohort,19200000,1715,456,0,4,1083,172,0,0,0
cold_online_warm_h8_s7_state0_mac0,warm,cold,final,8,7,i1m,0,0,25000000,25000000,25000000,cohort,19300000,1647,457,0,10,1004,176,0,0,0
cold_online_warm_h8_s7_state0_mac0,warm,cold,final,8,7,i1m,0,0,25000000,25000000,25000000,cohort,19400000,1717,460,0,5,1083,169,0,0,0
cold_online_warm_h8_s7_state0_mac0,warm,cold,final,8,7,i1m,0,0,25000000,25000000,25000000,cohort,19500000,1657,459,0,16,1002,180,0,0,0
cold_online_warm_h8_s7_state0_mac0,warm,cold,final,8,7,i1m,0,0,25000000,25000000,25000000,cohort,19600000,1701,456,0,8,1062,175,0,0,0
cold_online_warm_h8_s7_state0_mac0,warm,cold,final,8,7,i1m,0,0,25000000,25000000,25000000,cohort,19700000,1676,451,0,8,1039,178,0,0,0
cold_online_warm_h8_s7_state0_mac0,warm,cold,final,8,7,i1m,0,0,25000000,25000000,25000000,cohort,19800000,1690,472,0,14,1036,168,0,0,0
cold_online_warm_h8_s7_state0_mac0,warm,cold,final,8,7,i1m,0,0,25000000,25000000,25000000,cohort,19900000,1688,449,0,10,1050,179,0,0,0
cold_online_warm_h8_s7_state0_mac0,warm,cold,final,8,7,i1m,0,0,25000000,25000000,25000000,cohort,20000000,1728,464,0,10,1080,174,0,0,0
cold_online_warm_h8_s7_state0_mac0,warm,cold,final,8,7,i1m,0,0,25000000,25000000,25000000,cohort,20100000,1672,456,0,7,1037,172,0,0,0
cold_online_warm_h8_s7_state0_mac0,warm,cold,final,8,7,i1m,0,0,25000000,25000000,25000000,cohort,20200000,1732,460,0,9,1089,174,0,0,0
cold_online_warm_h8_s7_state0_mac0,warm,cold,final,8,7,i1m,0,0,25000000,25000000,25000000,cohort,20300000,1697,463,0,4,1062,168,0,0,0
cold_online_warm_h8_s7_state0_mac0,warm,cold,final,8,7,i1m,0,0,25000000,25000000,25000000,cohort,20400000,1719,460,0,9,1075,175,0,0,0
cold_online_warm_h8_s7_state0_mac0,warm,cold,final,8,7,i1m,0,0,25000000,25000000,25000000,cohort,20500000,1702,460,0,5,1065,172,0,0,0
cold_online_warm_h8_s7_state0_mac0,warm,cold,final,8,7,i1m,0,0,25000000,25000000,25000000,cohort,20600000,1728,461,0,7,1093,167,0,0,0
cold_online_warm_h8_s7_state0_mac0,warm,cold,final,8,7,i1m,0,0,25000000,25000000,25000000,cohort,20700000,1656,460,0,8,1017,171,0,0,0
cold_online_warm_h8_s7_state0_mac0,warm,cold,final,8,7,i1m,0,0,25000000,25000000,25000000,cohort,20800000,1719,463,0,5,1080,171,0,0,0
cold_online_warm_h8_s7_state0_mac0,warm,cold,final,8,7,i1m,0,0,25000000,25000000,25000000,cohort,20900000,1675,459,0,7,1035,174,0,0,0
cold_online_warm_h8_s7_state0_mac0,warm,cold,final,8,7,i1m,0,0,25000000,25000000,25000000,cohort,21000000,1712,463,0,13,1064,172,0,0,0
cold_online_warm_h8_s7_state0_mac0,warm,cold,final,8,7,i1m,0,0,25000000,25000000,25000000,cohort,21100000,1704,460,0,10,1063,171,0,0,0
cold_online_warm_h8_s7_state0_mac0,warm,cold,final,8,7,i1m,0,0,25000000,25000000,25000000,cohort,21200000,1720,463,0,3,1085,169,0,0,0
cold_online_warm_h8_s7_state0_mac0,warm,cold,final,8,7,i1m,0,0,25000000,25000000,25000000,cohort,21300000,1685,467,0,10,1041,167,0,0,0
cold_online_warm_h8_s7_state0_mac0,warm,cold,final,8,7,i1m,0,0,25000000,25000000,25000000,cohort,21400000,1692,457,0,14,1041,180,0,0,0
cold_online_warm_h8_s7_state0_mac0,warm,cold,final,8,7,i1m,0,0,25000000,25000000,25000000,cohort,21500000,1690,461,0,3,1057,169,0,0,0
cold_online_warm_h8_s7_state0_mac0,warm,cold,final,8,7,i1m,0,0,25000000,25000000,25000000,cohort,21600000,1719,458,0,9,1075,177,0,0,0
cold_online_warm_h8_s7_state0_mac0,warm,cold,final,8,7,i1m,0,0,25000000,25000000,25000000,cohort,21700000,1471,456,0,6,832,177,0,0,0
cold_online_warm_h8_s7_state0_mac0,warm,cold,final,8,7,i1m,0,0,25000000,25000000,25000000,cohort,21800000,1675,462,1,11,1028,173,0,0,0
cold_online_warm_h8_s7_state0_mac0,warm,cold,final,8,7,i1m,0,0,25000000,25000000,25000000,cohort,21900000,1743,461,0,5,1107,170,0,0,0
cold_online_warm_h8_s7_state0_mac0,warm,cold,final,8,7,i1m,0,0,25000000,25000000,25000000,cohort,22000000,1601,458,0,7,964,172,0,0,0
cold_online_warm_h8_s7_state0_mac0,warm,cold,final,8,7,i1m,0,0,25000000,25000000,25000000,cohort,22100000,1710,458,0,14,1060,178,0,0,0
cold_online_warm_h8_s7_state0_mac0,warm,cold,final,8,7,i1m,0,0,25000000,25000000,25000000,cohort,22200000,1744,462,0,4,1107,171,0,0,0
cold_online_warm_h8_s7_state0_mac0,warm,cold,final,8,7,i1m,0,0,25000000,25000000,25000000,cohort,22300000,1547,458,0,15,897,177,0,0,0
cold_online_warm_h8_s7_state0_mac0,warm,cold,final,8,7,i1m,0,0,25000000,25000000,25000000,cohort,22400000,1699,463,0,9,1057,170,0,0,0
cold_online_warm_h8_s7_state0_mac0,warm,cold,final,8,7,i1m,0,0,25000000,25000000,25000000,cohort,22500000,1649,462,0,17,990,180,0,0,0
cold_online_warm_h8_s7_state0_mac0,warm,cold,final,8,7,i1m,0,0,25000000,25000000,25000000,cohort,22600000,1662,462,0,10,1016,174,0,0,0
cold_online_warm_h8_s7_state0_mac0,warm,cold,final,8,7,i1m,0,0,25000000,25000000,25000000,cohort,22700000,1671,456,0,7,1032,176,0,0,0
cold_online_warm_h8_s7_state0_mac0,warm,cold,final,8,7,i1m,0,0,25000000,25000000,25000000,cohort,22800000,1569,456,0,20,919,174,0,0,0
cold_online_warm_h8_s7_state0_mac0,warm,cold,final,8,7,i1m,0,0,25000000,25000000,25000000,cohort,22900000,1560,460,0,8,922,170,0,0,0
cold_online_warm_h8_s7_state0_mac0,warm,cold,final,8,7,i1m,0,0,25000000,25000000,25000000,cohort,23000000,1674,456,0,12,1028,178,0,0,0
cold_online_warm_h8_s7_state0_mac0,warm,cold,final,8,7,i1m,0,0,25000000,25000000,25000000,cohort,23100000,1559,462,0,11,910,176,0,0,0
cold_online_warm_h8_s7_state0_mac0,warm,cold,final,8,7,i1m,0,0,25000000,25000000,25000000,cohort,23200000,1571,458,0,17,921,175,0,0,0
cold_online_warm_h8_s7_state0_mac0,warm,cold,final,8,7,i1m,0,0,25000000,25000000,25000000,cohort,23300000,1591,459,0,8,948,176,0,0,0
cold_online_warm_h8_s7_state0_mac0,warm,cold,final,8,7,i1m,0,0,25000000,25000000,25000000,cohort,23400000,1623,459,0,5,988,170,0,1,1
cold_online_warm_h8_s7_state0_mac0,warm,cold,final,8,7,i1m,0,0,25000000,25000000,25000000,cohort,23500000,1583,456,0,15,936,175,0,1,1
cold_online_warm_h8_s7_state0_mac0,warm,cold,final,8,7,i1m,0,0,25000000,25000000,25000000,cohort,23600000,1532,458,0,5,901,168,0,0,0
cold_online_warm_h8_s7_state0_mac0,warm,cold,final,8,7,i1m,0,0,25000000,25000000,25000000,cohort,23700000,1668,461,0,3,1028,176,0,0,0
cold_online_warm_h8_s7_state0_mac0,warm,cold,final,8,7,i1m,0,0,25000000,25000000,25000000,cohort,23800000,1519,443,0,2,909,165,0,0,0
cold_online_warm_h8_s7_state0_mac0,warm,cold,final,8,7,i1m,0,0,25000000,25000000,25000000,cohort,23900000,1407,349,0,17,878,163,0,0,0
cold_online_warm_h8_s7_state0_mac0,warm,cold,final,8,7,i1m,0,0,25000000,25000000,25000000,cohort,24000000,1476,401,0,6,907,161,0,1,1
cold_online_warm_h8_s7_state0_mac0,warm,cold,final,8,7,i1m,0,0,25000000,25000000,25000000,cohort,24100000,1294,364,0,5,766,158,0,1,1
cold_online_warm_h8_s7_state0_mac0,warm,cold,final,8,7,i1m,0,0,25000000,25000000,25000000,cohort,24200000,1352,380,0,6,799,167,0,0,0
cold_online_warm_h8_s7_state0_mac0,warm,cold,final,8,7,i1m,0,0,25000000,25000000,25000000,cohort,24300000,1295,340,0,5,780,170,0,0,0
cold_online_warm_h8_s7_state0_mac0,warm,cold,final,8,7,i1m,0,0,25000000,25000000,25000000,cohort,24400000,1218,330,0,6,712,170,0,0,0
cold_online_warm_h8_s7_state0_mac0,warm,cold,final,8,7,i1m,0,0,25000000,25000000,25000000,cohort,24500000,1330,380,0,2,777,166,0,5,5
cold_online_warm_h8_s7_state0_mac0,warm,cold,final,8,7,i1m,0,0,25000000,25000000,25000000,cohort,24600000,1503,449,0,2,871,173,0,8,8
cold_online_warm_h8_s7_state0_mac0,warm,cold,final,8,7,i1m,0,0,25000000,25000000,25000000,cohort,24700000,1447,421,0,0,857,161,0,8,8
cold_online_warm_h8_s7_state0_mac0,warm,cold,final,8,7,i1m,0,0,25000000,25000000,25000000,cohort,24800000,1160,336,0,0,659,162,0,3,3
cold_online_warm_h8_s7_state0_mac0,warm,cold,final,8,7,i1m,0,0,25000000,25000000,25000000,cohort,24900000,1230,308,0,0,743,163,0,16,16
cold_stride_h0_s7_state0_mac0,stride,cold,final,0,7,,0,0,25000000,25000000,25000000,cohort,0,461,199,0,1,59,202,0,0,0
cold_stride_h0_s7_state0_mac0,stride,cold,final,0,7,,0,0,25000000,25000000,25000000,cohort,100000,450,137,0,1,173,139,0,0,0
cold_stride_h0_s7_state0_mac0,stride,cold,final,0,7,,0,0,25000000,25000000,25000000,cohort,200000,492,139,0,0,216,137,0,0,0
cold_stride_h0_s7_state0_mac0,stride,cold,final,0,7,,0,0,25000000,25000000,25000000,cohort,300000,430,141,0,2,142,145,0,0,0
cold_stride_h0_s7_state0_mac0,stride,cold,final,0,7,,0,0,25000000,25000000,25000000,cohort,400000,460,140,0,0,181,139,0,0,0
cold_stride_h0_s7_state0_mac0,stride,cold,final,0,7,,0,0,25000000,25000000,25000000,cohort,500000,500,137,0,1,226,136,0,0,0
cold_stride_h0_s7_state0_mac0,stride,cold,final,0,7,,0,0,25000000,25000000,25000000,cohort,600000,507,141,0,1,223,142,0,0,0
cold_stride_h0_s7_state0_mac0,stride,cold,final,0,7,,0,0,25000000,25000000,25000000,cohort,700000,475,138,0,2,196,139,0,0,0
cold_stride_h0_s7_state0_mac0,stride,cold,final,0,7,,0,0,25000000,25000000,25000000,cohort,800000,539,141,0,0,259,139,0,0,0
cold_stride_h0_s7_state0_mac0,stride,cold,final,0,7,,0,0,25000000,25000000,25000000,cohort,900000,489,139,0,1,209,140,0,0,0
cold_stride_h0_s7_state0_mac0,stride,cold,final,0,7,,0,0,25000000,25000000,25000000,cohort,1000000,537,142,0,0,254,141,0,0,0
cold_stride_h0_s7_state0_mac0,stride,cold,final,0,7,,0,0,25000000,25000000,25000000,cohort,1100000,439,141,0,2,153,143,0,0,0
cold_stride_h0_s7_state0_mac0,stride,cold,final,0,7,,0,0,25000000,25000000,25000000,cohort,1200000,414,140,0,0,136,138,0,0,0
cold_stride_h0_s7_state0_mac0,stride,cold,final,0,7,,0,0,25000000,25000000,25000000,cohort,1300000,514,137,0,1,236,140,0,0,0
cold_stride_h0_s7_state0_mac0,stride,cold,final,0,7,,0,0,25000000,25000000,25000000,cohort,1400000,434,141,0,2,151,140,0,0,0
cold_stride_h0_s7_state0_mac0,stride,cold,final,0,7,,0,0,25000000,25000000,25000000,cohort,1500000,483,139,0,1,205,138,0,0,0
cold_stride_h0_s7_state0_mac0,stride,cold,final,0,7,,0,0,25000000,25000000,25000000,cohort,1600000,501,150,0,11,199,141,0,0,0
cold_stride_h0_s7_state0_mac0,stride,cold,final,0,7,,0,0,25000000,25000000,25000000,cohort,1700000,483,138,0,0,208,137,0,0,0
cold_stride_h0_s7_state0_mac0,stride,cold,final,0,7,,0,0,25000000,25000000,25000000,cohort,1800000,509,139,0,2,228,140,0,0,0
cold_stride_h0_s7_state0_mac0,stride,cold,final,0,7,,0,0,25000000,25000000,25000000,cohort,1900000,531,143,0,1,245,142,0,0,0
cold_stride_h0_s7_state0_mac0,stride,cold,final,0,7,,0,0,25000000,25000000,25000000,cohort,2000000,483,142,0,1,198,142,0,0,0
cold_stride_h0_s7_state0_mac0,stride,cold,final,0,7,,0,0,25000000,25000000,25000000,cohort,2100000,406,136,0,1,134,135,0,0,0
cold_stride_h0_s7_state0_mac0,stride,cold,final,0,7,,0,0,25000000,25000000,25000000,cohort,2200000,484,138,0,2,206,138,0,0,0
cold_stride_h0_s7_state0_mac0,stride,cold,final,0,7,,0,0,25000000,25000000,25000000,cohort,2300000,470,138,0,0,194,138,0,0,0
cold_stride_h0_s7_state0_mac0,stride,cold,final,0,7,,0,0,25000000,25000000,25000000,cohort,2400000,451,134,0,0,178,139,0,0,0
cold_stride_h0_s7_state0_mac0,stride,cold,final,0,7,,0,0,25000000,25000000,25000000,cohort,2500000,443,136,1,3,167,136,0,0,0
cold_stride_h0_s7_state0_mac0,stride,cold,final,0,7,,0,0,25000000,25000000,25000000,cohort,2600000,412,137,0,1,136,138,0,0,0
cold_stride_h0_s7_state0_mac0,stride,cold,final,0,7,,0,0,25000000,25000000,25000000,cohort,2700000,509,140,0,0,232,137,0,0,0
cold_stride_h0_s7_state0_mac0,stride,cold,final,0,7,,0,0,25000000,25000000,25000000,cohort,2800000,490,140,0,1,213,136,0,0,0
cold_stride_h0_s7_state0_mac0,stride,cold,final,0,7,,0,0,25000000,25000000,25000000,cohort,2900000,487,139,0,0,209,139,0,0,0
cold_stride_h0_s7_state0_mac0,stride,cold,final,0,7,,0,0,25000000,25000000,25000000,cohort,3000000,431,142,0,0,148,141,0,0,0
cold_stride_h0_s7_state0_mac0,stride,cold,final,0,7,,0,0,25000000,25000000,25000000,cohort,3100000,517,141,0,1,237,138,0,0,0
cold_stride_h0_s7_state0_mac0,stride,cold,final,0,7,,0,0,25000000,25000000,25000000,cohort,3200000,519,143,0,1,236,139,0,0,0
cold_stride_h0_s7_state0_mac0,stride,cold,final,0,7,,0,0,25000000,25000000,25000000,cohort,3300000,486,139,0,1,208,138,0,0,0
cold_stride_h0_s7_state0_mac0,stride,cold,final,0,7,,0,0,25000000,25000000,25000000,cohort,3400000,503,138,0,1,226,138,0,0,0
cold_stride_h0_s7_state0_mac0,stride,cold,final,0,7,,0,0,25000000,25000000,25000000,cohort,3500000,475,135,0,2,204,134,0,0,0
cold_stride_h0_s7_state0_mac0,stride,cold,final,0,7,,0,0,25000000,25000000,25000000,cohort,3600000,498,136,0,9,212,141,0,0,0
cold_stride_h0_s7_state0_mac0,stride,cold,final,0,7,,0,0,25000000,25000000,25000000,cohort,3700000,475,137,0,0,200,138,0,0,0
cold_stride_h0_s7_state0_mac0,stride,cold,final,0,7,,0,0,25000000,25000000,25000000,cohort,3800000,493,137,0,4,213,139,0,0,0
cold_stride_h0_s7_state0_mac0,stride,cold,final,0,7,,0,0,25000000,25000000,25000000,cohort,3900000,491,139,0,3,208,141,0,0,0
cold_stride_h0_s7_state0_mac0,stride,cold,final,0,7,,0,0,25000000,25000000,25000000,cohort,4000000,480,138,0,4,202,136,0,0,0
cold_stride_h0_s7_state0_mac0,stride,cold,final,0,7,,0,0,25000000,25000000,25000000,cohort,4100000,487,142,0,0,208,137,0,0,0
cold_stride_h0_s7_state0_mac0,stride,cold,final,0,7,,0,0,25000000,25000000,25000000,cohort,4200000,480,134,0,4,204,138,0,0,0
cold_stride_h0_s7_state0_mac0,stride,cold,final,0,7,,0,0,25000000,25000000,25000000,cohort,4300000,511,139,0,1,233,138,0,0,0
cold_stride_h0_s7_state0_mac0,stride,cold,final,0,7,,0,0,25000000,25000000,25000000,cohort,4400000,510,143,0,3,220,144,0,0,0
cold_stride_h0_s7_state0_mac0,stride,cold,final,0,7,,0,0,25000000,25000000,25000000,cohort,4500000,505,137,0,1,232,135,0,0,0
cold_stride_h0_s7_state0_mac0,stride,cold,final,0,7,,0,0,25000000,25000000,25000000,cohort,4600000,516,135,0,0,247,134,0,0,0
cold_stride_h0_s7_state0_mac0,stride,cold,final,0,7,,0,0,25000000,25000000,25000000,cohort,4700000,477,137,0,0,203,137,0,0,0
cold_stride_h0_s7_state0_mac0,stride,cold,final,0,7,,0,0,25000000,25000000,25000000,cohort,4800000,501,139,1,2,220,139,0,0,0
cold_stride_h0_s7_state0_mac0,stride,cold,final,0,7,,0,0,25000000,25000000,25000000,cohort,4900000,462,135,1,4,183,139,0,0,0
cold_stride_h0_s7_state0_mac0,stride,cold,final,0,7,,0,0,25000000,25000000,25000000,cohort,5000000,490,144,0,5,200,141,0,0,0
cold_stride_h0_s7_state0_mac0,stride,cold,final,0,7,,0,0,25000000,25000000,25000000,cohort,5100000,505,144,0,1,218,142,0,0,0
cold_stride_h0_s7_state0_mac0,stride,cold,final,0,7,,0,0,25000000,25000000,25000000,cohort,5200000,456,138,0,2,180,136,0,0,0
cold_stride_h0_s7_state0_mac0,stride,cold,final,0,7,,0,0,25000000,25000000,25000000,cohort,5300000,412,135,0,2,135,140,0,0,0
cold_stride_h0_s7_state0_mac0,stride,cold,final,0,7,,0,0,25000000,25000000,25000000,cohort,5400000,480,140,0,4,196,140,0,0,0
cold_stride_h0_s7_state0_mac0,stride,cold,final,0,7,,0,0,25000000,25000000,25000000,cohort,5500000,512,138,0,0,237,137,0,0,0
cold_stride_h0_s7_state0_mac0,stride,cold,final,0,7,,0,0,25000000,25000000,25000000,cohort,5600000,495,137,0,3,216,139,0,0,0
cold_stride_h0_s7_state0_mac0,stride,cold,final,0,7,,0,0,25000000,25000000,25000000,cohort,5700000,490,141,1,3,206,139,0,0,0
cold_stride_h0_s7_state0_mac0,stride,cold,final,0,7,,0,0,25000000,25000000,25000000,cohort,5800000,553,142,0,6,264,141,0,0,0
cold_stride_h0_s7_state0_mac0,stride,cold,final,0,7,,0,0,25000000,25000000,25000000,cohort,5900000,547,138,0,3,268,138,0,0,0
cold_stride_h0_s7_state0_mac0,stride,cold,final,0,7,,0,0,25000000,25000000,25000000,cohort,6000000,469,144,0,1,184,140,0,0,0
cold_stride_h0_s7_state0_mac0,stride,cold,final,0,7,,0,0,25000000,25000000,25000000,cohort,6100000,509,136,0,0,237,136,0,0,0
cold_stride_h0_s7_state0_mac0,stride,cold,final,0,7,,0,0,25000000,25000000,25000000,cohort,6200000,509,137,0,1,235,136,0,0,0
cold_stride_h0_s7_state0_mac0,stride,cold,final,0,7,,0,0,25000000,25000000,25000000,cohort,6300000,521,136,0,3,245,137,0,0,0
cold_stride_h0_s7_state0_mac0,stride,cold,final,0,7,,0,0,25000000,25000000,25000000,cohort,6400000,536,146,2,4,245,139,0,0,0
cold_stride_h0_s7_state0_mac0,stride,cold,final,0,7,,0,0,25000000,25000000,25000000,cohort,6500000,493,139,0,0,216,138,0,0,0
cold_stride_h0_s7_state0_mac0,stride,cold,final,0,7,,0,0,25000000,25000000,25000000,cohort,6600000,474,145,0,1,185,143,0,0,0
cold_stride_h0_s7_state0_mac0,stride,cold,final,0,7,,0,0,25000000,25000000,25000000,cohort,6700000,520,142,0,1,242,135,0,0,0
cold_stride_h0_s7_state0_mac0,stride,cold,final,0,7,,0,0,25000000,25000000,25000000,cohort,6800000,492,137,0,2,214,139,0,0,0
cold_stride_h0_s7_state0_mac0,stride,cold,final,0,7,,0,0,25000000,25000000,25000000,cohort,6900000,422,137,0,1,146,138,0,0,0
cold_stride_h0_s7_state0_mac0,stride,cold,final,0,7,,0,0,25000000,25000000,25000000,cohort,7000000,429,140,1,0,146,142,0,0,0
cold_stride_h0_s7_state0_mac0,stride,cold,final,0,7,,0,0,25000000,25000000,25000000,cohort,7100000,455,139,0,2,176,138,0,0,0
cold_stride_h0_s7_state0_mac0,stride,cold,final,0,7,,0,0,25000000,25000000,25000000,cohort,7200000,464,142,0,1,179,142,0,0,0
cold_stride_h0_s7_state0_mac0,stride,cold,final,0,7,,0,0,25000000,25000000,25000000,cohort,7300000,518,140,0,2,236,140,0,0,0
cold_stride_h0_s7_state0_mac0,stride,cold,final,0,7,,0,0,25000000,25000000,25000000,cohort,7400000,487,139,0,0,211,137,0,0,0
cold_stride_h0_s7_state0_mac0,stride,cold,final,0,7,,0,0,25000000,25000000,25000000,cohort,7500000,415,136,0,1,144,134,0,0,0
cold_stride_h0_s7_state0_mac0,stride,cold,final,0,7,,0,0,25000000,25000000,25000000,cohort,7600000,525,140,0,0,246,139,0,0,0
cold_stride_h0_s7_state0_mac0,stride,cold,final,0,7,,0,0,25000000,25000000,25000000,cohort,7700000,503,140,0,0,226,137,0,0,0
cold_stride_h0_s7_state0_mac0,stride,cold,final,0,7,,0,0,25000000,25000000,25000000,cohort,7800000,534,137,1,2,256,138,0,0,0
cold_stride_h0_s7_state0_mac0,stride,cold,final,0,7,,0,0,25000000,25000000,25000000,cohort,7900000,470,140,0,0,188,142,0,0,0
cold_stride_h0_s7_state0_mac0,stride,cold,final,0,7,,0,0,25000000,25000000,25000000,cohort,8000000,453,135,0,1,178,139,0,0,0
cold_stride_h0_s7_state0_mac0,stride,cold,final,0,7,,0,0,25000000,25000000,25000000,cohort,8100000,505,137,0,4,224,140,0,0,0
cold_stride_h0_s7_state0_mac0,stride,cold,final,0,7,,0,0,25000000,25000000,25000000,cohort,8200000,423,136,0,0,153,134,0,0,0
cold_stride_h0_s7_state0_mac0,stride,cold,final,0,7,,0,0,25000000,25000000,25000000,cohort,8300000,483,140,0,0,204,139,0,0,0
cold_stride_h0_s7_state0_mac0,stride,cold,final,0,7,,0,0,25000000,25000000,25000000,cohort,8400000,514,141,0,1,233,139,0,0,0
cold_stride_h0_s7_state0_mac0,stride,cold,final,0,7,,0,0,25000000,25000000,25000000,cohort,8500000,513,149,2,6,217,139,0,0,0
cold_stride_h0_s7_state0_mac0,stride,cold,final,0,7,,0,0,25000000,25000000,25000000,cohort,8600000,465,141,1,0,183,140,0,0,0
cold_stride_h0_s7_state0_mac0,stride,cold,final,0,7,,0,0,25000000,25000000,25000000,cohort,8700000,524,146,1,3,232,142,0,0,0
cold_stride_h0_s7_state0_mac0,stride,cold,final,0,7,,0,0,25000000,25000000,25000000,cohort,8800000,495,144,0,5,203,143,0,0,0
cold_stride_h0_s7_state0_mac0,stride,cold,final,0,7,,0,0,25000000,25000000,25000000,cohort,8900000,486,140,1,1,201,143,0,0,0
cold_stride_h0_s7_state0_mac0,stride,cold,final,0,7,,0,0,25000000,25000000,25000000,cohort,9000000,534,138,0,0,257,139,0,0,0
cold_stride_h0_s7_state0_mac0,stride,cold,final,0,7,,0,0,25000000,25000000,25000000,cohort,9100000,543,140,1,1,261,140,0,0,0
cold_stride_h0_s7_state0_mac0,stride,cold,final,0,7,,0,0,25000000,25000000,25000000,cohort,9200000,478,136,0,2,205,135,0,0,0
cold_stride_h0_s7_state0_mac0,stride,cold,final,0,7,,0,0,25000000,25000000,25000000,cohort,9300000,515,142,0,2,229,142,0,0,0
cold_stride_h0_s7_state0_mac0,stride,cold,final,0,7,,0,0,25000000,25000000,25000000,cohort,9400000,497,139,0,0,220,138,0,0,0
cold_stride_h0_s7_state0_mac0,stride,cold,final,0,7,,0,0,25000000,25000000,25000000,cohort,9500000,402,140,0,1,123,138,0,0,0
cold_stride_h0_s7_state0_mac0,stride,cold,final,0,7,,0,0,25000000,25000000,25000000,cohort,9600000,469,142,1,3,181,142,0,0,0
cold_stride_h0_s7_state0_mac0,stride,cold,final,0,7,,0,0,25000000,25000000,25000000,cohort,9700000,482,139,0,2,199,142,0,0,0
cold_stride_h0_s7_state0_mac0,stride,cold,final,0,7,,0,0,25000000,25000000,25000000,cohort,9800000,492,137,0,2,214,139,0,0,0
cold_stride_h0_s7_state0_mac0,stride,cold,final,0,7,,0,0,25000000,25000000,25000000,cohort,9900000,499,138,0,1,221,139,0,0,0
cold_stride_h0_s7_state0_mac0,stride,cold,final,0,7,,0,0,25000000,25000000,25000000,cohort,10000000,460,139,0,1,181,139,0,0,0
cold_stride_h0_s7_state0_mac0,stride,cold,final,0,7,,0,0,25000000,25000000,25000000,cohort,10100000,465,140,0,1,184,140,0,0,0
cold_stride_h0_s7_state0_mac0,stride,cold,final,0,7,,0,0,25000000,25000000,25000000,cohort,10200000,508,140,0,2,227,139,0,0,0
cold_stride_h0_s7_state0_mac0,stride,cold,final,0,7,,0,0,25000000,25000000,25000000,cohort,10300000,553,141,0,1,270,141,0,0,0
cold_stride_h0_s7_state0_mac0,stride,cold,final,0,7,,0,0,25000000,25000000,25000000,cohort,10400000,485,136,0,2,209,138,0,0,0
cold_stride_h0_s7_state0_mac0,stride,cold,final,0,7,,0,0,25000000,25000000,25000000,cohort,10500000,494,144,0,0,209,141,0,0,0
cold_stride_h0_s7_state0_mac0,stride,cold,final,0,7,,0,0,25000000,25000000,25000000,cohort,10600000,467,136,0,2,193,136,0,0,0
cold_stride_h0_s7_state0_mac0,stride,cold,final,0,7,,0,0,25000000,25000000,25000000,cohort,10700000,521,141,0,1,238,141,0,0,0
cold_stride_h0_s7_state0_mac0,stride,cold,final,0,7,,0,0,25000000,25000000,25000000,cohort,10800000,499,134,0,4,226,135,0,0,0
cold_stride_h0_s7_state0_mac0,stride,cold,final,0,7,,0,0,25000000,25000000,25000000,cohort,10900000,535,140,0,1,255,139,0,0,0
cold_stride_h0_s7_state0_mac0,stride,cold,final,0,7,,0,0,25000000,25000000,25000000,cohort,11000000,464,140,0,2,182,140,0,0,0
cold_stride_h0_s7_state0_mac0,stride,cold,final,0,7,,0,0,25000000,25000000,25000000,cohort,11100000,523,141,0,0,244,138,0,0,0
cold_stride_h0_s7_state0_mac0,stride,cold,final,0,7,,0,0,25000000,25000000,25000000,cohort,11200000,577,137,0,1,303,136,0,0,0
cold_stride_h0_s7_state0_mac0,stride,cold,final,0,7,,0,0,25000000,25000000,25000000,cohort,11300000,477,135,0,1,207,134,0,0,0
cold_stride_h0_s7_state0_mac0,stride,cold,final,0,7,,0,0,25000000,25000000,25000000,cohort,11400000,506,139,6,5,216,140,0,0,0
cold_stride_h0_s7_state0_mac0,stride,cold,final,0,7,,0,0,25000000,25000000,25000000,cohort,11500000,454,134,5,7,173,135,0,0,0
cold_stride_h0_s7_state0_mac0,stride,cold,final,0,7,,0,0,25000000,25000000,25000000,cohort,11600000,466,139,0,2,188,137,0,0,0
cold_stride_h0_s7_state0_mac0,stride,cold,final,0,7,,0,0,25000000,25000000,25000000,cohort,11700000,447,142,0,0,165,140,0,0,0
cold_stride_h0_s7_state0_mac0,stride,cold,final,0,7,,0,0,25000000,25000000,25000000,cohort,11800000,709,165,48,20,290,186,0,0,0
cold_stride_h0_s7_state0_mac0,stride,cold,final,0,7,,0,0,25000000,25000000,25000000,cohort,11900000,501,153,14,15,160,159,0,0,0
cold_stride_h0_s7_state0_mac0,stride,cold,final,0,7,,0,0,25000000,25000000,25000000,cohort,12000000,447,142,3,6,151,145,0,0,0
cold_stride_h0_s7_state0_mac0,stride,cold,final,0,7,,0,0,25000000,25000000,25000000,cohort,12100000,465,139,14,5,162,145,0,0,0
cold_stride_h0_s7_state0_mac0,stride,cold,final,0,7,,0,0,25000000,25000000,25000000,cohort,12200000,406,137,0,0,130,139,0,0,0
cold_stride_h0_s7_state0_mac0,stride,cold,final,0,7,,0,0,25000000,25000000,25000000,cohort,12300000,457,139,3,0,178,137,0,0,0
cold_stride_h0_s7_state0_mac0,stride,cold,final,0,7,,0,0,25000000,25000000,25000000,cohort,12400000,505,140,4,2,220,139,0,0,0
cold_stride_h0_s7_state0_mac0,stride,cold,final,0,7,,0,0,25000000,25000000,25000000,cohort,12500000,522,143,0,1,237,141,0,0,0
cold_stride_h0_s7_state0_mac0,stride,cold,final,0,7,,0,0,25000000,25000000,25000000,cohort,12600000,474,140,11,20,151,152,0,0,0
cold_stride_h0_s7_state0_mac0,stride,cold,final,0,7,,0,0,25000000,25000000,25000000,cohort,12700000,493,135,8,10,197,143,0,0,0
cold_stride_h0_s7_state0_mac0,stride,cold,final,0,7,,0,0,25000000,25000000,25000000,cohort,12800000,574,164,8,27,214,161,0,0,0
cold_stride_h0_s7_state0_mac0,stride,cold,final,0,7,,0,0,25000000,25000000,25000000,cohort,12900000,483,138,0,0,208,137,0,0,0
cold_stride_h0_s7_state0_mac0,stride,cold,final,0,7,,0,0,25000000,25000000,25000000,cohort,13000000,469,137,0,2,195,135,0,0,0
cold_stride_h0_s7_state0_mac0,stride,cold,final,0,7,,0,0,25000000,25000000,25000000,cohort,13100000,414,141,0,0,135,138,0,0,0
cold_stride_h0_s7_state0_mac0,stride,cold,final,0,7,,0,0,25000000,25000000,25000000,cohort,13200000,446,132,13,11,149,141,0,0,0
cold_stride_h0_s7_state0_mac0,stride,cold,final,0,7,,0,0,25000000,25000000,25000000,cohort,13300000,519,137,0,1,244,137,0,0,0
cold_stride_h0_s7_state0_mac0,stride,cold,final,0,7,,0,0,25000000,25000000,25000000,cohort,13400000,409,158,2,6,93,150,0,0,0
cold_stride_h0_s7_state0_mac0,stride,cold,final,0,7,,0,0,25000000,25000000,25000000,cohort,13500000,459,137,0,4,178,140,0,0,0
cold_stride_h0_s7_state0_mac0,stride,cold,final,0,7,,0,0,25000000,25000000,25000000,cohort,13600000,501,136,0,0,229,136,0,0,0
cold_stride_h0_s7_state0_mac0,stride,cold,final,0,7,,0,0,25000000,25000000,25000000,cohort,13700000,516,146,0,14,213,143,0,0,0
cold_stride_h0_s7_state0_mac0,stride,cold,final,0,7,,0,0,25000000,25000000,25000000,cohort,13800000,461,142,0,1,177,141,0,0,0
cold_stride_h0_s7_state0_mac0,stride,cold,final,0,7,,0,0,25000000,25000000,25000000,cohort,13900000,419,135,0,2,144,138,0,0,0
cold_stride_h0_s7_state0_mac0,stride,cold,final,0,7,,0,0,25000000,25000000,25000000,cohort,14000000,449,139,0,1,170,139,0,0,0
cold_stride_h0_s7_state0_mac0,stride,cold,final,0,7,,0,0,25000000,25000000,25000000,cohort,14100000,489,143,0,9,194,143,0,0,0
cold_stride_h0_s7_state0_mac0,stride,cold,final,0,7,,0,0,25000000,25000000,25000000,cohort,14200000,473,138,0,2,197,136,0,0,0
cold_stride_h0_s7_state0_mac0,stride,cold,final,0,7,,0,0,25000000,25000000,25000000,cohort,14300000,455,140,0,0,176,139,0,0,0
cold_stride_h0_s7_state0_mac0,stride,cold,final,0,7,,0,0,25000000,25000000,25000000,cohort,14400000,460,135,0,3,185,137,0,0,0
cold_stride_h0_s7_state0_mac0,stride,cold,final,0,7,,0,0,25000000,25000000,25000000,cohort,14500000,470,141,0,0,190,139,0,0,0
cold_stride_h0_s7_state0_mac0,stride,cold,final,0,7,,0,0,25000000,25000000,25000000,cohort,14600000,483,136,2,1,206,138,0,0,0
cold_stride_h0_s7_state0_mac0,stride,cold,final,0,7,,0,0,25000000,25000000,25000000,cohort,14700000,454,136,0,2,179,137,0,0,0
cold_stride_h0_s7_state0_mac0,stride,cold,final,0,7,,0,0,25000000,25000000,25000000,cohort,14800000,419,143,0,0,136,140,0,0,0
cold_stride_h0_s7_state0_mac0,stride,cold,final,0,7,,0,0,25000000,25000000,25000000,cohort,14900000,462,141,0,2,179,140,0,0,0
cold_stride_h0_s7_state0_mac0,stride,cold,final,0,7,,0,0,25000000,25000000,25000000,cohort,15000000,438,142,0,2,152,142,0,0,0
cold_stride_h0_s7_state0_mac0,stride,cold,final,0,7,,0,0,25000000,25000000,25000000,cohort,15100000,472,135,0,4,199,134,0,0,0
cold_stride_h0_s7_state0_mac0,stride,cold,final,0,7,,0,0,25000000,25000000,25000000,cohort,15200000,487,140,0,1,207,139,0,0,0
cold_stride_h0_s7_state0_mac0,stride,cold,final,0,7,,0,0,25000000,25000000,25000000,cohort,15300000,525,138,0,2,245,140,0,0,0
cold_stride_h0_s7_state0_mac0,stride,cold,final,0,7,,0,0,25000000,25000000,25000000,cohort,15400000,550,139,0,2,268,141,0,0,0
cold_stride_h0_s7_state0_mac0,stride,cold,final,0,7,,0,0,25000000,25000000,25000000,cohort,15500000,416,139,0,1,137,139,0,0,0
cold_stride_h0_s7_state0_mac0,stride,cold,final,0,7,,0,0,25000000,25000000,25000000,cohort,15600000,464,138,0,1,188,137,0,0,0
cold_stride_h0_s7_state0_mac0,stride,cold,final,0,7,,0,0,25000000,25000000,25000000,cohort,15700000,500,139,0,0,223,138,0,0,0
cold_stride_h0_s7_state0_mac0,stride,cold,final,0,7,,0,0,25000000,25000000,25000000,cohort,15800000,501,136,0,3,225,137,0,0,0
cold_stride_h0_s7_state0_mac0,stride,cold,final,0,7,,0,0,25000000,25000000,25000000,cohort,15900000,512,138,1,0,234,139,0,0,0
cold_stride_h0_s7_state0_mac0,stride,cold,final,0,7,,0,0,25000000,25000000,25000000,cohort,16000000,479,139,0,1,199,140,0,0,0
cold_stride_h0_s7_state0_mac0,stride,cold,final,0,7,,0,0,25000000,25000000,25000000,cohort,16100000,494,138,0,1,218,137,0,0,0
cold_stride_h0_s7_state0_mac0,stride,cold,final,0,7,,0,0,25000000,25000000,25000000,cohort,16200000,472,137,0,2,196,137,0,0,0
cold_stride_h0_s7_state0_mac0,stride,cold,final,0,7,,0,0,25000000,25000000,25000000,cohort,16300000,489,138,0,0,212,139,0,0,0
cold_stride_h0_s7_state0_mac0,stride,cold,final,0,7,,0,0,25000000,25000000,25000000,cohort,16400000,463,138,0,2,183,140,0,0,0
cold_stride_h0_s7_state0_mac0,stride,cold,final,0,7,,0,0,25000000,25000000,25000000,cohort,16500000,433,134,0,2,159,138,0,0,0
cold_stride_h0_s7_state0_mac0,stride,cold,final,0,7,,0,0,25000000,25000000,25000000,cohort,16600000,484,135,0,2,210,137,0,0,0
cold_stride_h0_s7_state0_mac0,stride,cold,final,0,7,,0,0,25000000,25000000,25000000,cohort,16700000,448,138,1,0,168,141,0,0,0
cold_stride_h0_s7_state0_mac0,stride,cold,final,0,7,,0,0,25000000,25000000,25000000,cohort,16800000,450,139,0,1,173,137,0,0,0
cold_stride_h0_s7_state0_mac0,stride,cold,final,0,7,,0,0,25000000,25000000,25000000,cohort,16900000,530,141,0,3,245,141,0,0,0
cold_stride_h0_s7_state0_mac0,stride,cold,final,0,7,,0,0,25000000,25000000,25000000,cohort,17000000,490,140,0,1,211,138,0,0,0
cold_stride_h0_s7_state0_mac0,stride,cold,final,0,7,,0,0,25000000,25000000,25000000,cohort,17100000,483,140,1,7,190,145,0,0,0
cold_stride_h0_s7_state0_mac0,stride,cold,final,0,7,,0,0,25000000,25000000,25000000,cohort,17200000,487,136,0,2,212,137,0,0,0
cold_stride_h0_s7_state0_mac0,stride,cold,final,0,7,,0,0,25000000,25000000,25000000,cohort,17300000,498,142,0,1,214,141,0,0,0
cold_stride_h0_s7_state0_mac0,stride,cold,final,0,7,,0,0,25000000,25000000,25000000,cohort,17400000,524,141,0,2,240,141,0,0,0
cold_stride_h0_s7_state0_mac0,stride,cold,final,0,7,,0,0,25000000,25000000,25000000,cohort,17500000,503,139,0,3,221,140,0,0,0
cold_stride_h0_s7_state0_mac0,stride,cold,final,0,7,,0,0,25000000,25000000,25000000,cohort,17600000,503,138,1,3,220,141,0,0,0
cold_stride_h0_s7_state0_mac0,stride,cold,final,0,7,,0,0,25000000,25000000,25000000,cohort,17700000,476,140,0,2,196,138,0,0,0
cold_stride_h0_s7_state0_mac0,stride,cold,final,0,7,,0,0,25000000,25000000,25000000,cohort,17800000,500,140,0,2,214,144,0,0,0
cold_stride_h0_s7_state0_mac0,stride,cold,final,0,7,,0,0,25000000,25000000,25000000,cohort,17900000,489,137,0,1,217,134,0,0,0
cold_stride_h0_s7_state0_mac0,stride,cold,final,0,7,,0,0,25000000,25000000,25000000,cohort,18000000,471,140,1,1,189,140,0,0,0
cold_stride_h0_s7_state0_mac0,stride,cold,final,0,7,,0,0,25000000,25000000,25000000,cohort,18100000,489,140,0,1,209,139,0,0,0
cold_stride_h0_s7_state0_mac0,stride,cold,final,0,7,,0,0,25000000,25000000,25000000,cohort,18200000,472,140,0,1,190,141,0,0,0
cold_stride_h0_s7_state0_mac0,stride,cold,final,0,7,,0,0,25000000,25000000,25000000,cohort,18300000,482,139,0,2,203,138,0,0,0
cold_stride_h0_s7_state0_mac0,stride,cold,final,0,7,,0,0,25000000,25000000,25000000,cohort,18400000,422,141,0,1,139,141,0,0,0
cold_stride_h0_s7_state0_mac0,stride,cold,final,0,7,,0,0,25000000,25000000,25000000,cohort,18500000,492,142,0,3,206,141,0,0,0
cold_stride_h0_s7_state0_mac0,stride,cold,final,0,7,,0,0,25000000,25000000,25000000,cohort,18600000,461,133,0,4,188,136,0,0,0
cold_stride_h0_s7_state0_mac0,stride,cold,final,0,7,,0,0,25000000,25000000,25000000,cohort,18700000,472,139,0,1,193,139,0,0,0
cold_stride_h0_s7_state0_mac0,stride,cold,final,0,7,,0,0,25000000,25000000,25000000,cohort,18800000,580,135,0,1,302,142,0,0,0
cold_stride_h0_s7_state0_mac0,stride,cold,final,0,7,,0,0,25000000,25000000,25000000,cohort,18900000,513,140,0,0,234,139,0,0,0
cold_stride_h0_s7_state0_mac0,stride,cold,final,0,7,,0,0,25000000,25000000,25000000,cohort,19000000,528,138,0,1,251,138,0,0,0
cold_stride_h0_s7_state0_mac0,stride,cold,final,0,7,,0,0,25000000,25000000,25000000,cohort,19100000,487,141,0,2,204,140,0,0,0
cold_stride_h0_s7_state0_mac0,stride,cold,final,0,7,,0,0,25000000,25000000,25000000,cohort,19200000,430,142,0,0,145,143,0,0,0
cold_stride_h0_s7_state0_mac0,stride,cold,final,0,7,,0,0,25000000,25000000,25000000,cohort,19300000,483,136,0,1,206,140,0,0,0
cold_stride_h0_s7_state0_mac0,stride,cold,final,0,7,,0,0,25000000,25000000,25000000,cohort,19400000,471,139,0,1,193,138,0,0,0
cold_stride_h0_s7_state0_mac0,stride,cold,final,0,7,,0,0,25000000,25000000,25000000,cohort,19500000,454,139,0,7,165,143,0,0,0
cold_stride_h0_s7_state0_mac0,stride,cold,final,0,7,,0,0,25000000,25000000,25000000,cohort,19600000,471,141,0,0,191,139,0,0,0
cold_stride_h0_s7_state0_mac0,stride,cold,final,0,7,,0,0,25000000,25000000,25000000,cohort,19700000,499,140,0,2,218,139,0,0,0
cold_stride_h0_s7_state0_mac0,stride,cold,final,0,7,,0,0,25000000,25000000,25000000,cohort,19800000,471,139,0,1,193,138,0,0,0
cold_stride_h0_s7_state0_mac0,stride,cold,final,0,7,,0,0,25000000,25000000,25000000,cohort,19900000,502,139,0,2,221,140,0,0,0
cold_stride_h0_s7_state0_mac0,stride,cold,final,0,7,,0,0,25000000,25000000,25000000,cohort,20000000,417,134,0,0,146,137,0,0,0
cold_stride_h0_s7_state0_mac0,stride,cold,final,0,7,,0,0,25000000,25000000,25000000,cohort,20100000,456,137,1,2,175,141,0,0,0
cold_stride_h0_s7_state0_mac0,stride,cold,final,0,7,,0,0,25000000,25000000,25000000,cohort,20200000,492,138,0,0,219,135,0,0,0
cold_stride_h0_s7_state0_mac0,stride,cold,final,0,7,,0,0,25000000,25000000,25000000,cohort,20300000,469,140,0,0,191,138,0,0,0
cold_stride_h0_s7_state0_mac0,stride,cold,final,0,7,,0,0,25000000,25000000,25000000,cohort,20400000,467,139,0,1,191,136,0,0,0
cold_stride_h0_s7_state0_mac0,stride,cold,final,0,7,,0,0,25000000,25000000,25000000,cohort,20500000,510,140,0,1,232,137,0,0,0
cold_stride_h0_s7_state0_mac0,stride,cold,final,0,7,,0,0,25000000,25000000,25000000,cohort,20600000,511,143,0,0,227,141,0,0,0
cold_stride_h0_s7_state0_mac0,stride,cold,final,0,7,,0,0,25000000,25000000,25000000,cohort,20700000,462,136,0,3,186,137,0,0,0
cold_stride_h0_s7_state0_mac0,stride,cold,final,0,7,,0,0,25000000,25000000,25000000,cohort,20800000,446,139,0,1,171,135,0,0,0
cold_stride_h0_s7_state0_mac0,stride,cold,final,0,7,,0,0,25000000,25000000,25000000,cohort,20900000,450,136,0,2,175,137,0,0,0
cold_stride_h0_s7_state0_mac0,stride,cold,final,0,7,,0,0,25000000,25000000,25000000,cohort,21000000,487,141,0,3,200,143,0,0,0
cold_stride_h0_s7_state0_mac0,stride,cold,final,0,7,,0,0,25000000,25000000,25000000,cohort,21100000,522,143,0,1,236,142,0,0,0
cold_stride_h0_s7_state0_mac0,stride,cold,final,0,7,,0,0,25000000,25000000,25000000,cohort,21200000,490,140,0,0,211,139,0,0,0
cold_stride_h0_s7_state0_mac0,stride,cold,final,0,7,,0,0,25000000,25000000,25000000,cohort,21300000,470,146,0,2,179,143,0,0,0
cold_stride_h0_s7_state0_mac0,stride,cold,final,0,7,,0,0,25000000,25000000,25000000,cohort,21400000,461,135,0,5,185,136,0,0,0
cold_stride_h0_s7_state0_mac0,stride,cold,final,0,7,,0,0,25000000,25000000,25000000,cohort,21500000,465,139,0,0,185,141,0,0,0
cold_stride_h0_s7_state0_mac0,stride,cold,final,0,7,,0,0,25000000,25000000,25000000,cohort,21600000,481,139,0,2,203,137,0,0,0
cold_stride_h0_s7_state0_mac0,stride,cold,final,0,7,,0,0,25000000,25000000,25000000,cohort,21700000,442,137,1,4,156,144,0,0,0
cold_stride_h0_s7_state0_mac0,stride,cold,final,0,7,,0,0,25000000,25000000,25000000,cohort,21800000,538,140,0,2,254,142,0,0,0
cold_stride_h0_s7_state0_mac0,stride,cold,final,0,7,,0,0,25000000,25000000,25000000,cohort,21900000,528,136,0,0,255,137,0,0,0
cold_stride_h0_s7_state0_mac0,stride,cold,final,0,7,,0,0,25000000,25000000,25000000,cohort,22000000,529,141,0,3,244,141,0,0,0
cold_stride_h0_s7_state0_mac0,stride,cold,final,0,7,,0,0,25000000,25000000,25000000,cohort,22100000,493,136,0,3,215,139,0,0,0
cold_stride_h0_s7_state0_mac0,stride,cold,final,0,7,,0,0,25000000,25000000,25000000,cohort,22200000,559,141,0,2,277,139,0,0,0
cold_stride_h0_s7_state0_mac0,stride,cold,final,0,7,,0,0,25000000,25000000,25000000,cohort,22300000,496,138,0,1,219,138,0,0,0
cold_stride_h0_s7_state0_mac0,stride,cold,final,0,7,,0,0,25000000,25000000,25000000,cohort,22400000,408,139,1,1,128,139,0,0,0
cold_stride_h0_s7_state0_mac0,stride,cold,final,0,7,,0,0,25000000,25000000,25000000,cohort,22500000,420,139,0,5,139,137,0,0,0
cold_stride_h0_s7_state0_mac0,stride,cold,final,0,7,,0,0,25000000,25000000,25000000,cohort,22600000,434,137,1,2,153,141,0,0,0
cold_stride_h0_s7_state0_mac0,stride,cold,final,0,7,,0,0,25000000,25000000,25000000,cohort,22700000,529,143,0,2,242,142,0,0,0
cold_stride_h0_s7_state0_mac0,stride,cold,final,0,7,,0,0,25000000,25000000,25000000,cohort,22800000,486,140,1,2,200,143,0,0,0
cold_stride_h0_s7_state0_mac0,stride,cold,final,0,7,,0,0,25000000,25000000,25000000,cohort,22900000,472,143,0,3,184,142,0,0,0
cold_stride_h0_s7_state0_mac0,stride,cold,final,0,7,,0,0,25000000,25000000,25000000,cohort,23000000,485,134,0,4,209,138,0,0,0
cold_stride_h0_s7_state0_mac0,stride,cold,final,0,7,,0,0,25000000,25000000,25000000,cohort,23100000,464,141,0,3,181,139,0,0,0
cold_stride_h0_s7_state0_mac0,stride,cold,final,0,7,,0,0,25000000,25000000,25000000,cohort,23200000,544,137,0,1,269,137,0,0,0
cold_stride_h0_s7_state0_mac0,stride,cold,final,0,7,,0,0,25000000,25000000,25000000,cohort,23300000,533,134,1,1,265,132,0,0,0
cold_stride_h0_s7_state0_mac0,stride,cold,final,0,7,,0,0,25000000,25000000,25000000,cohort,23400000,546,140,1,0,263,142,0,0,0
cold_stride_h0_s7_state0_mac0,stride,cold,final,0,7,,0,0,25000000,25000000,25000000,cohort,23500000,431,135,0,3,156,137,0,0,0
cold_stride_h0_s7_state0_mac0,stride,cold,final,0,7,,0,0,25000000,25000000,25000000,cohort,23600000,458,138,0,1,182,137,0,0,0
cold_stride_h0_s7_state0_mac0,stride,cold,final,0,7,,0,0,25000000,25000000,25000000,cohort,23700000,428,139,0,3,148,138,0,0,0
cold_stride_h0_s7_state0_mac0,stride,cold,final,0,7,,0,0,25000000,25000000,25000000,cohort,23800000,469,142,0,2,184,141,0,0,0
cold_stride_h0_s7_state0_mac0,stride,cold,final,0,7,,0,0,25000000,25000000,25000000,cohort,23900000,498,131,0,3,234,130,0,0,0
cold_stride_h0_s7_state0_mac0,stride,cold,final,0,7,,0,0,25000000,25000000,25000000,cohort,24000000,484,136,0,1,209,138,0,0,0
cold_stride_h0_s7_state0_mac0,stride,cold,final,0,7,,0,0,25000000,25000000,25000000,cohort,24100000,502,139,0,0,226,137,0,0,0
cold_stride_h0_s7_state0_mac0,stride,cold,final,0,7,,0,0,25000000,25000000,25000000,cohort,24200000,466,141,0,3,177,145,0,0,0
cold_stride_h0_s7_state0_mac0,stride,cold,final,0,7,,0,0,25000000,25000000,25000000,cohort,24300000,472,140,0,1,192,139,0,0,0
cold_stride_h0_s7_state0_mac0,stride,cold,final,0,7,,0,0,25000000,25000000,25000000,cohort,24400000,467,137,0,2,192,136,0,0,0
cold_stride_h0_s7_state0_mac0,stride,cold,final,0,7,,0,0,25000000,25000000,25000000,cohort,24500000,491,140,0,1,209,141,0,0,0
cold_stride_h0_s7_state0_mac0,stride,cold,final,0,7,,0,0,25000000,25000000,25000000,cohort,24600000,460,139,0,2,177,141,0,1,1
cold_stride_h0_s7_state0_mac0,stride,cold,final,0,7,,0,0,25000000,25000000,25000000,cohort,24700000,519,141,0,0,239,139,0,0,0
cold_stride_h0_s7_state0_mac0,stride,cold,final,0,7,,0,0,25000000,25000000,25000000,cohort,24800000,474,140,0,0,192,141,0,1,1
cold_stride_h0_s7_state0_mac0,stride,cold,final,0,7,,0,0,25000000,25000000,25000000,cohort,24900000,508,141,0,0,224,141,0,2,2
historical_frozen_i1m_h16_s7_state0_mac0,frozen,historical,final,16,7,i1m,0,0,25000000,25000000,25000004,cohort,0,1923,481,1,11,1263,166,0,1,1
historical_frozen_i1m_h16_s7_state0_mac0,frozen,historical,final,16,7,i1m,0,0,25000000,25000000,25000004,cohort,100000,1930,473,0,9,1284,164,0,0,0
historical_frozen_i1m_h16_s7_state0_mac0,frozen,historical,final,16,7,i1m,0,0,25000000,25000000,25000004,cohort,200000,1932,475,0,7,1288,162,0,0,0
historical_frozen_i1m_h16_s7_state0_mac0,frozen,historical,final,16,7,i1m,0,0,25000000,25000000,25000004,cohort,300000,1952,481,0,5,1299,166,0,1,1
historical_frozen_i1m_h16_s7_state0_mac0,frozen,historical,final,16,7,i1m,0,0,25000000,25000000,25000004,cohort,400000,1936,476,0,2,1298,160,0,0,0
historical_frozen_i1m_h16_s7_state0_mac0,frozen,historical,final,16,7,i1m,0,0,25000000,25000000,25000004,cohort,500000,1964,478,1,6,1315,164,0,0,0
historical_frozen_i1m_h16_s7_state0_mac0,frozen,historical,final,16,7,i1m,0,0,25000000,25000000,25000004,cohort,600000,1944,475,0,8,1297,164,0,0,0
historical_frozen_i1m_h16_s7_state0_mac0,frozen,historical,final,16,7,i1m,0,0,25000000,25000000,25000004,cohort,700000,1962,477,0,8,1311,166,0,0,0
historical_frozen_i1m_h16_s7_state0_mac0,frozen,historical,final,16,7,i1m,0,0,25000000,25000000,25000004,cohort,800000,1930,476,0,1,1294,159,0,0,0
historical_frozen_i1m_h16_s7_state0_mac0,frozen,historical,final,16,7,i1m,0,0,25000000,25000000,25000004,cohort,900000,1968,477,0,4,1319,168,0,0,0
historical_frozen_i1m_h16_s7_state0_mac0,frozen,historical,final,16,7,i1m,0,0,25000000,25000000,25000004,cohort,1000000,1984,478,0,5,1340,161,0,0,0
historical_frozen_i1m_h16_s7_state0_mac0,frozen,historical,final,16,7,i1m,0,0,25000000,25000000,25000004,cohort,1100000,1942,475,1,7,1295,164,0,0,0
historical_frozen_i1m_h16_s7_state0_mac0,frozen,historical,final,16,7,i1m,0,0,25000000,25000000,25000004,cohort,1200000,1966,472,0,14,1311,169,0,0,0
historical_frozen_i1m_h16_s7_state0_mac0,frozen,historical,final,16,7,i1m,0,0,25000000,25000000,25000004,cohort,1300000,1944,474,0,6,1300,164,0,0,0
historical_frozen_i1m_h16_s7_state0_mac0,frozen,historical,final,16,7,i1m,0,0,25000000,25000000,25000004,cohort,1400000,1970,479,0,5,1321,165,0,0,0
historical_frozen_i1m_h16_s7_state0_mac0,frozen,historical,final,16,7,i1m,0,0,25000000,25000000,25000004,cohort,1500000,1938,476,0,2,1301,159,0,0,0
historical_frozen_i1m_h16_s7_state0_mac0,frozen,historical,final,16,7,i1m,0,0,25000000,25000000,25000004,cohort,1600000,1920,473,0,22,1249,176,0,0,0
historical_frozen_i1m_h16_s7_state0_mac0,frozen,historical,final,16,7,i1m,0,0,25000000,25000000,25000004,cohort,1700000,1976,476,0,8,1326,166,0,0,0
historical_frozen_i1m_h16_s7_state0_mac0,frozen,historical,final,16,7,i1m,0,0,25000000,25000000,25000004,cohort,1800000,1954,474,0,9,1305,166,0,0,0
historical_frozen_i1m_h16_s7_state0_mac0,frozen,historical,final,16,7,i1m,0,0,25000000,25000000,25000004,cohort,1900000,1966,474,1,13,1306,172,0,0,0
historical_frozen_i1m_h16_s7_state0_mac0,frozen,historical,final,16,7,i1m,0,0,25000000,25000000,25000004,cohort,2000000,1940,479,0,1,1301,159,0,0,0
historical_frozen_i1m_h16_s7_state0_mac0,frozen,historical,final,16,7,i1m,0,0,25000000,25000000,25000004,cohort,2100000,1968,476,1,6,1316,169,0,0,0
historical_frozen_i1m_h16_s7_state0_mac0,frozen,historical,final,16,7,i1m,0,0,25000000,25000000,25000004,cohort,2200000,1948,477,0,3,1307,161,0,0,0
historical_frozen_i1m_h16_s7_state0_mac0,frozen,historical,final,16,7,i1m,0,0,25000000,25000000,25000004,cohort,2300000,1968,475,0,11,1311,171,0,0,0
historical_frozen_i1m_h16_s7_state0_mac0,frozen,historical,final,16,7,i1m,0,0,25000000,25000000,25000004,cohort,2400000,1948,469,0,9,1303,167,0,0,0
historical_frozen_i1m_h16_s7_state0_mac0,frozen,historical,final,16,7,i1m,0,0,25000000,25000000,25000004,cohort,2500000,1936,474,0,13,1278,171,0,0,0
historical_frozen_i1m_h16_s7_state0_mac0,frozen,historical,final,16,7,i1m,0,0,25000000,25000000,25000004,cohort,2600000,1984,477,0,18,1313,176,0,0,0
historical_frozen_i1m_h16_s7_state0_mac0,frozen,historical,final,16,7,i1m,0,0,25000000,25000000,25000004,cohort,2700000,1944,479,0,2,1298,165,0,0,0
historical_frozen_i1m_h16_s7_state0_mac0,frozen,historical,final,16,7,i1m,0,0,25000000,25000000,25000004,cohort,2800000,1962,474,0,3,1325,160,0,0,0
historical_frozen_i1m_h16_s7_state0_mac0,frozen,historical,final,16,7,i1m,0,0,25000000,25000000,25000004,cohort,2900000,1942,476,0,4,1293,169,0,0,0
historical_frozen_i1m_h16_s7_state0_mac0,frozen,historical,final,16,7,i1m,0,0,25000000,25000000,25000004,cohort,3000000,1954,476,0,5,1312,161,0,0,0
historical_frozen_i1m_h16_s7_state0_mac0,frozen,historical,final,16,7,i1m,0,0,25000000,25000000,25000004,cohort,3100000,1950,472,0,4,1312,162,0,0,0
historical_frozen_i1m_h16_s7_state0_mac0,frozen,historical,final,16,7,i1m,0,0,25000000,25000000,25000004,cohort,3200000,1972,477,0,4,1325,166,0,0,0
historical_frozen_i1m_h16_s7_state0_mac0,frozen,historical,final,16,7,i1m,0,0,25000000,25000000,25000004,cohort,3300000,1970,477,0,6,1322,165,0,0,0
historical_frozen_i1m_h16_s7_state0_mac0,frozen,historical,final,16,7,i1m,0,0,25000000,25000000,25000004,cohort,3400000,1950,473,0,3,1313,161,0,0,0
historical_frozen_i1m_h16_s7_state0_mac0,frozen,historical,final,16,7,i1m,0,0,25000000,25000000,25000004,cohort,3500000,1984,474,0,14,1324,172,0,0,0
historical_frozen_i1m_h16_s7_state0_mac0,frozen,historical,final,16,7,i1m,0,0,25000000,25000000,25000004,cohort,3600000,1968,467,0,23,1300,178,0,0,0
historical_frozen_i1m_h16_s7_state0_mac0,frozen,historical,final,16,7,i1m,0,0,25000000,25000000,25000004,cohort,3700000,1952,474,0,4,1307,167,0,0,0
historical_frozen_i1m_h16_s7_state0_mac0,frozen,historical,final,16,7,i1m,0,0,25000000,25000000,25000004,cohort,3800000,1952,472,0,13,1303,164,0,0,0
historical_frozen_i1m_h16_s7_state0_mac0,frozen,historical,final,16,7,i1m,0,0,25000000,25000000,25000004,cohort,3900000,1994,472,0,12,1343,167,0,0,0
historical_frozen_i1m_h16_s7_state0_mac0,frozen,historical,final,16,7,i1m,0,0,25000000,25000000,25000004,cohort,4000000,1968,470,0,20,1303,175,0,0,0
historical_frozen_i1m_h16_s7_state0_mac0,frozen,historical,final,16,7,i1m,0,0,25000000,25000000,25000004,cohort,4100000,1950,474,0,8,1302,166,0,0,0
historical_frozen_i1m_h16_s7_state0_mac0,frozen,historical,final,16,7,i1m,0,0,25000000,25000000,25000004,cohort,4200000,1966,469,0,13,1313,171,0,0,0
historical_frozen_i1m_h16_s7_state0_mac0,frozen,historical,final,16,7,i1m,0,0,25000000,25000000,25000004,cohort,4300000,1944,476,0,5,1301,162,0,0,0
historical_frozen_i1m_h16_s7_state0_mac0,frozen,historical,final,16,7,i1m,0,0,25000000,25000000,25000004,cohort,4400000,1958,473,0,7,1314,164,0,0,0
historical_frozen_i1m_h16_s7_state0_mac0,frozen,historical,final,16,7,i1m,0,0,25000000,25000000,25000004,cohort,4500000,1942,467,0,16,1289,170,0,0,0
historical_frozen_i1m_h16_s7_state0_mac0,frozen,historical,final,16,7,i1m,0,0,25000000,25000000,25000004,cohort,4600000,1954,470,0,15,1298,171,0,0,0
historical_frozen_i1m_h16_s7_state0_mac0,frozen,historical,final,16,7,i1m,0,0,25000000,25000000,25000004,cohort,4700000,1958,473,0,8,1306,171,0,0,0
historical_frozen_i1m_h16_s7_state0_mac0,frozen,historical,final,16,7,i1m,0,0,25000000,25000000,25000004,cohort,4800000,1944,476,0,4,1305,159,0,0,0
historical_frozen_i1m_h16_s7_state0_mac0,frozen,historical,final,16,7,i1m,0,0,25000000,25000000,25000004,cohort,4900000,1970,472,0,20,1299,179,0,0,0
historical_frozen_i1m_h16_s7_state0_mac0,frozen,historical,final,16,7,i1m,0,0,25000000,25000000,25000004,cohort,5000000,1922,468,0,19,1265,170,0,0,0
historical_frozen_i1m_h16_s7_state0_mac0,frozen,historical,final,16,7,i1m,0,0,25000000,25000000,25000004,cohort,5100000,1936,470,0,12,1284,170,0,0,0
historical_frozen_i1m_h16_s7_state0_mac0,frozen,historical,final,16,7,i1m,0,0,25000000,25000000,25000004,cohort,5200000,1970,470,0,21,1305,174,0,0,0
historical_frozen_i1m_h16_s7_state0_mac0,frozen,historical,final,16,7,i1m,0,0,25000000,25000000,25000004,cohort,5300000,1934,473,0,12,1283,166,0,0,0
historical_frozen_i1m_h16_s7_state0_mac0,frozen,historical,final,16,7,i1m,0,0,25000000,25000000,25000004,cohort,5400000,1972,467,0,24,1302,179,0,0,0
historical_frozen_i1m_h16_s7_state0_mac0,frozen,historical,final,16,7,i1m,0,0,25000000,25000000,25000004,cohort,5500000,1942,476,0,7,1292,167,0,0,0
historical_frozen_i1m_h16_s7_state0_mac0,frozen,historical,final,16,7,i1m,0,0,25000000,25000000,25000004,cohort,5600000,1968,472,0,19,1306,171,0,0,0
historical_frozen_i1m_h16_s7_state0_mac0,frozen,historical,final,16,7,i1m,0,0,25000000,25000000,25000004,cohort,5700000,1902,462,0,9,1267,164,0,0,0
historical_frozen_i1m_h16_s7_state0_mac0,frozen,historical,final,16,7,i1m,0,0,25000000,25000000,25000004,cohort,5800000,1902,463,0,10,1268,161,0,0,0
historical_frozen_i1m_h16_s7_state0_mac0,frozen,historical,final,16,7,i1m,0,0,25000000,25000000,25000004,cohort,5900000,1944,468,0,15,1294,167,0,0,0
historical_frozen_i1m_h16_s7_state0_mac0,frozen,historical,final,16,7,i1m,0,0,25000000,25000000,25000004,cohort,6000000,1932,472,1,7,1290,162,0,0,0
historical_frozen_i1m_h16_s7_state0_mac0,frozen,historical,final,16,7,i1m,0,0,25000000,25000000,25000004,cohort,6100000,1950,466,0,16,1294,174,0,0,0
historical_frozen_i1m_h16_s7_state0_mac0,frozen,historical,final,16,7,i1m,0,0,25000000,25000000,25000004,cohort,6200000,1938,473,0,7,1294,164,0,0,0
historical_frozen_i1m_h16_s7_state0_mac0,frozen,historical,final,16,7,i1m,0,0,25000000,25000000,25000004,cohort,6300000,1942,466,0,18,1288,170,0,0,0
historical_frozen_i1m_h16_s7_state0_mac0,frozen,historical,final,16,7,i1m,0,0,25000000,25000000,25000004,cohort,6400000,1936,476,0,16,1273,171,0,0,0
historical_frozen_i1m_h16_s7_state0_mac0,frozen,historical,final,16,7,i1m,0,0,25000000,25000000,25000004,cohort,6500000,1936,473,0,11,1282,170,0,0,0
historical_frozen_i1m_h16_s7_state0_mac0,frozen,historical,final,16,7,i1m,0,0,25000000,25000000,25000004,cohort,6600000,1990,477,0,17,1322,174,0,0,0
historical_frozen_i1m_h16_s7_state0_mac0,frozen,historical,final,16,7,i1m,0,0,25000000,25000000,25000004,cohort,6700000,1942,475,0,10,1292,165,0,0,0
historical_frozen_i1m_h16_s7_state0_mac0,frozen,historical,final,16,7,i1m,0,0,25000000,25000000,25000004,cohort,6800000,1974,470,0,18,1313,173,0,0,0
historical_frozen_i1m_h16_s7_state0_mac0,frozen,historical,final,16,7,i1m,0,0,25000000,25000000,25000004,cohort,6900000,1940,471,0,13,1286,170,0,0,0
historical_frozen_i1m_h16_s7_state0_mac0,frozen,historical,final,16,7,i1m,0,0,25000000,25000000,25000004,cohort,7000000,1928,477,0,2,1289,160,0,0,0
historical_frozen_i1m_h16_s7_state0_mac0,frozen,historical,final,16,7,i1m,0,0,25000000,25000000,25000004,cohort,7100000,1958,468,0,17,1302,171,0,0,0
historical_frozen_i1m_h16_s7_state0_mac0,frozen,historical,final,16,7,i1m,0,0,25000000,25000000,25000004,cohort,7200000,1944,474,0,10,1292,168,0,0,0
historical_frozen_i1m_h16_s7_state0_mac0,frozen,historical,final,16,7,i1m,0,0,25000000,25000000,25000004,cohort,7300000,1956,473,0,13,1301,169,0,0,0
historical_frozen_i1m_h16_s7_state0_mac0,frozen,historical,final,16,7,i1m,0,0,25000000,25000000,25000004,cohort,7400000,1934,470,0,11,1287,166,0,0,0
historical_frozen_i1m_h16_s7_state0_mac0,frozen,historical,final,16,7,i1m,0,0,25000000,25000000,25000004,cohort,7500000,1964,468,0,14,1306,176,0,0,0
historical_frozen_i1m_h16_s7_state0_mac0,frozen,historical,final,16,7,i1m,0,0,25000000,25000000,25000004,cohort,7600000,1928,476,0,3,1291,158,0,0,0
historical_frozen_i1m_h16_s7_state0_mac0,frozen,historical,final,16,7,i1m,0,0,25000000,25000000,25000004,cohort,7700000,1948,470,0,11,1301,166,0,0,0
historical_frozen_i1m_h16_s7_state0_mac0,frozen,historical,final,16,7,i1m,0,0,25000000,25000000,25000004,cohort,7800000,1952,472,0,17,1287,176,0,0,0
historical_frozen_i1m_h16_s7_state0_mac0,frozen,historical,final,16,7,i1m,0,0,25000000,25000000,25000004,cohort,7900000,1926,476,0,3,1288,159,0,0,0
historical_frozen_i1m_h16_s7_state0_mac0,frozen,historical,final,16,7,i1m,0,0,25000000,25000000,25000004,cohort,8000000,1972,468,0,21,1309,174,0,0,0
historical_frozen_i1m_h16_s7_state0_mac0,frozen,historical,final,16,7,i1m,0,0,25000000,25000000,25000004,cohort,8100000,1986,469,0,15,1332,170,0,0,0
historical_frozen_i1m_h16_s7_state0_mac0,frozen,historical,final,16,7,i1m,0,0,25000000,25000000,25000004,cohort,8200000,1972,474,0,14,1316,168,0,0,0
historical_frozen_i1m_h16_s7_state0_mac0,frozen,historical,final,16,7,i1m,0,0,25000000,25000000,25000004,cohort,8300000,1940,475,0,4,1300,161,0,0,0
historical_frozen_i1m_h16_s7_state0_mac0,frozen,historical,final,16,7,i1m,0,0,25000000,25000000,25000004,cohort,8400000,1948,476,0,9,1298,165,0,0,0
historical_frozen_i1m_h16_s7_state0_mac0,frozen,historical,final,16,7,i1m,0,0,25000000,25000000,25000004,cohort,8500000,1974,480,0,26,1288,180,0,0,0
historical_frozen_i1m_h16_s7_state0_mac0,frozen,historical,final,16,7,i1m,0,0,25000000,25000000,25000004,cohort,8600000,1936,476,0,8,1285,167,0,0,0
historical_frozen_i1m_h16_s7_state0_mac0,frozen,historical,final,16,7,i1m,0,0,25000000,25000000,25000004,cohort,8700000,1996,476,0,17,1333,170,0,0,0
historical_frozen_i1m_h16_s7_state0_mac0,frozen,historical,final,16,7,i1m,0,0,25000000,25000000,25000004,cohort,8800000,1930,473,0,14,1276,167,0,0,0
historical_frozen_i1m_h16_s7_state0_mac0,frozen,historical,final,16,7,i1m,0,0,25000000,25000000,25000004,cohort,8900000,1954,470,0,14,1301,169,0,0,0
historical_frozen_i1m_h16_s7_state0_mac0,frozen,historical,final,16,7,i1m,0,0,25000000,25000000,25000004,cohort,9000000,1960,470,0,12,1310,168,0,0,0
historical_frozen_i1m_h16_s7_state0_mac0,frozen,historical,final,16,7,i1m,0,0,25000000,25000000,25000004,cohort,9100000,1944,473,0,13,1290,168,0,0,0
historical_frozen_i1m_h16_s7_state0_mac0,frozen,historical,final,16,7,i1m,0,0,25000000,25000000,25000004,cohort,9200000,1992,473,0,15,1333,171,0,0,0
historical_frozen_i1m_h16_s7_state0_mac0,frozen,historical,final,16,7,i1m,0,0,25000000,25000000,25000004,cohort,9300000,1950,473,0,9,1303,165,0,0,0
historical_frozen_i1m_h16_s7_state0_mac0,frozen,historical,final,16,7,i1m,0,0,25000000,25000000,25000004,cohort,9400000,1990,471,0,7,1346,166,0,0,0
historical_frozen_i1m_h16_s7_state0_mac0,frozen,historical,final,16,7,i1m,0,0,25000000,25000000,25000004,cohort,9500000,1940,477,0,8,1289,166,0,0,0
historical_frozen_i1m_h16_s7_state0_mac0,frozen,historical,final,16,7,i1m,0,0,25000000,25000000,25000004,cohort,9600000,1982,471,0,18,1318,175,0,0,0
historical_frozen_i1m_h16_s7_state0_mac0,frozen,historical,final,16,7,i1m,0,0,25000000,25000000,25000004,cohort,9700000,1942,469,0,17,1285,171,0,0,0
historical_frozen_i1m_h16_s7_state0_mac0,frozen,historical,final,16,7,i1m,0,0,25000000,25000000,25000004,cohort,9800000,1934,471,0,16,1276,171,0,0,0
historical_frozen_i1m_h16_s7_state0_mac0,frozen,historical,final,16,7,i1m,0,0,25000000,25000000,25000004,cohort,9900000,1988,471,0,18,1322,177,0,0,0
historical_frozen_i1m_h16_s7_state0_mac0,frozen,historical,final,16,7,i1m,0,0,25000000,25000000,25000004,cohort,10000000,1940,475,0,8,1291,166,0,0,0
historical_frozen_i1m_h16_s7_state0_mac0,frozen,historical,final,16,7,i1m,0,0,25000000,25000000,25000004,cohort,10100000,1958,473,0,8,1309,168,0,0,0
historical_frozen_i1m_h16_s7_state0_mac0,frozen,historical,final,16,7,i1m,0,0,25000000,25000000,25000004,cohort,10200000,1934,473,0,8,1289,164,0,0,0
historical_frozen_i1m_h16_s7_state0_mac0,frozen,historical,final,16,7,i1m,0,0,25000000,25000000,25000004,cohort,10300000,1978,474,0,9,1327,168,0,0,0
historical_frozen_i1m_h16_s7_state0_mac0,frozen,historical,final,16,7,i1m,0,0,25000000,25000000,25000004,cohort,10400000,1940,473,0,7,1298,162,0,0,0
historical_frozen_i1m_h16_s7_state0_mac0,frozen,historical,final,16,7,i1m,0,0,25000000,25000000,25000004,cohort,10500000,1934,477,0,4,1289,164,0,0,0
historical_frozen_i1m_h16_s7_state0_mac0,frozen,historical,final,16,7,i1m,0,0,25000000,25000000,25000004,cohort,10600000,1970,469,0,20,1307,174,0,0,0
historical_frozen_i1m_h16_s7_state0_mac0,frozen,historical,final,16,7,i1m,0,0,25000000,25000000,25000004,cohort,10700000,1942,475,0,5,1298,164,0,0,0
historical_frozen_i1m_h16_s7_state0_mac0,frozen,historical,final,16,7,i1m,0,0,25000000,25000000,25000004,cohort,10800000,1968,467,0,20,1303,178,0,0,0
historical_frozen_i1m_h16_s7_state0_mac0,frozen,historical,final,16,7,i1m,0,0,25000000,25000000,25000004,cohort,10900000,1948,478,0,7,1298,165,0,0,0
historical_frozen_i1m_h16_s7_state0_mac0,frozen,historical,final,16,7,i1m,0,0,25000000,25000000,25000004,cohort,11000000,1970,471,0,15,1312,172,0,0,0
historical_frozen_i1m_h16_s7_state0_mac0,frozen,historical,final,16,7,i1m,0,0,25000000,25000000,25000004,cohort,11100000,1952,473,0,13,1297,169,0,0,0
historical_frozen_i1m_h16_s7_state0_mac0,frozen,historical,final,16,7,i1m,0,0,25000000,25000000,25000004,cohort,11200000,1958,470,0,19,1293,176,0,0,0
historical_frozen_i1m_h16_s7_state0_mac0,frozen,historical,final,16,7,i1m,0,0,25000000,25000000,25000004,cohort,11300000,1978,471,0,24,1305,178,0,0,0
historical_frozen_i1m_h16_s7_state0_mac0,frozen,historical,final,16,7,i1m,0,0,25000000,25000000,25000004,cohort,11400000,1966,477,1,32,1266,190,0,0,0
historical_frozen_i1m_h16_s7_state0_mac0,frozen,historical,final,16,7,i1m,0,0,25000000,25000000,25000004,cohort,11500000,1992,450,4,83,1224,231,0,0,0
historical_frozen_i1m_h16_s7_state0_mac0,frozen,historical,final,16,7,i1m,0,0,25000000,25000000,25000004,cohort,11600000,1944,472,0,18,1277,177,0,0,0
historical_frozen_i1m_h16_s7_state0_mac0,frozen,historical,final,16,7,i1m,0,0,25000000,25000000,25000004,cohort,11700000,1934,473,0,10,1284,167,0,0,0
historical_frozen_i1m_h16_s7_state0_mac0,frozen,historical,final,16,7,i1m,0,0,25000000,25000000,25000004,cohort,11800000,1832,415,0,49,1183,185,0,0,0
historical_frozen_i1m_h16_s7_state0_mac0,frozen,historical,final,16,7,i1m,0,0,25000000,25000000,25000004,cohort,11900000,1810,431,0,34,1172,173,0,0,0
historical_frozen_i1m_h16_s7_state0_mac0,frozen,historical,final,16,7,i1m,0,0,25000000,25000000,25000004,cohort,12000000,1908,459,1,23,1255,170,0,0,0
historical_frozen_i1m_h16_s7_state0_mac0,frozen,historical,final,16,7,i1m,0,0,25000000,25000000,25000004,cohort,12100000,2044,486,9,47,1291,211,0,0,0
historical_frozen_i1m_h16_s7_state0_mac0,frozen,historical,final,16,7,i1m,0,0,25000000,25000000,25000004,cohort,12200000,1934,473,0,9,1284,168,0,0,0
historical_frozen_i1m_h16_s7_state0_mac0,frozen,historical,final,16,7,i1m,0,0,25000000,25000000,25000004,cohort,12300000,1946,472,1,21,1274,178,0,0,0
historical_frozen_i1m_h16_s7_state0_mac0,frozen,historical,final,16,7,i1m,0,0,25000000,25000000,25000004,cohort,12400000,1982,481,1,22,1296,182,0,0,0
historical_frozen_i1m_h16_s7_state0_mac0,frozen,historical,final,16,7,i1m,0,0,25000000,25000000,25000004,cohort,12500000,1926,471,0,11,1279,165,0,0,0
historical_frozen_i1m_h16_s7_state0_mac0,frozen,historical,final,16,7,i1m,0,0,25000000,25000000,25000004,cohort,12600000,2072,464,15,134,1166,293,0,0,0
historical_frozen_i1m_h16_s7_state0_mac0,frozen,historical,final,16,7,i1m,0,0,25000000,25000000,25000004,cohort,12700000,2016,487,5,59,1243,222,0,0,0
historical_frozen_i1m_h16_s7_state0_mac0,frozen,historical,final,16,7,i1m,0,0,25000000,25000000,25000004,cohort,12800000,2034,475,3,95,1212,249,0,0,0
historical_frozen_i1m_h16_s7_state0_mac0,frozen,historical,final,16,7,i1m,0,0,25000000,25000000,25000004,cohort,12900000,1954,473,0,17,1290,174,0,0,0
historical_frozen_i1m_h16_s7_state0_mac0,frozen,historical,final,16,7,i1m,0,0,25000000,25000000,25000004,cohort,13000000,1932,472,0,9,1284,167,0,0,0
historical_frozen_i1m_h16_s7_state0_mac0,frozen,historical,final,16,7,i1m,0,0,25000000,25000000,25000004,cohort,13100000,1926,475,0,8,1277,166,0,0,0
historical_frozen_i1m_h16_s7_state0_mac0,frozen,historical,final,16,7,i1m,0,0,25000000,25000000,25000004,cohort,13200000,2012,459,11,123,1153,266,0,0,0
historical_frozen_i1m_h16_s7_state0_mac0,frozen,historical,final,16,7,i1m,0,0,25000000,25000000,25000004,cohort,13300000,1928,471,0,8,1283,166,0,0,0
historical_frozen_i1m_h16_s7_state0_mac0,frozen,historical,final,16,7,i1m,0,0,25000000,25000000,25000004,cohort,13400000,2332,797,0,147,967,418,0,3,3
historical_frozen_i1m_h16_s7_state0_mac0,frozen,historical,final,16,7,i1m,0,0,25000000,25000000,25000004,cohort,13500000,1942,462,0,17,1284,179,0,0,0
historical_frozen_i1m_h16_s7_state0_mac0,frozen,historical,final,16,7,i1m,0,0,25000000,25000000,25000004,cohort,13600000,1946,459,0,15,1295,177,0,0,0
historical_frozen_i1m_h16_s7_state0_mac0,frozen,historical,final,16,7,i1m,0,0,25000000,25000000,25000004,cohort,13700000,1970,478,0,32,1271,189,0,0,0
historical_frozen_i1m_h16_s7_state0_mac0,frozen,historical,final,16,7,i1m,0,0,25000000,25000000,25000004,cohort,13800000,1930,476,0,3,1292,159,0,0,0
historical_frozen_i1m_h16_s7_state0_mac0,frozen,historical,final,16,7,i1m,0,0,25000000,25000000,25000004,cohort,13900000,1980,468,0,26,1307,179,0,0,0
historical_frozen_i1m_h16_s7_state0_mac0,frozen,historical,final,16,7,i1m,0,0,25000000,25000000,25000004,cohort,14000000,1932,475,0,10,1280,167,0,0,0
historical_frozen_i1m_h16_s7_state0_mac0,frozen,historical,final,16,7,i1m,0,0,25000000,25000000,25000004,cohort,14100000,1920,469,0,27,1248,176,0,0,0
historical_frozen_i1m_h16_s7_state0_mac0,frozen,historical,final,16,7,i1m,0,0,25000000,25000000,25000004,cohort,14200000,1986,475,0,19,1317,175,0,0,0
historical_frozen_i1m_h16_s7_state0_mac0,frozen,historical,final,16,7,i1m,0,0,25000000,25000000,25000004,cohort,14300000,1928,475,0,3,1290,160,0,0,0
historical_frozen_i1m_h16_s7_state0_mac0,frozen,historical,final,16,7,i1m,0,0,25000000,25000000,25000004,cohort,14400000,1974,474,0,13,1313,174,0,0,0
historical_frozen_i1m_h16_s7_state0_mac0,frozen,historical,final,16,7,i1m,0,0,25000000,25000000,25000004,cohort,14500000,1928,474,0,5,1288,161,0,0,0
historical_frozen_i1m_h16_s7_state0_mac0,frozen,historical,final,16,7,i1m,0,0,25000000,25000000,25000004,cohort,14600000,1968,477,0,13,1306,172,0,0,0
historical_frozen_i1m_h16_s7_state0_mac0,frozen,historical,final,16,7,i1m,0,0,25000000,25000000,25000004,cohort,14700000,1940,473,0,11,1288,168,0,0,0
historical_frozen_i1m_h16_s7_state0_mac0,frozen,historical,final,16,7,i1m,0,0,25000000,25000000,25000004,cohort,14800000,1934,476,0,8,1290,160,0,0,0
historical_frozen_i1m_h16_s7_state0_mac0,frozen,historical,final,16,7,i1m,0,0,25000000,25000000,25000004,cohort,14900000,1966,472,0,20,1297,177,0,0,0
historical_frozen_i1m_h16_s7_state0_mac0,frozen,historical,final,16,7,i1m,0,0,25000000,25000000,25000004,cohort,15000000,1936,475,0,7,1292,162,0,0,0
historical_frozen_i1m_h16_s7_state0_mac0,frozen,historical,final,16,7,i1m,0,0,25000000,25000000,25000004,cohort,15100000,1956,466,0,30,1278,182,0,0,0
historical_frozen_i1m_h16_s7_state0_mac0,frozen,historical,final,16,7,i1m,0,0,25000000,25000000,25000004,cohort,15200000,1946,478,0,7,1294,167,0,0,0
historical_frozen_i1m_h16_s7_state0_mac0,frozen,historical,final,16,7,i1m,0,0,25000000,25000000,25000004,cohort,15300000,1972,474,0,8,1328,162,0,0,0
historical_frozen_i1m_h16_s7_state0_mac0,frozen,historical,final,16,7,i1m,0,0,25000000,25000000,25000004,cohort,15400000,1942,476,0,9,1291,166,0,0,0
historical_frozen_i1m_h16_s7_state0_mac0,frozen,historical,final,16,7,i1m,0,0,25000000,25000000,25000004,cohort,15500000,1938,475,0,6,1294,163,0,0,0
historical_frozen_i1m_h16_s7_state0_mac0,frozen,historical,final,16,7,i1m,0,0,25000000,25000000,25000004,cohort,15600000,1960,473,0,10,1314,163,0,0,0
historical_frozen_i1m_h16_s7_state0_mac0,frozen,historical,final,16,7,i1m,0,0,25000000,25000000,25000004,cohort,15700000,1932,473,0,6,1287,166,0,0,0
historical_frozen_i1m_h16_s7_state0_mac0,frozen,historical,final,16,7,i1m,0,0,25000000,25000000,25000004,cohort,15800000,1966,468,0,17,1307,174,0,0,0
historical_frozen_i1m_h16_s7_state0_mac0,frozen,historical,final,16,7,i1m,0,0,25000000,25000000,25000004,cohort,15900000,1940,474,0,9,1292,165,0,0,0
historical_frozen_i1m_h16_s7_state0_mac0,frozen,historical,final,16,7,i1m,0,0,25000000,25000000,25000004,cohort,16000000,1962,472,0,10,1311,169,0,0,0
historical_frozen_i1m_h16_s7_state0_mac0,frozen,historical,final,16,7,i1m,0,0,25000000,25000000,25000004,cohort,16100000,1948,477,0,9,1295,167,0,0,0
historical_frozen_i1m_h16_s7_state0_mac0,frozen,historical,final,16,7,i1m,0,0,25000000,25000000,25000004,cohort,16200000,1974,471,0,13,1319,171,0,0,0
historical_frozen_i1m_h16_s7_state0_mac0,frozen,historical,final,16,7,i1m,0,0,25000000,25000000,25000004,cohort,16300000,1934,477,0,4,1292,161,0,0,0
historical_frozen_i1m_h16_s7_state0_mac0,frozen,historical,final,16,7,i1m,0,0,25000000,25000000,25000004,cohort,16400000,1940,471,0,16,1280,173,0,0,0
historical_frozen_i1m_h16_s7_state0_mac0,frozen,historical,final,16,7,i1m,0,0,25000000,25000000,25000004,cohort,16500000,1960,475,0,14,1300,171,0,0,0
historical_frozen_i1m_h16_s7_state0_mac0,frozen,historical,final,16,7,i1m,0,0,25000000,25000000,25000004,cohort,16600000,1940,467,0,13,1293,167,0,0,0
historical_frozen_i1m_h16_s7_state0_mac0,frozen,historical,final,16,7,i1m,0,0,25000000,25000000,25000004,cohort,16700000,1966,474,0,12,1310,170,0,0,0
historical_frozen_i1m_h16_s7_state0_mac0,frozen,historical,final,16,7,i1m,0,0,25000000,25000000,25000004,cohort,16800000,1936,470,0,12,1285,169,0,0,0
historical_frozen_i1m_h16_s7_state0_mac0,frozen,historical,final,16,7,i1m,0,0,25000000,25000000,25000004,cohort,16900000,1970,472,0,17,1306,175,0,0,0
historical_frozen_i1m_h16_s7_state0_mac0,frozen,historical,final,16,7,i1m,0,0,25000000,25000000,25000004,cohort,17000000,1944,474,0,9,1298,163,0,0,0
historical_frozen_i1m_h16_s7_state0_mac0,frozen,historical,final,16,7,i1m,0,0,25000000,25000000,25000004,cohort,17100000,1928,473,0,16,1267,172,0,0,0
historical_frozen_i1m_h16_s7_state0_mac0,frozen,historical,final,16,7,i1m,0,0,25000000,25000000,25000004,cohort,17200000,1966,473,0,13,1310,170,0,0,0
historical_frozen_i1m_h16_s7_state0_mac0,frozen,historical,final,16,7,i1m,0,0,25000000,25000000,25000004,cohort,17300000,1940,473,0,8,1293,166,0,0,0
historical_frozen_i1m_h16_s7_state0_mac0,frozen,historical,final,16,7,i1m,0,0,25000000,25000000,25000004,cohort,17400000,1982,475,0,12,1326,169,0,0,0
historical_frozen_i1m_h16_s7_state0_mac0,frozen,historical,final,16,7,i1m,0,0,25000000,25000000,25000004,cohort,17500000,1940,472,0,11,1291,166,0,0,0
historical_frozen_i1m_h16_s7_state0_mac0,frozen,historical,final,16,7,i1m,0,0,25000000,25000000,25000004,cohort,17600000,1930,471,0,11,1282,166,0,0,0
historical_frozen_i1m_h16_s7_state0_mac0,frozen,historical,final,16,7,i1m,0,0,25000000,25000000,25000004,cohort,17700000,1960,474,0,12,1303,171,0,0,0
historical_frozen_i1m_h16_s7_state0_mac0,frozen,historical,final,16,7,i1m,0,0,25000000,25000000,25000004,cohort,17800000,1938,471,0,10,1291,166,0,0,0
historical_frozen_i1m_h16_s7_state0_mac0,frozen,historical,final,16,7,i1m,0,0,25000000,25000000,25000004,cohort,17900000,1972,473,0,13,1317,169,0,0,0
historical_frozen_i1m_h16_s7_state0_mac0,frozen,historical,final,16,7,i1m,0,0,25000000,25000000,25000004,cohort,18000000,1934,480,0,2,1288,164,0,0,0
historical_frozen_i1m_h16_s7_state0_mac0,frozen,historical,final,16,7,i1m,0,0,25000000,25000000,25000004,cohort,18100000,1964,473,0,10,1312,169,0,0,0
historical_frozen_i1m_h16_s7_state0_mac0,frozen,historical,final,16,7,i1m,0,0,25000000,25000000,25000004,cohort,18200000,1938,473,0,5,1299,161,0,0,0
historical_frozen_i1m_h16_s7_state0_mac0,frozen,historical,final,16,7,i1m,0,0,25000000,25000000,25000004,cohort,18300000,1954,470,0,14,1304,166,0,0,0
historical_frozen_i1m_h16_s7_state0_mac0,frozen,historical,final,16,7,i1m,0,0,25000000,25000000,25000004,cohort,18400000,1936,471,0,11,1286,168,0,0,0
historical_frozen_i1m_h16_s7_state0_mac0,frozen,historical,final,16,7,i1m,0,0,25000000,25000000,25000004,cohort,18500000,1942,470,0,16,1287,169,0,0,0
historical_frozen_i1m_h16_s7_state0_mac0,frozen,historical,final,16,7,i1m,0,0,25000000,25000000,25000004,cohort,18600000,1964,477,0,14,1298,175,0,0,0
historical_frozen_i1m_h16_s7_state0_mac0,frozen,historical,final,16,7,i1m,0,0,25000000,25000000,25000004,cohort,18700000,1934,474,0,3,1295,162,0,0,0
historical_frozen_i1m_h16_s7_state0_mac0,frozen,historical,final,16,7,i1m,0,0,25000000,25000000,25000004,cohort,18800000,1972,465,0,14,1324,169,0,0,0
historical_frozen_i1m_h16_s7_state0_mac0,frozen,historical,final,16,7,i1m,0,0,25000000,25000000,25000004,cohort,18900000,1932,475,0,3,1290,164,0,0,0
historical_frozen_i1m_h16_s7_state0_mac0,frozen,historical,final,16,7,i1m,0,0,25000000,25000000,25000004,cohort,19000000,1960,472,0,6,1313,169,0,0,0
historical_frozen_i1m_h16_s7_state0_mac0,frozen,historical,final,16,7,i1m,0,0,25000000,25000000,25000004,cohort,19100000,1946,475,0,8,1295,168,0,0,0
historical_frozen_i1m_h16_s7_state0_mac0,frozen,historical,final,16,7,i1m,0,0,25000000,25000000,25000004,cohort,19200000,1926,472,0,6,1284,164,0,0,0
historical_frozen_i1m_h16_s7_state0_mac0,frozen,historical,final,16,7,i1m,0,0,25000000,25000000,25000004,cohort,19300000,1972,470,0,14,1313,175,0,0,0
historical_frozen_i1m_h16_s7_state0_mac0,frozen,historical,final,16,7,i1m,0,0,25000000,25000000,25000004,cohort,19400000,1926,474,0,5,1287,160,0,0,0
historical_frozen_i1m_h16_s7_state0_mac0,frozen,historical,final,16,7,i1m,0,0,25000000,25000000,25000004,cohort,19500000,1968,471,0,21,1301,175,0,0,0
historical_frozen_i1m_h16_s7_state0_mac0,frozen,historical,final,16,7,i1m,0,0,25000000,25000000,25000004,cohort,19600000,1948,473,0,9,1300,166,0,0,0
historical_frozen_i1m_h16_s7_state0_mac0,frozen,historical,final,16,7,i1m,0,0,25000000,25000000,25000004,cohort,19700000,1960,471,0,13,1306,170,0,0,0
historical_frozen_i1m_h16_s7_state0_mac0,frozen,historical,final,16,7,i1m,0,0,25000000,25000000,25000004,cohort,19800000,1980,471,0,8,1335,166,0,0,0
historical_frozen_i1m_h16_s7_state0_mac0,frozen,historical,final,16,7,i1m,0,0,25000000,25000000,25000004,cohort,19900000,1930,469,1,10,1286,164,0,0,0
historical_frozen_i1m_h16_s7_state0_mac0,frozen,historical,final,16,7,i1m,0,0,25000000,25000000,25000004,cohort,20000000,1958,473,0,12,1305,168,0,0,0
historical_frozen_i1m_h16_s7_state0_mac0,frozen,historical,final,16,7,i1m,0,0,25000000,25000000,25000004,cohort,20100000,1940,475,0,9,1290,166,0,0,0
historical_frozen_i1m_h16_s7_state0_mac0,frozen,historical,final,16,7,i1m,0,0,25000000,25000000,25000004,cohort,20200000,1956,474,0,13,1297,172,0,0,0
historical_frozen_i1m_h16_s7_state0_mac0,frozen,historical,final,16,7,i1m,0,0,25000000,25000000,25000004,cohort,20300000,1928,475,0,5,1287,161,0,0,0
historical_frozen_i1m_h16_s7_state0_mac0,frozen,historical,final,16,7,i1m,0,0,25000000,25000000,25000004,cohort,20400000,1958,476,0,14,1296,172,0,0,0
historical_frozen_i1m_h16_s7_state0_mac0,frozen,historical,final,16,7,i1m,0,0,25000000,25000000,25000004,cohort,20500000,1936,475,0,8,1287,166,0,0,0
historical_frozen_i1m_h16_s7_state0_mac0,frozen,historical,final,16,7,i1m,0,0,25000000,25000000,25000004,cohort,20600000,1936,474,0,5,1294,163,0,0,0
historical_frozen_i1m_h16_s7_state0_mac0,frozen,historical,final,16,7,i1m,0,0,25000000,25000000,25000004,cohort,20700000,1960,472,0,15,1294,175,0,4,4
historical_frozen_i1m_h16_s7_state0_mac0,frozen,historical,final,16,7,i1m,0,0,25000000,25000000,25000004,cohort,20800000,1942,476,0,9,1291,166,0,0,0
historical_frozen_i1m_h16_s7_state0_mac0,frozen,historical,final,16,7,i1m,0,0,25000000,25000000,25000004,cohort,20900000,1974,470,0,14,1318,172,0,0,0
historical_frozen_i1m_h16_s7_state0_mac0,frozen,historical,final,16,7,i1m,0,0,25000000,25000000,25000004,cohort,21000000,1950,473,0,12,1294,171,0,0,0
historical_frozen_i1m_h16_s7_state0_mac0,frozen,historical,final,16,7,i1m,0,0,25000000,25000000,25000004,cohort,21100000,1974,474,0,12,1320,168,0,0,0
historical_frozen_i1m_h16_s7_state0_mac0,frozen,historical,final,16,7,i1m,0,0,25000000,25000000,25000004,cohort,21200000,1930,476,0,4,1290,160,0,0,0
historical_frozen_i1m_h16_s7_state0_mac0,frozen,historical,final,16,7,i1m,0,0,25000000,25000000,25000004,cohort,21300000,1934,470,0,13,1283,168,0,0,0
historical_frozen_i1m_h16_s7_state0_mac0,frozen,historical,final,16,7,i1m,0,0,25000000,25000000,25000004,cohort,21400000,1948,468,0,22,1280,178,0,0,0
historical_frozen_i1m_h16_s7_state0_mac0,frozen,historical,final,16,7,i1m,0,0,25000000,25000000,25000004,cohort,21500000,1930,473,0,6,1285,166,0,0,0
historical_frozen_i1m_h16_s7_state0_mac0,frozen,historical,final,16,7,i1m,0,0,25000000,25000000,25000004,cohort,21600000,1972,472,0,16,1310,174,0,0,0
historical_frozen_i1m_h16_s7_state0_mac0,frozen,historical,final,16,7,i1m,0,0,25000000,25000000,25000004,cohort,21700000,1980,474,0,12,1323,171,0,0,0
historical_frozen_i1m_h16_s7_state0_mac0,frozen,historical,final,16,7,i1m,0,0,25000000,25000000,25000004,cohort,21800000,1976,476,0,10,1321,169,0,0,0
historical_frozen_i1m_h16_s7_state0_mac0,frozen,historical,final,16,7,i1m,0,0,25000000,25000000,25000004,cohort,21900000,1942,475,0,7,1296,164,0,0,0
historical_frozen_i1m_h16_s7_state0_mac0,frozen,historical,final,16,7,i1m,0,0,25000000,25000000,25000004,cohort,22000000,1946,472,0,10,1297,167,0,0,0
historical_frozen_i1m_h16_s7_state0_mac0,frozen,historical,final,16,7,i1m,0,0,25000000,25000000,25000004,cohort,22100000,1972,472,0,16,1313,171,0,0,0
historical_frozen_i1m_h16_s7_state0_mac0,frozen,historical,final,16,7,i1m,0,0,25000000,25000000,25000004,cohort,22200000,1970,476,0,6,1327,161,0,0,0
historical_frozen_i1m_h16_s7_state0_mac0,frozen,historical,final,16,7,i1m,0,0,25000000,25000000,25000004,cohort,22300000,1978,473,0,18,1311,176,0,0,0
historical_frozen_i1m_h16_s7_state0_mac0,frozen,historical,final,16,7,i1m,0,0,25000000,25000000,25000004,cohort,22400000,1940,475,0,8,1292,165,0,0,0
historical_frozen_i1m_h16_s7_state0_mac0,frozen,historical,final,16,7,i1m,0,0,25000000,25000000,25000004,cohort,22500000,1972,474,0,26,1291,181,0,0,0
historical_frozen_i1m_h16_s7_state0_mac0,frozen,historical,final,16,7,i1m,0,0,25000000,25000000,25000004,cohort,22600000,1942,472,0,13,1288,169,0,0,0
historical_frozen_i1m_h16_s7_state0_mac0,frozen,historical,final,16,7,i1m,0,0,25000000,25000000,25000004,cohort,22700000,1968,474,0,10,1317,167,0,0,0
historical_frozen_i1m_h16_s7_state0_mac0,frozen,historical,final,16,7,i1m,0,0,25000000,25000000,25000004,cohort,22800000,1966,470,0,19,1301,176,0,0,0
historical_frozen_i1m_h16_s7_state0_mac0,frozen,historical,final,16,7,i1m,0,0,25000000,25000000,25000004,cohort,22900000,1956,475,0,7,1311,163,0,0,0
historical_frozen_i1m_h16_s7_state0_mac0,frozen,historical,final,16,7,i1m,0,0,25000000,25000000,25000004,cohort,23000000,1970,467,0,22,1304,177,0,0,0
historical_frozen_i1m_h16_s7_state0_mac0,frozen,historical,final,16,7,i1m,0,0,25000000,25000000,25000004,cohort,23100000,1970,474,0,14,1311,171,0,0,0
historical_frozen_i1m_h16_s7_state0_mac0,frozen,historical,final,16,7,i1m,0,0,25000000,25000000,25000004,cohort,23200000,2002,470,0,21,1337,174,0,0,0
historical_frozen_i1m_h16_s7_state0_mac0,frozen,historical,final,16,7,i1m,0,0,25000000,25000000,25000004,cohort,23300000,1944,473,0,13,1287,171,0,0,0
historical_frozen_i1m_h16_s7_state0_mac0,frozen,historical,final,16,7,i1m,0,0,25000000,25000000,25000004,cohort,23400000,1950,472,0,6,1307,165,0,0,0
historical_frozen_i1m_h16_s7_state0_mac0,frozen,historical,final,16,7,i1m,0,0,25000000,25000000,25000004,cohort,23500000,1968,471,0,14,1310,173,0,0,0
historical_frozen_i1m_h16_s7_state0_mac0,frozen,historical,final,16,7,i1m,0,0,25000000,25000000,25000004,cohort,23600000,1946,471,0,9,1299,167,0,0,0
historical_frozen_i1m_h16_s7_state0_mac0,frozen,historical,final,16,7,i1m,0,0,25000000,25000000,25000004,cohort,23700000,1978,470,0,17,1316,175,0,0,0
historical_frozen_i1m_h16_s7_state0_mac0,frozen,historical,final,16,7,i1m,0,0,25000000,25000000,25000004,cohort,23800000,1972,477,0,7,1321,167,0,0,0
historical_frozen_i1m_h16_s7_state0_mac0,frozen,historical,final,16,7,i1m,0,0,25000000,25000000,25000004,cohort,23900000,1982,476,0,8,1335,163,0,0,0
historical_frozen_i1m_h16_s7_state0_mac0,frozen,historical,final,16,7,i1m,0,0,25000000,25000000,25000004,cohort,24000000,1944,472,0,11,1294,167,0,0,0
historical_frozen_i1m_h16_s7_state0_mac0,frozen,historical,final,16,7,i1m,0,0,25000000,25000000,25000004,cohort,24100000,1946,476,0,5,1300,165,0,0,0
historical_frozen_i1m_h16_s7_state0_mac0,frozen,historical,final,16,7,i1m,0,0,25000000,25000000,25000004,cohort,24200000,1960,480,0,7,1308,165,0,0,0
historical_frozen_i1m_h16_s7_state0_mac0,frozen,historical,final,16,7,i1m,0,0,25000000,25000000,25000004,cohort,24300000,1936,475,0,3,1299,159,0,0,0
historical_frozen_i1m_h16_s7_state0_mac0,frozen,historical,final,16,7,i1m,0,0,25000000,25000000,25000004,cohort,24400000,1962,475,0,8,1315,164,0,0,0
historical_frozen_i1m_h16_s7_state0_mac0,frozen,historical,final,16,7,i1m,0,0,25000000,25000000,25000004,cohort,24500000,1942,475,0,1,1296,165,0,5,5
historical_frozen_i1m_h16_s7_state0_mac0,frozen,historical,final,16,7,i1m,0,0,25000000,25000000,25000004,cohort,24600000,1962,476,0,0,1308,168,0,10,10
historical_frozen_i1m_h16_s7_state0_mac0,frozen,historical,final,16,7,i1m,0,0,25000000,25000000,25000004,cohort,24700000,1942,475,0,0,1306,159,0,2,2
historical_frozen_i1m_h16_s7_state0_mac0,frozen,historical,final,16,7,i1m,0,0,25000000,25000000,25000004,cohort,24800000,1958,475,0,0,1316,163,0,4,4
historical_frozen_i1m_h16_s7_state0_mac0,frozen,historical,final,16,7,i1m,0,0,25000000,25000000,25000004,cohort,24900000,1972,473,0,0,1324,164,1,10,11
historical_frozen_i1m_h8_s7_state0_mac0,frozen,historical,final,8,7,i1m,0,0,25000000,25000000,25000004,cohort,0,1917,478,0,10,1264,165,0,0,0
historical_frozen_i1m_h8_s7_state0_mac0,frozen,historical,final,8,7,i1m,0,0,25000000,25000000,25000004,cohort,100000,1922,472,0,9,1278,162,0,1,1
historical_frozen_i1m_h8_s7_state0_mac0,frozen,historical,final,8,7,i1m,0,0,25000000,25000000,25000004,cohort,200000,1924,474,0,4,1285,161,0,0,0
historical_frozen_i1m_h8_s7_state0_mac0,frozen,historical,final,8,7,i1m,0,0,25000000,25000000,25000004,cohort,300000,1944,478,0,7,1293,166,0,0,0
historical_frozen_i1m_h8_s7_state0_mac0,frozen,historical,final,8,7,i1m,0,0,25000000,25000000,25000004,cohort,400000,1934,475,0,3,1296,160,0,0,0
historical_frozen_i1m_h8_s7_state0_mac0,frozen,historical,final,8,7,i1m,0,0,25000000,25000000,25000004,cohort,500000,1958,474,0,8,1311,165,0,0,0
historical_frozen_i1m_h8_s7_state0_mac0,frozen,historical,final,8,7,i1m,0,0,25000000,25000000,25000004,cohort,600000,1940,475,0,7,1294,164,0,0,0
historical_frozen_i1m_h8_s7_state0_mac0,frozen,historical,final,8,7,i1m,0,0,25000000,25000000,25000004,cohort,700000,1953,473,0,8,1303,169,0,0,0
historical_frozen_i1m_h8_s7_state0_mac0,frozen,historical,final,8,7,i1m,0,0,25000000,25000000,25000004,cohort,800000,1928,475,0,2,1292,159,0,0,0
historical_frozen_i1m_h8_s7_state0_mac0,frozen,historical,final,8,7,i1m,0,0,25000000,25000000,25000004,cohort,900000,1956,474,0,4,1312,166,0,0,0
historical_frozen_i1m_h8_s7_state0_mac0,frozen,historical,final,8,7,i1m,0,0,25000000,25000000,25000004,cohort,1000000,1976,476,0,3,1336,161,0,0,0
historical_frozen_i1m_h8_s7_state0_mac0,frozen,historical,final,8,7,i1m,0,0,25000000,25000000,25000004,cohort,1100000,1930,474,0,5,1290,161,0,0,0
historical_frozen_i1m_h8_s7_state0_mac0,frozen,historical,final,8,7,i1m,0,0,25000000,25000000,25000004,cohort,1200000,1946,470,0,10,1300,166,0,0,0
historical_frozen_i1m_h8_s7_state0_mac0,frozen,historical,final,8,7,i1m,0,0,25000000,25000000,25000004,cohort,1300000,1932,472,0,5,1293,162,0,0,0
historical_frozen_i1m_h8_s7_state0_mac0,frozen,historical,final,8,7,i1m,0,0,25000000,25000000,25000004,cohort,1400000,1954,475,0,5,1308,166,0,0,0
historical_frozen_i1m_h8_s7_state0_mac0,frozen,historical,final,8,7,i1m,0,0,25000000,25000000,25000004,cohort,1500000,1934,476,0,3,1296,159,0,0,0
historical_frozen_i1m_h8_s7_state0_mac0,frozen,historical,final,8,7,i1m,0,0,25000000,25000000,25000004,cohort,1600000,1917,468,0,28,1242,179,0,0,0
historical_frozen_i1m_h8_s7_state0_mac0,frozen,historical,final,8,7,i1m,0,0,25000000,25000000,25000004,cohort,1700000,1966,475,0,8,1315,168,0,0,0
historical_frozen_i1m_h8_s7_state0_mac0,frozen,historical,final,8,7,i1m,0,0,25000000,25000000,25000004,cohort,1800000,1950,473,0,8,1305,164,0,0,0
historical_frozen_i1m_h8_s7_state0_mac0,frozen,historical,final,8,7,i1m,0,0,25000000,25000000,25000004,cohort,1900000,1954,471,0,12,1299,172,0,0,0
historical_frozen_i1m_h8_s7_state0_mac0,frozen,historical,final,8,7,i1m,0,0,25000000,25000000,25000004,cohort,2000000,1934,477,0,2,1296,159,0,0,0
historical_frozen_i1m_h8_s7_state0_mac0,frozen,historical,final,8,7,i1m,0,0,25000000,25000000,25000004,cohort,2100000,1956,474,0,6,1308,168,0,0,0
historical_frozen_i1m_h8_s7_state0_mac0,frozen,historical,final,8,7,i1m,0,0,25000000,25000000,25000004,cohort,2200000,1940,476,0,3,1301,160,0,0,0
historical_frozen_i1m_h8_s7_state0_mac0,frozen,historical,final,8,7,i1m,0,0,25000000,25000000,25000004,cohort,2300000,1954,472,0,11,1302,169,0,0,0
historical_frozen_i1m_h8_s7_state0_mac0,frozen,historical,final,8,7,i1m,0,0,25000000,25000000,25000004,cohort,2400000,1940,467,0,9,1298,166,0,0,0
historical_frozen_i1m_h8_s7_state0_mac0,frozen,historical,final,8,7,i1m,0,0,25000000,25000000,25000004,cohort,2500000,1930,473,0,15,1269,173,0,0,0
historical_frozen_i1m_h8_s7_state0_mac0,frozen,historical,final,8,7,i1m,0,0,25000000,25000000,25000004,cohort,2600000,1970,474,0,17,1305,174,0,0,0
historical_frozen_i1m_h8_s7_state0_mac0,frozen,historical,final,8,7,i1m,0,0,25000000,25000000,25000004,cohort,2700000,1938,478,0,2,1292,166,0,0,0
historical_frozen_i1m_h8_s7_state0_mac0,frozen,historical,final,8,7,i1m,0,0,25000000,25000000,25000004,cohort,2800000,1952,473,0,4,1315,160,0,0,0
historical_frozen_i1m_h8_s7_state0_mac0,frozen,historical,final,8,7,i1m,0,0,25000000,25000000,25000004,cohort,2900000,1940,474,0,6,1290,170,0,0,0
historical_frozen_i1m_h8_s7_state0_mac0,frozen,historical,final,8,7,i1m,0,0,25000000,25000000,25000004,cohort,3000000,1946,475,0,4,1306,161,0,0,0
historical_frozen_i1m_h8_s7_state0_mac0,frozen,historical,final,8,7,i1m,0,0,25000000,25000000,25000004,cohort,3100000,1946,471,0,2,1311,162,0,0,0
historical_frozen_i1m_h8_s7_state0_mac0,frozen,historical,final,8,7,i1m,0,0,25000000,25000000,25000004,cohort,3200000,1970,476,0,4,1324,166,0,0,0
historical_frozen_i1m_h8_s7_state0_mac0,frozen,historical,final,8,7,i1m,0,0,25000000,25000000,25000004,cohort,3300000,1962,476,0,6,1315,165,0,0,0
historical_frozen_i1m_h8_s7_state0_mac0,frozen,historical,final,8,7,i1m,0,0,25000000,25000000,25000004,cohort,3400000,1946,472,0,3,1310,161,0,0,0
historical_frozen_i1m_h8_s7_state0_mac0,frozen,historical,final,8,7,i1m,0,0,25000000,25000000,25000004,cohort,3500000,1974,471,0,14,1318,171,0,0,0
historical_frozen_i1m_h8_s7_state0_mac0,frozen,historical,final,8,7,i1m,0,0,25000000,25000000,25000004,cohort,3600000,1960,466,0,23,1293,178,0,0,0
historical_frozen_i1m_h8_s7_state0_mac0,frozen,historical,final,8,7,i1m,0,0,25000000,25000000,25000004,cohort,3700000,1950,473,0,5,1305,167,0,0,0
historical_frozen_i1m_h8_s7_state0_mac0,frozen,historical,final,8,7,i1m,0,0,25000000,25000000,25000004,cohort,3800000,1954,472,0,14,1302,166,0,0,0
historical_frozen_i1m_h8_s7_state0_mac0,frozen,historical,final,8,7,i1m,0,0,25000000,25000000,25000004,cohort,3900000,1996,472,0,13,1343,168,0,0,0
historical_frozen_i1m_h8_s7_state0_mac0,frozen,historical,final,8,7,i1m,0,0,25000000,25000000,25000004,cohort,4000000,1962,471,0,17,1300,174,0,0,0
historical_frozen_i1m_h8_s7_state0_mac0,frozen,historical,final,8,7,i1m,0,0,25000000,25000000,25000004,cohort,4100000,1942,473,0,7,1299,163,0,0,0
historical_frozen_i1m_h8_s7_state0_mac0,frozen,historical,final,8,7,i1m,0,0,25000000,25000000,25000004,cohort,4200000,1946,467,0,10,1301,168,0,0,0
historical_frozen_i1m_h8_s7_state0_mac0,frozen,historical,final,8,7,i1m,0,0,25000000,25000000,25000004,cohort,4300000,1936,473,0,5,1297,161,0,0,0
historical_frozen_i1m_h8_s7_state0_mac0,frozen,historical,final,8,7,i1m,0,0,25000000,25000000,25000004,cohort,4400000,1948,472,0,7,1305,164,0,0,0
historical_frozen_i1m_h8_s7_state0_mac0,frozen,historical,final,8,7,i1m,0,0,25000000,25000000,25000004,cohort,4500000,1940,467,0,16,1287,170,0,0,0
historical_frozen_i1m_h8_s7_state0_mac0,frozen,historical,final,8,7,i1m,0,0,25000000,25000000,25000004,cohort,4600000,1950,470,0,15,1294,171,0,0,0
historical_frozen_i1m_h8_s7_state0_mac0,frozen,historical,final,8,7,i1m,0,0,25000000,25000000,25000004,cohort,4700000,1954,473,0,9,1301,171,0,0,0
historical_frozen_i1m_h8_s7_state0_mac0,frozen,historical,final,8,7,i1m,0,0,25000000,25000000,25000004,cohort,4800000,1942,476,0,4,1303,159,0,0,0
historical_frozen_i1m_h8_s7_state0_mac0,frozen,historical,final,8,7,i1m,0,0,25000000,25000000,25000004,cohort,4900000,1964,471,0,20,1295,178,0,0,0
historical_frozen_i1m_h8_s7_state0_mac0,frozen,historical,final,8,7,i1m,0,0,25000000,25000000,25000004,cohort,5000000,1918,468,0,18,1262,170,0,0,0
historical_frozen_i1m_h8_s7_state0_mac0,frozen,historical,final,8,7,i1m,0,0,25000000,25000000,25000004,cohort,5100000,1934,470,0,12,1282,170,0,0,0
historical_frozen_i1m_h8_s7_state0_mac0,frozen,historical,final,8,7,i1m,0,0,25000000,25000000,25000004,cohort,5200000,1964,470,0,20,1300,174,0,0,0
historical_frozen_i1m_h8_s7_state0_mac0,frozen,historical,final,8,7,i1m,0,0,25000000,25000000,25000004,cohort,5300000,1930,473,0,11,1280,166,0,0,0
historical_frozen_i1m_h8_s7_state0_mac0,frozen,historical,final,8,7,i1m,0,0,25000000,25000000,25000004,cohort,5400000,1956,463,0,23,1294,176,0,0,0
historical_frozen_i1m_h8_s7_state0_mac0,frozen,historical,final,8,7,i1m,0,0,25000000,25000000,25000004,cohort,5500000,1940,476,0,7,1290,167,0,0,0
historical_frozen_i1m_h8_s7_state0_mac0,frozen,historical,final,8,7,i1m,0,0,25000000,25000000,25000004,cohort,5600000,1960,471,0,18,1302,169,0,0,0
historical_frozen_i1m_h8_s7_state0_mac0,frozen,historical,final,8,7,i1m,0,0,25000000,25000000,25000004,cohort,5700000,1890,460,0,8,1258,164,0,0,0
historical_frozen_i1m_h8_s7_state0_mac0,frozen,historical,final,8,7,i1m,0,0,25000000,25000000,25000004,cohort,5800000,1894,463,0,8,1262,161,0,0,0
historical_frozen_i1m_h8_s7_state0_mac0,frozen,historical,final,8,7,i1m,0,0,25000000,25000000,25000004,cohort,5900000,1930,466,0,14,1282,168,0,0,0
historical_frozen_i1m_h8_s7_state0_mac0,frozen,historical,final,8,7,i1m,0,0,25000000,25000000,25000004,cohort,6000000,1924,472,0,6,1285,161,0,0,0
historical_frozen_i1m_h8_s7_state0_mac0,frozen,historical,final,8,7,i1m,0,0,25000000,25000000,25000004,cohort,6100000,1936,465,0,13,1286,172,0,0,0
historical_frozen_i1m_h8_s7_state0_mac0,frozen,historical,final,8,7,i1m,0,0,25000000,25000000,25000004,cohort,6200000,1932,473,0,6,1290,163,0,0,0
historical_frozen_i1m_h8_s7_state0_mac0,frozen,historical,final,8,7,i1m,0,0,25000000,25000000,25000004,cohort,6300000,1942,468,0,20,1281,173,0,0,0
historical_frozen_i1m_h8_s7_state0_mac0,frozen,historical,final,8,7,i1m,0,0,25000000,25000000,25000004,cohort,6400000,1928,476,0,15,1268,169,0,0,0
historical_frozen_i1m_h8_s7_state0_mac0,frozen,historical,final,8,7,i1m,0,0,25000000,25000000,25000004,cohort,6500000,1932,473,0,11,1278,170,0,0,0
historical_frozen_i1m_h8_s7_state0_mac0,frozen,historical,final,8,7,i1m,0,0,25000000,25000000,25000004,cohort,6600000,1988,477,0,18,1318,175,0,0,0
historical_frozen_i1m_h8_s7_state0_mac0,frozen,historical,final,8,7,i1m,0,0,25000000,25000000,25000004,cohort,6700000,1944,475,0,12,1291,166,0,0,0
historical_frozen_i1m_h8_s7_state0_mac0,frozen,historical,final,8,7,i1m,0,0,25000000,25000000,25000004,cohort,6800000,1980,470,0,21,1314,175,0,0,0
historical_frozen_i1m_h8_s7_state0_mac0,frozen,historical,final,8,7,i1m,0,0,25000000,25000000,25000004,cohort,6900000,1942,471,0,14,1286,171,0,0,0
historical_frozen_i1m_h8_s7_state0_mac0,frozen,historical,final,8,7,i1m,0,0,25000000,25000000,25000004,cohort,7000000,1928,477,0,2,1289,160,0,0,0
historical_frozen_i1m_h8_s7_state0_mac0,frozen,historical,final,8,7,i1m,0,0,25000000,25000000,25000004,cohort,7100000,1962,468,0,18,1304,172,0,0,0
historical_frozen_i1m_h8_s7_state0_mac0,frozen,historical,final,8,7,i1m,0,0,25000000,25000000,25000004,cohort,7200000,1944,474,0,10,1292,168,0,0,0
historical_frozen_i1m_h8_s7_state0_mac0,frozen,historical,final,8,7,i1m,0,0,25000000,25000000,25000004,cohort,7300000,1952,473,0,13,1297,169,0,0,0
historical_frozen_i1m_h8_s7_state0_mac0,frozen,historical,final,8,7,i1m,0,0,25000000,25000000,25000004,cohort,7400000,1932,470,0,11,1285,166,0,0,0
historical_frozen_i1m_h8_s7_state0_mac0,frozen,historical,final,8,7,i1m,0,0,25000000,25000000,25000004,cohort,7500000,1960,468,0,14,1302,176,0,0,0
historical_frozen_i1m_h8_s7_state0_mac0,frozen,historical,final,8,7,i1m,0,0,25000000,25000000,25000004,cohort,7600000,1926,476,0,3,1289,158,0,0,0
historical_frozen_i1m_h8_s7_state0_mac0,frozen,historical,final,8,7,i1m,0,0,25000000,25000000,25000004,cohort,7700000,1944,470,0,11,1297,166,0,0,0
historical_frozen_i1m_h8_s7_state0_mac0,frozen,historical,final,8,7,i1m,0,0,25000000,25000000,25000004,cohort,7800000,1950,472,0,17,1285,176,0,0,0
historical_frozen_i1m_h8_s7_state0_mac0,frozen,historical,final,8,7,i1m,0,0,25000000,25000000,25000004,cohort,7900000,1924,476,0,3,1286,159,0,0,0
historical_frozen_i1m_h8_s7_state0_mac0,frozen,historical,final,8,7,i1m,0,0,25000000,25000000,25000004,cohort,8000000,1968,468,0,21,1305,174,0,0,0
historical_frozen_i1m_h8_s7_state0_mac0,frozen,historical,final,8,7,i1m,0,0,25000000,25000000,25000004,cohort,8100000,1984,469,0,15,1330,170,0,0,0
historical_frozen_i1m_h8_s7_state0_mac0,frozen,historical,final,8,7,i1m,0,0,25000000,25000000,25000004,cohort,8200000,1968,474,0,14,1312,168,0,0,0
historical_frozen_i1m_h8_s7_state0_mac0,frozen,historical,final,8,7,i1m,0,0,25000000,25000000,25000004,cohort,8300000,1938,475,0,4,1298,161,0,0,0
historical_frozen_i1m_h8_s7_state0_mac0,frozen,historical,final,8,7,i1m,0,0,25000000,25000000,25000004,cohort,8400000,1946,476,0,9,1296,165,0,0,0
historical_frozen_i1m_h8_s7_state0_mac0,frozen,historical,final,8,7,i1m,0,0,25000000,25000000,25000004,cohort,8500000,1910,459,0,19,1264,168,0,0,0
historical_frozen_i1m_h8_s7_state0_mac0,frozen,historical,final,8,7,i1m,0,0,25000000,25000000,25000004,cohort,8600000,1926,473,0,8,1280,165,0,0,0
historical_frozen_i1m_h8_s7_state0_mac0,frozen,historical,final,8,7,i1m,0,0,25000000,25000000,25000004,cohort,8700000,1966,468,0,13,1318,167,0,0,0
historical_frozen_i1m_h8_s7_state0_mac0,frozen,historical,final,8,7,i1m,0,0,25000000,25000000,25000004,cohort,8800000,1928,473,0,14,1274,167,0,0,0
historical_frozen_i1m_h8_s7_state0_mac0,frozen,historical,final,8,7,i1m,0,0,25000000,25000000,25000004,cohort,8900000,1950,470,0,14,1297,169,0,0,0
historical_frozen_i1m_h8_s7_state0_mac0,frozen,historical,final,8,7,i1m,0,0,25000000,25000000,25000004,cohort,9000000,1956,470,0,11,1308,167,0,0,0
historical_frozen_i1m_h8_s7_state0_mac0,frozen,historical,final,8,7,i1m,0,0,25000000,25000000,25000004,cohort,9100000,1938,473,0,11,1287,167,0,0,0
historical_frozen_i1m_h8_s7_state0_mac0,frozen,historical,final,8,7,i1m,0,0,25000000,25000000,25000004,cohort,9200000,1986,473,0,15,1327,171,0,0,0
historical_frozen_i1m_h8_s7_state0_mac0,frozen,historical,final,8,7,i1m,0,0,25000000,25000000,25000004,cohort,9300000,1948,473,0,9,1301,165,0,0,0
historical_frozen_i1m_h8_s7_state0_mac0,frozen,historical,final,8,7,i1m,0,0,25000000,25000000,25000004,cohort,9400000,1986,471,0,7,1342,166,0,0,0
historical_frozen_i1m_h8_s7_state0_mac0,frozen,historical,final,8,7,i1m,0,0,25000000,25000000,25000004,cohort,9500000,1938,475,0,9,1287,167,0,0,0
historical_frozen_i1m_h8_s7_state0_mac0,frozen,historical,final,8,7,i1m,0,0,25000000,25000000,25000004,cohort,9600000,1978,470,1,18,1313,176,0,0,0
historical_frozen_i1m_h8_s7_state0_mac0,frozen,historical,final,8,7,i1m,0,0,25000000,25000000,25000004,cohort,9700000,1940,469,0,17,1282,172,0,0,0
historical_frozen_i1m_h8_s7_state0_mac0,frozen,historical,final,8,7,i1m,0,0,25000000,25000000,25000004,cohort,9800000,1932,471,0,15,1274,172,0,0,0
historical_frozen_i1m_h8_s7_state0_mac0,frozen,historical,final,8,7,i1m,0,0,25000000,25000000,25000004,cohort,9900000,1984,470,0,18,1318,178,0,0,0
historical_frozen_i1m_h8_s7_state0_mac0,frozen,historical,final,8,7,i1m,0,0,25000000,25000000,25000004,cohort,10000000,1938,474,0,9,1288,167,0,0,0
historical_frozen_i1m_h8_s7_state0_mac0,frozen,historical,final,8,7,i1m,0,0,25000000,25000000,25000004,cohort,10100000,1954,474,0,7,1305,168,0,0,0
historical_frozen_i1m_h8_s7_state0_mac0,frozen,historical,final,8,7,i1m,0,0,25000000,25000000,25000004,cohort,10200000,1932,473,0,8,1287,164,0,0,0
historical_frozen_i1m_h8_s7_state0_mac0,frozen,historical,final,8,7,i1m,0,0,25000000,25000000,25000004,cohort,10300000,1972,474,0,8,1321,169,0,0,0
historical_frozen_i1m_h8_s7_state0_mac0,frozen,historical,final,8,7,i1m,0,0,25000000,25000000,25000004,cohort,10400000,1928,472,0,5,1290,161,0,0,0
historical_frozen_i1m_h8_s7_state0_mac0,frozen,historical,final,8,7,i1m,0,0,25000000,25000000,25000004,cohort,10500000,1918,473,0,3,1281,161,0,0,0
historical_frozen_i1m_h8_s7_state0_mac0,frozen,historical,final,8,7,i1m,0,0,25000000,25000000,25000004,cohort,10600000,1948,466,0,18,1292,172,0,0,0
historical_frozen_i1m_h8_s7_state0_mac0,frozen,historical,final,8,7,i1m,0,0,25000000,25000000,25000004,cohort,10700000,1942,475,0,6,1297,164,0,0,0
historical_frozen_i1m_h8_s7_state0_mac0,frozen,historical,final,8,7,i1m,0,0,25000000,25000000,25000004,cohort,10800000,1974,467,0,24,1303,180,0,0,0
historical_frozen_i1m_h8_s7_state0_mac0,frozen,historical,final,8,7,i1m,0,0,25000000,25000000,25000004,cohort,10900000,1950,478,0,7,1300,165,0,0,0
historical_frozen_i1m_h8_s7_state0_mac0,frozen,historical,final,8,7,i1m,0,0,25000000,25000000,25000004,cohort,11000000,1970,471,0,15,1311,173,0,0,0
historical_frozen_i1m_h8_s7_state0_mac0,frozen,historical,final,8,7,i1m,0,0,25000000,25000000,25000004,cohort,11100000,1954,473,0,14,1296,171,0,0,0
historical_frozen_i1m_h8_s7_state0_mac0,frozen,historical,final,8,7,i1m,0,0,25000000,25000000,25000004,cohort,11200000,1964,470,0,22,1293,179,0,0,0
historical_frozen_i1m_h8_s7_state0_mac0,frozen,historical,final,8,7,i1m,0,0,25000000,25000000,25000004,cohort,11300000,1984,471,0,27,1305,181,0,0,0
historical_frozen_i1m_h8_s7_state0_mac0,frozen,historical,final,8,7,i1m,0,0,25000000,25000000,25000004,cohort,11400000,1996,480,1,45,1267,203,0,0,0
historical_frozen_i1m_h8_s7_state0_mac0,frozen,historical,final,8,7,i1m,0,0,25000000,25000000,25000004,cohort,11500000,1998,450,4,86,1223,235,0,0,0
historical_frozen_i1m_h8_s7_state0_mac0,frozen,historical,final,8,7,i1m,0,0,25000000,25000000,25000004,cohort,11600000,1940,472,0,17,1274,177,0,0,0
historical_frozen_i1m_h8_s7_state0_mac0,frozen,historical,final,8,7,i1m,0,0,25000000,25000000,25000004,cohort,11700000,1928,473,0,8,1282,165,0,0,0
historical_frozen_i1m_h8_s7_state0_mac0,frozen,historical,final,8,7,i1m,0,0,25000000,25000000,25000004,cohort,11800000,1800,410,0,46,1167,177,0,0,0
historical_frozen_i1m_h8_s7_state0_mac0,frozen,historical,final,8,7,i1m,0,0,25000000,25000000,25000004,cohort,11900000,1850,445,1,42,1174,188,0,0,0
historical_frozen_i1m_h8_s7_state0_mac0,frozen,historical,final,8,7,i1m,0,0,25000000,25000000,25000004,cohort,12000000,1884,455,0,19,1246,164,0,0,0
historical_frozen_i1m_h8_s7_state0_mac0,frozen,historical,final,8,7,i1m,0,0,25000000,25000000,25000004,cohort,12100000,1902,452,0,25,1253,172,0,0,0
historical_frozen_i1m_h8_s7_state0_mac0,frozen,historical,final,8,7,i1m,0,0,25000000,25000000,25000004,cohort,12200000,1930,472,0,9,1281,168,0,0,0
historical_frozen_i1m_h8_s7_state0_mac0,frozen,historical,final,8,7,i1m,0,0,25000000,25000000,25000004,cohort,12300000,1906,464,0,11,1265,166,0,0,0
historical_frozen_i1m_h8_s7_state0_mac0,frozen,historical,final,8,7,i1m,0,0,25000000,25000000,25000004,cohort,12400000,1936,468,0,16,1282,170,0,0,0
historical_frozen_i1m_h8_s7_state0_mac0,frozen,historical,final,8,7,i1m,0,0,25000000,25000000,25000004,cohort,12500000,1918,470,0,10,1275,163,0,0,0
historical_frozen_i1m_h8_s7_state0_mac0,frozen,historical,final,8,7,i1m,0,0,25000000,25000000,25000004,cohort,12600000,1830,418,4,72,1124,212,0,0,0
historical_frozen_i1m_h8_s7_state0_mac0,frozen,historical,final,8,7,i1m,0,0,25000000,25000000,25000004,cohort,12700000,1932,468,3,41,1218,202,0,0,0
historical_frozen_i1m_h8_s7_state0_mac0,frozen,historical,final,8,7,i1m,0,0,25000000,25000000,25000004,cohort,12800000,1974,458,1,87,1191,237,0,0,0
historical_frozen_i1m_h8_s7_state0_mac0,frozen,historical,final,8,7,i1m,0,0,25000000,25000000,25000004,cohort,12900000,1946,473,0,16,1284,173,0,0,0
historical_frozen_i1m_h8_s7_state0_mac0,frozen,historical,final,8,7,i1m,0,0,25000000,25000000,25000004,cohort,13000000,1928,471,0,9,1282,166,0,0,0
historical_frozen_i1m_h8_s7_state0_mac0,frozen,historical,final,8,7,i1m,0,0,25000000,25000000,25000004,cohort,13100000,1924,475,0,8,1275,166,0,0,0
historical_frozen_i1m_h8_s7_state0_mac0,frozen,historical,final,8,7,i1m,0,0,25000000,25000000,25000004,cohort,13200000,1984,458,11,114,1142,259,0,0,0
historical_frozen_i1m_h8_s7_state0_mac0,frozen,historical,final,8,7,i1m,0,0,25000000,25000000,25000004,cohort,13300000,1924,471,0,8,1279,166,0,0,0
historical_frozen_i1m_h8_s7_state0_mac0,frozen,historical,final,8,7,i1m,0,0,25000000,25000000,25000004,cohort,13400000,1704,503,0,146,732,322,0,1,1
historical_frozen_i1m_h8_s7_state0_mac0,frozen,historical,final,8,7,i1m,0,0,25000000,25000000,25000004,cohort,13500000,1052,462,0,17,394,179,0,0,0
historical_frozen_i1m_h8_s7_state0_mac0,frozen,historical,final,8,7,i1m,0,0,25000000,25000000,25000004,cohort,13600000,1040,459,0,16,388,177,0,0,0
historical_frozen_i1m_h8_s7_state0_mac0,frozen,historical,final,8,7,i1m,0,0,25000000,25000000,25000004,cohort,13700000,1180,478,0,33,480,189,0,0,0
historical_frozen_i1m_h8_s7_state0_mac0,frozen,historical,final,8,7,i1m,0,0,25000000,25000000,25000004,cohort,13800000,1028,476,0,3,390,159,0,0,0
historical_frozen_i1m_h8_s7_state0_mac0,frozen,historical,final,8,7,i1m,0,0,25000000,25000000,25000004,cohort,13900000,1134,468,0,25,463,178,0,0,0
historical_frozen_i1m_h8_s7_state0_mac0,frozen,historical,final,8,7,i1m,0,0,25000000,25000000,25000004,cohort,14000000,1028,475,0,9,378,166,0,0,0
historical_frozen_i1m_h8_s7_state0_mac0,frozen,historical,final,8,7,i1m,0,0,25000000,25000000,25000004,cohort,14100000,1004,452,0,16,374,162,0,0,0
historical_frozen_i1m_h8_s7_state0_mac0,frozen,historical,final,8,7,i1m,0,0,25000000,25000000,25000004,cohort,14200000,1110,471,0,17,452,170,0,0,0
historical_frozen_i1m_h8_s7_state0_mac0,frozen,historical,final,8,7,i1m,0,0,25000000,25000000,25000004,cohort,14300000,1028,476,0,2,391,159,0,0,0
historical_frozen_i1m_h8_s7_state0_mac0,frozen,historical,final,8,7,i1m,0,0,25000000,25000000,25000004,cohort,14400000,1110,472,0,13,454,171,0,0,0
historical_frozen_i1m_h8_s7_state0_mac0,frozen,historical,final,8,7,i1m,0,0,25000000,25000000,25000004,cohort,14500000,1028,474,0,4,390,160,0,0,0
historical_frozen_i1m_h8_s7_state0_mac0,frozen,historical,final,8,7,i1m,0,0,25000000,25000000,25000004,cohort,14600000,1100,475,0,9,448,168,0,0,0
historical_frozen_i1m_h8_s7_state0_mac0,frozen,historical,final,8,7,i1m,0,0,25000000,25000000,25000004,cohort,14700000,1034,469,0,11,387,167,0,0,0
historical_frozen_i1m_h8_s7_state0_mac0,frozen,historical,final,8,7,i1m,0,0,25000000,25000000,25000004,cohort,14800000,1028,475,0,6,387,160,0,0,0
historical_frozen_i1m_h8_s7_state0_mac0,frozen,historical,final,8,7,i1m,0,0,25000000,25000000,25000004,cohort,14900000,1102,468,0,16,446,172,0,0,0
historical_frozen_i1m_h8_s7_state0_mac0,frozen,historical,final,8,7,i1m,0,0,25000000,25000000,25000004,cohort,15000000,1028,472,0,6,390,160,0,0,0
historical_frozen_i1m_h8_s7_state0_mac0,frozen,historical,final,8,7,i1m,0,0,25000000,25000000,25000004,cohort,15100000,1098,462,0,22,439,175,0,0,0
historical_frozen_i1m_h8_s7_state0_mac0,frozen,historical,final,8,7,i1m,0,0,25000000,25000000,25000004,cohort,15200000,1028,477,0,5,382,164,0,0,0
historical_frozen_i1m_h8_s7_state0_mac0,frozen,historical,final,8,7,i1m,0,0,25000000,25000000,25000004,cohort,15300000,1096,471,0,7,457,161,0,0,0
historical_frozen_i1m_h8_s7_state0_mac0,frozen,historical,final,8,7,i1m,0,0,25000000,25000000,25000004,cohort,15400000,1026,475,0,7,379,165,0,0,0
historical_frozen_i1m_h8_s7_state0_mac0,frozen,historical,final,8,7,i1m,0,0,25000000,25000000,25000004,cohort,15500000,1030,473,0,6,389,162,0,0,0
historical_frozen_i1m_h8_s7_state0_mac0,frozen,historical,final,8,7,i1m,0,0,25000000,25000000,25000004,cohort,15600000,1108,473,0,6,469,160,0,0,0
historical_frozen_i1m_h8_s7_state0_mac0,frozen,historical,final,8,7,i1m,0,0,25000000,25000000,25000004,cohort,15700000,1030,472,0,4,391,163,0,0,0
historical_frozen_i1m_h8_s7_state0_mac0,frozen,historical,final,8,7,i1m,0,0,25000000,25000000,25000004,cohort,15800000,1090,468,0,12,440,170,0,0,0
historical_frozen_i1m_h8_s7_state0_mac0,frozen,historical,final,8,7,i1m,0,0,25000000,25000000,25000004,cohort,15900000,1024,474,0,6,382,162,0,0,0
historical_frozen_i1m_h8_s7_state0_mac0,frozen,historical,final,8,7,i1m,0,0,25000000,25000000,25000004,cohort,16000000,1088,469,0,8,445,166,0,0,0
historical_frozen_i1m_h8_s7_state0_mac0,frozen,historical,final,8,7,i1m,0,0,25000000,25000000,25000004,cohort,16100000,1030,474,0,7,385,164,0,0,0
historical_frozen_i1m_h8_s7_state0_mac0,frozen,historical,final,8,7,i1m,0,0,25000000,25000000,25000004,cohort,16200000,1054,469,0,10,407,168,0,0,0
historical_frozen_i1m_h8_s7_state0_mac0,frozen,historical,final,8,7,i1m,0,0,25000000,25000000,25000004,cohort,16300000,1074,477,0,2,435,160,0,0,0
historical_frozen_i1m_h8_s7_state0_mac0,frozen,historical,final,8,7,i1m,0,0,25000000,25000000,25000004,cohort,16400000,1028,467,0,11,383,167,0,0,0
historical_frozen_i1m_h8_s7_state0_mac0,frozen,historical,final,8,7,i1m,0,0,25000000,25000000,25000004,cohort,16500000,1092,472,0,9,445,166,0,0,0
historical_frozen_i1m_h8_s7_state0_mac0,frozen,historical,final,8,7,i1m,0,0,25000000,25000000,25000004,cohort,16600000,1030,466,0,11,388,165,0,0,0
historical_frozen_i1m_h8_s7_state0_mac0,frozen,historical,final,8,7,i1m,0,0,25000000,25000000,25000004,cohort,16700000,1092,472,0,7,448,165,0,0,0
historical_frozen_i1m_h8_s7_state0_mac0,frozen,historical,final,8,7,i1m,0,0,25000000,25000000,25000004,cohort,16800000,1032,469,0,10,385,168,0,0,0
historical_frozen_i1m_h8_s7_state0_mac0,frozen,historical,final,8,7,i1m,0,0,25000000,25000000,25000004,cohort,16900000,1066,471,0,17,403,175,0,0,0
historical_frozen_i1m_h8_s7_state0_mac0,frozen,historical,final,8,7,i1m,0,0,25000000,25000000,25000004,cohort,17000000,1090,473,0,9,444,164,0,0,0
historical_frozen_i1m_h8_s7_state0_mac0,frozen,historical,final,8,7,i1m,0,0,25000000,25000000,25000004,cohort,17100000,1050,473,0,16,389,172,0,0,0
historical_frozen_i1m_h8_s7_state0_mac0,frozen,historical,final,8,7,i1m,0,0,25000000,25000000,25000004,cohort,17200000,1120,473,0,13,464,170,0,0,0
historical_frozen_i1m_h8_s7_state0_mac0,frozen,historical,final,8,7,i1m,0,0,25000000,25000000,25000004,cohort,17300000,1040,473,0,8,393,166,0,0,0
historical_frozen_i1m_h8_s7_state0_mac0,frozen,historical,final,8,7,i1m,0,0,25000000,25000000,25000004,cohort,17400000,1122,475,0,12,466,169,0,0,0
historical_frozen_i1m_h8_s7_state0_mac0,frozen,historical,final,8,7,i1m,0,0,25000000,25000000,25000004,cohort,17500000,1042,472,0,11,393,166,0,0,0
historical_frozen_i1m_h8_s7_state0_mac0,frozen,historical,final,8,7,i1m,0,0,25000000,25000000,25000004,cohort,17600000,1040,471,0,11,392,166,0,0,0
historical_frozen_i1m_h8_s7_state0_mac0,frozen,historical,final,8,7,i1m,0,0,25000000,25000000,25000004,cohort,17700000,1118,474,0,12,461,171,0,0,0
historical_frozen_i1m_h8_s7_state0_mac0,frozen,historical,final,8,7,i1m,0,0,25000000,25000000,25000004,cohort,17800000,1038,471,0,10,391,166,0,0,0
historical_frozen_i1m_h8_s7_state0_mac0,frozen,historical,final,8,7,i1m,0,0,25000000,25000000,25000004,cohort,17900000,1108,473,0,9,459,167,0,0,0
historical_frozen_i1m_h8_s7_state0_mac0,frozen,historical,final,8,7,i1m,0,0,25000000,25000000,25000004,cohort,18000000,1030,480,0,2,384,164,0,0,0
historical_frozen_i1m_h8_s7_state0_mac0,frozen,historical,final,8,7,i1m,0,0,25000000,25000000,25000004,cohort,18100000,1102,472,0,9,455,166,0,0,0
historical_frozen_i1m_h8_s7_state0_mac0,frozen,historical,final,8,7,i1m,0,0,25000000,25000000,25000004,cohort,18200000,1030,472,0,5,393,160,0,0,0
historical_frozen_i1m_h8_s7_state0_mac0,frozen,historical,final,8,7,i1m,0,0,25000000,25000000,25000004,cohort,18300000,1048,469,0,12,403,164,0,0,0
historical_frozen_i1m_h8_s7_state0_mac0,frozen,historical,final,8,7,i1m,0,0,25000000,25000000,25000004,cohort,18400000,1080,469,0,7,440,164,0,0,0
historical_frozen_i1m_h8_s7_state0_mac0,frozen,historical,final,8,7,i1m,0,0,25000000,25000000,25000004,cohort,18500000,1028,465,0,15,381,167,0,0,0
historical_frozen_i1m_h8_s7_state0_mac0,frozen,historical,final,8,7,i1m,0,0,25000000,25000000,25000004,cohort,18600000,1112,475,0,13,450,174,0,0,0
historical_frozen_i1m_h8_s7_state0_mac0,frozen,historical,final,8,7,i1m,0,0,25000000,25000000,25000004,cohort,18700000,1032,474,0,3,393,162,0,0,0
historical_frozen_i1m_h8_s7_state0_mac0,frozen,historical,final,8,7,i1m,0,0,25000000,25000000,25000004,cohort,18800000,1106,465,0,14,458,169,0,0,0
historical_frozen_i1m_h8_s7_state0_mac0,frozen,historical,final,8,7,i1m,0,0,25000000,25000000,25000004,cohort,18900000,1026,475,0,3,384,164,0,0,0
historical_frozen_i1m_h8_s7_state0_mac0,frozen,historical,final,8,7,i1m,0,0,25000000,25000000,25000004,cohort,19000000,1062,472,0,6,415,169,0,0,0
historical_frozen_i1m_h8_s7_state0_mac0,frozen,historical,final,8,7,i1m,0,0,25000000,25000000,25000004,cohort,19100000,1084,475,0,8,433,168,0,0,0
historical_frozen_i1m_h8_s7_state0_mac0,frozen,historical,final,8,7,i1m,0,0,25000000,25000000,25000004,cohort,19200000,1024,472,0,6,382,164,0,0,0
historical_frozen_i1m_h8_s7_state0_mac0,frozen,historical,final,8,7,i1m,0,0,25000000,25000000,25000004,cohort,19300000,1126,471,0,15,463,177,0,0,0
historical_frozen_i1m_h8_s7_state0_mac0,frozen,historical,final,8,7,i1m,0,0,25000000,25000000,25000004,cohort,19400000,1026,474,0,5,387,160,0,0,0
historical_frozen_i1m_h8_s7_state0_mac0,frozen,historical,final,8,7,i1m,0,0,25000000,25000000,25000004,cohort,19500000,1112,467,0,14,463,168,0,0,0
historical_frozen_i1m_h8_s7_state0_mac0,frozen,historical,final,8,7,i1m,0,0,25000000,25000000,25000004,cohort,19600000,1032,472,0,8,389,163,0,0,0
historical_frozen_i1m_h8_s7_state0_mac0,frozen,historical,final,8,7,i1m,0,0,25000000,25000000,25000004,cohort,19700000,1058,470,0,14,405,169,0,0,0
historical_frozen_i1m_h8_s7_state0_mac0,frozen,historical,final,8,7,i1m,0,0,25000000,25000000,25000004,cohort,19800000,1096,471,0,7,453,165,0,0,0
historical_frozen_i1m_h8_s7_state0_mac0,frozen,historical,final,8,7,i1m,0,0,25000000,25000000,25000004,cohort,19900000,1024,469,0,9,383,163,0,0,0
historical_frozen_i1m_h8_s7_state0_mac0,frozen,historical,final,8,7,i1m,0,0,25000000,25000000,25000004,cohort,20000000,1098,472,0,10,449,167,0,0,0
historical_frozen_i1m_h8_s7_state0_mac0,frozen,historical,final,8,7,i1m,0,0,25000000,25000000,25000004,cohort,20100000,1036,475,0,8,388,165,0,0,0
historical_frozen_i1m_h8_s7_state0_mac0,frozen,historical,final,8,7,i1m,0,0,25000000,25000000,25000004,cohort,20200000,1098,474,0,11,444,169,0,0,0
historical_frozen_i1m_h8_s7_state0_mac0,frozen,historical,final,8,7,i1m,0,0,25000000,25000000,25000004,cohort,20300000,1032,474,0,4,394,160,0,0,0
historical_frozen_i1m_h8_s7_state0_mac0,frozen,historical,final,8,7,i1m,0,0,25000000,25000000,25000004,cohort,20400000,1080,476,0,12,422,170,0,0,0
historical_frozen_i1m_h8_s7_state0_mac0,frozen,historical,final,8,7,i1m,0,0,25000000,25000000,25000004,cohort,20500000,1050,475,0,7,403,165,0,0,0
historical_frozen_i1m_h8_s7_state0_mac0,frozen,historical,final,8,7,i1m,0,0,25000000,25000000,25000004,cohort,20600000,1030,474,0,4,390,162,0,0,0
historical_frozen_i1m_h8_s7_state0_mac0,frozen,historical,final,8,7,i1m,0,0,25000000,25000000,25000004,cohort,20700000,1106,472,0,13,444,173,0,4,4
historical_frozen_i1m_h8_s7_state0_mac0,frozen,historical,final,8,7,i1m,0,0,25000000,25000000,25000004,cohort,20800000,1038,476,0,8,389,165,0,0,0
historical_frozen_i1m_h8_s7_state0_mac0,frozen,historical,final,8,7,i1m,0,0,25000000,25000000,25000004,cohort,20900000,1122,470,0,12,470,170,0,0,0
historical_frozen_i1m_h8_s7_state0_mac0,frozen,historical,final,8,7,i1m,0,0,25000000,25000000,25000004,cohort,21000000,1044,473,0,11,390,170,0,0,0
historical_frozen_i1m_h8_s7_state0_mac0,frozen,historical,final,8,7,i1m,0,0,25000000,25000000,25000004,cohort,21100000,1106,474,0,13,452,167,0,0,0
historical_frozen_i1m_h8_s7_state0_mac0,frozen,historical,final,8,7,i1m,0,0,25000000,25000000,25000004,cohort,21200000,1034,476,0,4,394,160,0,0,0
historical_frozen_i1m_h8_s7_state0_mac0,frozen,historical,final,8,7,i1m,0,0,25000000,25000000,25000004,cohort,21300000,1046,470,0,13,395,168,0,0,0
historical_frozen_i1m_h8_s7_state0_mac0,frozen,historical,final,8,7,i1m,0,0,25000000,25000000,25000004,cohort,21400000,1122,468,0,22,454,178,0,0,0
historical_frozen_i1m_h8_s7_state0_mac0,frozen,historical,final,8,7,i1m,0,0,25000000,25000000,25000004,cohort,21500000,1026,473,0,5,383,165,0,0,0
historical_frozen_i1m_h8_s7_state0_mac0,frozen,historical,final,8,7,i1m,0,0,25000000,25000000,25000004,cohort,21600000,1124,472,0,14,466,172,0,0,0
historical_frozen_i1m_h8_s7_state0_mac0,frozen,historical,final,8,7,i1m,0,0,25000000,25000000,25000004,cohort,21700000,1056,475,0,12,397,172,0,0,0
historical_frozen_i1m_h8_s7_state0_mac0,frozen,historical,final,8,7,i1m,0,0,25000000,25000000,25000004,cohort,21800000,1074,476,0,8,422,168,0,0,0
historical_frozen_i1m_h8_s7_state0_mac0,frozen,historical,final,8,7,i1m,0,0,25000000,25000000,25000004,cohort,21900000,1064,475,0,6,420,163,0,0,0
historical_frozen_i1m_h8_s7_state0_mac0,frozen,historical,final,8,7,i1m,0,0,25000000,25000000,25000004,cohort,22000000,1030,472,0,9,383,166,0,0,0
historical_frozen_i1m_h8_s7_state0_mac0,frozen,historical,final,8,7,i1m,0,0,25000000,25000000,25000004,cohort,22100000,1118,472,0,14,463,169,0,0,0
historical_frozen_i1m_h8_s7_state0_mac0,frozen,historical,final,8,7,i1m,0,0,25000000,25000000,25000004,cohort,22200000,1036,476,0,5,395,160,0,0,0
historical_frozen_i1m_h8_s7_state0_mac0,frozen,historical,final,8,7,i1m,0,0,25000000,25000000,25000004,cohort,22300000,1120,473,0,16,457,174,0,0,0
historical_frozen_i1m_h8_s7_state0_mac0,frozen,historical,final,8,7,i1m,0,0,25000000,25000000,25000004,cohort,22400000,1040,475,0,8,393,164,0,0,0
historical_frozen_i1m_h8_s7_state0_mac0,frozen,historical,final,8,7,i1m,0,0,25000000,25000000,25000004,cohort,22500000,1112,474,0,28,428,182,0,0,0
historical_frozen_i1m_h8_s7_state0_mac0,frozen,historical,final,8,7,i1m,0,0,25000000,25000000,25000004,cohort,22600000,1078,472,0,13,424,169,0,0,0
historical_frozen_i1m_h8_s7_state0_mac0,frozen,historical,final,8,7,i1m,0,0,25000000,25000000,25000004,cohort,22700000,1042,474,0,9,393,166,0,0,0
historical_frozen_i1m_h8_s7_state0_mac0,frozen,historical,final,8,7,i1m,0,0,25000000,25000000,25000004,cohort,22800000,1118,469,0,19,455,175,0,0,0
historical_frozen_i1m_h8_s7_state0_mac0,frozen,historical,final,8,7,i1m,0,0,25000000,25000000,25000004,cohort,22900000,1042,475,0,6,398,163,0,0,0
historical_frozen_i1m_h8_s7_state0_mac0,frozen,historical,final,8,7,i1m,0,0,25000000,25000000,25000004,cohort,23000000,1120,467,0,21,456,176,0,0,0
historical_frozen_i1m_h8_s7_state0_mac0,frozen,historical,final,8,7,i1m,0,0,25000000,25000000,25000004,cohort,23100000,1056,474,0,13,399,170,0,0,0
historical_frozen_i1m_h8_s7_state0_mac0,frozen,historical,final,8,7,i1m,0,0,25000000,25000000,25000004,cohort,23200000,1074,470,0,18,414,172,0,0,0
historical_frozen_i1m_h8_s7_state0_mac0,frozen,historical,final,8,7,i1m,0,0,25000000,25000000,25000004,cohort,23300000,1086,473,0,12,431,170,0,0,0
historical_frozen_i1m_h8_s7_state0_mac0,frozen,historical,final,8,7,i1m,0,0,25000000,25000000,25000004,cohort,23400000,1036,472,0,5,395,164,0,0,0
historical_frozen_i1m_h8_s7_state0_mac0,frozen,historical,final,8,7,i1m,0,0,25000000,25000000,25000004,cohort,23500000,1114,470,0,14,458,172,0,0,0
historical_frozen_i1m_h8_s7_state0_mac0,frozen,historical,final,8,7,i1m,0,0,25000000,25000000,25000004,cohort,23600000,1036,471,0,8,390,167,0,0,0
historical_frozen_i1m_h8_s7_state0_mac0,frozen,historical,final,8,7,i1m,0,0,25000000,25000000,25000004,cohort,23700000,1114,470,0,15,456,173,0,0,0
historical_frozen_i1m_h8_s7_state0_mac0,frozen,historical,final,8,7,i1m,0,0,25000000,25000000,25000004,cohort,23800000,1040,476,0,7,391,166,0,0,0
historical_frozen_i1m_h8_s7_state0_mac0,frozen,historical,final,8,7,i1m,0,0,25000000,25000000,25000004,cohort,23900000,1080,476,0,6,435,163,0,0,0
historical_frozen_i1m_h8_s7_state0_mac0,frozen,historical,final,8,7,i1m,0,0,25000000,25000000,25000004,cohort,24000000,1068,472,0,10,420,166,0,0,0
historical_frozen_i1m_h8_s7_state0_mac0,frozen,historical,final,8,7,i1m,0,0,25000000,25000000,25000004,cohort,24100000,1034,475,0,5,390,164,0,0,0
historical_frozen_i1m_h8_s7_state0_mac0,frozen,historical,final,8,7,i1m,0,0,25000000,25000000,25000004,cohort,24200000,1108,480,0,6,457,165,0,0,0
historical_frozen_i1m_h8_s7_state0_mac0,frozen,historical,final,8,7,i1m,0,0,25000000,25000000,25000004,cohort,24300000,1032,475,0,3,395,159,0,0,0
historical_frozen_i1m_h8_s7_state0_mac0,frozen,historical,final,8,7,i1m,0,0,25000000,25000000,25000004,cohort,24400000,1104,475,0,8,457,164,0,0,0
historical_frozen_i1m_h8_s7_state0_mac0,frozen,historical,final,8,7,i1m,0,0,25000000,25000000,25000004,cohort,24500000,1034,475,0,1,388,165,0,5,5
historical_frozen_i1m_h8_s7_state0_mac0,frozen,historical,final,8,7,i1m,0,0,25000000,25000000,25000004,cohort,24600000,1100,476,0,0,446,168,0,10,10
historical_frozen_i1m_h8_s7_state0_mac0,frozen,historical,final,8,7,i1m,0,0,25000000,25000000,25000004,cohort,24700000,1030,475,0,0,394,159,0,2,2
historical_frozen_i1m_h8_s7_state0_mac0,frozen,historical,final,8,7,i1m,0,0,25000000,25000000,25000004,cohort,24800000,1030,475,0,0,390,162,0,3,3
historical_frozen_i1m_h8_s7_state0_mac0,frozen,historical,final,8,7,i1m,0,0,25000000,25000000,25000004,cohort,24900000,1100,471,0,0,451,166,1,11,12
historical_frozen_i20m_h16_s7_state0_mac0,frozen,historical,final,16,7,i20m,0,0,25000000,25000000,25000004,cohort,0,1906,481,0,17,1238,169,0,1,1
historical_frozen_i20m_h16_s7_state0_mac0,frozen,historical,final,16,7,i20m,0,0,25000000,25000000,25000004,cohort,100000,1936,472,0,15,1281,167,0,1,1
historical_frozen_i20m_h16_s7_state0_mac0,frozen,historical,final,16,7,i20m,0,0,25000000,25000000,25000004,cohort,200000,1934,475,0,5,1291,163,0,0,0
historical_frozen_i20m_h16_s7_state0_mac0,frozen,historical,final,16,7,i20m,0,0,25000000,25000000,25000004,cohort,300000,1958,480,0,7,1305,166,0,0,0
historical_frozen_i20m_h16_s7_state0_mac0,frozen,historical,final,16,7,i20m,0,0,25000000,25000000,25000004,cohort,400000,1940,475,0,5,1298,162,0,0,0
historical_frozen_i20m_h16_s7_state0_mac0,frozen,historical,final,16,7,i20m,0,0,25000000,25000000,25000004,cohort,500000,1970,475,0,10,1319,166,0,0,0
historical_frozen_i20m_h16_s7_state0_mac0,frozen,historical,final,16,7,i20m,0,0,25000000,25000000,25000004,cohort,600000,1946,475,0,9,1297,165,0,0,0
historical_frozen_i20m_h16_s7_state0_mac0,frozen,historical,final,16,7,i20m,0,0,25000000,25000000,25000004,cohort,700000,1965,476,0,9,1308,172,0,0,0
historical_frozen_i20m_h16_s7_state0_mac0,frozen,historical,final,16,7,i20m,0,0,25000000,25000000,25000004,cohort,800000,1932,475,0,3,1294,160,0,0,0
historical_frozen_i20m_h16_s7_state0_mac0,frozen,historical,final,16,7,i20m,0,0,25000000,25000000,25000004,cohort,900000,1978,478,0,8,1322,170,0,0,0
historical_frozen_i20m_h16_s7_state0_mac0,frozen,historical,final,16,7,i20m,0,0,25000000,25000000,25000004,cohort,1000000,1984,476,0,4,1343,161,0,0,0
historical_frozen_i20m_h16_s7_state0_mac0,frozen,historical,final,16,7,i20m,0,0,25000000,25000000,25000004,cohort,1100000,1940,475,0,8,1292,165,0,0,0
historical_frozen_i20m_h16_s7_state0_mac0,frozen,historical,final,16,7,i20m,0,0,25000000,25000000,25000004,cohort,1200000,1964,472,0,13,1310,169,0,0,0
historical_frozen_i20m_h16_s7_state0_mac0,frozen,historical,final,16,7,i20m,0,0,25000000,25000000,25000004,cohort,1300000,1944,474,0,7,1298,165,0,0,0
historical_frozen_i20m_h16_s7_state0_mac0,frozen,historical,final,16,7,i20m,0,0,25000000,25000000,25000004,cohort,1400000,1970,477,0,7,1320,166,0,0,0
historical_frozen_i20m_h16_s7_state0_mac0,frozen,historical,final,16,7,i20m,0,0,25000000,25000000,25000004,cohort,1500000,1940,476,0,2,1303,159,0,0,0
historical_frozen_i20m_h16_s7_state0_mac0,frozen,historical,final,16,7,i20m,0,0,25000000,25000000,25000004,cohort,1600000,1952,480,0,33,1257,182,0,0,0
historical_frozen_i20m_h16_s7_state0_mac0,frozen,historical,final,16,7,i20m,0,0,25000000,25000000,25000004,cohort,1700000,1974,475,0,9,1322,168,0,0,0
historical_frozen_i20m_h16_s7_state0_mac0,frozen,historical,final,16,7,i20m,0,0,25000000,25000000,25000004,cohort,1800000,1954,473,0,10,1305,166,0,0,0
historical_frozen_i20m_h16_s7_state0_mac0,frozen,historical,final,16,7,i20m,0,0,25000000,25000000,25000004,cohort,1900000,1962,472,0,14,1302,174,0,0,0
historical_frozen_i20m_h16_s7_state0_mac0,frozen,historical,final,16,7,i20m,0,0,25000000,25000000,25000004,cohort,2000000,1938,478,0,2,1298,160,0,0,0
historical_frozen_i20m_h16_s7_state0_mac0,frozen,historical,final,16,7,i20m,0,0,25000000,25000000,25000004,cohort,2100000,1962,474,0,7,1313,168,0,0,0
historical_frozen_i20m_h16_s7_state0_mac0,frozen,historical,final,16,7,i20m,0,0,25000000,25000000,25000004,cohort,2200000,1944,476,0,5,1301,162,0,0,0
historical_frozen_i20m_h16_s7_state0_mac0,frozen,historical,final,16,7,i20m,0,0,25000000,25000000,25000004,cohort,2300000,1962,473,0,13,1304,172,0,0,0
historical_frozen_i20m_h16_s7_state0_mac0,frozen,historical,final,16,7,i20m,0,0,25000000,25000000,25000004,cohort,2400000,1944,467,0,11,1299,167,0,0,0
historical_frozen_i20m_h16_s7_state0_mac0,frozen,historical,final,16,7,i20m,0,0,25000000,25000000,25000004,cohort,2500000,1940,475,0,18,1272,175,0,0,0
historical_frozen_i20m_h16_s7_state0_mac0,frozen,historical,final,16,7,i20m,0,0,25000000,25000000,25000004,cohort,2600000,1988,475,0,23,1310,180,0,0,0
historical_frozen_i20m_h16_s7_state0_mac0,frozen,historical,final,16,7,i20m,0,0,25000000,25000000,25000004,cohort,2700000,1940,479,0,2,1292,167,0,0,0
historical_frozen_i20m_h16_s7_state0_mac0,frozen,historical,final,16,7,i20m,0,0,25000000,25000000,25000004,cohort,2800000,1954,473,0,3,1318,160,0,0,0
historical_frozen_i20m_h16_s7_state0_mac0,frozen,historical,final,16,7,i20m,0,0,25000000,25000000,25000004,cohort,2900000,1939,475,0,4,1290,170,0,0,0
historical_frozen_i20m_h16_s7_state0_mac0,frozen,historical,final,16,7,i20m,0,0,25000000,25000000,25000004,cohort,3000000,1946,476,0,4,1305,161,0,0,0
historical_frozen_i20m_h16_s7_state0_mac0,frozen,historical,final,16,7,i20m,0,0,25000000,25000000,25000004,cohort,3100000,1946,471,0,2,1311,162,0,0,0
historical_frozen_i20m_h16_s7_state0_mac0,frozen,historical,final,16,7,i20m,0,0,25000000,25000000,25000004,cohort,3200000,1970,476,0,5,1323,166,0,0,0
historical_frozen_i20m_h16_s7_state0_mac0,frozen,historical,final,16,7,i20m,0,0,25000000,25000000,25000004,cohort,3300000,1962,476,0,7,1314,165,0,0,0
historical_frozen_i20m_h16_s7_state0_mac0,frozen,historical,final,16,7,i20m,0,0,25000000,25000000,25000004,cohort,3400000,1946,472,0,3,1310,161,0,0,0
historical_frozen_i20m_h16_s7_state0_mac0,frozen,historical,final,16,7,i20m,0,0,25000000,25000000,25000004,cohort,3500000,1980,471,0,18,1316,175,0,0,0
historical_frozen_i20m_h16_s7_state0_mac0,frozen,historical,final,16,7,i20m,0,0,25000000,25000000,25000004,cohort,3600000,1966,467,0,24,1295,180,0,0,0
historical_frozen_i20m_h16_s7_state0_mac0,frozen,historical,final,16,7,i20m,0,0,25000000,25000000,25000004,cohort,3700000,1950,473,0,5,1304,168,0,0,0
historical_frozen_i20m_h16_s7_state0_mac0,frozen,historical,final,16,7,i20m,0,0,25000000,25000000,25000004,cohort,3800000,1956,472,0,15,1302,167,0,0,0
historical_frozen_i20m_h16_s7_state0_mac0,frozen,historical,final,16,7,i20m,0,0,25000000,25000000,25000004,cohort,3900000,1996,472,0,14,1341,169,0,0,0
historical_frozen_i20m_h16_s7_state0_mac0,frozen,historical,final,16,7,i20m,0,0,25000000,25000000,25000004,cohort,4000000,1974,470,0,24,1301,179,0,0,0
historical_frozen_i20m_h16_s7_state0_mac0,frozen,historical,final,16,7,i20m,0,0,25000000,25000000,25000004,cohort,4100000,1952,474,0,10,1300,168,0,0,0
historical_frozen_i20m_h16_s7_state0_mac0,frozen,historical,final,16,7,i20m,0,0,25000000,25000000,25000004,cohort,4200000,1970,470,0,16,1310,174,0,0,0
historical_frozen_i20m_h16_s7_state0_mac0,frozen,historical,final,16,7,i20m,0,0,25000000,25000000,25000004,cohort,4300000,1946,476,0,6,1301,163,0,0,0
historical_frozen_i20m_h16_s7_state0_mac0,frozen,historical,final,16,7,i20m,0,0,25000000,25000000,25000004,cohort,4400000,1960,473,0,8,1315,164,0,0,0
historical_frozen_i20m_h16_s7_state0_mac0,frozen,historical,final,16,7,i20m,0,0,25000000,25000000,25000004,cohort,4500000,1944,467,0,18,1287,172,0,0,0
historical_frozen_i20m_h16_s7_state0_mac0,frozen,historical,final,16,7,i20m,0,0,25000000,25000000,25000004,cohort,4600000,1956,470,0,17,1296,173,0,0,0
historical_frozen_i20m_h16_s7_state0_mac0,frozen,historical,final,16,7,i20m,0,0,25000000,25000000,25000004,cohort,4700000,1960,473,0,10,1304,173,0,0,0
historical_frozen_i20m_h16_s7_state0_mac0,frozen,historical,final,16,7,i20m,0,0,25000000,25000000,25000004,cohort,4800000,1946,476,0,5,1305,160,0,0,0
historical_frozen_i20m_h16_s7_state0_mac0,frozen,historical,final,16,7,i20m,0,0,25000000,25000000,25000004,cohort,4900000,1974,472,0,24,1295,183,0,0,0
historical_frozen_i20m_h16_s7_state0_mac0,frozen,historical,final,16,7,i20m,0,0,25000000,25000000,25000004,cohort,5000000,1922,468,0,20,1263,171,0,0,0
historical_frozen_i20m_h16_s7_state0_mac0,frozen,historical,final,16,7,i20m,0,0,25000000,25000000,25000004,cohort,5100000,1938,470,0,14,1282,172,0,0,0
historical_frozen_i20m_h16_s7_state0_mac0,frozen,historical,final,16,7,i20m,0,0,25000000,25000000,25000004,cohort,5200000,1974,470,0,25,1301,178,0,0,0
historical_frozen_i20m_h16_s7_state0_mac0,frozen,historical,final,16,7,i20m,0,0,25000000,25000000,25000004,cohort,5300000,1936,473,0,14,1281,168,0,0,0
historical_frozen_i20m_h16_s7_state0_mac0,frozen,historical,final,16,7,i20m,0,0,25000000,25000000,25000004,cohort,5400000,1976,468,0,27,1298,183,0,0,0
historical_frozen_i20m_h16_s7_state0_mac0,frozen,historical,final,16,7,i20m,0,0,25000000,25000000,25000004,cohort,5500000,1944,476,0,9,1291,168,0,0,0
historical_frozen_i20m_h16_s7_state0_mac0,frozen,historical,final,16,7,i20m,0,0,25000000,25000000,25000004,cohort,5600000,1972,472,0,22,1303,175,0,0,0
historical_frozen_i20m_h16_s7_state0_mac0,frozen,historical,final,16,7,i20m,0,0,25000000,25000000,25000004,cohort,5700000,1932,467,0,20,1270,175,0,0,0
historical_frozen_i20m_h16_s7_state0_mac0,frozen,historical,final,16,7,i20m,0,0,25000000,25000000,25000004,cohort,5800000,1936,469,0,21,1273,173,0,0,0
historical_frozen_i20m_h16_s7_state0_mac0,frozen,historical,final,16,7,i20m,0,0,25000000,25000000,25000004,cohort,5900000,1960,469,0,21,1295,175,0,0,0
historical_frozen_i20m_h16_s7_state0_mac0,frozen,historical,final,16,7,i20m,0,0,25000000,25000000,25000004,cohort,6000000,1938,473,0,10,1291,164,0,0,0
historical_frozen_i20m_h16_s7_state0_mac0,frozen,historical,final,16,7,i20m,0,0,25000000,25000000,25000004,cohort,6100000,1958,467,0,20,1290,181,0,0,0
historical_frozen_i20m_h16_s7_state0_mac0,frozen,historical,final,16,7,i20m,0,0,25000000,25000000,25000004,cohort,6200000,1946,474,0,10,1297,165,0,0,0
historical_frozen_i20m_h16_s7_state0_mac0,frozen,historical,final,16,7,i20m,0,0,25000000,25000000,25000004,cohort,6300000,1970,471,0,26,1293,180,0,0,0
historical_frozen_i20m_h16_s7_state0_mac0,frozen,historical,final,16,7,i20m,0,0,25000000,25000000,25000004,cohort,6400000,1938,476,0,18,1272,172,0,0,0
historical_frozen_i20m_h16_s7_state0_mac0,frozen,historical,final,16,7,i20m,0,0,25000000,25000000,25000004,cohort,6500000,1940,474,0,14,1279,173,0,0,0
historical_frozen_i20m_h16_s7_state0_mac0,frozen,historical,final,16,7,i20m,0,0,25000000,25000000,25000004,cohort,6600000,2004,479,0,21,1325,179,0,0,0
historical_frozen_i20m_h16_s7_state0_mac0,frozen,historical,final,16,7,i20m,0,0,25000000,25000000,25000004,cohort,6700000,1948,475,0,13,1293,167,0,0,0
historical_frozen_i20m_h16_s7_state0_mac0,frozen,historical,final,16,7,i20m,0,0,25000000,25000000,25000004,cohort,6800000,1984,470,0,23,1314,177,0,0,0
historical_frozen_i20m_h16_s7_state0_mac0,frozen,historical,final,16,7,i20m,0,0,25000000,25000000,25000004,cohort,6900000,1946,472,0,15,1286,173,0,0,0
historical_frozen_i20m_h16_s7_state0_mac0,frozen,historical,final,16,7,i20m,0,0,25000000,25000000,25000004,cohort,7000000,1930,477,0,3,1289,161,0,0,0
historical_frozen_i20m_h16_s7_state0_mac0,frozen,historical,final,16,7,i20m,0,0,25000000,25000000,25000004,cohort,7100000,1974,469,0,23,1306,176,0,0,0
historical_frozen_i20m_h16_s7_state0_mac0,frozen,historical,final,16,7,i20m,0,0,25000000,25000000,25000004,cohort,7200000,1950,475,0,12,1292,171,0,0,0
historical_frozen_i20m_h16_s7_state0_mac0,frozen,historical,final,16,7,i20m,0,0,25000000,25000000,25000004,cohort,7300000,1964,473,0,17,1303,171,0,0,0
historical_frozen_i20m_h16_s7_state0_mac0,frozen,historical,final,16,7,i20m,0,0,25000000,25000000,25000004,cohort,7400000,1940,470,0,14,1287,169,0,0,0
historical_frozen_i20m_h16_s7_state0_mac0,frozen,historical,final,16,7,i20m,0,0,25000000,25000000,25000004,cohort,7500000,1972,469,0,18,1304,181,0,0,0
historical_frozen_i20m_h16_s7_state0_mac0,frozen,historical,final,16,7,i20m,0,0,25000000,25000000,25000004,cohort,7600000,1930,476,0,3,1293,158,0,0,0
historical_frozen_i20m_h16_s7_state0_mac0,frozen,historical,final,16,7,i20m,0,0,25000000,25000000,25000004,cohort,7700000,1951,470,0,13,1299,169,0,0,0
historical_frozen_i20m_h16_s7_state0_mac0,frozen,historical,final,16,7,i20m,0,0,25000000,25000000,25000004,cohort,7800000,1964,472,0,23,1288,181,0,0,0
historical_frozen_i20m_h16_s7_state0_mac0,frozen,historical,final,16,7,i20m,0,0,25000000,25000000,25000004,cohort,7900000,1927,476,0,3,1288,160,0,0,0
historical_frozen_i20m_h16_s7_state0_mac0,frozen,historical,final,16,7,i20m,0,0,25000000,25000000,25000004,cohort,8000000,1980,468,0,26,1307,179,0,0,0
historical_frozen_i20m_h16_s7_state0_mac0,frozen,historical,final,16,7,i20m,0,0,25000000,25000000,25000004,cohort,8100000,1988,470,0,16,1330,172,0,0,0
historical_frozen_i20m_h16_s7_state0_mac0,frozen,historical,final,16,7,i20m,0,0,25000000,25000000,25000004,cohort,8200000,1974,475,0,16,1312,171,0,0,0
historical_frozen_i20m_h16_s7_state0_mac0,frozen,historical,final,16,7,i20m,0,0,25000000,25000000,25000004,cohort,8300000,1942,475,0,6,1300,161,0,0,0
historical_frozen_i20m_h16_s7_state0_mac0,frozen,historical,final,16,7,i20m,0,0,25000000,25000000,25000004,cohort,8400000,1950,476,0,11,1296,167,0,0,0
historical_frozen_i20m_h16_s7_state0_mac0,frozen,historical,final,16,7,i20m,0,0,25000000,25000000,25000004,cohort,8500000,1978,480,0,30,1284,184,0,0,0
historical_frozen_i20m_h16_s7_state0_mac0,frozen,historical,final,16,7,i20m,0,0,25000000,25000000,25000004,cohort,8600000,1940,477,0,10,1285,168,0,0,0
historical_frozen_i20m_h16_s7_state0_mac0,frozen,historical,final,16,7,i20m,0,0,25000000,25000000,25000004,cohort,8700000,2000,477,0,21,1329,173,0,0,0
historical_frozen_i20m_h16_s7_state0_mac0,frozen,historical,final,16,7,i20m,0,0,25000000,25000000,25000004,cohort,8800000,1932,473,0,16,1275,168,0,0,0
historical_frozen_i20m_h16_s7_state0_mac0,frozen,historical,final,16,7,i20m,0,0,25000000,25000000,25000004,cohort,8900000,1956,471,0,16,1298,171,0,0,0
historical_frozen_i20m_h16_s7_state0_mac0,frozen,historical,final,16,7,i20m,0,0,25000000,25000000,25000004,cohort,9000000,1960,470,0,13,1308,169,0,0,0
historical_frozen_i20m_h16_s7_state0_mac0,frozen,historical,final,16,7,i20m,0,0,25000000,25000000,25000004,cohort,9100000,1942,473,0,13,1287,169,0,0,0
historical_frozen_i20m_h16_s7_state0_mac0,frozen,historical,final,16,7,i20m,0,0,25000000,25000000,25000004,cohort,9200000,1992,473,0,19,1325,175,0,0,0
historical_frozen_i20m_h16_s7_state0_mac0,frozen,historical,final,16,7,i20m,0,0,25000000,25000000,25000004,cohort,9300000,1952,473,0,11,1301,167,0,0,0
historical_frozen_i20m_h16_s7_state0_mac0,frozen,historical,final,16,7,i20m,0,0,25000000,25000000,25000004,cohort,9400000,1992,471,0,8,1346,167,0,0,0
historical_frozen_i20m_h16_s7_state0_mac0,frozen,historical,final,16,7,i20m,0,0,25000000,25000000,25000004,cohort,9500000,1942,477,0,10,1287,168,0,0,0
historical_frozen_i20m_h16_s7_state0_mac0,frozen,historical,final,16,7,i20m,0,0,25000000,25000000,25000004,cohort,9600000,1986,471,0,22,1314,179,0,0,0
historical_frozen_i20m_h16_s7_state0_mac0,frozen,historical,final,16,7,i20m,0,0,25000000,25000000,25000004,cohort,9700000,1944,469,0,19,1283,173,0,0,0
historical_frozen_i20m_h16_s7_state0_mac0,frozen,historical,final,16,7,i20m,0,0,25000000,25000000,25000004,cohort,9800000,1936,471,0,18,1274,173,0,0,0
historical_frozen_i20m_h16_s7_state0_mac0,frozen,historical,final,16,7,i20m,0,0,25000000,25000000,25000004,cohort,9900000,1992,471,0,22,1318,181,0,0,0
historical_frozen_i20m_h16_s7_state0_mac0,frozen,historical,final,16,7,i20m,0,0,25000000,25000000,25000004,cohort,10000000,1942,476,0,9,1289,168,0,0,0
historical_frozen_i20m_h16_s7_state0_mac0,frozen,historical,final,16,7,i20m,0,0,25000000,25000000,25000004,cohort,10100000,1960,473,0,11,1305,171,0,0,0
historical_frozen_i20m_h16_s7_state0_mac0,frozen,historical,final,16,7,i20m,0,0,25000000,25000000,25000004,cohort,10200000,1936,474,0,9,1288,165,0,0,0
historical_frozen_i20m_h16_s7_state0_mac0,frozen,historical,final,16,7,i20m,0,0,25000000,25000000,25000004,cohort,10300000,1980,474,0,12,1324,170,0,0,0
historical_frozen_i20m_h16_s7_state0_mac0,frozen,historical,final,16,7,i20m,0,0,25000000,25000000,25000004,cohort,10400000,1942,474,0,8,1297,163,0,0,0
historical_frozen_i20m_h16_s7_state0_mac0,frozen,historical,final,16,7,i20m,0,0,25000000,25000000,25000004,cohort,10500000,1936,477,0,5,1289,165,0,0,0
historical_frozen_i20m_h16_s7_state0_mac0,frozen,historical,final,16,7,i20m,0,0,25000000,25000000,25000004,cohort,10600000,1974,469,0,24,1304,177,0,0,0
historical_frozen_i20m_h16_s7_state0_mac0,frozen,historical,final,16,7,i20m,0,0,25000000,25000000,25000004,cohort,10700000,1942,475,0,6,1296,165,0,0,0
historical_frozen_i20m_h16_s7_state0_mac0,frozen,historical,final,16,7,i20m,0,0,25000000,25000000,25000004,cohort,10800000,1970,467,0,23,1299,181,0,0,0
historical_frozen_i20m_h16_s7_state0_mac0,frozen,historical,final,16,7,i20m,0,0,25000000,25000000,25000004,cohort,10900000,1948,478,0,8,1296,166,0,0,0
historical_frozen_i20m_h16_s7_state0_mac0,frozen,historical,final,16,7,i20m,0,0,25000000,25000000,25000004,cohort,11000000,1966,471,0,15,1307,173,0,0,0
historical_frozen_i20m_h16_s7_state0_mac0,frozen,historical,final,16,7,i20m,0,0,25000000,25000000,25000004,cohort,11100000,1950,473,0,14,1293,170,0,0,0
historical_frozen_i20m_h16_s7_state0_mac0,frozen,historical,final,16,7,i20m,0,0,25000000,25000000,25000004,cohort,11200000,1956,470,0,20,1289,177,0,0,0
historical_frozen_i20m_h16_s7_state0_mac0,frozen,historical,final,16,7,i20m,0,0,25000000,25000000,25000004,cohort,11300000,1974,471,0,25,1299,179,0,0,0
historical_frozen_i20m_h16_s7_state0_mac0,frozen,historical,final,16,7,i20m,0,0,25000000,25000000,25000004,cohort,11400000,1986,480,4,38,1273,191,0,0,0
historical_frozen_i20m_h16_s7_state0_mac0,frozen,historical,final,16,7,i20m,0,0,25000000,25000000,25000004,cohort,11500000,2016,455,6,91,1229,235,0,0,0
historical_frozen_i20m_h16_s7_state0_mac0,frozen,historical,final,16,7,i20m,0,0,25000000,25000000,25000004,cohort,11600000,1942,472,0,19,1273,178,0,0,0
historical_frozen_i20m_h16_s7_state0_mac0,frozen,historical,final,16,7,i20m,0,0,25000000,25000000,25000004,cohort,11700000,1932,473,0,11,1280,168,0,0,0
historical_frozen_i20m_h16_s7_state0_mac0,frozen,historical,final,16,7,i20m,0,0,25000000,25000000,25000004,cohort,11800000,2362,588,28,117,1361,268,0,0,0
historical_frozen_i20m_h16_s7_state0_mac0,frozen,historical,final,16,7,i20m,0,0,25000000,25000000,25000004,cohort,11900000,2130,528,7,91,1267,237,0,0,0
historical_frozen_i20m_h16_s7_state0_mac0,frozen,historical,final,16,7,i20m,0,0,25000000,25000000,25000004,cohort,12000000,1994,481,2,44,1275,192,0,0,0
historical_frozen_i20m_h16_s7_state0_mac0,frozen,historical,final,16,7,i20m,0,0,25000000,25000000,25000004,cohort,12100000,2088,495,10,63,1304,216,0,0,0
historical_frozen_i20m_h16_s7_state0_mac0,frozen,historical,final,16,7,i20m,0,0,25000000,25000000,25000004,cohort,12200000,1934,473,0,11,1280,170,0,0,0
historical_frozen_i20m_h16_s7_state0_mac0,frozen,historical,final,16,7,i20m,0,0,25000000,25000000,25000004,cohort,12300000,1966,473,1,32,1273,187,0,0,0
historical_frozen_i20m_h16_s7_state0_mac0,frozen,historical,final,16,7,i20m,0,0,25000000,25000000,25000004,cohort,12400000,2000,484,1,30,1298,187,0,0,0
historical_frozen_i20m_h16_s7_state0_mac0,frozen,historical,final,16,7,i20m,0,0,25000000,25000000,25000004,cohort,12500000,1930,471,0,15,1275,169,0,0,0
historical_frozen_i20m_h16_s7_state0_mac0,frozen,historical,final,16,7,i20m,0,0,25000000,25000000,25000004,cohort,12600000,2160,481,20,161,1196,302,0,0,0
historical_frozen_i20m_h16_s7_state0_mac0,frozen,historical,final,16,7,i20m,0,0,25000000,25000000,25000004,cohort,12700000,2068,494,7,78,1256,233,0,0,0
historical_frozen_i20m_h16_s7_state0_mac0,frozen,historical,final,16,7,i20m,0,0,25000000,25000000,25000004,cohort,12800000,2178,512,6,123,1253,284,0,0,0
historical_frozen_i20m_h16_s7_state0_mac0,frozen,historical,final,16,7,i20m,0,0,25000000,25000000,25000004,cohort,12900000,1954,473,0,21,1282,178,0,0,0
historical_frozen_i20m_h16_s7_state0_mac0,frozen,historical,final,16,7,i20m,0,0,25000000,25000000,25000004,cohort,13000000,1932,473,0,10,1281,168,0,0,0
historical_frozen_i20m_h16_s7_state0_mac0,frozen,historical,final,16,7,i20m,0,0,25000000,25000000,25000004,cohort,13100000,1926,475,0,10,1273,168,0,0,0
historical_frozen_i20m_h16_s7_state0_mac0,frozen,historical,final,16,7,i20m,0,0,25000000,25000000,25000004,cohort,13200000,2195,478,13,196,1180,328,0,0,0
historical_frozen_i20m_h16_s7_state0_mac0,frozen,historical,final,16,7,i20m,0,0,25000000,25000000,25000004,cohort,13300000,1927,471,0,10,1278,168,0,0,0
historical_frozen_i20m_h16_s7_state0_mac0,frozen,historical,final,16,7,i20m,0,0,25000000,25000000,25000004,cohort,13400000,2012,639,0,153,816,401,0,3,3
historical_frozen_i20m_h16_s7_state0_mac0,frozen,historical,final,16,7,i20m,0,0,25000000,25000000,25000004,cohort,13500000,1364,462,0,18,704,180,0,0,0
historical_frozen_i20m_h16_s7_state0_mac0,frozen,historical,final,16,7,i20m,0,0,25000000,25000000,25000004,cohort,13600000,1500,459,0,16,847,178,0,0,0
historical_frozen_i20m_h16_s7_state0_mac0,frozen,historical,final,16,7,i20m,0,0,25000000,25000000,25000004,cohort,13700000,1479,478,0,35,772,194,0,0,0
historical_frozen_i20m_h16_s7_state0_mac0,frozen,historical,final,16,7,i20m,0,0,25000000,25000000,25000004,cohort,13800000,1410,476,0,5,768,161,0,0,0
historical_frozen_i20m_h16_s7_state0_mac0,frozen,historical,final,16,7,i20m,0,0,25000000,25000000,25000004,cohort,13900000,1563,468,0,29,882,184,0,0,0
historical_frozen_i20m_h16_s7_state0_mac0,frozen,historical,final,16,7,i20m,0,0,25000000,25000000,25000004,cohort,14000000,1355,475,0,11,701,168,0,0,0
historical_frozen_i20m_h16_s7_state0_mac0,frozen,historical,final,16,7,i20m,0,0,25000000,25000000,25000004,cohort,14100000,1526,473,0,33,837,183,0,0,0
historical_frozen_i20m_h16_s7_state0_mac0,frozen,historical,final,16,7,i20m,0,0,25000000,25000000,25000004,cohort,14200000,1422,476,0,20,749,177,0,0,0
historical_frozen_i20m_h16_s7_state0_mac0,frozen,historical,final,16,7,i20m,0,0,25000000,25000000,25000004,cohort,14300000,1488,475,0,4,848,161,0,0,0
historical_frozen_i20m_h16_s7_state0_mac0,frozen,historical,final,16,7,i20m,0,0,25000000,25000000,25000004,cohort,14400000,1496,475,0,15,830,176,0,0,0
historical_frozen_i20m_h16_s7_state0_mac0,frozen,historical,final,16,7,i20m,0,0,25000000,25000000,25000004,cohort,14500000,1408,475,0,5,766,162,0,0,0
historical_frozen_i20m_h16_s7_state0_mac0,frozen,historical,final,16,7,i20m,0,0,25000000,25000000,25000004,cohort,14600000,1564,477,0,16,897,174,0,0,0
historical_frozen_i20m_h16_s7_state0_mac0,frozen,historical,final,16,7,i20m,0,0,25000000,25000000,25000004,cohort,14700000,1366,474,0,12,710,170,0,0,0
historical_frozen_i20m_h16_s7_state0_mac0,frozen,historical,final,16,7,i20m,0,0,25000000,25000000,25000004,cohort,14800000,1542,476,0,10,895,161,0,0,0
historical_frozen_i20m_h16_s7_state0_mac0,frozen,historical,final,16,7,i20m,0,0,25000000,25000000,25000004,cohort,14900000,1406,472,0,24,729,181,0,0,0
historical_frozen_i20m_h16_s7_state0_mac0,frozen,historical,final,16,7,i20m,0,0,25000000,25000000,25000004,cohort,15000000,1489,475,0,9,841,164,0,0,0
historical_frozen_i20m_h16_s7_state0_mac0,frozen,historical,final,16,7,i20m,0,0,25000000,25000000,25000004,cohort,15100000,1448,466,0,34,762,186,0,0,0
historical_frozen_i20m_h16_s7_state0_mac0,frozen,historical,final,16,7,i20m,0,0,25000000,25000000,25000004,cohort,15200000,1430,479,0,8,774,169,0,0,0
historical_frozen_i20m_h16_s7_state0_mac0,frozen,historical,final,16,7,i20m,0,0,25000000,25000000,25000004,cohort,15300000,1532,474,0,9,886,163,0,0,0
historical_frozen_i20m_h16_s7_state0_mac0,frozen,historical,final,16,7,i20m,0,0,25000000,25000000,25000004,cohort,15400000,1342,476,0,11,687,168,0,0,0
historical_frozen_i20m_h16_s7_state0_mac0,frozen,historical,final,16,7,i20m,0,0,25000000,25000000,25000004,cohort,15500000,1540,476,0,6,894,164,0,0,0
historical_frozen_i20m_h16_s7_state0_mac0,frozen,historical,final,16,7,i20m,0,0,25000000,25000000,25000004,cohort,15600000,1394,473,0,12,746,163,0,0,0
historical_frozen_i20m_h16_s7_state0_mac0,frozen,historical,final,16,7,i20m,0,0,25000000,25000000,25000004,cohort,15700000,1496,473,0,8,847,168,0,0,0
historical_frozen_i20m_h16_s7_state0_mac0,frozen,historical,final,16,7,i20m,0,0,25000000,25000000,25000004,cohort,15800000,1434,468,0,22,766,178,0,0,0
historical_frozen_i20m_h16_s7_state0_mac0,frozen,historical,final,16,7,i20m,0,0,25000000,25000000,25000004,cohort,15900000,1390,474,0,12,736,168,0,0,0
historical_frozen_i20m_h16_s7_state0_mac0,frozen,historical,final,16,7,i20m,0,0,25000000,25000000,25000004,cohort,16000000,1534,472,0,13,877,172,0,0,0
historical_frozen_i20m_h16_s7_state0_mac0,frozen,historical,final,16,7,i20m,0,0,25000000,25000000,25000004,cohort,16100000,1418,477,0,12,759,170,0,0,0
historical_frozen_i20m_h16_s7_state0_mac0,frozen,historical,final,16,7,i20m,0,0,25000000,25000000,25000004,cohort,16200000,1594,471,0,16,933,174,0,0,0
historical_frozen_i20m_h16_s7_state0_mac0,frozen,historical,final,16,7,i20m,0,0,25000000,25000000,25000004,cohort,16300000,1341,477,0,5,697,162,0,0,0
historical_frozen_i20m_h16_s7_state0_mac0,frozen,historical,final,16,7,i20m,0,0,25000000,25000000,25000004,cohort,16400000,1524,471,0,20,856,177,0,0,0
historical_frozen_i20m_h16_s7_state0_mac0,frozen,historical,final,16,7,i20m,0,0,25000000,25000000,25000004,cohort,16500000,1438,475,0,17,772,174,0,0,0
historical_frozen_i20m_h16_s7_state0_mac0,frozen,historical,final,16,7,i20m,0,0,25000000,25000000,25000004,cohort,16600000,1440,467,0,15,790,168,0,0,0
historical_frozen_i20m_h16_s7_state0_mac0,frozen,historical,final,16,7,i20m,0,0,25000000,25000000,25000004,cohort,16700000,1528,474,0,16,864,174,0,0,0
historical_frozen_i20m_h16_s7_state0_mac0,frozen,historical,final,16,7,i20m,0,0,25000000,25000000,25000004,cohort,16800000,1338,470,0,14,683,171,0,0,0
historical_frozen_i20m_h16_s7_state0_mac0,frozen,historical,final,16,7,i20m,0,0,25000000,25000000,25000004,cohort,16900000,1504,472,0,21,832,179,0,0,0
historical_frozen_i20m_h16_s7_state0_mac0,frozen,historical,final,16,7,i20m,0,0,25000000,25000000,25000004,cohort,17000000,1390,474,0,10,742,164,0,0,0
historical_frozen_i20m_h16_s7_state0_mac0,frozen,historical,final,16,7,i20m,0,0,25000000,25000000,25000004,cohort,17100000,1502,473,0,18,837,174,0,0,0
historical_frozen_i20m_h16_s7_state0_mac0,frozen,historical,final,16,7,i20m,0,0,25000000,25000000,25000004,cohort,17200000,1468,474,0,15,806,173,0,0,0
historical_frozen_i20m_h16_s7_state0_mac0,frozen,historical,final,16,7,i20m,0,0,25000000,25000000,25000004,cohort,17300000,1420,473,0,9,771,167,0,0,0
historical_frozen_i20m_h16_s7_state0_mac0,frozen,historical,final,16,7,i20m,0,0,25000000,25000000,25000004,cohort,17400000,1549,475,0,15,888,171,0,0,0
historical_frozen_i20m_h16_s7_state0_mac0,frozen,historical,final,16,7,i20m,0,0,25000000,25000000,25000004,cohort,17500000,1340,472,0,13,687,168,0,0,0
historical_frozen_i20m_h16_s7_state0_mac0,frozen,historical,final,16,7,i20m,0,0,25000000,25000000,25000004,cohort,17600000,1477,471,0,13,825,168,0,0,0
historical_frozen_i20m_h16_s7_state0_mac0,frozen,historical,final,16,7,i20m,0,0,25000000,25000000,25000004,cohort,17700000,1432,474,0,16,767,175,0,0,0
historical_frozen_i20m_h16_s7_state0_mac0,frozen,historical,final,16,7,i20m,0,0,25000000,25000000,25000004,cohort,17800000,1472,471,0,12,821,168,0,0,0
historical_frozen_i20m_h16_s7_state0_mac0,frozen,historical,final,16,7,i20m,0,0,25000000,25000000,25000004,cohort,17900000,1486,474,0,15,825,172,0,0,0
historical_frozen_i20m_h16_s7_state0_mac0,frozen,historical,final,16,7,i20m,0,0,25000000,25000000,25000004,cohort,18000000,1392,480,0,3,744,165,0,0,0
historical_frozen_i20m_h16_s7_state0_mac0,frozen,historical,final,16,7,i20m,0,0,25000000,25000000,25000004,cohort,18100000,1495,474,0,11,839,171,0,0,0
historical_frozen_i20m_h16_s7_state0_mac0,frozen,historical,final,16,7,i20m,0,0,25000000,25000000,25000004,cohort,18200000,1360,473,0,7,718,162,0,0,0
historical_frozen_i20m_h16_s7_state0_mac0,frozen,historical,final,16,7,i20m,0,0,25000000,25000000,25000004,cohort,18300000,1514,470,0,18,856,170,0,0,0
historical_frozen_i20m_h16_s7_state0_mac0,frozen,historical,final,16,7,i20m,0,0,25000000,25000000,25000004,cohort,18400000,1416,471,0,13,762,170,0,0,0
historical_frozen_i20m_h16_s7_state0_mac0,frozen,historical,final,16,7,i20m,0,0,25000000,25000000,25000004,cohort,18500000,1512,470,0,18,853,171,0,0,0
historical_frozen_i20m_h16_s7_state0_mac0,frozen,historical,final,16,7,i20m,0,0,25000000,25000000,25000004,cohort,18600000,1482,477,0,17,810,178,0,0,0
historical_frozen_i20m_h16_s7_state0_mac0,frozen,historical,final,16,7,i20m,0,0,25000000,25000000,25000004,cohort,18700000,1416,474,0,5,773,164,0,0,0
historical_frozen_i20m_h16_s7_state0_mac0,frozen,historical,final,16,7,i20m,0,0,25000000,25000000,25000004,cohort,18800000,1560,465,0,16,908,171,0,0,0
historical_frozen_i20m_h16_s7_state0_mac0,frozen,historical,final,16,7,i20m,0,0,25000000,25000000,25000004,cohort,18900000,1338,475,0,5,692,166,0,0,0
historical_frozen_i20m_h16_s7_state0_mac0,frozen,historical,final,16,7,i20m,0,0,25000000,25000000,25000004,cohort,19000000,1544,472,0,8,893,171,0,0,0
historical_frozen_i20m_h16_s7_state0_mac0,frozen,historical,final,16,7,i20m,0,0,25000000,25000000,25000004,cohort,19100000,1358,475,0,10,703,170,0,0,0
historical_frozen_i20m_h16_s7_state0_mac0,frozen,historical,final,16,7,i20m,0,0,25000000,25000000,25000004,cohort,19200000,1508,472,0,7,864,165,0,0,0
historical_frozen_i20m_h16_s7_state0_mac0,frozen,historical,final,16,7,i20m,0,0,25000000,25000000,25000004,cohort,19300000,1444,471,0,17,777,179,0,0,0
historical_frozen_i20m_h16_s7_state0_mac0,frozen,historical,final,16,7,i20m,0,0,25000000,25000000,25000004,cohort,19400000,1445,474,0,4,807,160,0,0,0
historical_frozen_i20m_h16_s7_state0_mac0,frozen,historical,final,16,7,i20m,0,0,25000000,25000000,25000004,cohort,19500000,1524,472,0,21,856,175,0,0,0
historical_frozen_i20m_h16_s7_state0_mac0,frozen,historical,final,16,7,i20m,0,0,25000000,25000000,25000004,cohort,19600000,1386,473,0,10,736,167,0,0,0
historical_frozen_i20m_h16_s7_state0_mac0,frozen,historical,final,16,7,i20m,0,0,25000000,25000000,25000004,cohort,19700000,1568,474,0,18,901,175,0,0,0
historical_frozen_i20m_h16_s7_state0_mac0,frozen,historical,final,16,7,i20m,0,0,25000000,25000000,25000004,cohort,19800000,1426,473,0,10,773,170,0,0,0
historical_frozen_i20m_h16_s7_state0_mac0,frozen,historical,final,16,7,i20m,0,0,25000000,25000000,25000004,cohort,19900000,1508,471,0,13,857,167,0,0,0
historical_frozen_i20m_h16_s7_state0_mac0,frozen,historical,final,16,7,i20m,0,0,25000000,25000000,25000004,cohort,20000000,1432,473,0,14,773,172,0,0,0
historical_frozen_i20m_h16_s7_state0_mac0,frozen,historical,final,16,7,i20m,0,0,25000000,25000000,25000004,cohort,20100000,1440,475,0,10,788,167,0,0,0
historical_frozen_i20m_h16_s7_state0_mac0,frozen,historical,final,16,7,i20m,0,0,25000000,25000000,25000004,cohort,20200000,1510,475,0,13,850,172,0,0,0
historical_frozen_i20m_h16_s7_state0_mac0,frozen,historical,final,16,7,i20m,0,0,25000000,25000000,25000004,cohort,20300000,1374,474,0,6,732,162,0,0,0
historical_frozen_i20m_h16_s7_state0_mac0,frozen,historical,final,16,7,i20m,0,0,25000000,25000000,25000004,cohort,20400000,1538,476,0,16,872,174,0,0,0
historical_frozen_i20m_h16_s7_state0_mac0,frozen,historical,final,16,7,i20m,0,0,25000000,25000000,25000004,cohort,20500000,1306,475,0,9,655,167,0,0,0
historical_frozen_i20m_h16_s7_state0_mac0,frozen,historical,final,16,7,i20m,0,0,25000000,25000000,25000004,cohort,20600000,1538,474,0,5,896,163,0,0,0
historical_frozen_i20m_h16_s7_state0_mac0,frozen,historical,final,16,7,i20m,0,0,25000000,25000000,25000004,cohort,20700000,1400,472,0,16,730,177,0,5,5
historical_frozen_i20m_h16_s7_state0_mac0,frozen,historical,final,16,7,i20m,0,0,25000000,25000000,25000004,cohort,20800000,1472,476,0,10,819,167,0,0,0
historical_frozen_i20m_h16_s7_state0_mac0,frozen,historical,final,16,7,i20m,0,0,25000000,25000000,25000004,cohort,20900000,1493,470,0,15,835,173,0,0,0
historical_frozen_i20m_h16_s7_state0_mac0,frozen,historical,final,16,7,i20m,0,0,25000000,25000000,25000004,cohort,21000000,1410,473,0,13,752,172,0,0,0
historical_frozen_i20m_h16_s7_state0_mac0,frozen,historical,final,16,7,i20m,0,0,25000000,25000000,25000004,cohort,21100000,1543,474,0,13,887,169,0,0,0
historical_frozen_i20m_h16_s7_state0_mac0,frozen,historical,final,16,7,i20m,0,0,25000000,25000000,25000004,cohort,21200000,1319,476,0,4,679,160,0,0,0
historical_frozen_i20m_h16_s7_state0_mac0,frozen,historical,final,16,7,i20m,0,0,25000000,25000000,25000004,cohort,21300000,1540,470,0,14,887,169,0,0,0
historical_frozen_i20m_h16_s7_state0_mac0,frozen,historical,final,16,7,i20m,0,0,25000000,25000000,25000004,cohort,21400000,1412,468,0,24,740,180,0,0,0
historical_frozen_i20m_h16_s7_state0_mac0,frozen,historical,final,16,7,i20m,0,0,25000000,25000000,25000004,cohort,21500000,1454,473,0,7,807,167,0,0,0
historical_frozen_i20m_h16_s7_state0_mac0,frozen,historical,final,16,7,i20m,0,0,25000000,25000000,25000004,cohort,21600000,1488,472,0,17,824,175,0,0,0
historical_frozen_i20m_h16_s7_state0_mac0,frozen,historical,final,16,7,i20m,0,0,25000000,25000000,25000004,cohort,21700000,1464,474,0,13,805,172,0,0,0
historical_frozen_i20m_h16_s7_state0_mac0,frozen,historical,final,16,7,i20m,0,0,25000000,25000000,25000004,cohort,21800000,1540,477,0,12,879,172,0,0,0
historical_frozen_i20m_h16_s7_state0_mac0,frozen,historical,final,16,7,i20m,0,0,25000000,25000000,25000004,cohort,21900000,1356,475,0,7,710,164,0,0,0
historical_frozen_i20m_h16_s7_state0_mac0,frozen,historical,final,16,7,i20m,0,0,25000000,25000000,25000004,cohort,22000000,1530,472,0,11,879,168,0,0,0
historical_frozen_i20m_h16_s7_state0_mac0,frozen,historical,final,16,7,i20m,0,0,25000000,25000000,25000004,cohort,22100000,1392,472,0,17,732,171,0,0,0
historical_frozen_i20m_h16_s7_state0_mac0,frozen,historical,final,16,7,i20m,0,0,25000000,25000000,25000004,cohort,22200000,1482,476,0,6,839,161,0,0,0
historical_frozen_i20m_h16_s7_state0_mac0,frozen,historical,final,16,7,i20m,0,0,25000000,25000000,25000004,cohort,22300000,1496,473,0,20,825,178,0,0,0
historical_frozen_i20m_h16_s7_state0_mac0,frozen,historical,final,16,7,i20m,0,0,25000000,25000000,25000004,cohort,22400000,1412,475,0,8,764,165,0,0,0
historical_frozen_i20m_h16_s7_state0_mac0,frozen,historical,final,16,7,i20m,0,0,25000000,25000000,25000004,cohort,22500000,1578,474,0,30,889,185,0,0,0
historical_frozen_i20m_h16_s7_state0_mac0,frozen,historical,final,16,7,i20m,0,0,25000000,25000000,25000004,cohort,22600000,1366,473,0,16,705,172,0,0,0
historical_frozen_i20m_h16_s7_state0_mac0,frozen,historical,final,16,7,i20m,0,0,25000000,25000000,25000004,cohort,22700000,1578,475,0,12,921,170,0,0,0
historical_frozen_i20m_h16_s7_state0_mac0,frozen,historical,final,16,7,i20m,0,0,25000000,25000000,25000004,cohort,22800000,1457,470,0,24,783,180,0,0,0
historical_frozen_i20m_h16_s7_state0_mac0,frozen,historical,final,16,7,i20m,0,0,25000000,25000000,25000004,cohort,22900000,1456,475,0,7,811,163,0,0,0
historical_frozen_i20m_h16_s7_state0_mac0,frozen,historical,final,16,7,i20m,0,0,25000000,25000000,25000004,cohort,23000000,1514,469,0,24,841,180,0,0,0
historical_frozen_i20m_h16_s7_state0_mac0,frozen,historical,final,16,7,i20m,0,0,25000000,25000000,25000004,cohort,23100000,1432,476,0,17,766,173,0,0,0
historical_frozen_i20m_h16_s7_state0_mac0,frozen,historical,final,16,7,i20m,0,0,25000000,25000000,25000004,cohort,23200000,1622,470,0,24,950,178,0,0,0
historical_frozen_i20m_h16_s7_state0_mac0,frozen,historical,final,16,7,i20m,0,0,25000000,25000000,25000004,cohort,23300000,1366,474,0,15,703,174,0,0,0
historical_frozen_i20m_h16_s7_state0_mac0,frozen,historical,final,16,7,i20m,0,0,25000000,25000000,25000004,cohort,23400000,1503,472,0,6,860,165,0,0,0
historical_frozen_i20m_h16_s7_state0_mac0,frozen,historical,final,16,7,i20m,0,0,25000000,25000000,25000004,cohort,23500000,1476,472,0,15,814,175,0,0,0
historical_frozen_i20m_h16_s7_state0_mac0,frozen,historical,final,16,7,i20m,0,0,25000000,25000000,25000004,cohort,23600000,1474,472,0,10,824,168,0,0,0
historical_frozen_i20m_h16_s7_state0_mac0,frozen,historical,final,16,7,i20m,0,0,25000000,25000000,25000004,cohort,23700000,1524,471,0,18,859,176,0,0,0
historical_frozen_i20m_h16_s7_state0_mac0,frozen,historical,final,16,7,i20m,0,0,25000000,25000000,25000004,cohort,23800000,1410,477,0,9,756,168,0,0,0
historical_frozen_i20m_h16_s7_state0_mac0,frozen,historical,final,16,7,i20m,0,0,25000000,25000000,25000004,cohort,23900000,1584,476,0,10,934,164,0,0,0
historical_frozen_i20m_h16_s7_state0_mac0,frozen,historical,final,16,7,i20m,0,0,25000000,25000000,25000004,cohort,24000000,1331,474,0,11,677,169,0,0,0
historical_frozen_i20m_h16_s7_state0_mac0,frozen,historical,final,16,7,i20m,0,0,25000000,25000000,25000004,cohort,24100000,1554,476,0,5,908,165,0,0,0
historical_frozen_i20m_h16_s7_state0_mac0,frozen,historical,final,16,7,i20m,0,0,25000000,25000000,25000004,cohort,24200000,1437,481,0,8,782,166,0,0,0
historical_frozen_i20m_h16_s7_state0_mac0,frozen,historical,final,16,7,i20m,0,0,25000000,25000000,25000004,cohort,24300000,1446,475,0,5,805,161,0,0,0
historical_frozen_i20m_h16_s7_state0_mac0,frozen,historical,final,16,7,i20m,0,0,25000000,25000000,25000004,cohort,24400000,1494,476,0,9,843,165,0,1,1
historical_frozen_i20m_h16_s7_state0_mac0,frozen,historical,final,16,7,i20m,0,0,25000000,25000000,25000004,cohort,24500000,1402,475,0,2,753,166,0,6,6
historical_frozen_i20m_h16_s7_state0_mac0,frozen,historical,final,16,7,i20m,0,0,25000000,25000000,25000004,cohort,24600000,1544,479,0,0,883,171,0,11,11
historical_frozen_i20m_h16_s7_state0_mac0,frozen,historical,final,16,7,i20m,0,0,25000000,25000000,25000004,cohort,24700000,1322,475,0,0,684,160,0,3,3
historical_frozen_i20m_h16_s7_state0_mac0,frozen,historical,final,16,7,i20m,0,0,25000000,25000000,25000004,cohort,24800000,1574,475,0,0,929,163,0,7,7
historical_frozen_i20m_h16_s7_state0_mac0,frozen,historical,final,16,7,i20m,0,0,25000000,25000000,25000004,cohort,24900000,1414,472,0,0,760,167,1,14,15
historical_frozen_i20m_h8_s7_state0_mac0,frozen,historical,final,8,7,i20m,0,0,25000000,25000000,25000004,cohort,0,1814,465,0,16,1154,178,0,1,1
historical_frozen_i20m_h8_s7_state0_mac0,frozen,historical,final,8,7,i20m,0,0,25000000,25000000,25000004,cohort,100000,1809,460,0,13,1161,175,0,0,0
historical_frozen_i20m_h8_s7_state0_mac0,frozen,historical,final,8,7,i20m,0,0,25000000,25000000,25000004,cohort,200000,1807,463,0,4,1170,170,0,0,0
historical_frozen_i20m_h8_s7_state0_mac0,frozen,historical,final,8,7,i20m,0,0,25000000,25000000,25000004,cohort,300000,1840,464,0,10,1188,178,0,0,0
historical_frozen_i20m_h8_s7_state0_mac0,frozen,historical,final,8,7,i20m,0,0,25000000,25000000,25000004,cohort,400000,1807,460,0,4,1171,172,0,0,0
historical_frozen_i20m_h8_s7_state0_mac0,frozen,historical,final,8,7,i20m,0,0,25000000,25000000,25000004,cohort,500000,1847,462,0,12,1197,176,0,0,0
historical_frozen_i20m_h8_s7_state0_mac0,frozen,historical,final,8,7,i20m,0,0,25000000,25000000,25000004,cohort,600000,1837,462,0,9,1191,174,0,1,1
historical_frozen_i20m_h8_s7_state0_mac0,frozen,historical,final,8,7,i20m,0,0,25000000,25000000,25000004,cohort,700000,1848,463,0,10,1197,178,0,0,0
historical_frozen_i20m_h8_s7_state0_mac0,frozen,historical,final,8,7,i20m,0,0,25000000,25000000,25000004,cohort,800000,1817,463,0,4,1181,169,0,0,0
historical_frozen_i20m_h8_s7_state0_mac0,frozen,historical,final,8,7,i20m,0,0,25000000,25000000,25000004,cohort,900000,1840,461,0,10,1191,178,0,0,0
historical_frozen_i20m_h8_s7_state0_mac0,frozen,historical,final,8,7,i20m,0,0,25000000,25000000,25000004,cohort,1000000,1860,462,0,4,1224,170,0,0,0
historical_frozen_i20m_h8_s7_state0_mac0,frozen,historical,final,8,7,i20m,0,0,25000000,25000000,25000004,cohort,1100000,1809,460,0,6,1167,176,0,0,0
historical_frozen_i20m_h8_s7_state0_mac0,frozen,historical,final,8,7,i20m,0,0,25000000,25000000,25000004,cohort,1200000,1843,460,0,10,1196,177,0,0,0
historical_frozen_i20m_h8_s7_state0_mac0,frozen,historical,final,8,7,i20m,0,0,25000000,25000000,25000004,cohort,1300000,1819,457,0,8,1180,174,0,0,0
historical_frozen_i20m_h8_s7_state0_mac0,frozen,historical,final,8,7,i20m,0,0,25000000,25000000,25000004,cohort,1400000,1837,464,0,4,1195,174,0,0,0
historical_frozen_i20m_h8_s7_state0_mac0,frozen,historical,final,8,7,i20m,0,0,25000000,25000000,25000004,cohort,1500000,1820,461,0,2,1188,169,0,0,0
historical_frozen_i20m_h8_s7_state0_mac0,frozen,historical,final,8,7,i20m,0,0,25000000,25000000,25000004,cohort,1600000,1844,467,0,29,1157,191,0,0,0
historical_frozen_i20m_h8_s7_state0_mac0,frozen,historical,final,8,7,i20m,0,0,25000000,25000000,25000004,cohort,1700000,1865,460,0,11,1216,178,0,0,0
historical_frozen_i20m_h8_s7_state0_mac0,frozen,historical,final,8,7,i20m,0,0,25000000,25000000,25000004,cohort,1800000,1846,462,0,10,1199,175,0,0,0
historical_frozen_i20m_h8_s7_state0_mac0,frozen,historical,final,8,7,i20m,0,0,25000000,25000000,25000004,cohort,1900000,1860,460,0,12,1203,185,0,0,0
historical_frozen_i20m_h8_s7_state0_mac0,frozen,historical,final,8,7,i20m,0,0,25000000,25000000,25000004,cohort,2000000,1824,463,0,4,1188,169,0,0,0
historical_frozen_i20m_h8_s7_state0_mac0,frozen,historical,final,8,7,i20m,0,0,25000000,25000000,25000004,cohort,2100000,1855,462,0,7,1209,177,0,0,0
historical_frozen_i20m_h8_s7_state0_mac0,frozen,historical,final,8,7,i20m,0,0,25000000,25000000,25000004,cohort,2200000,1836,462,0,8,1194,172,0,0,0
historical_frozen_i20m_h8_s7_state0_mac0,frozen,historical,final,8,7,i20m,0,0,25000000,25000000,25000004,cohort,2300000,1836,461,0,12,1181,182,0,0,0
historical_frozen_i20m_h8_s7_state0_mac0,frozen,historical,final,8,7,i20m,0,0,25000000,25000000,25000004,cohort,2400000,1824,455,0,11,1183,175,0,0,0
historical_frozen_i20m_h8_s7_state0_mac0,frozen,historical,final,8,7,i20m,0,0,25000000,25000000,25000004,cohort,2500000,1807,461,0,19,1141,186,0,0,0
historical_frozen_i20m_h8_s7_state0_mac0,frozen,historical,final,8,7,i20m,0,0,25000000,25000000,25000004,cohort,2600000,1858,463,0,22,1186,187,0,0,0
historical_frozen_i20m_h8_s7_state0_mac0,frozen,historical,final,8,7,i20m,0,0,25000000,25000000,25000004,cohort,2700000,1814,465,0,2,1169,178,0,0,0
historical_frozen_i20m_h8_s7_state0_mac0,frozen,historical,final,8,7,i20m,0,0,25000000,25000000,25000004,cohort,2800000,1834,460,0,2,1204,168,0,0,0
historical_frozen_i20m_h8_s7_state0_mac0,frozen,historical,final,8,7,i20m,0,0,25000000,25000000,25000004,cohort,2900000,1816,458,0,3,1172,183,0,0,0
historical_frozen_i20m_h8_s7_state0_mac0,frozen,historical,final,8,7,i20m,0,0,25000000,25000000,25000004,cohort,3000000,1800,461,0,5,1163,171,0,0,0
historical_frozen_i20m_h8_s7_state0_mac0,frozen,historical,final,8,7,i20m,0,0,25000000,25000000,25000004,cohort,3100000,1828,459,0,1,1197,171,0,0,0
historical_frozen_i20m_h8_s7_state0_mac0,frozen,historical,final,8,7,i20m,0,0,25000000,25000000,25000004,cohort,3200000,1838,462,0,8,1194,174,0,0,0
historical_frozen_i20m_h8_s7_state0_mac0,frozen,historical,final,8,7,i20m,0,0,25000000,25000000,25000004,cohort,3300000,1825,461,0,9,1182,173,0,0,0
historical_frozen_i20m_h8_s7_state0_mac0,frozen,historical,final,8,7,i20m,0,0,25000000,25000000,25000004,cohort,3400000,1832,458,0,3,1199,172,0,0,0
historical_frozen_i20m_h8_s7_state0_mac0,frozen,historical,final,8,7,i20m,0,0,25000000,25000000,25000004,cohort,3500000,1873,462,0,13,1215,183,0,0,0
historical_frozen_i20m_h8_s7_state0_mac0,frozen,historical,final,8,7,i20m,0,0,25000000,25000000,25000004,cohort,3600000,1843,456,0,21,1175,191,0,0,0
historical_frozen_i20m_h8_s7_state0_mac0,frozen,historical,final,8,7,i20m,0,0,25000000,25000000,25000004,cohort,3700000,1840,467,0,7,1193,173,0,0,0
historical_frozen_i20m_h8_s7_state0_mac0,frozen,historical,final,8,7,i20m,0,0,25000000,25000000,25000004,cohort,3800000,1843,473,0,15,1187,168,0,0,0
historical_frozen_i20m_h8_s7_state0_mac0,frozen,historical,final,8,7,i20m,0,0,25000000,25000000,25000004,cohort,3900000,1869,472,0,18,1210,169,0,0,0
historical_frozen_i20m_h8_s7_state0_mac0,frozen,historical,final,8,7,i20m,0,0,25000000,25000000,25000004,cohort,4000000,1852,459,0,23,1181,189,0,0,0
historical_frozen_i20m_h8_s7_state0_mac0,frozen,historical,final,8,7,i20m,0,0,25000000,25000000,25000004,cohort,4100000,1835,460,0,10,1188,177,0,0,0
historical_frozen_i20m_h8_s7_state0_mac0,frozen,historical,final,8,7,i20m,0,0,25000000,25000000,25000004,cohort,4200000,1840,457,0,16,1183,184,0,0,0
historical_frozen_i20m_h8_s7_state0_mac0,frozen,historical,final,8,7,i20m,0,0,25000000,25000000,25000004,cohort,4300000,1835,462,1,6,1194,172,0,0,0
historical_frozen_i20m_h8_s7_state0_mac0,frozen,historical,final,8,7,i20m,0,0,25000000,25000000,25000004,cohort,4400000,1819,458,1,8,1179,173,0,0,0
historical_frozen_i20m_h8_s7_state0_mac0,frozen,historical,final,8,7,i20m,0,0,25000000,25000000,25000004,cohort,4500000,1831,460,1,13,1181,176,0,0,0
historical_frozen_i20m_h8_s7_state0_mac0,frozen,historical,final,8,7,i20m,0,0,25000000,25000000,25000004,cohort,4600000,1842,464,0,14,1186,178,0,0,0
historical_frozen_i20m_h8_s7_state0_mac0,frozen,historical,final,8,7,i20m,0,0,25000000,25000000,25000004,cohort,4700000,1831,463,0,7,1182,179,0,0,0
historical_frozen_i20m_h8_s7_state0_mac0,frozen,historical,final,8,7,i20m,0,0,25000000,25000000,25000004,cohort,4800000,1837,466,0,3,1202,166,0,0,0
historical_frozen_i20m_h8_s7_state0_mac0,frozen,historical,final,8,7,i20m,0,0,25000000,25000000,25000004,cohort,4900000,1844,468,0,24,1167,185,0,0,0
historical_frozen_i20m_h8_s7_state0_mac0,frozen,historical,final,8,7,i20m,0,0,25000000,25000000,25000004,cohort,5000000,1825,462,0,22,1159,182,0,0,0
historical_frozen_i20m_h8_s7_state0_mac0,frozen,historical,final,8,7,i20m,0,0,25000000,25000000,25000004,cohort,5100000,1834,468,0,19,1170,177,0,0,0
historical_frozen_i20m_h8_s7_state0_mac0,frozen,historical,final,8,7,i20m,0,0,25000000,25000000,25000004,cohort,5200000,1878,464,0,28,1200,186,0,0,0
historical_frozen_i20m_h8_s7_state0_mac0,frozen,historical,final,8,7,i20m,0,0,25000000,25000000,25000004,cohort,5300000,1800,459,0,12,1151,178,0,0,0
historical_frozen_i20m_h8_s7_state0_mac0,frozen,historical,final,8,7,i20m,0,0,25000000,25000000,25000004,cohort,5400000,1849,460,0,27,1170,192,0,0,0
historical_frozen_i20m_h8_s7_state0_mac0,frozen,historical,final,8,7,i20m,0,0,25000000,25000000,25000004,cohort,5500000,1825,466,0,10,1175,174,0,0,0
historical_frozen_i20m_h8_s7_state0_mac0,frozen,historical,final,8,7,i20m,0,0,25000000,25000000,25000004,cohort,5600000,1832,442,0,18,1175,197,0,0,0
historical_frozen_i20m_h8_s7_state0_mac0,frozen,historical,final,8,7,i20m,0,0,25000000,25000000,25000004,cohort,5700000,1789,438,0,17,1137,197,0,0,0
historical_frozen_i20m_h8_s7_state0_mac0,frozen,historical,final,8,7,i20m,0,0,25000000,25000000,25000004,cohort,5800000,1821,451,0,18,1163,189,0,0,0
historical_frozen_i20m_h8_s7_state0_mac0,frozen,historical,final,8,7,i20m,0,0,25000000,25000000,25000004,cohort,5900000,1836,459,0,20,1172,185,0,0,0
historical_frozen_i20m_h8_s7_state0_mac0,frozen,historical,final,8,7,i20m,0,0,25000000,25000000,25000004,cohort,6000000,1815,461,0,9,1173,172,0,0,0
historical_frozen_i20m_h8_s7_state0_mac0,frozen,historical,final,8,7,i20m,0,0,25000000,25000000,25000004,cohort,6100000,1835,454,0,15,1178,188,0,0,0
historical_frozen_i20m_h8_s7_state0_mac0,frozen,historical,final,8,7,i20m,0,0,25000000,25000000,25000004,cohort,6200000,1834,466,0,9,1189,170,0,0,0
historical_frozen_i20m_h8_s7_state0_mac0,frozen,historical,final,8,7,i20m,0,0,25000000,25000000,25000004,cohort,6300000,1871,469,0,32,1183,187,0,0,0
historical_frozen_i20m_h8_s7_state0_mac0,frozen,historical,final,8,7,i20m,0,0,25000000,25000000,25000004,cohort,6400000,1828,467,0,18,1160,183,0,0,0
historical_frozen_i20m_h8_s7_state0_mac0,frozen,historical,final,8,7,i20m,0,0,25000000,25000000,25000004,cohort,6500000,1818,454,0,14,1163,187,0,0,0
historical_frozen_i20m_h8_s7_state0_mac0,frozen,historical,final,8,7,i20m,0,0,25000000,25000000,25000004,cohort,6600000,1895,478,0,22,1216,179,0,0,0
historical_frozen_i20m_h8_s7_state0_mac0,frozen,historical,final,8,7,i20m,0,0,25000000,25000000,25000004,cohort,6700000,1862,475,0,13,1207,167,0,0,0
historical_frozen_i20m_h8_s7_state0_mac0,frozen,historical,final,8,7,i20m,0,0,25000000,25000000,25000004,cohort,6800000,1872,458,0,21,1207,186,0,0,0
historical_frozen_i20m_h8_s7_state0_mac0,frozen,historical,final,8,7,i20m,0,0,25000000,25000000,25000004,cohort,6900000,1803,458,0,12,1150,183,0,0,0
historical_frozen_i20m_h8_s7_state0_mac0,frozen,historical,final,8,7,i20m,0,0,25000000,25000000,25000004,cohort,7000000,1778,450,0,6,1141,181,0,0,0
historical_frozen_i20m_h8_s7_state0_mac0,frozen,historical,final,8,7,i20m,0,0,25000000,25000000,25000004,cohort,7100000,1843,445,0,20,1186,192,0,0,0
historical_frozen_i20m_h8_s7_state0_mac0,frozen,historical,final,8,7,i20m,0,0,25000000,25000000,25000004,cohort,7200000,1830,456,0,12,1178,184,0,0,0
historical_frozen_i20m_h8_s7_state0_mac0,frozen,historical,final,8,7,i20m,0,0,25000000,25000000,25000004,cohort,7300000,1832,456,0,19,1173,184,0,0,0
historical_frozen_i20m_h8_s7_state0_mac0,frozen,historical,final,8,7,i20m,0,0,25000000,25000000,25000004,cohort,7400000,1837,457,0,11,1191,178,0,0,0
historical_frozen_i20m_h8_s7_state0_mac0,frozen,historical,final,8,7,i20m,0,0,25000000,25000000,25000004,cohort,7500000,1822,458,0,10,1169,185,0,0,0
historical_frozen_i20m_h8_s7_state0_mac0,frozen,historical,final,8,7,i20m,0,0,25000000,25000000,25000004,cohort,7600000,1828,462,0,2,1197,167,0,0,0
historical_frozen_i20m_h8_s7_state0_mac0,frozen,historical,final,8,7,i20m,0,0,25000000,25000000,25000004,cohort,7700000,1838,457,0,10,1193,178,0,0,0
historical_frozen_i20m_h8_s7_state0_mac0,frozen,historical,final,8,7,i20m,0,0,25000000,25000000,25000004,cohort,7800000,1833,460,0,18,1167,188,0,0,0
historical_frozen_i20m_h8_s7_state0_mac0,frozen,historical,final,8,7,i20m,0,0,25000000,25000000,25000004,cohort,7900000,1804,459,0,5,1169,171,0,0,0
historical_frozen_i20m_h8_s7_state0_mac0,frozen,historical,final,8,7,i20m,0,0,25000000,25000000,25000004,cohort,8000000,1839,453,0,22,1178,186,0,0,0
historical_frozen_i20m_h8_s7_state0_mac0,frozen,historical,final,8,7,i20m,0,0,25000000,25000000,25000004,cohort,8100000,1863,455,0,17,1205,186,0,0,0
historical_frozen_i20m_h8_s7_state0_mac0,frozen,historical,final,8,7,i20m,0,0,25000000,25000000,25000004,cohort,8200000,1840,463,0,13,1185,179,0,0,0
historical_frozen_i20m_h8_s7_state0_mac0,frozen,historical,final,8,7,i20m,0,0,25000000,25000000,25000004,cohort,8300000,1817,460,0,7,1178,172,0,0,0
historical_frozen_i20m_h8_s7_state0_mac0,frozen,historical,final,8,7,i20m,0,0,25000000,25000000,25000004,cohort,8400000,1834,463,0,9,1185,177,0,0,0
historical_frozen_i20m_h8_s7_state0_mac0,frozen,historical,final,8,7,i20m,0,0,25000000,25000000,25000004,cohort,8500000,1858,467,0,27,1167,197,0,0,0
historical_frozen_i20m_h8_s7_state0_mac0,frozen,historical,final,8,7,i20m,0,0,25000000,25000000,25000004,cohort,8600000,1831,466,0,12,1177,176,0,0,0
historical_frozen_i20m_h8_s7_state0_mac0,frozen,historical,final,8,7,i20m,0,0,25000000,25000000,25000004,cohort,8700000,1876,463,0,23,1204,186,0,0,0
historical_frozen_i20m_h8_s7_state0_mac0,frozen,historical,final,8,7,i20m,0,0,25000000,25000000,25000004,cohort,8800000,1831,471,0,15,1169,176,0,0,0
historical_frozen_i20m_h8_s7_state0_mac0,frozen,historical,final,8,7,i20m,0,0,25000000,25000000,25000004,cohort,8900000,1873,470,0,17,1213,173,0,0,0
historical_frozen_i20m_h8_s7_state0_mac0,frozen,historical,final,8,7,i20m,0,0,25000000,25000000,25000004,cohort,9000000,1848,467,0,13,1195,173,0,0,0
historical_frozen_i20m_h8_s7_state0_mac0,frozen,historical,final,8,7,i20m,0,0,25000000,25000000,25000004,cohort,9100000,1851,473,0,14,1193,171,0,0,0
historical_frozen_i20m_h8_s7_state0_mac0,frozen,historical,final,8,7,i20m,0,0,25000000,25000000,25000004,cohort,9200000,1898,474,0,22,1225,177,0,0,0
historical_frozen_i20m_h8_s7_state0_mac0,frozen,historical,final,8,7,i20m,0,0,25000000,25000000,25000004,cohort,9300000,1833,474,0,13,1178,168,0,0,0
historical_frozen_i20m_h8_s7_state0_mac0,frozen,historical,final,8,7,i20m,0,0,25000000,25000000,25000004,cohort,9400000,1864,468,0,5,1224,167,0,0,0
historical_frozen_i20m_h8_s7_state0_mac0,frozen,historical,final,8,7,i20m,0,0,25000000,25000000,25000004,cohort,9500000,1832,477,0,11,1174,170,0,0,0
historical_frozen_i20m_h8_s7_state0_mac0,frozen,historical,final,8,7,i20m,0,0,25000000,25000000,25000004,cohort,9600000,1863,462,0,24,1192,185,0,0,0
historical_frozen_i20m_h8_s7_state0_mac0,frozen,historical,final,8,7,i20m,0,0,25000000,25000000,25000004,cohort,9700000,1829,460,0,16,1175,178,0,0,0
historical_frozen_i20m_h8_s7_state0_mac0,frozen,historical,final,8,7,i20m,0,0,25000000,25000000,25000004,cohort,9800000,1827,450,0,18,1169,190,0,0,0
historical_frozen_i20m_h8_s7_state0_mac0,frozen,historical,final,8,7,i20m,0,0,25000000,25000000,25000004,cohort,9900000,1842,445,0,21,1173,203,0,0,0
historical_frozen_i20m_h8_s7_state0_mac0,frozen,historical,final,8,7,i20m,0,0,25000000,25000000,25000004,cohort,10000000,1822,462,0,9,1171,180,0,0,0
historical_frozen_i20m_h8_s7_state0_mac0,frozen,historical,final,8,7,i20m,0,0,25000000,25000000,25000004,cohort,10100000,1843,473,0,11,1188,171,0,0,0
historical_frozen_i20m_h8_s7_state0_mac0,frozen,historical,final,8,7,i20m,0,0,25000000,25000000,25000004,cohort,10200000,1829,460,0,9,1186,174,0,0,0
historical_frozen_i20m_h8_s7_state0_mac0,frozen,historical,final,8,7,i20m,0,0,25000000,25000000,25000004,cohort,10300000,1854,461,0,9,1207,177,0,0,0
historical_frozen_i20m_h8_s7_state0_mac0,frozen,historical,final,8,7,i20m,0,0,25000000,25000000,25000004,cohort,10400000,1828,469,0,9,1183,167,0,0,0
historical_frozen_i20m_h8_s7_state0_mac0,frozen,historical,final,8,7,i20m,0,0,25000000,25000000,25000004,cohort,10500000,1826,475,0,3,1183,165,0,0,0
historical_frozen_i20m_h8_s7_state0_mac0,frozen,historical,final,8,7,i20m,0,0,25000000,25000000,25000004,cohort,10600000,1845,467,0,21,1179,178,0,0,0
historical_frozen_i20m_h8_s7_state0_mac0,frozen,historical,final,8,7,i20m,0,0,25000000,25000000,25000004,cohort,10700000,1847,470,0,8,1201,168,0,0,0
historical_frozen_i20m_h8_s7_state0_mac0,frozen,historical,final,8,7,i20m,0,0,25000000,25000000,25000004,cohort,10800000,1872,465,0,27,1195,185,0,0,0
historical_frozen_i20m_h8_s7_state0_mac0,frozen,historical,final,8,7,i20m,0,0,25000000,25000000,25000004,cohort,10900000,1842,475,0,8,1190,169,0,0,0
historical_frozen_i20m_h8_s7_state0_mac0,frozen,historical,final,8,7,i20m,0,0,25000000,25000000,25000004,cohort,11000000,1850,470,0,15,1190,175,0,0,0
historical_frozen_i20m_h8_s7_state0_mac0,frozen,historical,final,8,7,i20m,0,0,25000000,25000000,25000004,cohort,11100000,1845,471,0,16,1183,175,0,0,0
historical_frozen_i20m_h8_s7_state0_mac0,frozen,historical,final,8,7,i20m,0,0,25000000,25000000,25000004,cohort,11200000,1849,470,0,22,1178,179,0,0,0
historical_frozen_i20m_h8_s7_state0_mac0,frozen,historical,final,8,7,i20m,0,0,25000000,25000000,25000004,cohort,11300000,1866,465,0,23,1192,186,0,0,0
historical_frozen_i20m_h8_s7_state0_mac0,frozen,historical,final,8,7,i20m,0,0,25000000,25000000,25000004,cohort,11400000,1872,470,1,43,1149,209,0,0,0
historical_frozen_i20m_h8_s7_state0_mac0,frozen,historical,final,8,7,i20m,0,0,25000000,25000000,25000004,cohort,11500000,1908,450,4,102,1096,256,0,0,0
historical_frozen_i20m_h8_s7_state0_mac0,frozen,historical,final,8,7,i20m,0,0,25000000,25000000,25000004,cohort,11600000,1847,472,0,21,1172,182,0,0,0
historical_frozen_i20m_h8_s7_state0_mac0,frozen,historical,final,8,7,i20m,0,0,25000000,25000000,25000004,cohort,11700000,1815,473,0,14,1159,169,0,0,0
historical_frozen_i20m_h8_s7_state0_mac0,frozen,historical,final,8,7,i20m,0,0,25000000,25000000,25000004,cohort,11800000,2327,570,28,147,1227,355,0,0,0
historical_frozen_i20m_h8_s7_state0_mac0,frozen,historical,final,8,7,i20m,0,0,25000000,25000000,25000004,cohort,11900000,2074,512,10,112,1151,289,0,0,0
historical_frozen_i20m_h8_s7_state0_mac0,frozen,historical,final,8,7,i20m,0,0,25000000,25000000,25000004,cohort,12000000,1929,476,1,61,1176,215,0,0,0
historical_frozen_i20m_h8_s7_state0_mac0,frozen,historical,final,8,7,i20m,0,0,25000000,25000000,25000004,cohort,12100000,1979,487,8,70,1176,238,0,0,0
historical_frozen_i20m_h8_s7_state0_mac0,frozen,historical,final,8,7,i20m,0,0,25000000,25000000,25000004,cohort,12200000,1807,467,0,11,1155,174,0,0,0
historical_frozen_i20m_h8_s7_state0_mac0,frozen,historical,final,8,7,i20m,0,0,25000000,25000000,25000004,cohort,12300000,1839,472,1,28,1152,186,0,0,0
historical_frozen_i20m_h8_s7_state0_mac0,frozen,historical,final,8,7,i20m,0,0,25000000,25000000,25000004,cohort,12400000,1894,475,1,26,1198,194,0,0,0
historical_frozen_i20m_h8_s7_state0_mac0,frozen,historical,final,8,7,i20m,0,0,25000000,25000000,25000004,cohort,12500000,1805,461,0,11,1160,173,0,0,0
historical_frozen_i20m_h8_s7_state0_mac0,frozen,historical,final,8,7,i20m,0,0,25000000,25000000,25000004,cohort,12600000,2040,468,13,162,1056,341,0,0,0
historical_frozen_i20m_h8_s7_state0_mac0,frozen,historical,final,8,7,i20m,0,0,25000000,25000000,25000004,cohort,12700000,1992,481,6,87,1152,266,0,0,0
historical_frozen_i20m_h8_s7_state0_mac0,frozen,historical,final,8,7,i20m,0,0,25000000,25000000,25000004,cohort,12800000,2078,514,2,136,1131,295,0,0,0
historical_frozen_i20m_h8_s7_state0_mac0,frozen,historical,final,8,7,i20m,0,0,25000000,25000000,25000004,cohort,12900000,1866,473,0,21,1194,178,0,0,0
historical_frozen_i20m_h8_s7_state0_mac0,frozen,historical,final,8,7,i20m,0,0,25000000,25000000,25000004,cohort,13000000,1830,473,0,12,1177,168,0,0,0
historical_frozen_i20m_h8_s7_state0_mac0,frozen,historical,final,8,7,i20m,0,0,25000000,25000000,25000004,cohort,13100000,1806,475,0,11,1152,168,0,0,0
historical_frozen_i20m_h8_s7_state0_mac0,frozen,historical,final,8,7,i20m,0,0,25000000,25000000,25000004,cohort,13200000,2065,471,11,183,1072,328,0,0,0
historical_frozen_i20m_h8_s7_state0_mac0,frozen,historical,final,8,7,i20m,0,0,25000000,25000000,25000004,cohort,13300000,1846,471,0,10,1198,167,0,0,0
historical_frozen_i20m_h8_s7_state0_mac0,frozen,historical,final,8,7,i20m,0,0,25000000,25000000,25000004,cohort,13400000,2186,722,0,161,873,427,0,3,3
historical_frozen_i20m_h8_s7_state0_mac0,frozen,historical,final,8,7,i20m,0,0,25000000,25000000,25000004,cohort,13500000,1767,463,0,21,1100,182,0,1,1
historical_frozen_i20m_h8_s7_state0_mac0,frozen,historical,final,8,7,i20m,0,0,25000000,25000000,25000004,cohort,13600000,1806,459,0,17,1152,178,0,0,0
historical_frozen_i20m_h8_s7_state0_mac0,frozen,historical,final,8,7,i20m,0,0,25000000,25000000,25000004,cohort,13700000,1852,485,0,35,1137,195,0,0,0
historical_frozen_i20m_h8_s7_state0_mac0,frozen,historical,final,8,7,i20m,0,0,25000000,25000000,25000004,cohort,13800000,1738,476,0,5,1097,160,0,0,0
historical_frozen_i20m_h8_s7_state0_mac0,frozen,historical,final,8,7,i20m,0,0,25000000,25000000,25000004,cohort,13900000,1818,464,0,33,1134,187,0,0,0
historical_frozen_i20m_h8_s7_state0_mac0,frozen,historical,final,8,7,i20m,0,0,25000000,25000000,25000004,cohort,14000000,1743,472,0,12,1088,171,0,0,0
historical_frozen_i20m_h8_s7_state0_mac0,frozen,historical,final,8,7,i20m,0,0,25000000,25000000,25000004,cohort,14100000,1798,473,0,32,1109,184,0,0,0
historical_frozen_i20m_h8_s7_state0_mac0,frozen,historical,final,8,7,i20m,0,0,25000000,25000000,25000004,cohort,14200000,1793,475,0,21,1118,179,0,0,0
historical_frozen_i20m_h8_s7_state0_mac0,frozen,historical,final,8,7,i20m,0,0,25000000,25000000,25000004,cohort,14300000,1761,475,0,3,1121,162,0,0,0
historical_frozen_i20m_h8_s7_state0_mac0,frozen,historical,final,8,7,i20m,0,0,25000000,25000000,25000004,cohort,14400000,1819,475,0,18,1150,176,0,0,0
historical_frozen_i20m_h8_s7_state0_mac0,frozen,historical,final,8,7,i20m,0,0,25000000,25000000,25000004,cohort,14500000,1749,472,0,6,1107,164,0,0,0
historical_frozen_i20m_h8_s7_state0_mac0,frozen,historical,final,8,7,i20m,0,0,25000000,25000000,25000004,cohort,14600000,1779,465,0,15,1118,181,0,0,0
historical_frozen_i20m_h8_s7_state0_mac0,frozen,historical,final,8,7,i20m,0,0,25000000,25000000,25000004,cohort,14700000,1749,463,0,11,1097,178,0,0,0
historical_frozen_i20m_h8_s7_state0_mac0,frozen,historical,final,8,7,i20m,0,0,25000000,25000000,25000004,cohort,14800000,1733,470,0,11,1087,165,0,0,0
historical_frozen_i20m_h8_s7_state0_mac0,frozen,historical,final,8,7,i20m,0,0,25000000,25000000,25000004,cohort,14900000,1822,468,0,24,1142,188,0,0,0
historical_frozen_i20m_h8_s7_state0_mac0,frozen,historical,final,8,7,i20m,0,0,25000000,25000000,25000004,cohort,15000000,1767,472,0,10,1117,168,0,0,0
historical_frozen_i20m_h8_s7_state0_mac0,frozen,historical,final,8,7,i20m,0,0,25000000,25000000,25000004,cohort,15100000,1838,467,0,40,1137,194,0,0,0
historical_frozen_i20m_h8_s7_state0_mac0,frozen,historical,final,8,7,i20m,0,0,25000000,25000000,25000004,cohort,15200000,1774,471,0,6,1122,175,0,0,0
historical_frozen_i20m_h8_s7_state0_mac0,frozen,historical,final,8,7,i20m,0,0,25000000,25000000,25000004,cohort,15300000,1812,462,0,5,1172,173,0,0,0
historical_frozen_i20m_h8_s7_state0_mac0,frozen,historical,final,8,7,i20m,0,0,25000000,25000000,25000004,cohort,15400000,1781,467,0,10,1131,173,0,0,0
historical_frozen_i20m_h8_s7_state0_mac0,frozen,historical,final,8,7,i20m,0,0,25000000,25000000,25000004,cohort,15500000,1735,469,0,5,1093,168,0,0,0
historical_frozen_i20m_h8_s7_state0_mac0,frozen,historical,final,8,7,i20m,0,0,25000000,25000000,25000004,cohort,15600000,1784,466,0,11,1138,169,0,0,0
historical_frozen_i20m_h8_s7_state0_mac0,frozen,historical,final,8,7,i20m,0,0,25000000,25000000,25000004,cohort,15700000,1784,469,0,8,1136,171,0,0,0
historical_frozen_i20m_h8_s7_state0_mac0,frozen,historical,final,8,7,i20m,0,0,25000000,25000000,25000004,cohort,15800000,1810,465,0,17,1149,179,0,0,0
historical_frozen_i20m_h8_s7_state0_mac0,frozen,historical,final,8,7,i20m,0,0,25000000,25000000,25000004,cohort,15900000,1789,472,0,11,1137,169,0,0,0
historical_frozen_i20m_h8_s7_state0_mac0,frozen,historical,final,8,7,i20m,0,0,25000000,25000000,25000004,cohort,16000000,1817,472,2,13,1158,172,0,0,0
historical_frozen_i20m_h8_s7_state0_mac0,frozen,historical,final,8,7,i20m,0,0,25000000,25000000,25000004,cohort,16100000,1722,477,0,12,1064,169,0,0,0
historical_frozen_i20m_h8_s7_state0_mac0,frozen,historical,final,8,7,i20m,0,0,25000000,25000000,25000004,cohort,16200000,1807,471,0,17,1145,174,0,0,0
historical_frozen_i20m_h8_s7_state0_mac0,frozen,historical,final,8,7,i20m,0,0,25000000,25000000,25000004,cohort,16300000,1736,477,0,5,1092,162,0,0,0
historical_frozen_i20m_h8_s7_state0_mac0,frozen,historical,final,8,7,i20m,0,0,25000000,25000000,25000004,cohort,16400000,1805,473,0,21,1133,178,0,0,0
historical_frozen_i20m_h8_s7_state0_mac0,frozen,historical,final,8,7,i20m,0,0,25000000,25000000,25000004,cohort,16500000,1797,475,0,19,1128,175,0,0,0
historical_frozen_i20m_h8_s7_state0_mac0,frozen,historical,final,8,7,i20m,0,0,25000000,25000000,25000004,cohort,16600000,1789,467,0,16,1137,169,0,0,0
historical_frozen_i20m_h8_s7_state0_mac0,frozen,historical,final,8,7,i20m,0,0,25000000,25000000,25000004,cohort,16700000,1805,474,0,16,1140,175,0,0,0
historical_frozen_i20m_h8_s7_state0_mac0,frozen,historical,final,8,7,i20m,0,0,25000000,25000000,25000004,cohort,16800000,1783,470,0,12,1131,170,0,0,0
historical_frozen_i20m_h8_s7_state0_mac0,frozen,historical,final,8,7,i20m,0,0,25000000,25000000,25000004,cohort,16900000,1864,474,0,22,1188,180,0,0,0
historical_frozen_i20m_h8_s7_state0_mac0,frozen,historical,final,8,7,i20m,0,0,25000000,25000000,25000004,cohort,17000000,1746,474,0,11,1097,164,0,0,0
historical_frozen_i20m_h8_s7_state0_mac0,frozen,historical,final,8,7,i20m,0,0,25000000,25000000,25000004,cohort,17100000,1772,475,0,25,1090,182,0,0,0
historical_frozen_i20m_h8_s7_state0_mac0,frozen,historical,final,8,7,i20m,0,0,25000000,25000000,25000004,cohort,17200000,1835,472,0,22,1159,182,0,0,0
historical_frozen_i20m_h8_s7_state0_mac0,frozen,historical,final,8,7,i20m,0,0,25000000,25000000,25000004,cohort,17300000,1756,470,0,7,1109,170,0,0,0
historical_frozen_i20m_h8_s7_state0_mac0,frozen,historical,final,8,7,i20m,0,0,25000000,25000000,25000004,cohort,17400000,1828,474,0,20,1159,175,0,0,0
historical_frozen_i20m_h8_s7_state0_mac0,frozen,historical,final,8,7,i20m,0,0,25000000,25000000,25000004,cohort,17500000,1792,465,0,13,1141,173,0,0,0
historical_frozen_i20m_h8_s7_state0_mac0,frozen,historical,final,8,7,i20m,0,0,25000000,25000000,25000004,cohort,17600000,1772,457,0,15,1120,180,0,0,0
historical_frozen_i20m_h8_s7_state0_mac0,frozen,historical,final,8,7,i20m,0,0,25000000,25000000,25000004,cohort,17700000,1765,471,0,15,1100,179,0,0,0
historical_frozen_i20m_h8_s7_state0_mac0,frozen,historical,final,8,7,i20m,0,0,25000000,25000000,25000004,cohort,17800000,1797,470,0,14,1143,170,0,0,0
historical_frozen_i20m_h8_s7_state0_mac0,frozen,historical,final,8,7,i20m,0,0,25000000,25000000,25000004,cohort,17900000,1813,473,0,17,1146,177,0,0,0
historical_frozen_i20m_h8_s7_state0_mac0,frozen,historical,final,8,7,i20m,0,0,25000000,25000000,25000004,cohort,18000000,1785,479,0,4,1136,166,0,0,0
historical_frozen_i20m_h8_s7_state0_mac0,frozen,historical,final,8,7,i20m,0,0,25000000,25000000,25000004,cohort,18100000,1843,474,0,11,1187,171,0,0,0
historical_frozen_i20m_h8_s7_state0_mac0,frozen,historical,final,8,7,i20m,0,0,25000000,25000000,25000004,cohort,18200000,1737,473,0,8,1094,162,0,0,0
historical_frozen_i20m_h8_s7_state0_mac0,frozen,historical,final,8,7,i20m,0,0,25000000,25000000,25000004,cohort,18300000,1819,469,0,17,1161,171,0,1,1
historical_frozen_i20m_h8_s7_state0_mac0,frozen,historical,final,8,7,i20m,0,0,25000000,25000000,25000004,cohort,18400000,1716,471,0,13,1062,170,0,0,0
historical_frozen_i20m_h8_s7_state0_mac0,frozen,historical,final,8,7,i20m,0,0,25000000,25000000,25000004,cohort,18500000,1731,466,0,14,1077,174,0,0,0
historical_frozen_i20m_h8_s7_state0_mac0,frozen,historical,final,8,7,i20m,0,0,25000000,25000000,25000004,cohort,18600000,1784,461,0,17,1121,185,0,0,0
historical_frozen_i20m_h8_s7_state0_mac0,frozen,historical,final,8,7,i20m,0,0,25000000,25000000,25000004,cohort,18700000,1748,462,0,6,1105,175,0,0,0
historical_frozen_i20m_h8_s7_state0_mac0,frozen,historical,final,8,7,i20m,0,0,25000000,25000000,25000004,cohort,18800000,1784,454,0,11,1139,180,0,0,0
historical_frozen_i20m_h8_s7_state0_mac0,frozen,historical,final,8,7,i20m,0,0,25000000,25000000,25000004,cohort,18900000,1757,467,0,5,1112,173,0,0,0
historical_frozen_i20m_h8_s7_state0_mac0,frozen,historical,final,8,7,i20m,0,0,25000000,25000000,25000004,cohort,19000000,1797,462,0,7,1150,178,0,0,0
historical_frozen_i20m_h8_s7_state0_mac0,frozen,historical,final,8,7,i20m,0,0,25000000,25000000,25000004,cohort,19100000,1756,464,0,10,1102,180,0,0,0
historical_frozen_i20m_h8_s7_state0_mac0,frozen,historical,final,8,7,i20m,0,0,25000000,25000000,25000004,cohort,19200000,1736,458,0,5,1098,175,0,0,0
historical_frozen_i20m_h8_s7_state0_mac0,frozen,historical,final,8,7,i20m,0,0,25000000,25000000,25000004,cohort,19300000,1808,459,0,14,1149,186,0,0,0
historical_frozen_i20m_h8_s7_state0_mac0,frozen,historical,final,8,7,i20m,0,0,25000000,25000000,25000004,cohort,19400000,1719,460,0,3,1086,170,0,0,0
historical_frozen_i20m_h8_s7_state0_mac0,frozen,historical,final,8,7,i20m,0,0,25000000,25000000,25000004,cohort,19500000,1822,459,1,22,1150,190,0,0,0
historical_frozen_i20m_h8_s7_state0_mac0,frozen,historical,final,8,7,i20m,0,0,25000000,25000000,25000004,cohort,19600000,1690,458,0,8,1048,176,0,0,0
historical_frozen_i20m_h8_s7_state0_mac0,frozen,historical,final,8,7,i20m,0,0,25000000,25000000,25000004,cohort,19700000,1799,462,0,16,1137,184,0,0,0
historical_frozen_i20m_h8_s7_state0_mac0,frozen,historical,final,8,7,i20m,0,0,25000000,25000000,25000004,cohort,19800000,1767,462,0,8,1120,177,0,0,0
historical_frozen_i20m_h8_s7_state0_mac0,frozen,historical,final,8,7,i20m,0,0,25000000,25000000,25000004,cohort,19900000,1793,466,0,12,1144,171,0,0,0
historical_frozen_i20m_h8_s7_state0_mac0,frozen,historical,final,8,7,i20m,0,0,25000000,25000000,25000004,cohort,20000000,1810,474,0,13,1150,173,0,0,0
historical_frozen_i20m_h8_s7_state0_mac0,frozen,historical,final,8,7,i20m,0,0,25000000,25000000,25000004,cohort,20100000,1768,475,0,12,1114,167,0,0,0
historical_frozen_i20m_h8_s7_state0_mac0,frozen,historical,final,8,7,i20m,0,0,25000000,25000000,25000004,cohort,20200000,1815,475,0,13,1156,171,0,0,0
historical_frozen_i20m_h8_s7_state0_mac0,frozen,historical,final,8,7,i20m,0,0,25000000,25000000,25000004,cohort,20300000,1723,474,0,6,1081,162,0,0,0
historical_frozen_i20m_h8_s7_state0_mac0,frozen,historical,final,8,7,i20m,0,0,25000000,25000000,25000004,cohort,20400000,1770,476,0,18,1102,174,0,0,0
historical_frozen_i20m_h8_s7_state0_mac0,frozen,historical,final,8,7,i20m,0,0,25000000,25000000,25000004,cohort,20500000,1783,475,0,9,1132,167,0,0,0
historical_frozen_i20m_h8_s7_state0_mac0,frozen,historical,final,8,7,i20m,0,0,25000000,25000000,25000004,cohort,20600000,1755,474,0,5,1113,163,0,0,0
historical_frozen_i20m_h8_s7_state0_mac0,frozen,historical,final,8,7,i20m,0,0,25000000,25000000,25000004,cohort,20700000,1804,472,0,18,1130,180,0,4,4
historical_frozen_i20m_h8_s7_state0_mac0,frozen,historical,final,8,7,i20m,0,0,25000000,25000000,25000004,cohort,20800000,1791,477,0,11,1136,167,0,0,0
historical_frozen_i20m_h8_s7_state0_mac0,frozen,historical,final,8,7,i20m,0,0,25000000,25000000,25000004,cohort,20900000,1810,472,0,15,1150,173,0,0,0
historical_frozen_i20m_h8_s7_state0_mac0,frozen,historical,final,8,7,i20m,0,0,25000000,25000000,25000004,cohort,21000000,1767,475,0,15,1103,174,0,0,0
historical_frozen_i20m_h8_s7_state0_mac0,frozen,historical,final,8,7,i20m,0,0,25000000,25000000,25000004,cohort,21100000,1821,475,0,13,1164,169,0,0,0
historical_frozen_i20m_h8_s7_state0_mac0,frozen,historical,final,8,7,i20m,0,0,25000000,25000000,25000004,cohort,21200000,1731,476,0,4,1091,160,0,0,0
historical_frozen_i20m_h8_s7_state0_mac0,frozen,historical,final,8,7,i20m,0,0,25000000,25000000,25000004,cohort,21300000,1765,472,0,15,1108,170,0,0,0
historical_frozen_i20m_h8_s7_state0_mac0,frozen,historical,final,8,7,i20m,0,0,25000000,25000000,25000004,cohort,21400000,1803,469,0,26,1123,185,0,0,0
historical_frozen_i20m_h8_s7_state0_mac0,frozen,historical,final,8,7,i20m,0,0,25000000,25000000,25000004,cohort,21500000,1763,472,0,7,1116,168,0,0,0
historical_frozen_i20m_h8_s7_state0_mac0,frozen,historical,final,8,7,i20m,0,0,25000000,25000000,25000004,cohort,21600000,1840,472,0,17,1175,176,0,0,0
historical_frozen_i20m_h8_s7_state0_mac0,frozen,historical,final,8,7,i20m,0,0,25000000,25000000,25000004,cohort,21700000,1713,475,0,14,1051,173,0,0,0
historical_frozen_i20m_h8_s7_state0_mac0,frozen,historical,final,8,7,i20m,0,0,25000000,25000000,25000004,cohort,21800000,1850,478,0,11,1186,175,0,0,0
historical_frozen_i20m_h8_s7_state0_mac0,frozen,historical,final,8,7,i20m,0,0,25000000,25000000,25000004,cohort,21900000,1747,475,0,7,1101,164,0,0,0
historical_frozen_i20m_h8_s7_state0_mac0,frozen,historical,final,8,7,i20m,0,0,25000000,25000000,25000004,cohort,22000000,1812,472,0,12,1160,168,0,0,0
historical_frozen_i20m_h8_s7_state0_mac0,frozen,historical,final,8,7,i20m,0,0,25000000,25000000,25000004,cohort,22100000,1831,472,0,17,1171,171,0,0,0
historical_frozen_i20m_h8_s7_state0_mac0,frozen,historical,final,8,7,i20m,0,0,25000000,25000000,25000004,cohort,22200000,1779,473,0,6,1137,163,0,0,0
historical_frozen_i20m_h8_s7_state0_mac0,frozen,historical,final,8,7,i20m,0,0,25000000,25000000,25000004,cohort,22300000,1831,469,0,22,1157,183,0,0,0
historical_frozen_i20m_h8_s7_state0_mac0,frozen,historical,final,8,7,i20m,0,0,25000000,25000000,25000004,cohort,22400000,1747,474,0,8,1099,166,0,0,0
historical_frozen_i20m_h8_s7_state0_mac0,frozen,historical,final,8,7,i20m,0,0,25000000,25000000,25000004,cohort,22500000,1805,471,0,33,1111,190,0,0,0
historical_frozen_i20m_h8_s7_state0_mac0,frozen,historical,final,8,7,i20m,0,0,25000000,25000000,25000004,cohort,22600000,1754,473,0,16,1093,172,0,0,0
historical_frozen_i20m_h8_s7_state0_mac0,frozen,historical,final,8,7,i20m,0,0,25000000,25000000,25000004,cohort,22700000,1799,475,0,13,1140,171,0,0,0
historical_frozen_i20m_h8_s7_state0_mac0,frozen,historical,final,8,7,i20m,0,0,25000000,25000000,25000004,cohort,22800000,1806,466,0,21,1136,183,0,0,0
historical_frozen_i20m_h8_s7_state0_mac0,frozen,historical,final,8,7,i20m,0,0,25000000,25000000,25000004,cohort,22900000,1740,472,0,9,1093,166,0,0,0
historical_frozen_i20m_h8_s7_state0_mac0,frozen,historical,final,8,7,i20m,0,0,25000000,25000000,25000004,cohort,23000000,1828,462,0,22,1160,184,0,0,0
historical_frozen_i20m_h8_s7_state0_mac0,frozen,historical,final,8,7,i20m,0,0,25000000,25000000,25000004,cohort,23100000,1735,463,0,13,1077,182,0,0,0
historical_frozen_i20m_h8_s7_state0_mac0,frozen,historical,final,8,7,i20m,0,0,25000000,25000000,25000004,cohort,23200000,1820,458,0,21,1157,184,0,0,0
historical_frozen_i20m_h8_s7_state0_mac0,frozen,historical,final,8,7,i20m,0,0,25000000,25000000,25000004,cohort,23300000,1782,467,0,11,1127,177,0,0,0
historical_frozen_i20m_h8_s7_state0_mac0,frozen,historical,final,8,7,i20m,0,0,25000000,25000000,25000004,cohort,23400000,1808,464,0,4,1170,170,0,0,0
historical_frozen_i20m_h8_s7_state0_mac0,frozen,historical,final,8,7,i20m,0,0,25000000,25000000,25000004,cohort,23500000,1768,462,0,13,1111,181,0,1,1
historical_frozen_i20m_h8_s7_state0_mac0,frozen,historical,final,8,7,i20m,0,0,25000000,25000000,25000004,cohort,23600000,1755,467,0,11,1105,172,0,0,0
historical_frozen_i20m_h8_s7_state0_mac0,frozen,historical,final,8,7,i20m,0,0,25000000,25000000,25000004,cohort,23700000,1834,471,0,17,1170,176,0,0,0
historical_frozen_i20m_h8_s7_state0_mac0,frozen,historical,final,8,7,i20m,0,0,25000000,25000000,25000004,cohort,23800000,1752,466,0,8,1103,175,0,0,0
historical_frozen_i20m_h8_s7_state0_mac0,frozen,historical,final,8,7,i20m,0,0,25000000,25000000,25000004,cohort,23900000,1807,462,0,10,1161,174,0,0,0
historical_frozen_i20m_h8_s7_state0_mac0,frozen,historical,final,8,7,i20m,0,0,25000000,25000000,25000004,cohort,24000000,1744,461,0,9,1097,177,0,0,0
historical_frozen_i20m_h8_s7_state0_mac0,frozen,historical,final,8,7,i20m,0,0,25000000,25000000,25000004,cohort,24100000,1759,463,0,4,1119,173,0,0,0
historical_frozen_i20m_h8_s7_state0_mac0,frozen,historical,final,8,7,i20m,0,0,25000000,25000000,25000004,cohort,24200000,1767,463,0,8,1118,178,0,0,0
historical_frozen_i20m_h8_s7_state0_mac0,frozen,historical,final,8,7,i20m,0,0,25000000,25000000,25000004,cohort,24300000,1773,460,0,3,1139,171,0,0,0
historical_frozen_i20m_h8_s7_state0_mac0,frozen,historical,final,8,7,i20m,0,0,25000000,25000000,25000004,cohort,24400000,1777,462,1,10,1125,177,0,2,2
historical_frozen_i20m_h8_s7_state0_mac0,frozen,historical,final,8,7,i20m,0,0,25000000,25000000,25000004,cohort,24500000,1746,463,0,2,1102,174,0,5,5
historical_frozen_i20m_h8_s7_state0_mac0,frozen,historical,final,8,7,i20m,0,0,25000000,25000000,25000004,cohort,24600000,1816,465,0,0,1160,180,0,11,11
historical_frozen_i20m_h8_s7_state0_mac0,frozen,historical,final,8,7,i20m,0,0,25000000,25000000,25000004,cohort,24700000,1722,462,0,0,1088,169,0,3,3
historical_frozen_i20m_h8_s7_state0_mac0,frozen,historical,final,8,7,i20m,0,0,25000000,25000000,25000004,cohort,24800000,1772,461,0,0,1134,171,0,6,6
historical_frozen_i20m_h8_s7_state0_mac0,frozen,historical,final,8,7,i20m,0,0,25000000,25000000,25000004,cohort,24900000,1770,459,0,0,1123,175,1,12,13
