run_id,arm,protocol,phase,hidden_size,seed,checkpoint,state_capacity,service_case,slice_origin_instructions,simulation_instructions,observed_trace_origin_records,eligible_callbacks,pf_requested,published_versions,positive_actions,training_drops,instructions,l2_load_miss,l2_loads,pf_issued,pq_merged_duplicate_proxy,pf_useful,pf_late,decoder_limit_drops,pf_filled,training_sample_exposures,admitted_decisions,completed_decisions,supervised_decisions,completed_updates,cycles,numerical_failures,pf_useless,state_evictions,input_drops,pf_dropped,output_drops,available_positive_decisions,window,start_instructions,end_instructions,cumulative_cycles,ipc,l2_mpki,l2_load_miss_rate,useful_prefetch_coverage,miss_reduction,raw_accuracy,selected_accuracy,legacy_timeliness,request_pressure,window_cycles_saved_vs_stride,cumulative_cycles_saved_vs_stride,ipc_fraction_of_frozen_i1m,total_eligible_callbacks,total_admitted_decisions,total_completed_decisions,total_supervised_decisions,total_available_positive_decisions,total_positive_actions,total_completed_updates,total_training_sample_exposures,total_published_versions,total_state_evictions,total_input_drops,total_output_drops,total_training_drops,total_decoder_limit_drops,total_numerical_failures
cold_frozen_i1m_h16_s7_state0_mac0,frozen,cold,final,16,7,i1m,0,0,25000000,25000000,25000000,16196.0,19454.0,0.0,0.0,0.0,1000000.0,3550.0,16195.0,19454.0,0.0,5045.0,0.0,0.0,5122.0,0.0,16196.0,16196.0,0.0,0.0,2468073.0,0.0,31.0,0.0,0.0,0.0,0.0,0.0,1,0.0,1000000.0,2468073.0,0.4051744012433992,3.55,0.2192034578573634,0.5869691681210005,0.5869691681210005,0.2593297008327336,0.2593297008327336,1.0,1.2012349490583514,314984.0,314984.0,1.0,16196.0,16196.0,16196.0,0.0,0.0,0.0,0.0,0.0,0.0,0.0,0.0,0.0,0.0,0.0,0.0
cold_frozen_i1m_h16_s7_state0_mac0,frozen,cold,final,16,7,i1m,0,0,25000000,25000000,25000000,16124.0,19390.0,0.0,0.0,0.0,1000000.0,3300.0,16125.0,19390.0,0.0,4716.0,1.0,0.0,4789.0,0.0,16124.0,16124.0,0.0,0.0,2446891.0,0.0,59.0,0.0,0.0,0.0,0.0,0.0,2,1000000.0,2000000.0,4914964.0,0.4086818742641172,3.3,0.20465116279069767,0.5883233532934131,0.5883233532934131,0.24321815368746777,0.24321815368746777,0.9997880008479966,1.2024806201550389,280341.0,595325.0,1.0,32320.0,32320.0,32320.0,0.0,0.0,0.0,0.0,0.0,0.0,0.0,0.0,0.0,0.0,0.0,0.0
cold_frozen_i1m_h16_s7_state0_mac0,frozen,cold,final,16,7,i1m,0,0,25000000,25000000,25000000,16133.0,19408.0,0.0,0.0,0.0,1000000.0,3287.0,16133.0,19408.0,0.0,4714.0,0.0,0.0,4786.0,0.0,16133.0,16133.0,0.0,0.0,2443398.0,0.0,80.0,0.0,0.0,0.0,0.0,0.0,3,2000000.0,3000000.0,7358362.0,0.40926611219293785,3.287,0.20374387900576457,0.5891763529558806,0.5891763529558806,0.24288953009068426,0.24288953009068426,1.0,1.2030000619847518,292099.0,887424.0,1.0,48453.0,48453.0,48453.0,0.0,0.0,0.0,0.0,0.0,0.0,0.0,0.0,0.0,0.0,0.0,0.0
cold_frozen_i1m_h16_s7_state0_mac0,frozen,cold,final,16,7,i1m,0,0,25000000,25000000,25000000,16100.0,19448.0,0.0,0.0,0.0,1000000.0,3270.0,16100.0,19448.0,0.0,4733.0,0.0,0.0,4807.0,0.0,16100.0,16100.0,0.0,0.0,2446163.0,0.0,63.0,0.0,0.0,0.0,0.0,0.0,4,3000000.0,4000000.0,9804525.0,0.4088035016472737,3.27,0.2031055900621118,0.5913293353323338,0.5914542728635682,0.2433669271904566,0.2433669271904566,1.0,1.2079503105590061,295125.0,1182549.0,1.0,64553.0,64553.0,64553.0,0.0,0.0,0.0,0.0,0.0,0.0,0.0,0.0,0.0,0.0,0.0,0.0
cold_frozen_i1m_h16_s7_state0_mac0,frozen,cold,final,16,7,i1m,0,0,25000000,25000000,25000000,16178.0,19562.0,0.0,0.0,0.0,1000000.0,3317.0,16178.0,19562.0,0.0,4727.0,0.0,0.0,4834.0,0.0,16178.0,16178.0,0.0,0.0,2450215.0,0.0,104.0,0.0,0.0,0.0,0.0,0.0,5,4000000.0,5000000.0,12254740.0,0.40812745004009854,3.317,0.20503152429224875,0.587642963699652,0.587642963699652,0.24164195889990797,0.24164195889990797,1.0,1.2091729509210039,292089.0,1474638.0,1.0,80731.0,80731.0,80731.0,0.0,0.0,0.0,0.0,0.0,0.0,0.0,0.0,0.0,0.0,0.0,0.0
cold_frozen_i1m_h16_s7_state0_mac0,frozen,cold,final,16,7,i1m,0,0,25000000,25000000,25000000,16126.0,19480.0,0.0,0.0,0.0,1000000.0,3396.0,16125.0,19480.0,0.0,4693.0,0.0,0.0,4870.0,0.0,16126.0,16126.0,0.0,0.0,2469998.0,0.0,145.0,0.0,0.0,0.0,0.0,0.0,6,5000000.0,6000000.0,14724738.0,0.4048586274158926,3.396,0.2106046511627907,0.5801706020521696,0.5801706020521696,0.24091375770020534,0.24091375770020534,1.0,1.208062015503876,286960.0,1761598.0,1.0,96857.0,96857.0,96857.0,0.0,0.0,0.0,0.0,0.0,0.0,0.0,0.0,0.0,0.0,0.0,0.0
cold_frozen_i1m_h16_s7_state0_mac0,frozen,cold,final,16,7,i1m,0,0,25000000,25000000,25000000,16179.0,19462.0,0.0,0.0,0.0,1000000.0,3373.0,16180.0,19462.0,0.0,4717.0,0.0,0.0,4852.0,0.0,16179.0,16179.0,0.0,0.0,2454140.0,0.0,157.0,0.0,0.0,0.0,0.0,0.0,7,6000000.0,7000000.0,17178878.0,0.40747471619386016,3.373,0.2084672435105068,0.5830655129789865,0.5830655129789865,0.24236974617202753,0.24236974617202753,1.0,1.2028430160692212,274999.0,2036597.0,1.0,113036.0,113036.0,113036.0,0.0,0.0,0.0,0.0,0.0,0.0,0.0,0.0,0.0,0.0,0.0,0.0
cold_frozen_i1m_h16_s7_state0_mac0,frozen,cold,final,16,7,i1m,0,0,25000000,25000000,25000000,16131.0,19496.0,0.0,0.0,0.0,1000000.0,3291.0,16131.0,19496.0,0.0,4726.0,0.0,0.0,4843.0,0.0,16131.0,16131.0,0.0,0.0,2442776.0,0.0,126.0,0.0,0.0,0.0,0.0,0.0,8,7000000.0,8000000.0,19621654.0,0.40937032294406034,3.291,0.20401710991259067,0.5894973181988274,0.5894973181988274,0.24240869922035288,0.24240869922035288,1.0,1.2086045502448701,284922.0,2321519.0,1.0,129167.0,129167.0,129167.0,0.0,0.0,0.0,0.0,0.0,0.0,0.0,0.0,0.0,0.0,0.0,0.0
cold_frozen_i1m_h16_s7_state0_mac0,frozen,cold,final,16,7,i1m,0,0,25000000,25000000,25000000,16161.0,19490.0,0.0,0.0,0.0,1000000.0,3372.0,16161.0,19490.0,0.0,4717.0,0.0,0.0,4857.0,0.0,16161.0,16161.0,0.0,0.0,2467368.0,0.0,143.0,0.0,0.0,0.0,0.0,0.0,9,8000000.0,9000000.0,22089022.0,0.4052901715512238,3.372,0.2086504547985892,0.5831375942638151,0.5831375942638151,0.24202154951257054,0.24202154951257054,1.0,1.2059897283583936,279736.0,2601255.0,1.0,145328.0,145328.0,145328.0,0.0,0.0,0.0,0.0,0.0,0.0,0.0,0.0,0.0,0.0,0.0,0.0
cold_frozen_i1m_h16_s7_state0_mac0,frozen,cold,final,16,7,i1m,0,0,25000000,25000000,25000000,16148.0,19418.0,0.0,0.0,0.0,1000000.0,3351.0,16148.0,19418.0,0.0,4697.0,1.0,0.0,4810.0,0.0,16148.0,16148.0,0.0,0.0,2449317.0,0.0,108.0,0.0,0.0,0.0,0.0,0.0,10,9000000.0,10000000.0,24538339.0,0.4082770829582288,3.351,0.2075179588803567,0.5836232604373758,0.5836232604373758,0.24188896899783704,0.24188896899783704,0.9997871434653044,1.2025018578152094,279791.0,2881046.0,1.0,161476.0,161476.0,161476.0,0.0,0.0,0.0,0.0,0.0,0.0,0.0,0.0,0.0,0.0,0.0,0.0
cold_frozen_i1m_h16_s7_state0_mac0,frozen,cold,final,16,7,i1m,0,0,25000000,25000000,25000000,16137.0,19400.0,0.0,0.0,0.0,1000000.0,3301.0,16137.0,19400.0,0.0,4713.0,2.0,0.0,4797.0,0.0,16137.0,16137.0,0.0,0.0,2447366.0,0.0,88.0,0.0,0.0,0.0,0.0,0.0,11,10000000.0,11000000.0,26985705.0,0.4086025547466133,3.301,0.20456094689223522,0.5880958322934864,0.5880958322934864,0.2429381443298969,0.2429381443298969,0.999575821845175,1.2022061101815702,283187.0,3164233.0,1.0,177613.0,177613.0,177613.0,0.0,0.0,0.0,0.0,0.0,0.0,0.0,0.0,0.0,0.0,0.0,0.0
cold_frozen_i1m_h16_s7_state0_mac0,frozen,cold,final,16,7,i1m,0,0,25000000,25000000,25000000,16443.0,19816.0,0.0,0.0,0.0,1000000.0,3870.0,16443.0,19816.0,0.0,4771.0,49.0,0.0,5102.0,0.0,16443.0,16443.0,0.0,0.0,2544804.0,0.0,180.0,0.0,0.0,0.0,0.0,0.0,12,11000000.0,12000000.0,29530509.0,0.3929575715850808,3.87,0.23535851122058019,0.5521351695405624,0.5521351695405624,0.24076503835284618,0.24076503835284618,0.9898340248962656,1.2051328832938029,284363.0,3448596.0,1.0,194056.0,194056.0,194056.0,0.0,0.0,0.0,0.0,0.0,0.0,0.0,0.0,0.0,0.0,0.0,0.0
cold_frozen_i1m_h16_s7_state0_mac0,frozen,cold,final,16,7,i1m,0,0,25000000,25000000,25000000,16477.0,19490.0,0.0,0.0,0.0,1000000.0,4052.0,16477.0,19490.0,0.0,4710.0,37.0,0.0,5048.0,0.0,16477.0,16477.0,0.0,0.0,2588028.0,0.0,392.0,0.0,0.0,0.0,0.0,0.0,13,12000000.0,13000000.0,32118537.0,0.3863945830570612,4.052,0.24591855313467256,0.5376098618879124,0.5374957196667047,0.24166239096972805,0.24166239096972805,0.9922056035390773,1.1828609576986102,293875.0,3742471.0,1.0,210533.0,210533.0,210533.0,0.0,0.0,0.0,0.0,0.0,0.0,0.0,0.0,0.0,0.0,0.0,0.0
cold_frozen_i1m_h16_s7_state0_mac0,frozen,cold,final,16,7,i1m,0,0,25000000,25000000,25000000,16478.0,19736.0,0.0,0.0,0.0,1000000.0,4047.0,16478.0,19736.0,0.0,5013.0,9.0,0.0,5359.0,0.0,16478.0,16478.0,0.0,0.0,2597320.0,0.0,402.0,0.0,0.0,0.0,0.0,0.0,14,13000000.0,14000000.0,34715857.0,0.38501224338933976,4.047,0.24560019419832504,0.5533723369025279,0.5532619494425434,0.25400283745439806,0.25400283745439806,0.9982078853046595,1.1977181696807866,311049.0,4053520.0,1.0,227011.0,227011.0,227011.0,0.0,0.0,0.0,0.0,0.0,0.0,0.0,0.0,0.0,0.0,0.0,0.0
cold_frozen_i1m_h16_s7_state0_mac0,frozen,cold,final,16,7,i1m,0,0,25000000,25000000,25000000,16096.0,19422.0,0.0,0.0,0.0,1000000.0,3310.0,16096.0,19422.0,0.0,4738.0,0.0,0.0,4865.0,0.0,16096.0,16096.0,0.0,0.0,2449365.0,0.0,155.0,0.0,0.0,0.0,0.0,0.0,15,14000000.0,15000000.0,37165222.0,0.4082690819865557,3.31,0.20564115308151093,0.5887176938369781,0.5887176938369781,0.24395015961281022,0.24395015961281022,1.0,1.2066351888667992,286349.0,4339869.0,1.0,243107.0,243107.0,243107.0,0.0,0.0,0.0,0.0,0.0,0.0,0.0,0.0,0.0,0.0,0.0,0.0
cold_frozen_i1m_h16_s7_state0_mac0,frozen,cold,final,16,7,i1m,0,0,25000000,25000000,25000000,16111.0,19492.0,0.0,0.0,0.0,1000000.0,3298.0,16111.0,19492.0,0.0,4731.0,0.0,0.0,4843.0,0.0,16111.0,16111.0,0.0,0.0,2449539.0,0.0,132.0,0.0,0.0,0.0,0.0,0.0,16,15000000.0,16000000.0,39614761.0,0.4082400810928097,3.298,0.20470486003351748,0.5893124065769806,0.5891878425510713,0.242714959983583,0.242714959983583,1.0,1.2098566197008256,286436.0,4626305.0,1.0,259218.0,259218.0,259218.0,0.0,0.0,0.0,0.0,0.0,0.0,0.0,0.0,0.0,0.0,0.0,0.0
cold_frozen_i1m_h16_s7_state0_mac0,frozen,cold,final,16,7,i1m,0,0,25000000,25000000,25000000,16140.0,19494.0,0.0,0.0,0.0,1000000.0,3314.0,16140.0,19494.0,0.0,4724.0,0.0,0.0,4846.0,0.0,16140.0,16140.0,0.0,0.0,2449429.0,0.0,106.0,0.0,0.0,0.0,0.0,0.0,17,16000000.0,17000000.0,42064190.0,0.4082584145121169,3.314,0.20532837670384138,0.5877083851704404,0.5877083851704404,0.2423309736329127,0.2423309736329127,1.0,1.2078066914498142,293336.0,4919641.0,1.0,275358.0,275358.0,275358.0,0.0,0.0,0.0,0.0,0.0,0.0,0.0,0.0,0.0,0.0,0.0,0.0
cold_frozen_i1m_h16_s7_state0_mac0,frozen,cold,final,16,7,i1m,0,0,25000000,25000000,25000000,16122.0,19492.0,0.0,0.0,0.0,1000000.0,3315.0,16122.0,19492.0,0.0,4731.0,0.0,0.0,4844.0,0.0,16122.0,16122.0,0.0,0.0,2452208.0,0.0,120.0,0.0,0.0,0.0,0.0,0.0,18,17000000.0,18000000.0,44516398.0,0.4077957497895774,3.315,0.20561965016747302,0.5879940343027591,0.5879940343027591,0.242714959983583,0.242714959983583,1.0,1.2090311375759832,282447.0,5202088.0,1.0,291480.0,291480.0,291480.0,0.0,0.0,0.0,0.0,0.0,0.0,0.0,0.0,0.0,0.0,0.0,0.0
cold_frozen_i1m_h16_s7_state0_mac0,frozen,cold,final,16,7,i1m,0,0,25000000,25000000,25000000,16101.0,19488.0,0.0,0.0,0.0,1000000.0,3263.0,16101.0,19488.0,0.0,4736.0,0.0,0.0,4818.0,0.0,16101.0,16101.0,0.0,0.0,2445313.0,0.0,100.0,0.0,0.0,0.0,0.0,0.0,19,18000000.0,19000000.0,46961711.0,0.40894560328268814,3.263,0.20265821998633626,0.5920740092511564,0.5920740092511564,0.24302134646962234,0.24302134646962234,1.0,1.2103596049934786,294530.0,5496618.0,1.0,307581.0,307581.0,307581.0,0.0,0.0,0.0,0.0,0.0,0.0,0.0,0.0,0.0,0.0,0.0,0.0
cold_frozen_i1m_h16_s7_state0_mac0,frozen,cold,final,16,7,i1m,0,0,25000000,25000000,25000000,16119.0,19484.0,0.0,0.0,0.0,1000000.0,3303.0,16119.0,19484.0,0.0,4718.0,0.0,0.0,4823.0,0.0,16119.0,16119.0,0.0,0.0,2444543.0,0.0,87.0,0.0,0.0,0.0,0.0,0.0,20,19000000.0,20000000.0,49406254.0,0.4090744159542295,3.303,0.20491345616973758,0.5882059593566887,0.5882059593566887,0.24214740299733115,0.24214740299733115,1.0,1.2087598486258453,287200.0,5783818.0,1.0,323700.0,323700.0,323700.0,0.0,0.0,0.0,0.0,0.0,0.0,0.0,0.0,0.0,0.0,0.0,0.0
cold_frozen_i1m_h16_s7_state0_mac0,frozen,cold,final,16,7,i1m,0,0,25000000,25000000,25000000,16118.0,19438.0,0.0,0.0,0.0,1000000.0,3289.0,16118.0,19438.0,0.0,4737.0,0.0,0.0,4835.0,0.0,16118.0,16118.0,0.0,0.0,2439661.0,0.0,104.0,0.0,0.0,0.0,0.0,0.0,21,20000000.0,21000000.0,51845915.0,0.4098930138244617,3.289,0.204057575381561,0.5902068278096188,0.5902068278096188,0.2436979113077477,0.2436979113077477,1.0,1.2059808909293956,291631.0,6075449.0,1.0,339818.0,339818.0,339818.0,0.0,0.0,0.0,0.0,0.0,0.0,0.0,0.0,0.0,0.0,0.0,0.0
cold_frozen_i1m_h16_s7_state0_mac0,frozen,cold,final,16,7,i1m,0,0,25000000,25000000,25000000,16084.0,19422.0,0.0,0.0,0.0,1000000.0,3311.0,16084.0,19422.0,0.0,4727.0,0.0,0.0,4830.0,0.0,16084.0,16084.0,0.0,0.0,2458458.0,0.0,102.0,0.0,0.0,0.0,0.0,0.0,22,21000000.0,22000000.0,54304373.0,0.40675903350799564,3.311,0.20585675205172843,0.5880816123413785,0.5880816123413785,0.24338379157656267,0.24338379157656267,1.0,1.207535438945536,285886.0,6361335.0,1.0,355902.0,355902.0,355902.0,0.0,0.0,0.0,0.0,0.0,0.0,0.0,0.0,0.0,0.0,0.0,0.0
cold_frozen_i1m_h16_s7_state0_mac0,frozen,cold,final,16,7,i1m,0,0,25000000,25000000,25000000,16132.0,19594.0,0.0,0.0,0.0,1000000.0,3308.0,16132.0,19594.0,0.0,4737.0,0.0,0.0,4862.0,0.0,16132.0,16132.0,0.0,0.0,2447788.0,0.0,111.0,0.0,0.0,0.0,0.0,0.0,23,22000000.0,23000000.0,56752161.0,0.40853211144102347,3.308,0.20505826927845278,0.5888129272840273,0.5888129272840273,0.24175768092273145,0.24175768092273145,1.0,1.2146045127696503,278730.0,6640065.0,1.0,372034.0,372034.0,372034.0,0.0,0.0,0.0,0.0,0.0,0.0,0.0,0.0,0.0,0.0,0.0,0.0
cold_frozen_i1m_h16_s7_state0_mac0,frozen,cold,final,16,7,i1m,0,0,25000000,25000000,25000000,16130.0,19620.0,0.0,0.0,0.0,1000000.0,3310.0,16130.0,19620.0,0.0,4717.0,0.0,0.0,4855.0,0.0,16130.0,16130.0,0.0,0.0,2436602.0,0.0,143.0,0.0,0.0,0.0,0.0,0.0,24,23000000.0,24000000.0,59188763.0,0.4104076086287379,3.31,0.20520768753874769,0.5876417092313442,0.5876417092313442,0.24041794087665647,0.24041794087665647,1.0,1.2163670179789212,275182.0,6915247.0,1.0,388164.0,388164.0,388164.0,0.0,0.0,0.0,0.0,0.0,0.0,0.0,0.0,0.0,0.0,0.0,0.0
cold_frozen_i1m_h16_s7_state0_mac0,frozen,cold,final,16,7,i1m,0,0,25000000,25000000,25000000,16107.0,19448.0,0.0,0.0,0.0,1000000.0,3224.0,16107.0,19448.0,0.0,4756.0,0.0,0.0,4826.0,0.0,16107.0,16107.0,0.0,0.0,2308412.0,0.0,91.0,0.0,0.0,0.0,0.0,0.0,25,24000000.0,25000000.0,61497175.0,0.43319823324432555,3.224,0.20016142050040356,0.5959899749373434,0.5959899749373434,0.24454956807897985,0.24454956807897985,1.0,1.2074253430185633,85303.0,7000550.0,1.0,404271.0,404271.0,404271.0,0.0,0.0,0.0,0.0,0.0,0.0,0.0,0.0,0.0,0.0,0.0,0.0
cold_frozen_i1m_h8_s7_state0_mac0,frozen,cold,final,8,7,i1m,0,0,25000000,25000000,25000000,16196.0,19443.0,0.0,0.0,0.0,1000000.0,3556.0,16195.0,19443.0,0.0,5039.0,0.0,0.0,5113.0,0.0,16196.0,16196.0,0.0,0.0,2468218.0,0.0,32.0,0.0,0.0,0.0,0.0,0.0,1,0.0,1000000.0,2468218.0,0.4051505985289792,3.556,0.21957394257486879,0.5862710878417685,0.5862710878417685,0.25916782389548937,0.25916782389548937,1.0,1.2005557270762581,314839.0,314839.0,1.0,16196.0,16196.0,16196.0,0.0,0.0,0.0,0.0,0.0,0.0,0.0,0.0,0.0,0.0,0.0,0.0
cold_frozen_i1m_h8_s7_state0_mac0,frozen,cold,final,8,7,i1m,0,0,25000000,25000000,25000000,16124.0,19332.0,0.0,0.0,0.0,1000000.0,3310.0,16125.0,19332.0,0.0,4706.0,0.0,0.0,4769.0,0.0,16124.0,16124.0,0.0,0.0,2448510.0,0.0,55.0,0.0,0.0,0.0,0.0,0.0,2,1000000.0,2000000.0,4916728.0,0.40841164626650495,3.31,0.20527131782945737,0.5870758483033932,0.5870758483033932,0.24343058141940824,0.24343058141940824,1.0,1.1988837209302325,278722.0,593561.0,1.0,32320.0,32320.0,32320.0,0.0,0.0,0.0,0.0,0.0,0.0,0.0,0.0,0.0,0.0,0.0,0.0
cold_frozen_i1m_h8_s7_state0_mac0,frozen,cold,final,8,7,i1m,0,0,25000000,25000000,25000000,16133.0,19380.0,0.0,0.0,0.0,1000000.0,3287.0,16133.0,19380.0,0.0,4714.0,0.0,0.0,4782.0,0.0,16133.0,16133.0,0.0,0.0,2443451.0,0.0,65.0,0.0,0.0,0.0,0.0,0.0,3,2000000.0,3000000.0,7360179.0,0.4092572349517138,3.287,0.20374387900576457,0.5891763529558806,0.5891763529558806,0.24324045407636738,0.24324045407636738,1.0,1.2012644889357218,292046.0,885607.0,1.0,48453.0,48453.0,48453.0,0.0,0.0,0.0,0.0,0.0,0.0,0.0,0.0,0.0,0.0,0.0,0.0
cold_frozen_i1m_h8_s7_state0_mac0,frozen,cold,final,8,7,i1m,0,0,25000000,25000000,25000000,16100.0,19470.0,0.0,0.0,0.0,1000000.0,3272.0,16100.0,19470.0,0.0,4731.0,1.0,0.0,4808.0,0.0,16100.0,16100.0,0.0,0.0,2446499.0,0.0,65.0,0.0,0.0,0.0,0.0,0.0,4,3000000.0,4000000.0,9806678.0,0.4087473569374032,3.272,0.20322981366459628,0.591079460269865,0.5912043978010995,0.24298921417565486,0.24298921417565486,0.9997886728655959,1.2093167701863354,294789.0,1180396.0,1.0,64553.0,64553.0,64553.0,0.0,0.0,0.0,0.0,0.0,0.0,0.0,0.0,0.0,0.0,0.0,0.0
cold_frozen_i1m_h8_s7_state0_mac0,frozen,cold,final,8,7,i1m,0,0,25000000,25000000,25000000,16178.0,19532.0,0.0,0.0,0.0,1000000.0,3324.0,16178.0,19532.0,0.0,4720.0,1.0,0.0,4821.0,0.0,16178.0,16178.0,0.0,0.0,2451041.0,0.0,107.0,0.0,0.0,0.0,0.0,0.0,5,4000000.0,5000000.0,12257719.0,0.40798991122547523,3.324,0.20546421065644702,0.5867727498756837,0.5867727498756837,0.24165472045873437,0.24165472045873437,0.9997881804702393,1.2073185807887254,291263.0,1471659.0,1.0,80731.0,80731.0,80731.0,0.0,0.0,0.0,0.0,0.0,0.0,0.0,0.0,0.0,0.0,0.0,0.0
cold_frozen_i1m_h8_s7_state0_mac0,frozen,cold,final,8,7,i1m,0,0,25000000,25000000,25000000,16126.0,19438.0,0.0,0.0,0.0,1000000.0,3404.0,16125.0,19438.0,0.0,4685.0,0.0,0.0,4849.0,0.0,16126.0,16126.0,0.0,0.0,2471477.0,0.0,129.0,0.0,0.0,0.0,0.0,0.0,6,5000000.0,6000000.0,14729196.0,0.40461634884726827,3.404,0.21110077519379844,0.5791816046482878,0.5791816046482878,0.24102273896491408,0.24102273896491408,1.0,1.2054573643410853,285481.0,1757140.0,1.0,96857.0,96857.0,96857.0,0.0,0.0,0.0,0.0,0.0,0.0,0.0,0.0,0.0,0.0,0.0,0.0
cold_frozen_i1m_h8_s7_state0_mac0,frozen,cold,final,8,7,i1m,0,0,25000000,25000000,25000000,16179.0,19442.0,0.0,0.0,0.0,1000000.0,3387.0,16180.0,19442.0,0.0,4703.0,0.0,0.0,4840.0,0.0,16179.0,16179.0,0.0,0.0,2455836.0,0.0,151.0,0.0,0.0,0.0,0.0,0.0,7,6000000.0,7000000.0,17185032.0,0.4071933142115353,3.387,0.20933250927070457,0.5813349814585909,0.5813349814585909,0.24189898158625656,0.24189898158625656,1.0,1.2016069221260817,273303.0,2030443.0,1.0,113036.0,113036.0,113036.0,0.0,0.0,0.0,0.0,0.0,0.0,0.0,0.0,0.0,0.0,0.0,0.0
cold_frozen_i1m_h8_s7_state0_mac0,frozen,cold,final,8,7,i1m,0,0,25000000,25000000,25000000,16131.0,19520.0,0.0,0.0,0.0,1000000.0,3291.0,16131.0,19520.0,0.0,4726.0,0.0,0.0,4847.0,0.0,16131.0,16131.0,0.0,0.0,2442874.0,0.0,131.0,0.0,0.0,0.0,0.0,0.0,8,7000000.0,8000000.0,19627906.0,0.40935390036489805,3.291,0.20401710991259067,0.5894973181988274,0.5894973181988274,0.2421106557377049,0.2421106557377049,1.0,1.2100923687310148,284824.0,2315267.0,1.0,129167.0,129167.0,129167.0,0.0,0.0,0.0,0.0,0.0,0.0,0.0,0.0,0.0,0.0,0.0,0.0
cold_frozen_i1m_h8_s7_state0_mac0,frozen,cold,final,8,7,i1m,0,0,25000000,25000000,25000000,16161.0,19438.0,0.0,0.0,0.0,1000000.0,3385.0,16161.0,19438.0,0.0,4704.0,0.0,0.0,4832.0,0.0,16161.0,16161.0,0.0,0.0,2468754.0,0.0,140.0,0.0,0.0,0.0,0.0,0.0,9,8000000.0,9000000.0,22096660.0,0.4050626348352246,3.385,0.2094548604665553,0.5815304734825071,0.5815304734825071,0.2420002057824879,0.2420002057824879,1.0,1.2027721056865293,278350.0,2593617.0,1.0,145328.0,145328.0,145328.0,0.0,0.0,0.0,0.0,0.0,0.0,0.0,0.0,0.0,0.0,0.0,0.0
cold_frozen_i1m_h8_s7_state0_mac0,frozen,cold,final,8,7,i1m,0,0,25000000,25000000,25000000,16148.0,19376.0,0.0,0.0,0.0,1000000.0,3353.0,16148.0,19376.0,0.0,4695.0,0.0,0.0,4799.0,0.0,16148.0,16148.0,0.0,0.0,2449635.0,0.0,98.0,0.0,0.0,0.0,0.0,0.0,10,9000000.0,10000000.0,24546295.0,0.40822408236329083,3.353,0.2076418132276443,0.5833747514910537,0.5833747514910537,0.24231007431874485,0.24231007431874485,1.0,1.19990091652217,279473.0,2873090.0,1.0,161476.0,161476.0,161476.0,0.0,0.0,0.0,0.0,0.0,0.0,0.0,0.0,0.0,0.0,0.0,0.0
cold_frozen_i1m_h8_s7_state0_mac0,frozen,cold,final,8,7,i1m,0,0,25000000,25000000,25000000,16137.0,19396.0,0.0,0.0,0.0,1000000.0,3296.0,16137.0,19396.0,0.0,4718.0,1.0,0.0,4798.0,0.0,16137.0,16137.0,0.0,0.0,2447084.0,0.0,81.0,0.0,0.0,0.0,0.0,0.0,11,10000000.0,11000000.0,26993379.0,0.408649641777724,3.296,0.20425109995662144,0.5887197404542052,0.5887197404542052,0.24324603010930088,0.24324603010930088,0.9997880906971816,1.2019582326330793,283469.0,3156559.0,1.0,177613.0,177613.0,177613.0,0.0,0.0,0.0,0.0,0.0,0.0,0.0,0.0,0.0,0.0,0.0,0.0
cold_frozen_i1m_h8_s7_state0_mac0,frozen,cold,final,8,7,i1m,0,0,25000000,25000000,25000000,16443.0,19176.0,0.0,0.0,0.0,1000000.0,4041.0,16443.0,19176.0,0.0,4600.0,12.0,0.0,4831.0,0.0,16443.0,16443.0,0.0,0.0,2568013.0,0.0,154.0,0.0,0.0,0.0,0.0,0.0,12,11000000.0,12000000.0,29561392.0,0.3894061283957675,4.041,0.24575807334428024,0.5323457933109593,0.5323457933109593,0.23988318731748018,0.23988318731748018,0.997398091934085,1.1662105455208904,261154.0,3417713.0,1.0,194056.0,194056.0,194056.0,0.0,0.0,0.0,0.0,0.0,0.0,0.0,0.0,0.0,0.0,0.0,0.0
cold_frozen_i1m_h8_s7_state0_mac0,frozen,cold,final,8,7,i1m,0,0,25000000,25000000,25000000,16477.0,18974.0,0.0,0.0,0.0,1000000.0,4180.0,16477.0,18974.0,0.0,4582.0,5.0,0.0,4830.0,0.0,16477.0,16477.0,0.0,0.0,2609593.0,0.0,240.0,0.0,0.0,0.0,0.0,0.0,13,12000000.0,13000000.0,32170985.0,0.3832015183976965,4.18,0.25368695757722887,0.5229996575733363,0.5228855153521288,0.24148835248234427,0.24148835248234427,0.9989099629387399,1.1515445772895552,272310.0,3690023.0,1.0,210533.0,210533.0,210533.0,0.0,0.0,0.0,0.0,0.0,0.0,0.0,0.0,0.0,0.0,0.0,0.0
cold_frozen_i1m_h8_s7_state0_mac0,frozen,cold,final,8,7,i1m,0,0,25000000,25000000,25000000,16478.0,19647.0,0.0,0.0,0.0,1000000.0,4075.0,16478.0,19647.0,0.0,4985.0,5.0,0.0,5322.0,0.0,16478.0,16478.0,0.0,0.0,2601253.0,0.0,385.0,0.0,0.0,0.0,0.0,0.0,14,13000000.0,14000000.0,34772238.0,0.38443011886963707,4.075,0.2472994295424202,0.5502814880229606,0.550171100562976,0.2537283045757622,0.2537283045757622,0.998997995991984,1.1923170287656268,307116.0,3997139.0,1.0,227011.0,227011.0,227011.0,0.0,0.0,0.0,0.0,0.0,0.0,0.0,0.0,0.0,0.0,0.0,0.0
cold_frozen_i1m_h8_s7_state0_mac0,frozen,cold,final,8,7,i1m,0,0,25000000,25000000,25000000,16096.0,19416.0,0.0,0.0,0.0,1000000.0,3310.0,16096.0,19416.0,0.0,4738.0,0.0,0.0,4862.0,0.0,16096.0,16096.0,0.0,0.0,2449209.0,0.0,149.0,0.0,0.0,0.0,0.0,0.0,15,14000000.0,15000000.0,37221447.0,0.408295086291125,3.31,0.20564115308151093,0.5887176938369781,0.5887176938369781,0.24402554594149156,0.24402554594149156,1.0,1.2062624254473162,286505.0,4283644.0,1.0,243107.0,243107.0,243107.0,0.0,0.0,0.0,0.0,0.0,0.0,0.0,0.0,0.0,0.0,0.0,0.0
cold_frozen_i1m_h8_s7_state0_mac0,frozen,cold,final,8,7,i1m,0,0,25000000,25000000,25000000,16111.0,19482.0,0.0,0.0,0.0,1000000.0,3298.0,16111.0,19482.0,0.0,4731.0,0.0,0.0,4839.0,0.0,16111.0,16111.0,0.0,0.0,2449539.0,0.0,129.0,0.0,0.0,0.0,0.0,0.0,16,15000000.0,16000000.0,39670986.0,0.4082400810928097,3.298,0.20470486003351748,0.5893124065769806,0.5891878425510713,0.2428395441946412,0.2428395441946412,1.0,1.2092359257650054,286436.0,4570080.0,1.0,259218.0,259218.0,259218.0,0.0,0.0,0.0,0.0,0.0,0.0,0.0,0.0,0.0,0.0,0.0,0.0
cold_frozen_i1m_h8_s7_state0_mac0,frozen,cold,final,8,7,i1m,0,0,25000000,25000000,25000000,16140.0,19372.0,0.0,0.0,0.0,1000000.0,3331.0,16140.0,19372.0,0.0,4707.0,0.0,0.0,4800.0,0.0,16140.0,16140.0,0.0,0.0,2452646.0,0.0,84.0,0.0,0.0,0.0,0.0,0.0,17,16000000.0,17000000.0,42123632.0,0.40772292454761105,3.331,0.2063816604708798,0.5855934312017915,0.5855934312017915,0.24297955812512906,0.24297955812512906,1.0,1.2002478314745972,290119.0,4860199.0,1.0,275358.0,275358.0,275358.0,0.0,0.0,0.0,0.0,0.0,0.0,0.0,0.0,0.0,0.0,0.0,0.0
cold_frozen_i1m_h8_s7_state0_mac0,frozen,cold,final,8,7,i1m,0,0,25000000,25000000,25000000,16122.0,19330.0,0.0,0.0,0.0,1000000.0,3342.0,16122.0,19330.0,0.0,4704.0,0.0,0.0,4779.0,0.0,16122.0,16122.0,0.0,0.0,2456840.0,0.0,83.0,0.0,0.0,0.0,0.0,0.0,18,17000000.0,18000000.0,44580472.0,0.4070269126194624,3.342,0.20729438034983252,0.5846383296047726,0.5846383296047726,0.24335230212105535,0.24335230212105535,1.0,1.198982756481826,277815.0,5138014.0,1.0,291480.0,291480.0,291480.0,0.0,0.0,0.0,0.0,0.0,0.0,0.0,0.0,0.0,0.0,0.0,0.0
cold_frozen_i1m_h8_s7_state0_mac0,frozen,cold,final,8,7,i1m,0,0,25000000,25000000,25000000,16101.0,19440.0,0.0,0.0,0.0,1000000.0,3267.0,16101.0,19440.0,0.0,4732.0,0.0,0.0,4808.0,0.0,16101.0,16101.0,0.0,0.0,2446176.0,0.0,83.0,0.0,0.0,0.0,0.0,0.0,19,18000000.0,19000000.0,47026648.0,0.40880132909488115,3.267,0.2029066517607602,0.591573946743343,0.591573946743343,0.2434156378600823,0.2434156378600823,1.0,1.2073784237003913,293667.0,5431681.0,1.0,307581.0,307581.0,307581.0,0.0,0.0,0.0,0.0,0.0,0.0,0.0,0.0,0.0,0.0,0.0,0.0
cold_frozen_i1m_h8_s7_state0_mac0,frozen,cold,final,8,7,i1m,0,0,25000000,25000000,25000000,16119.0,19472.0,0.0,0.0,0.0,1000000.0,3309.0,16119.0,19472.0,0.0,4712.0,0.0,0.0,4816.0,0.0,16119.0,16119.0,0.0,0.0,2444857.0,0.0,87.0,0.0,0.0,0.0,0.0,0.0,20,19000000.0,20000000.0,49471505.0,0.409021877353154,3.309,0.205285687697748,0.5874579229522503,0.5874579229522503,0.24198849630238292,0.24198849630238292,1.0,1.2080153855698244,286886.0,5718567.0,1.0,323700.0,323700.0,323700.0,0.0,0.0,0.0,0.0,0.0,0.0,0.0,0.0,0.0,0.0,0.0,0.0
cold_frozen_i1m_h8_s7_state0_mac0,frozen,cold,final,8,7,i1m,0,0,25000000,25000000,25000000,16118.0,19432.0,0.0,0.0,0.0,1000000.0,3289.0,16118.0,19432.0,0.0,4737.0,0.0,0.0,4834.0,0.0,16118.0,16118.0,0.0,0.0,2439661.0,0.0,101.0,0.0,0.0,0.0,0.0,0.0,21,20000000.0,21000000.0,51911166.0,0.4098930138244617,3.289,0.204057575381561,0.5902068278096188,0.5902068278096188,0.24377315767805682,0.24377315767805682,1.0,1.2056086363072342,291631.0,6010198.0,1.0,339818.0,339818.0,339818.0,0.0,0.0,0.0,0.0,0.0,0.0,0.0,0.0,0.0,0.0,0.0,0.0
cold_frozen_i1m_h8_s7_state0_mac0,frozen,cold,final,8,7,i1m,0,0,25000000,25000000,25000000,16084.0,19356.0,0.0,0.0,0.0,1000000.0,3320.0,16084.0,19356.0,0.0,4718.0,0.0,0.0,4811.0,0.0,16084.0,16084.0,0.0,0.0,2460037.0,0.0,93.0,0.0,0.0,0.0,0.0,0.0,22,21000000.0,22000000.0,54371203.0,0.40649795104707775,3.32,0.20641631434966426,0.5869619308285643,0.5869619308285643,0.24374870841082869,0.24374870841082869,1.0,1.2034319820940065,284307.0,6294505.0,1.0,355902.0,355902.0,355902.0,0.0,0.0,0.0,0.0,0.0,0.0,0.0,0.0,0.0,0.0,0.0,0.0
cold_frozen_i1m_h8_s7_state0_mac0,frozen,cold,final,8,7,i1m,0,0,25000000,25000000,25000000,16132.0,19564.0,0.0,0.0,0.0,1000000.0,3309.0,16132.0,19564.0,0.0,4736.0,0.0,0.0,4859.0,0.0,16132.0,16132.0,0.0,0.0,2447958.0,0.0,111.0,0.0,0.0,0.0,0.0,0.0,23,22000000.0,23000000.0,56819161.0,0.4085037406687533,3.309,0.20512025787255145,0.5886886264760721,0.5886886264760721,0.24207728480883256,0.24207728480883256,1.0,1.2127448549466897,278560.0,6573065.0,1.0,372034.0,372034.0,372034.0,0.0,0.0,0.0,0.0,0.0,0.0,0.0,0.0,0.0,0.0,0.0,0.0
cold_frozen_i1m_h8_s7_state0_mac0,frozen,cold,final,8,7,i1m,0,0,25000000,25000000,25000000,16130.0,19616.0,0.0,0.0,0.0,1000000.0,3312.0,16130.0,19616.0,0.0,4715.0,0.0,0.0,4848.0,0.0,16130.0,16130.0,0.0,0.0,2436990.0,0.0,130.0,0.0,0.0,0.0,0.0,0.0,24,23000000.0,24000000.0,59256151.0,0.4103422664844747,3.312,0.20533168009919406,0.5873925501432665,0.5873925501432665,0.24036500815660686,0.24036500815660686,1.0,1.2161190328580285,274794.0,6847859.0,1.0,388164.0,388164.0,388164.0,0.0,0.0,0.0,0.0,0.0,0.0,0.0,0.0,0.0,0.0,0.0,0.0
cold_frozen_i1m_h8_s7_state0_mac0,frozen,cold,final,8,7,i1m,0,0,25000000,25000000,25000000,16107.0,19414.0,0.0,0.0,0.0,1000000.0,3227.0,16107.0,19414.0,0.0,4753.0,0.0,0.0,4813.0,0.0,16107.0,16107.0,0.0,0.0,2310249.0,0.0,91.0,0.0,0.0,0.0,0.0,0.0,25,24000000.0,25000000.0,61566400.0,0.43285377463641367,3.227,0.20034767492394612,0.5956140350877193,0.5956140350877193,0.2448233233748841,0.2448233233748841,1.0,1.2053144595517478,83466.0,6931325.0,1.0,404271.0,404271.0,404271.0,0.0,0.0,0.0,0.0,0.0,0.0,0.0,0.0,0.0,0.0,0.0,0.0
cold_frozen_i1m_h8_s7_state64_mac0,frozen,cold,final,8,7,i1m,64,0,25000000,25000000,25000000,16196.0,19443.0,0.0,0.0,0.0,1000000.0,3556.0,16195.0,19443.0,0.0,5039.0,0.0,0.0,5113.0,0.0,16196.0,16196.0,0.0,0.0,2468218.0,0.0,32.0,0.0,0.0,0.0,0.0,0.0,1,0.0,1000000.0,2468218.0,0.4051505985289792,3.556,0.21957394257486879,0.5862710878417685,0.5862710878417685,0.25916782389548937,0.25916782389548937,1.0,1.2005557270762581,314839.0,314839.0,1.0,16196.0,16196.0,16196.0,0.0,0.0,0.0,0.0,0.0,0.0,0.0,0.0,0.0,0.0,0.0,0.0
cold_frozen_i1m_h8_s7_state64_mac0,frozen,cold,final,8,7,i1m,64,0,25000000,25000000,25000000,16124.0,19332.0,0.0,0.0,0.0,1000000.0,3310.0,16125.0,19332.0,0.0,4706.0,0.0,0.0,4769.0,0.0,16124.0,16124.0,0.0,0.0,2448510.0,0.0,55.0,0.0,0.0,0.0,0.0,0.0,2,1000000.0,2000000.0,4916728.0,0.40841164626650495,3.31,0.20527131782945737,0.5870758483033932,0.5870758483033932,0.24343058141940824,0.24343058141940824,1.0,1.1988837209302325,278722.0,593561.0,1.0,32320.0,32320.0,32320.0,0.0,0.0,0.0,0.0,0.0,0.0,0.0,0.0,0.0,0.0,0.0,0.0
cold_frozen_i1m_h8_s7_state64_mac0,frozen,cold,final,8,7,i1m,64,0,25000000,25000000,25000000,16133.0,19380.0,0.0,0.0,0.0,1000000.0,3287.0,16133.0,19380.0,0.0,4714.0,0.0,0.0,4782.0,0.0,16133.0,16133.0,0.0,0.0,2443451.0,0.0,65.0,0.0,0.0,0.0,0.0,0.0,3,2000000.0,3000000.0,7360179.0,0.4092572349517138,3.287,0.20374387900576457,0.5891763529558806,0.5891763529558806,0.24324045407636738,0.24324045407636738,1.0,1.2012644889357218,292046.0,885607.0,1.0,48453.0,48453.0,48453.0,0.0,0.0,0.0,0.0,0.0,0.0,0.0,0.0,0.0,0.0,0.0,0.0
cold_frozen_i1m_h8_s7_state64_mac0,frozen,cold,final,8,7,i1m,64,0,25000000,25000000,25000000,16100.0,19470.0,0.0,0.0,0.0,1000000.0,3272.0,16100.0,19470.0,0.0,4731.0,1.0,0.0,4808.0,0.0,16100.0,16100.0,0.0,0.0,2446499.0,0.0,65.0,0.0,0.0,0.0,0.0,0.0,4,3000000.0,4000000.0,9806678.0,0.4087473569374032,3.272,0.20322981366459628,0.591079460269865,0.5912043978010995,0.24298921417565486,0.24298921417565486,0.9997886728655959,1.2093167701863354,294789.0,1180396.0,1.0,64553.0,64553.0,64553.0,0.0,0.0,0.0,0.0,0.0,0.0,0.0,0.0,0.0,0.0,0.0,0.0
cold_frozen_i1m_h8_s7_state64_mac0,frozen,cold,final,8,7,i1m,64,0,25000000,25000000,25000000,16178.0,19532.0,0.0,0.0,0.0,1000000.0,3324.0,16178.0,19532.0,0.0,4720.0,1.0,0.0,4821.0,0.0,16178.0,16178.0,0.0,0.0,2451041.0,0.0,107.0,0.0,0.0,0.0,0.0,0.0,5,4000000.0,5000000.0,12257719.0,0.40798991122547523,3.324,0.20546421065644702,0.5867727498756837,0.5867727498756837,0.24165472045873437,0.24165472045873437,0.9997881804702393,1.2073185807887254,291263.0,1471659.0,1.0,80731.0,80731.0,80731.0,0.0,0.0,0.0,0.0,0.0,0.0,0.0,0.0,0.0,0.0,0.0,0.0
cold_frozen_i1m_h8_s7_state64_mac0,frozen,cold,final,8,7,i1m,64,0,25000000,25000000,25000000,16126.0,19438.0,0.0,0.0,0.0,1000000.0,3404.0,16125.0,19438.0,0.0,4685.0,0.0,0.0,4849.0,0.0,16126.0,16126.0,0.0,0.0,2471477.0,0.0,129.0,0.0,0.0,0.0,0.0,0.0,6,5000000.0,6000000.0,14729196.0,0.40461634884726827,3.404,0.21110077519379844,0.5791816046482878,0.5791816046482878,0.24102273896491408,0.24102273896491408,1.0,1.2054573643410853,285481.0,1757140.0,1.0,96857.0,96857.0,96857.0,0.0,0.0,0.0,0.0,0.0,0.0,0.0,0.0,0.0,0.0,0.0,0.0
cold_frozen_i1m_h8_s7_state64_mac0,frozen,cold,final,8,7,i1m,64,0,25000000,25000000,25000000,16179.0,19442.0,0.0,0.0,0.0,1000000.0,3387.0,16180.0,19442.0,0.0,4703.0,0.0,0.0,4840.0,0.0,16179.0,16179.0,0.0,0.0,2455836.0,0.0,151.0,0.0,0.0,0.0,0.0,0.0,7,6000000.0,7000000.0,17185032.0,0.4071933142115353,3.387,0.20933250927070457,0.5813349814585909,0.5813349814585909,0.24189898158625656,0.24189898158625656,1.0,1.2016069221260817,273303.0,2030443.0,1.0,113036.0,113036.0,113036.0,0.0,0.0,0.0,0.0,0.0,0.0,0.0,0.0,0.0,0.0,0.0,0.0
cold_frozen_i1m_h8_s7_state64_mac0,frozen,cold,final,8,7,i1m,64,0,25000000,25000000,25000000,16131.0,19520.0,0.0,0.0,0.0,1000000.0,3291.0,16131.0,19520.0,0.0,4726.0,0.0,0.0,4847.0,0.0,16131.0,16131.0,0.0,0.0,2442874.0,0.0,131.0,0.0,0.0,0.0,0.0,0.0,8,7000000.0,8000000.0,19627906.0,0.40935390036489805,3.291,0.20401710991259067,0.5894973181988274,0.5894973181988274,0.2421106557377049,0.2421106557377049,1.0,1.2100923687310148,284824.0,2315267.0,1.0,129167.0,129167.0,129167.0,0.0,0.0,0.0,0.0,0.0,0.0,0.0,0.0,0.0,0.0,0.0,0.0
cold_frozen_i1m_h8_s7_state64_mac0,frozen,cold,final,8,7,i1m,64,0,25000000,25000000,25000000,16161.0,19438.0,0.0,0.0,0.0,1000000.0,3385.0,16161.0,19438.0,0.0,4704.0,0.0,0.0,4832.0,0.0,16161.0,16161.0,0.0,0.0,2468754.0,0.0,140.0,0.0,0.0,0.0,0.0,0.0,9,8000000.0,9000000.0,22096660.0,0.4050626348352246,3.385,0.2094548604665553,0.5815304734825071,0.5815304734825071,0.2420002057824879,0.2420002057824879,1.0,1.2027721056865293,278350.0,2593617.0,1.0,145328.0,145328.0,145328.0,0.0,0.0,0.0,0.0,0.0,0.0,0.0,0.0,0.0,0.0,0.0,0.0
cold_frozen_i1m_h8_s7_state64_mac0,frozen,cold,final,8,7,i1m,64,0,25000000,25000000,25000000,16148.0,19376.0,0.0,0.0,0.0,1000000.0,3353.0,16148.0,19376.0,0.0,4695.0,0.0,0.0,4799.0,0.0,16148.0,16148.0,0.0,0.0,2449635.0,0.0,98.0,0.0,0.0,0.0,0.0,0.0,10,9000000.0,10000000.0,24546295.0,0.40822408236329083,3.353,0.2076418132276443,0.5833747514910537,0.5833747514910537,0.24231007431874485,0.24231007431874485,1.0,1.19990091652217,279473.0,2873090.0,1.0,161476.0,161476.0,161476.0,0.0,0.0,0.0,0.0,0.0,0.0,0.0,0.0,0.0,0.0,0.0,0.0
cold_frozen_i1m_h8_s7_state64_mac0,frozen,cold,final,8,7,i1m,64,0,25000000,25000000,25000000,16137.0,19396.0,0.0,0.0,0.0,1000000.0,3296.0,16137.0,19396.0,0.0,4718.0,1.0,0.0,4798.0,0.0,16137.0,16137.0,0.0,0.0,2447084.0,0.0,81.0,0.0,0.0,0.0,0.0,0.0,11,10000000.0,11000000.0,26993379.0,0.408649641777724,3.296,0.20425109995662144,0.5887197404542052,0.5887197404542052,0.24324603010930088,0.24324603010930088,0.9997880906971816,1.2019582326330793,283469.0,3156559.0,1.0,177613.0,177613.0,177613.0,0.0,0.0,0.0,0.0,0.0,0.0,0.0,0.0,0.0,0.0,0.0,0.0
cold_frozen_i1m_h8_s7_state64_mac0,frozen,cold,final,8,7,i1m,64,0,25000000,25000000,25000000,16443.0,19176.0,0.0,0.0,0.0,1000000.0,4041.0,16443.0,19176.0,0.0,4600.0,12.0,0.0,4831.0,0.0,16443.0,16443.0,0.0,0.0,2568013.0,0.0,154.0,0.0,0.0,0.0,0.0,0.0,12,11000000.0,12000000.0,29561392.0,0.3894061283957675,4.041,0.24575807334428024,0.5323457933109593,0.5323457933109593,0.23988318731748018,0.23988318731748018,0.997398091934085,1.1662105455208904,261154.0,3417713.0,1.0,194056.0,194056.0,194056.0,0.0,0.0,0.0,0.0,0.0,0.0,0.0,0.0,0.0,0.0,0.0,0.0
cold_frozen_i1m_h8_s7_state64_mac0,frozen,cold,final,8,7,i1m,64,0,25000000,25000000,25000000,16477.0,18974.0,0.0,0.0,0.0,1000000.0,4180.0,16477.0,18974.0,0.0,4582.0,5.0,0.0,4830.0,0.0,16477.0,16477.0,0.0,0.0,2609593.0,0.0,240.0,0.0,0.0,0.0,0.0,0.0,13,12000000.0,13000000.0,32170985.0,0.3832015183976965,4.18,0.25368695757722887,0.5229996575733363,0.5228855153521288,0.24148835248234427,0.24148835248234427,0.9989099629387399,1.1515445772895552,272310.0,3690023.0,1.0,210533.0,210533.0,210533.0,0.0,0.0,0.0,0.0,0.0,0.0,0.0,0.0,0.0,0.0,0.0,0.0
cold_frozen_i1m_h8_s7_state64_mac0,frozen,cold,final,8,7,i1m,64,0,25000000,25000000,25000000,16478.0,19644.0,0.0,0.0,0.0,1000000.0,4075.0,16478.0,19644.0,0.0,4985.0,5.0,0.0,5321.0,0.0,16478.0,16478.0,0.0,0.0,2601133.0,0.0,384.0,30.0,0.0,0.0,0.0,0.0,14,13000000.0,14000000.0,34772118.0,0.38444785406974574,4.075,0.2472994295424202,0.5502814880229606,0.550171100562976,0.2537670535532478,0.2537670535532478,0.998997995991984,1.1921349678359023,307236.0,3997259.0,1.0,227011.0,227011.0,227011.0,0.0,0.0,0.0,0.0,0.0,0.0,30.0,0.0,0.0,0.0,0.0,0.0
cold_frozen_i1m_h8_s7_state64_mac0,frozen,cold,final,8,7,i1m,64,0,25000000,25000000,25000000,16096.0,19414.0,0.0,0.0,0.0,1000000.0,3310.0,16096.0,19414.0,0.0,4738.0,0.0,0.0,4861.0,0.0,16096.0,16096.0,0.0,0.0,2449209.0,0.0,148.0,0.0,0.0,0.0,0.0,0.0,15,14000000.0,15000000.0,37221327.0,0.408295086291125,3.31,0.20564115308151093,0.5887176938369781,0.5887176938369781,0.244050685072628,0.244050685072628,1.0,1.206138170974155,286505.0,4283764.0,1.0,243107.0,243107.0,243107.0,0.0,0.0,0.0,0.0,0.0,0.0,30.0,0.0,0.0,0.0,0.0,0.0
cold_frozen_i1m_h8_s7_state64_mac0,frozen,cold,final,8,7,i1m,64,0,25000000,25000000,25000000,16111.0,19480.0,0.0,0.0,0.0,1000000.0,3299.0,16111.0,19480.0,0.0,4729.0,0.0,0.0,4837.0,0.0,16111.0,16111.0,0.0,0.0,2449919.0,0.0,129.0,0.0,0.0,0.0,0.0,0.0,16,15000000.0,16000000.0,39671246.0,0.4081767601296206,3.299,0.2047669294270995,0.5890632785251619,0.5890632785251619,0.2427618069815195,0.2427618069815195,1.0,1.2091117869778412,286056.0,4569820.0,1.0,259218.0,259218.0,259218.0,0.0,0.0,0.0,0.0,0.0,0.0,30.0,0.0,0.0,0.0,0.0,0.0
cold_frozen_i1m_h8_s7_state64_mac0,frozen,cold,final,8,7,i1m,64,0,25000000,25000000,25000000,16140.0,19364.0,0.0,0.0,0.0,1000000.0,3331.0,16140.0,19364.0,0.0,4707.0,0.0,0.0,4799.0,0.0,16140.0,16140.0,0.0,0.0,2452646.0,0.0,84.0,0.0,0.0,0.0,0.0,0.0,17,16000000.0,17000000.0,42123892.0,0.40772292454761105,3.331,0.2063816604708798,0.5855934312017915,0.5855934312017915,0.2430799421607106,0.2430799421607106,1.0,1.1997521685254027,290119.0,4859939.0,1.0,275358.0,275358.0,275358.0,0.0,0.0,0.0,0.0,0.0,0.0,30.0,0.0,0.0,0.0,0.0,0.0
cold_frozen_i1m_h8_s7_state64_mac0,frozen,cold,final,8,7,i1m,64,0,25000000,25000000,25000000,16122.0,19324.0,0.0,0.0,0.0,1000000.0,3343.0,16122.0,19324.0,0.0,4703.0,0.0,0.0,4778.0,0.0,16122.0,16122.0,0.0,0.0,2457060.0,0.0,82.0,0.0,0.0,0.0,0.0,0.0,18,17000000.0,18000000.0,44580952.0,0.4069904682832328,3.343,0.20735640739362363,0.5845140442455878,0.5845140442455878,0.2433761126060857,0.2433761126060857,1.0,1.1986105942190795,277595.0,5137534.0,1.0,291480.0,291480.0,291480.0,0.0,0.0,0.0,0.0,0.0,0.0,30.0,0.0,0.0,0.0,0.0,0.0
cold_frozen_i1m_h8_s7_state64_mac0,frozen,cold,final,8,7,i1m,64,0,25000000,25000000,25000000,16101.0,19440.0,0.0,0.0,0.0,1000000.0,3267.0,16101.0,19440.0,0.0,4732.0,0.0,0.0,4808.0,0.0,16101.0,16101.0,0.0,0.0,2446176.0,0.0,83.0,0.0,0.0,0.0,0.0,0.0,19,18000000.0,19000000.0,47027128.0,0.40880132909488115,3.267,0.2029066517607602,0.591573946743343,0.591573946743343,0.2434156378600823,0.2434156378600823,1.0,1.2073784237003913,293667.0,5431201.0,1.0,307581.0,307581.0,307581.0,0.0,0.0,0.0,0.0,0.0,0.0,30.0,0.0,0.0,0.0,0.0,0.0
cold_frozen_i1m_h8_s7_state64_mac0,frozen,cold,final,8,7,i1m,64,0,25000000,25000000,25000000,16119.0,19472.0,0.0,0.0,0.0,1000000.0,3309.0,16119.0,19472.0,0.0,4712.0,0.0,0.0,4816.0,0.0,16119.0,16119.0,0.0,0.0,2444857.0,0.0,87.0,0.0,0.0,0.0,0.0,0.0,20,19000000.0,20000000.0,49471985.0,0.409021877353154,3.309,0.205285687697748,0.5874579229522503,0.5874579229522503,0.24198849630238292,0.24198849630238292,1.0,1.2080153855698244,286886.0,5718087.0,1.0,323700.0,323700.0,323700.0,0.0,0.0,0.0,0.0,0.0,0.0,30.0,0.0,0.0,0.0,0.0,0.0
cold_frozen_i1m_h8_s7_state64_mac0,frozen,cold,final,8,7,i1m,64,0,25000000,25000000,25000000,16118.0,19432.0,0.0,0.0,0.0,1000000.0,3289.0,16118.0,19432.0,0.0,4737.0,0.0,0.0,4834.0,0.0,16118.0,16118.0,0.0,0.0,2439661.0,0.0,101.0,0.0,0.0,0.0,0.0,0.0,21,20000000.0,21000000.0,51911646.0,0.4098930138244617,3.289,0.204057575381561,0.5902068278096188,0.5902068278096188,0.24377315767805682,0.24377315767805682,1.0,1.2056086363072342,291631.0,6009718.0,1.0,339818.0,339818.0,339818.0,0.0,0.0,0.0,0.0,0.0,0.0,30.0,0.0,0.0,0.0,0.0,0.0
cold_frozen_i1m_h8_s7_state64_mac0,frozen,cold,final,8,7,i1m,64,0,25000000,25000000,25000000,16084.0,19356.0,0.0,0.0,0.0,1000000.0,3320.0,16084.0,19356.0,0.0,4718.0,0.0,0.0,4811.0,0.0,16084.0,16084.0,0.0,0.0,2460037.0,0.0,93.0,0.0,0.0,0.0,0.0,0.0,22,21000000.0,22000000.0,54371683.0,0.40649795104707775,3.32,0.20641631434966426,0.5869619308285643,0.5869619308285643,0.24374870841082869,0.24374870841082869,1.0,1.2034319820940065,284307.0,6294025.0,1.0,355902.0,355902.0,355902.0,0.0,0.0,0.0,0.0,0.0,0.0,30.0,0.0,0.0,0.0,0.0,0.0
cold_frozen_i1m_h8_s7_state64_mac0,frozen,cold,final,8,7,i1m,64,0,25000000,25000000,25000000,16132.0,19564.0,0.0,0.0,0.0,1000000.0,3309.0,16132.0,19564.0,0.0,4736.0,0.0,0.0,4859.0,0.0,16132.0,16132.0,0.0,0.0,2447958.0,0.0,111.0,0.0,0.0,0.0,0.0,0.0,23,22000000.0,23000000.0,56819641.0,0.4085037406687533,3.309,0.20512025787255145,0.5886886264760721,0.5886886264760721,0.24207728480883256,0.24207728480883256,1.0,1.2127448549466897,278560.0,6572585.0,1.0,372034.0,372034.0,372034.0,0.0,0.0,0.0,0.0,0.0,0.0,30.0,0.0,0.0,0.0,0.0,0.0
cold_frozen_i1m_h8_s7_state64_mac0,frozen,cold,final,8,7,i1m,64,0,25000000,25000000,25000000,16130.0,19616.0,0.0,0.0,0.0,1000000.0,3312.0,16130.0,19616.0,0.0,4715.0,0.0,0.0,4848.0,0.0,16130.0,16130.0,0.0,0.0,2436990.0,0.0,130.0,0.0,0.0,0.0,0.0,0.0,24,23000000.0,24000000.0,59256631.0,0.4103422664844747,3.312,0.20533168009919406,0.5873925501432665,0.5873925501432665,0.24036500815660686,0.24036500815660686,1.0,1.2161190328580285,274794.0,6847379.0,1.0,388164.0,388164.0,388164.0,0.0,0.0,0.0,0.0,0.0,0.0,30.0,0.0,0.0,0.0,0.0,0.0
cold_frozen_i1m_h8_s7_state64_mac0,frozen,cold,final,8,7,i1m,64,0,25000000,25000000,25000000,16107.0,19414.0,0.0,0.0,0.0,1000000.0,3227.0,16107.0,19414.0,0.0,4753.0,0.0,0.0,4813.0,0.0,16107.0,16107.0,0.0,0.0,2310059.0,0.0,91.0,0.0,0.0,0.0,0.0,0.0,25,24000000.0,25000000.0,61566690.0,0.4328893764185244,3.227,0.20034767492394612,0.5956140350877193,0.5956140350877193,0.2448233233748841,0.2448233233748841,1.0,1.2053144595517478,83656.0,6931035.0,1.0,404271.0,404271.0,404271.0,0.0,0.0,0.0,0.0,0.0,0.0,30.0,0.0,0.0,0.0,0.0,0.0
cold_frozen_i1m_h8_s7_state64_mac16,frozen,cold,final,8,7,i1m,64,16,25000000,25000000,25000000,16196.0,6880.0,0.0,0.0,0.0,1000000.0,8538.0,16195.0,6880.0,0.0,57.0,1.0,0.0,86.0,0.0,6207.0,6190.0,0.0,0.0,2793995.0,0.0,11.0,0.0,9989.0,0.0,0.0,0.0,1,0.0,1000000.0,2793995.0,0.35791044722699933,8.538,0.5271997530101883,0.006631762652705061,0.006631762652705061,0.008284883720930232,0.008284883720930232,0.9827586206896551,0.424822476072862,-10938.0,-10938.0,1.0,16196.0,6207.0,6190.0,0.0,0.0,0.0,0.0,0.0,0.0,0.0,9989.0,0.0,0.0,0.0,0.0
cold_frozen_i1m_h8_s7_state64_mac16,frozen,cold,final,8,7,i1m,64,16,25000000,25000000,25000000,16124.0,6709.0,0.0,0.0,0.0,1000000.0,7970.0,16125.0,6709.0,0.0,46.0,0.0,0.0,73.0,0.0,6072.0,6072.0,0.0,0.0,2744096.0,0.0,25.0,0.0,10052.0,0.0,0.0,0.0,2,1000000.0,2000000.0,5538091.0,0.3644187375368792,7.97,0.49426356589147286,0.005738522954091816,0.005738522954091816,0.006856461469667611,0.006856461469667611,1.0,0.41606201550387595,-16864.0,-27802.0,1.0,32320.0,12279.0,12262.0,0.0,0.0,0.0,0.0,0.0,0.0,0.0,20041.0,0.0,0.0,0.0,0.0
cold_frozen_i1m_h8_s7_state64_mac16,frozen,cold,final,8,7,i1m,64,16,25000000,25000000,25000000,16133.0,6742.0,0.0,0.0,0.0,1000000.0,7948.0,16133.0,6742.0,0.0,53.0,0.0,0.0,89.0,0.0,6073.0,6073.0,0.0,0.0,2747096.0,0.0,32.0,0.0,10060.0,0.0,0.0,0.0,3,2000000.0,3000000.0,8285187.0,0.3640207695690285,7.948,0.4926548069174983,0.006624171978502687,0.006624171978502687,0.007861168792643133,0.007861168792643133,1.0,0.4179011963057088,-11599.0,-39401.0,1.0,48453.0,18352.0,18335.0,0.0,0.0,0.0,0.0,0.0,0.0,0.0,30101.0,0.0,0.0,0.0,0.0
cold_frozen_i1m_h8_s7_state64_mac16,frozen,cold,final,8,7,i1m,64,16,25000000,25000000,25000000,16100.0,6863.0,0.0,0.0,0.0,1000000.0,7951.0,16100.0,6863.0,0.0,53.0,0.0,0.0,96.0,0.0,6046.0,6046.0,0.0,0.0,2753241.0,0.0,36.0,0.0,10054.0,0.0,0.0,0.0,4,3000000.0,4000000.0,11038428.0,0.3632083061381114,7.951,0.49385093167701866,0.006621689155422289,0.006621689155422289,0.007722570304531546,0.007722570304531546,1.0,0.4262732919254658,-11953.0,-51354.0,1.0,64553.0,24398.0,24381.0,0.0,0.0,0.0,0.0,0.0,0.0,0.0,40155.0,0.0,0.0,0.0,0.0
cold_frozen_i1m_h8_s7_state64_mac16,frozen,cold,final,8,7,i1m,64,16,25000000,25000000,25000000,16178.0,6700.0,0.0,0.0,0.0,1000000.0,7997.0,16178.0,6700.0,0.0,47.0,0.0,0.0,104.0,0.0,6108.0,6109.0,0.0,0.0,2753111.0,0.0,65.0,0.0,10070.0,0.0,0.0,0.0,5,4000000.0,5000000.0,13791539.0,0.36322545658347954,7.997,0.4943132649276796,0.0058428642466434606,0.0058428642466434606,0.007014925373134328,0.007014925373134328,1.0,0.41414266287550994,-10807.0,-62161.0,1.0,80731.0,30506.0,30490.0,0.0,0.0,0.0,0.0,0.0,0.0,0.0,50225.0,0.0,0.0,0.0,0.0
cold_frozen_i1m_h8_s7_state64_mac16,frozen,cold,final,8,7,i1m,64,16,25000000,25000000,25000000,16126.0,6672.0,0.0,0.0,0.0,1000000.0,8026.0,16125.0,6672.0,0.0,63.0,0.0,0.0,153.0,0.0,6161.0,6160.0,0.0,0.0,2772235.0,0.0,54.0,0.0,9965.0,0.0,0.0,0.0,6,5000000.0,6000000.0,16563774.0,0.36071978024950985,8.026,0.49773643410852714,0.007788354555569292,0.007788354555569292,0.009442446043165468,0.009442446043165468,1.0,0.4137674418604651,-15277.0,-77438.0,1.0,96857.0,36667.0,36650.0,0.0,0.0,0.0,0.0,0.0,0.0,0.0,60190.0,0.0,0.0,0.0,0.0
cold_frozen_i1m_h8_s7_state64_mac16,frozen,cold,final,8,7,i1m,64,16,25000000,25000000,25000000,16179.0,6454.0,0.0,0.0,0.0,1000000.0,8047.0,16180.0,6454.0,0.0,43.0,0.0,0.0,105.0,0.0,6159.0,6159.0,0.0,0.0,2745706.0,0.0,87.0,0.0,10020.0,0.0,0.0,0.0,7,6000000.0,7000000.0,19309480.0,0.36420505327227315,8.047,0.49734239802224967,0.005315203955500618,0.005315203955500618,0.006662534862101023,0.006662534862101023,1.0,0.3988875154511743,-16567.0,-94005.0,1.0,113036.0,42826.0,42809.0,0.0,0.0,0.0,0.0,0.0,0.0,0.0,70210.0,0.0,0.0,0.0,0.0
cold_frozen_i1m_h8_s7_state64_mac16,frozen,cold,final,8,7,i1m,64,16,25000000,25000000,25000000,16131.0,6616.0,0.0,0.0,0.0,1000000.0,7959.0,16131.0,6616.0,0.0,58.0,0.0,0.0,112.0,0.0,6078.0,6079.0,0.0,0.0,2739399.0,0.0,65.0,0.0,10053.0,0.0,0.0,0.0,8,7000000.0,8000000.0,22048879.0,0.365043573426142,7.959,0.49339780546773293,0.0072346264188599225,0.0072346264188599225,0.008766626360338573,0.008766626360338573,1.0,0.410141962680553,-11701.0,-105706.0,1.0,129167.0,48904.0,48888.0,0.0,0.0,0.0,0.0,0.0,0.0,0.0,80263.0,0.0,0.0,0.0,0.0
cold_frozen_i1m_h8_s7_state64_mac16,frozen,cold,final,8,7,i1m,64,16,25000000,25000000,25000000,16161.0,6582.0,0.0,0.0,0.0,1000000.0,8036.0,16161.0,6582.0,0.0,53.0,0.0,0.0,117.0,0.0,6177.0,6176.0,0.0,0.0,2766835.0,0.0,57.0,0.0,9984.0,0.0,0.0,0.0,9,8000000.0,9000000.0,24815714.0,0.3614237928897097,8.036,0.497246457521193,0.006552107800717023,0.006552107800717023,0.008052263749620175,0.008052263749620175,1.0,0.4072767774271394,-19731.0,-125437.0,1.0,145328.0,55081.0,55064.0,0.0,0.0,0.0,0.0,0.0,0.0,0.0,90247.0,0.0,0.0,0.0,0.0
cold_frozen_i1m_h8_s7_state64_mac16,frozen,cold,final,8,7,i1m,64,16,25000000,25000000,25000000,16148.0,6708.0,0.0,0.0,0.0,1000000.0,8004.0,16148.0,6708.0,0.0,44.0,0.0,0.0,86.0,0.0,6054.0,6055.0,0.0,0.0,2742853.0,0.0,42.0,0.0,10094.0,0.0,0.0,0.0,10,9000000.0,10000000.0,27558567.0,0.3645838840069081,8.004,0.49566509784493434,0.0054671968190854875,0.0054671968190854875,0.00655933214072749,0.00655933214072749,1.0,0.41540748080257617,-13745.0,-139182.0,1.0,161476.0,61135.0,61119.0,0.0,0.0,0.0,0.0,0.0,0.0,0.0,100341.0,0.0,0.0,0.0,0.0
cold_frozen_i1m_h8_s7_state64_mac16,frozen,cold,final,8,7,i1m,64,16,25000000,25000000,25000000,16137.0,6580.0,0.0,0.0,0.0,1000000.0,7965.0,16137.0,6580.0,0.0,49.0,0.0,0.0,78.0,0.0,6111.0,6110.0,0.0,0.0,2745415.0,0.0,33.0,0.0,10026.0,0.0,0.0,0.0,11,10000000.0,11000000.0,30303982.0,0.3642436571520153,7.965,0.4935861684327942,0.0061142999750436735,0.0061142999750436735,0.007446808510638298,0.007446808510638298,1.0,0.4077585672677697,-14862.0,-154044.0,1.0,177613.0,67246.0,67229.0,0.0,0.0,0.0,0.0,0.0,0.0,0.0,110367.0,0.0,0.0,0.0,0.0
cold_frozen_i1m_h8_s7_state64_mac16,frozen,cold,final,8,7,i1m,64,16,25000000,25000000,25000000,16443.0,6728.0,0.0,0.0,0.0,1000000.0,8599.0,16443.0,6728.0,0.0,42.0,0.0,0.0,192.0,0.0,6414.0,6414.0,0.0,0.0,2860086.0,0.0,94.0,0.0,10029.0,0.0,0.0,0.0,12,11000000.0,12000000.0,33164068.0,0.3496398360049313,8.599,0.5229580976707413,0.004860548547621803,0.004860548547621803,0.00624256837098692,0.00624256837098692,1.0,0.4091710758377425,-30919.0,-184963.0,1.0,194056.0,73660.0,73643.0,0.0,0.0,0.0,0.0,0.0,0.0,0.0,120396.0,0.0,0.0,0.0,0.0
cold_frozen_i1m_h8_s7_state64_mac16,frozen,cold,final,8,7,i1m,64,16,25000000,25000000,25000000,16477.0,6662.0,0.0,0.0,0.0,1000000.0,8709.0,16477.0,6662.0,0.0,53.0,1.0,0.0,204.0,0.0,6596.0,6596.0,0.0,0.0,2910311.0,0.0,146.0,0.0,9881.0,0.0,0.0,0.0,13,12000000.0,13000000.0,36074379.0,0.34360588954238913,8.709,0.5285549553923651,0.006049537724004109,0.0059353955027964846,0.00795556889822876,0.00795556889822876,0.9814814814814815,0.4043211749711719,-28408.0,-213371.0,1.0,210533.0,80256.0,80239.0,0.0,0.0,0.0,0.0,0.0,0.0,0.0,130277.0,0.0,0.0,0.0,0.0
cold_frozen_i1m_h8_s7_state64_mac16,frozen,cold,final,8,7,i1m,64,16,25000000,25000000,25000000,16478.0,6987.0,0.0,0.0,0.0,1000000.0,9009.0,16478.0,6987.0,0.0,50.0,0.0,0.0,252.0,0.0,6481.0,6481.0,0.0,0.0,2927257.0,0.0,223.0,0.0,9997.0,0.0,0.0,0.0,14,13000000.0,14000000.0,39001636.0,0.34161674222659644,9.009,0.5467289719626168,0.0055193729992272875,0.0055193729992272875,0.007156147130385,0.007156147130385,1.0,0.42401990532831657,-18888.0,-232259.0,1.0,227011.0,86737.0,86720.0,0.0,0.0,0.0,0.0,0.0,0.0,0.0,140274.0,0.0,0.0,0.0,0.0
cold_frozen_i1m_h8_s7_state64_mac16,frozen,cold,final,8,7,i1m,64,16,25000000,25000000,25000000,16096.0,6750.0,0.0,0.0,0.0,1000000.0,7989.0,16096.0,6750.0,0.0,59.0,0.0,0.0,132.0,0.0,5989.0,5989.0,0.0,0.0,2750998.0,0.0,102.0,0.0,10107.0,0.0,0.0,0.0,15,14000000.0,15000000.0,41752634.0,0.36350444456884373,7.989,0.4963344930417495,0.007331013916500994,0.007331013916500994,0.00874074074074074,0.00874074074074074,1.0,0.41935884691848907,-15284.0,-247543.0,1.0,243107.0,92726.0,92709.0,0.0,0.0,0.0,0.0,0.0,0.0,0.0,150381.0,0.0,0.0,0.0,0.0
cold_frozen_i1m_h8_s7_state64_mac16,frozen,cold,final,8,7,i1m,64,16,25000000,25000000,25000000,16111.0,6560.0,0.0,0.0,0.0,1000000.0,7968.0,16111.0,6560.0,0.0,60.0,0.0,0.0,123.0,0.0,6048.0,6049.0,0.0,0.0,2747592.0,0.0,73.0,0.0,10063.0,0.0,0.0,0.0,16,15000000.0,16000000.0,44500226.0,0.36395505591805477,7.968,0.4945689280615728,0.007473841554559043,0.007473841554559043,0.009146341463414634,0.009146341463414634,1.0,0.40717522189808203,-11617.0,-259160.0,1.0,259218.0,98774.0,98758.0,0.0,0.0,0.0,0.0,0.0,0.0,0.0,160444.0,0.0,0.0,0.0,0.0
cold_frozen_i1m_h8_s7_state64_mac16,frozen,cold,final,8,7,i1m,64,16,25000000,25000000,25000000,16140.0,6596.0,0.0,0.0,0.0,1000000.0,7985.0,16140.0,6596.0,0.0,53.0,0.0,0.0,107.0,0.0,6050.0,6049.0,0.0,0.0,2752209.0,0.0,49.0,0.0,10090.0,0.0,0.0,0.0,17,16000000.0,17000000.0,47252435.0,0.3633444989097848,7.985,0.4947335811648079,0.006593680019905449,0.006593680019905449,0.008035172832019405,0.008035172832019405,1.0,0.40867410161090456,-9444.0,-268604.0,1.0,275358.0,104824.0,104807.0,0.0,0.0,0.0,0.0,0.0,0.0,0.0,170534.0,0.0,0.0,0.0,0.0
cold_frozen_i1m_h8_s7_state64_mac16,frozen,cold,final,8,7,i1m,64,16,25000000,25000000,25000000,16122.0,6540.0,0.0,0.0,0.0,1000000.0,8005.0,16122.0,6540.0,0.0,41.0,0.0,0.0,89.0,0.0,6067.0,6068.0,0.0,0.0,2750891.0,0.0,57.0,0.0,10055.0,0.0,0.0,0.0,18,17000000.0,18000000.0,50003326.0,0.3635185836152723,8.005,0.4965264855476988,0.00509569972657221,0.00509569972657221,0.006269113149847095,0.006269113149847095,1.0,0.40565686639374765,-16236.0,-284840.0,1.0,291480.0,110891.0,110875.0,0.0,0.0,0.0,0.0,0.0,0.0,0.0,180589.0,0.0,0.0,0.0,0.0
cold_frozen_i1m_h8_s7_state64_mac16,frozen,cold,final,8,7,i1m,64,16,25000000,25000000,25000000,16101.0,6594.0,0.0,0.0,0.0,1000000.0,7945.0,16101.0,6594.0,0.0,54.0,0.0,0.0,95.0,0.0,6052.0,6051.0,0.0,0.0,2752713.0,0.0,37.0,0.0,10049.0,0.0,0.0,0.0,19,18000000.0,19000000.0,52756039.0,0.36327797340296647,7.945,0.4934476119495684,0.006750843855481936,0.006750843855481936,0.00818926296633303,0.00818926296633303,1.0,0.4095397801378796,-12870.0,-297710.0,1.0,307581.0,116943.0,116926.0,0.0,0.0,0.0,0.0,0.0,0.0,0.0,190638.0,0.0,0.0,0.0,0.0
cold_frozen_i1m_h8_s7_state64_mac16,frozen,cold,final,8,7,i1m,64,16,25000000,25000000,25000000,16119.0,6632.0,0.0,0.0,0.0,1000000.0,7964.0,16119.0,6632.0,0.0,57.0,0.0,0.0,108.0,0.0,6015.0,6016.0,0.0,0.0,2745372.0,0.0,45.0,0.0,10104.0,0.0,0.0,0.0,20,19000000.0,20000000.0,55501411.0,0.36424936219936677,7.964,0.4940753148458341,0.007106345842164318,0.007106345842164318,0.00859469240048251,0.00859469240048251,1.0,0.4114399156275203,-13629.0,-311339.0,1.0,323700.0,122958.0,122942.0,0.0,0.0,0.0,0.0,0.0,0.0,0.0,200742.0,0.0,0.0,0.0,0.0
cold_frozen_i1m_h8_s7_state64_mac16,frozen,cold,final,8,7,i1m,64,16,25000000,25000000,25000000,16118.0,6624.0,0.0,0.0,0.0,1000000.0,7974.0,16118.0,6624.0,0.0,52.0,0.0,0.0,99.0,0.0,6014.0,6014.0,0.0,0.0,2743947.0,0.0,47.0,0.0,10104.0,0.0,0.0,0.0,21,20000000.0,21000000.0,58245358.0,0.3644385259627828,7.974,0.49472639285271125,0.00647894343384002,0.00647894343384002,0.00785024154589372,0.00785024154589372,1.0,0.41096910286636057,-12655.0,-323994.0,1.0,339818.0,128972.0,128956.0,0.0,0.0,0.0,0.0,0.0,0.0,0.0,210846.0,0.0,0.0,0.0,0.0
cold_frozen_i1m_h8_s7_state64_mac16,frozen,cold,final,8,7,i1m,64,16,25000000,25000000,25000000,16084.0,6659.0,0.0,0.0,0.0,1000000.0,7984.0,16084.0,6659.0,0.0,54.0,0.0,0.0,114.0,0.0,6044.0,6044.0,0.0,0.0,2758102.0,0.0,60.0,0.0,10040.0,0.0,0.0,0.0,22,21000000.0,22000000.0,61003460.0,0.3625681718805178,7.984,0.49639393185774683,0.006718089076884797,0.006718089076884797,0.00810932572458327,0.00810932572458327,1.0,0.41401392688385974,-13758.0,-337752.0,1.0,355902.0,135016.0,135000.0,0.0,0.0,0.0,0.0,0.0,0.0,0.0,220886.0,0.0,0.0,0.0,0.0
cold_frozen_i1m_h8_s7_state64_mac16,frozen,cold,final,8,7,i1m,64,16,25000000,25000000,25000000,16132.0,6698.0,0.0,0.0,0.0,1000000.0,7986.0,16132.0,6698.0,0.0,59.0,0.0,0.0,122.0,0.0,5977.0,5976.0,0.0,0.0,2740734.0,0.0,59.0,0.0,10155.0,0.0,0.0,0.0,23,22000000.0,23000000.0,63744194.0,0.36486576223741524,7.986,0.49504091247210513,0.007333747669359851,0.007333747669359851,0.008808599581964765,0.008808599581964765,1.0,0.41519960327299776,-14216.0,-351968.0,1.0,372034.0,140993.0,140976.0,0.0,0.0,0.0,0.0,0.0,0.0,0.0,231041.0,0.0,0.0,0.0,0.0
cold_frozen_i1m_h8_s7_state64_mac16,frozen,cold,final,8,7,i1m,64,16,25000000,25000000,25000000,16130.0,6750.0,0.0,0.0,0.0,1000000.0,7976.0,16130.0,6750.0,0.0,51.0,0.0,0.0,114.0,0.0,5902.0,5903.0,0.0,0.0,2723310.0,0.0,70.0,0.0,10228.0,0.0,0.0,0.0,24,23000000.0,24000000.0,66467504.0,0.36720020856971847,7.976,0.4944823310601364,0.0063535567459823096,0.0063535567459823096,0.007555555555555556,0.007555555555555556,1.0,0.4184748915065096,-11526.0,-363494.0,1.0,388164.0,146895.0,146879.0,0.0,0.0,0.0,0.0,0.0,0.0,0.0,241269.0,0.0,0.0,0.0,0.0
cold_frozen_i1m_h8_s7_state64_mac16,frozen,cold,final,8,7,i1m,64,16,25000000,25000000,25000000,16107.0,6180.0,0.0,0.0,0.0,1000000.0,7921.0,16107.0,6180.0,0.0,59.0,0.0,0.0,83.0,0.0,5184.0,5183.0,0.0,0.0,2421976.0,0.0,38.0,0.0,10923.0,0.0,0.0,0.0,25,24000000.0,25000000.0,68889480.0,0.412886007128064,7.921,0.49177376296020364,0.007393483709273183,0.007393483709273183,0.009546925566343041,0.009546925566343041,1.0,0.3836841124976718,-28261.0,-391755.0,1.0,404271.0,152079.0,152062.0,0.0,0.0,0.0,0.0,0.0,0.0,0.0,252192.0,0.0,0.0,0.0,0.0
cold_frozen_i1m_h8_s7_state64_mac4,frozen,cold,final,8,7,i1m,64,4,25000000,25000000,25000000,16196.0,3742.0,0.0,0.0,0.0,1000000.0,8577.0,16195.0,3742.0,0.0,18.0,0.0,0.0,36.0,0.0,3443.0,3426.0,0.0,0.0,2797170.0,0.0,9.0,0.0,12753.0,0.0,0.0,0.0,1,0.0,1000000.0,2797170.0,0.3575041917366481,8.577,0.5296079036739735,0.0020942408376963353,0.0020942408376963353,0.004810261892036344,0.004810261892036344,1.0,0.23105896881753626,-14113.0,-14113.0,1.0,16196.0,3443.0,3426.0,0.0,0.0,0.0,0.0,0.0,0.0,0.0,12753.0,0.0,0.0,0.0,0.0
cold_frozen_i1m_h8_s7_state64_mac4,frozen,cold,final,8,7,i1m,64,4,25000000,25000000,25000000,16124.0,3754.0,0.0,0.0,0.0,1000000.0,8001.0,16125.0,3754.0,0.0,15.0,0.0,0.0,41.0,0.0,3340.0,3340.0,0.0,0.0,2746042.0,0.0,20.0,0.0,12784.0,0.0,0.0,0.0,2,1000000.0,2000000.0,5543212.0,0.36416048989782385,8.001,0.4961860465116279,0.0018712574850299401,0.0018712574850299401,0.003995737879595098,0.003995737879595098,1.0,0.2328062015503876,-18810.0,-32923.0,1.0,32320.0,6783.0,6766.0,0.0,0.0,0.0,0.0,0.0,0.0,0.0,25537.0,0.0,0.0,0.0,0.0
cold_frozen_i1m_h8_s7_state64_mac4,frozen,cold,final,8,7,i1m,64,4,25000000,25000000,25000000,16133.0,3769.0,0.0,0.0,0.0,1000000.0,7982.0,16133.0,3769.0,0.0,19.0,0.0,0.0,47.0,0.0,3340.0,3340.0,0.0,0.0,2750934.0,0.0,26.0,0.0,12793.0,0.0,0.0,0.0,3,2000000.0,3000000.0,8294146.0,0.36351290143638487,7.982,0.49476228847703463,0.002374703162104737,0.002374703162104737,0.0050411249668347044,0.0050411249668347044,1.0,0.23362052934977995,-15437.0,-48360.0,1.0,48453.0,10123.0,10106.0,0.0,0.0,0.0,0.0,0.0,0.0,0.0,38330.0,0.0,0.0,0.0,0.0
cold_frozen_i1m_h8_s7_state64_mac4,frozen,cold,final,8,7,i1m,64,4,25000000,25000000,25000000,16100.0,3783.0,0.0,0.0,0.0,1000000.0,7980.0,16100.0,3783.0,0.0,24.0,1.0,0.0,66.0,0.0,3342.0,3342.0,0.0,0.0,2756984.0,0.0,33.0,0.0,12758.0,0.0,0.0,0.0,4,3000000.0,4000000.0,11051130.0,0.3627151989275237,7.98,0.4956521739130435,0.0029985007496251873,0.0029985007496251873,0.006344171292624901,0.006344171292624901,0.96,0.23496894409937888,-15696.0,-64056.0,1.0,64553.0,13465.0,13448.0,0.0,0.0,0.0,0.0,0.0,0.0,0.0,51088.0,0.0,0.0,0.0,0.0
cold_frozen_i1m_h8_s7_state64_mac4,frozen,cold,final,8,7,i1m,64,4,25000000,25000000,25000000,16178.0,3672.0,0.0,0.0,0.0,1000000.0,8022.0,16178.0,3672.0,0.0,22.0,0.0,0.0,60.0,0.0,3368.0,3368.0,0.0,0.0,2756355.0,0.0,47.0,0.0,12810.0,0.0,0.0,0.0,5,4000000.0,5000000.0,13807485.0,0.362797970508153,8.022,0.4958585733712449,0.0027349577324714074,0.0027349577324714074,0.005991285403050109,0.005991285403050109,1.0,0.2269749041908765,-14051.0,-78107.0,1.0,80731.0,16833.0,16816.0,0.0,0.0,0.0,0.0,0.0,0.0,0.0,63898.0,0.0,0.0,0.0,0.0
cold_frozen_i1m_h8_s7_state64_mac4,frozen,cold,final,8,7,i1m,64,4,25000000,25000000,25000000,16126.0,3760.0,0.0,0.0,0.0,1000000.0,8069.0,16125.0,3760.0,0.0,20.0,0.0,0.0,91.0,0.0,3378.0,3378.0,0.0,0.0,2776870.0,0.0,49.0,0.0,12748.0,0.0,0.0,0.0,6,5000000.0,6000000.0,16584355.0,0.3601176864599351,8.069,0.5004031007751938,0.002472493509704537,0.002472493509704537,0.005319148936170213,0.005319148936170213,1.0,0.23317829457364342,-19912.0,-98019.0,1.0,96857.0,20211.0,20194.0,0.0,0.0,0.0,0.0,0.0,0.0,0.0,76646.0,0.0,0.0,0.0,0.0
cold_frozen_i1m_h8_s7_state64_mac4,frozen,cold,final,8,7,i1m,64,4,25000000,25000000,25000000,16179.0,3570.0,0.0,0.0,0.0,1000000.0,8067.0,16180.0,3570.0,0.0,23.0,1.0,0.0,67.0,0.0,3379.0,3380.0,0.0,0.0,2746982.0,0.0,66.0,0.0,12800.0,0.0,0.0,0.0,7,6000000.0,7000000.0,19331337.0,0.3640358764636972,8.067,0.4985784919653894,0.002843016069221261,0.002843016069221261,0.006442577030812325,0.006442577030812325,0.9583333333333334,0.22064276885043263,-17843.0,-115862.0,1.0,113036.0,23590.0,23574.0,0.0,0.0,0.0,0.0,0.0,0.0,0.0,89446.0,0.0,0.0,0.0,0.0
cold_frozen_i1m_h8_s7_state64_mac4,frozen,cold,final,8,7,i1m,64,4,25000000,25000000,25000000,16131.0,3712.0,0.0,0.0,0.0,1000000.0,7994.0,16131.0,3712.0,0.0,23.0,0.0,0.0,55.0,0.0,3335.0,3334.0,0.0,0.0,2741866.0,0.0,33.0,0.0,12796.0,0.0,0.0,0.0,8,7000000.0,8000000.0,22073203.0,0.36471512466327677,7.994,0.4955675407600273,0.002868903579892728,0.002868903579892728,0.006196120689655173,0.006196120689655173,1.0,0.23011592585704543,-14168.0,-130030.0,1.0,129167.0,26925.0,26908.0,0.0,0.0,0.0,0.0,0.0,0.0,0.0,102242.0,0.0,0.0,0.0,0.0
cold_frozen_i1m_h8_s7_state64_mac4,frozen,cold,final,8,7,i1m,64,4,25000000,25000000,25000000,16161.0,3684.0,0.0,0.0,0.0,1000000.0,8064.0,16161.0,3684.0,0.0,25.0,0.0,0.0,62.0,0.0,3385.0,3385.0,0.0,0.0,2768417.0,0.0,44.0,0.0,12776.0,0.0,0.0,0.0,9,8000000.0,9000000.0,24841620.0,0.3612172588161393,8.064,0.4989790235752738,0.0030906168871306715,0.0030906168871306715,0.0067861020629750276,0.0067861020629750276,1.0,0.2279561908297754,-21313.0,-151343.0,1.0,145328.0,30310.0,30293.0,0.0,0.0,0.0,0.0,0.0,0.0,0.0,115018.0,0.0,0.0,0.0,0.0
cold_frozen_i1m_h8_s7_state64_mac4,frozen,cold,final,8,7,i1m,64,4,25000000,25000000,25000000,16148.0,3738.0,0.0,0.0,0.0,1000000.0,8030.0,16148.0,3738.0,0.0,18.0,0.0,0.0,59.0,0.0,3333.0,3334.0,0.0,0.0,2745057.0,0.0,26.0,0.0,12815.0,0.0,0.0,0.0,10,9000000.0,10000000.0,27586677.0,0.36429116043856286,8.03,0.49727520435967304,0.0022365805168986083,0.0022365805168986083,0.004815409309791332,0.004815409309791332,1.0,0.23148377508050533,-15949.0,-167292.0,1.0,161476.0,33643.0,33627.0,0.0,0.0,0.0,0.0,0.0,0.0,0.0,127833.0,0.0,0.0,0.0,0.0
cold_frozen_i1m_h8_s7_state64_mac4,frozen,cold,final,8,7,i1m,64,4,25000000,25000000,25000000,16137.0,3574.0,0.0,0.0,0.0,1000000.0,7998.0,16137.0,3574.0,0.0,16.0,0.0,0.0,41.0,0.0,3379.0,3379.0,0.0,0.0,2747287.0,0.0,31.0,0.0,12758.0,0.0,0.0,0.0,11,10000000.0,11000000.0,30333964.0,0.36399546170458347,7.998,0.4956311582078453,0.001996506114299975,0.001996506114299975,0.004476776720761052,0.004476776720761052,1.0,0.2214785895767491,-16734.0,-184026.0,1.0,177613.0,37022.0,37006.0,0.0,0.0,0.0,0.0,0.0,0.0,0.0,140591.0,0.0,0.0,0.0,0.0
cold_frozen_i1m_h8_s7_state64_mac4,frozen,cold,final,8,7,i1m,64,4,25000000,25000000,25000000,16443.0,3634.0,0.0,0.0,0.0,1000000.0,8624.0,16443.0,3634.0,0.0,17.0,1.0,0.0,87.0,0.0,3540.0,3539.0,0.0,0.0,2859853.0,0.0,50.0,0.0,12903.0,0.0,0.0,0.0,12,11000000.0,12000000.0,33193817.0,0.34966832211305965,8.624,0.5244785014899958,0.001967364888323111,0.001967364888323111,0.004678040726472207,0.004678040726472207,0.9444444444444444,0.2210058991668187,-30686.0,-214712.0,1.0,194056.0,40562.0,40545.0,0.0,0.0,0.0,0.0,0.0,0.0,0.0,153494.0,0.0,0.0,0.0,0.0
cold_frozen_i1m_h8_s7_state64_mac4,frozen,cold,final,8,7,i1m,64,4,25000000,25000000,25000000,16477.0,3748.0,0.0,0.0,0.0,1000000.0,8745.0,16477.0,3748.0,0.0,16.0,0.0,0.0,106.0,0.0,3594.0,3595.0,0.0,0.0,2913088.0,0.0,74.0,0.0,12883.0,0.0,0.0,0.0,13,12000000.0,13000000.0,36106905.0,0.34327833556693105,8.745,0.5307398191418341,0.0018262755393219953,0.0018262755393219953,0.004268943436499467,0.004268943436499467,1.0,0.2274685925836014,-31185.0,-245897.0,1.0,210533.0,44156.0,44140.0,0.0,0.0,0.0,0.0,0.0,0.0,0.0,166377.0,0.0,0.0,0.0,0.0
cold_frozen_i1m_h8_s7_state64_mac4,frozen,cold,final,8,7,i1m,64,4,25000000,25000000,25000000,16478.0,3870.0,0.0,0.0,0.0,1000000.0,9037.0,16478.0,3870.0,0.0,22.0,0.0,0.0,132.0,0.0,3583.0,3582.0,0.0,0.0,2931402.0,0.0,130.0,0.0,12895.0,0.0,0.0,0.0,14,13000000.0,14000000.0,39038307.0,0.3411336964360398,9.037,0.5484282073067119,0.0024285241196600068,0.0024285241196600068,0.005684754521963824,0.005684754521963824,1.0,0.23485859934458064,-23033.0,-268930.0,1.0,227011.0,47739.0,47722.0,0.0,0.0,0.0,0.0,0.0,0.0,0.0,179272.0,0.0,0.0,0.0,0.0
cold_frozen_i1m_h8_s7_state64_mac4,frozen,cold,final,8,7,i1m,64,4,25000000,25000000,25000000,16096.0,3710.0,0.0,0.0,0.0,1000000.0,8025.0,16096.0,3710.0,0.0,23.0,0.0,0.0,66.0,0.0,3338.0,3338.0,0.0,0.0,2753194.0,0.0,55.0,0.0,12758.0,0.0,0.0,0.0,15,14000000.0,15000000.0,41791501.0,0.36321450649681786,8.025,0.4985710735586481,0.0028578528827037774,0.0028578528827037774,0.0061994609164420485,0.0061994609164420485,1.0,0.2304920477137177,-17480.0,-286410.0,1.0,243107.0,51077.0,51060.0,0.0,0.0,0.0,0.0,0.0,0.0,0.0,192030.0,0.0,0.0,0.0,0.0
cold_frozen_i1m_h8_s7_state64_mac4,frozen,cold,final,8,7,i1m,64,4,25000000,25000000,25000000,16111.0,3622.0,0.0,0.0,0.0,1000000.0,7999.0,16111.0,3622.0,0.0,29.0,0.0,0.0,62.0,0.0,3355.0,3356.0,0.0,0.0,2750360.0,0.0,38.0,0.0,12756.0,0.0,0.0,0.0,16,15000000.0,16000000.0,44541861.0,0.3635887665614683,7.999,0.4964930792626156,0.0036123567513702045,0.0036123567513702045,0.00800662617338487,0.00800662617338487,1.0,0.22481534355409347,-14385.0,-300795.0,1.0,259218.0,54432.0,54416.0,0.0,0.0,0.0,0.0,0.0,0.0,0.0,204786.0,0.0,0.0,0.0,0.0
cold_frozen_i1m_h8_s7_state64_mac4,frozen,cold,final,8,7,i1m,64,4,25000000,25000000,25000000,16140.0,3646.0,0.0,0.0,0.0,1000000.0,8015.0,16140.0,3646.0,0.0,23.0,0.0,0.0,56.0,0.0,3359.0,3358.0,0.0,0.0,2755878.0,0.0,31.0,0.0,12781.0,0.0,0.0,0.0,17,16000000.0,17000000.0,47297739.0,0.36286076524432503,8.015,0.4965923172242875,0.002861408310525006,0.002861408310525006,0.006308283049917718,0.006308283049917718,1.0,0.22589838909541513,-13113.0,-313908.0,1.0,275358.0,57791.0,57774.0,0.0,0.0,0.0,0.0,0.0,0.0,0.0,217567.0,0.0,0.0,0.0,0.0
cold_frozen_i1m_h8_s7_state64_mac4,frozen,cold,final,8,7,i1m,64,4,25000000,25000000,25000000,16122.0,3620.0,0.0,0.0,0.0,1000000.0,8030.0,16122.0,3620.0,0.0,16.0,0.0,0.0,49.0,0.0,3359.0,3359.0,0.0,0.0,2752068.0,0.0,38.0,0.0,12763.0,0.0,0.0,0.0,18,17000000.0,18000000.0,50049807.0,0.36336311457420384,8.03,0.4980771616424761,0.0019885657469550086,0.0019885657469550086,0.004419889502762431,0.004419889502762431,1.0,0.22453789852375636,-17413.0,-331321.0,1.0,291480.0,61150.0,61133.0,0.0,0.0,0.0,0.0,0.0,0.0,0.0,230330.0,0.0,0.0,0.0,0.0
cold_frozen_i1m_h8_s7_state64_mac4,frozen,cold,final,8,7,i1m,64,4,25000000,25000000,25000000,16101.0,3570.0,0.0,0.0,0.0,1000000.0,7974.0,16101.0,3570.0,0.0,25.0,2.0,0.0,61.0,0.0,3375.0,3376.0,0.0,0.0,2754280.0,0.0,31.0,0.0,12726.0,0.0,0.0,0.0,19,18000000.0,19000000.0,52804087.0,0.36307129267903043,7.974,0.49524874231414195,0.0031253906738342293,0.0031253906738342293,0.0070028011204481795,0.0070028011204481795,0.9259259259259259,0.2217253586733743,-14437.0,-345758.0,1.0,307581.0,64525.0,64509.0,0.0,0.0,0.0,0.0,0.0,0.0,0.0,243056.0,0.0,0.0,0.0,0.0
cold_frozen_i1m_h8_s7_state64_mac4,frozen,cold,final,8,7,i1m,64,4,25000000,25000000,25000000,16119.0,3758.0,0.0,0.0,0.0,1000000.0,7999.0,16119.0,3758.0,0.0,22.0,0.0,0.0,56.0,0.0,3317.0,3316.0,0.0,0.0,2747905.0,0.0,36.0,0.0,12802.0,0.0,0.0,0.0,20,19000000.0,20000000.0,55551992.0,0.3639135996331751,7.999,0.4962466654258949,0.002742800149607281,0.002742800149607281,0.005854177754124534,0.005854177754124534,1.0,0.23314101371052795,-16162.0,-361920.0,1.0,323700.0,67842.0,67825.0,0.0,0.0,0.0,0.0,0.0,0.0,0.0,255858.0,0.0,0.0,0.0,0.0
cold_frozen_i1m_h8_s7_state64_mac4,frozen,cold,final,8,7,i1m,64,4,25000000,25000000,25000000,16118.0,3529.0,0.0,0.0,0.0,1000000.0,8007.0,16118.0,3529.0,0.0,19.0,1.0,0.0,57.0,0.0,3371.0,3371.0,0.0,0.0,2746880.0,0.0,32.0,0.0,12747.0,0.0,0.0,0.0,21,20000000.0,21000000.0,58298872.0,0.36404939422180804,8.007,0.4967737932745998,0.002367306254672315,0.002367306254672315,0.005383961462170587,0.005383961462170587,0.95,0.21894776026802332,-15588.0,-377508.0,1.0,339818.0,71213.0,71196.0,0.0,0.0,0.0,0.0,0.0,0.0,0.0,268605.0,0.0,0.0,0.0,0.0
cold_frozen_i1m_h8_s7_state64_mac4,frozen,cold,final,8,7,i1m,64,4,25000000,25000000,25000000,16084.0,3634.0,0.0,0.0,0.0,1000000.0,8008.0,16084.0,3634.0,0.0,30.0,0.0,0.0,64.0,0.0,3364.0,3364.0,0.0,0.0,2761126.0,0.0,38.0,0.0,12720.0,0.0,0.0,0.0,22,21000000.0,22000000.0,61059998.0,0.3621710852746307,8.008,0.4978860979855757,0.003732271709380443,0.003732271709380443,0.00825536598789213,0.00825536598789213,1.0,0.22593882118875902,-16782.0,-394290.0,1.0,355902.0,74577.0,74560.0,0.0,0.0,0.0,0.0,0.0,0.0,0.0,281325.0,0.0,0.0,0.0,0.0
cold_frozen_i1m_h8_s7_state64_mac4,frozen,cold,final,8,7,i1m,64,4,25000000,25000000,25000000,16132.0,3744.0,0.0,0.0,0.0,1000000.0,8024.0,16132.0,3744.0,0.0,21.0,0.0,0.0,67.0,0.0,3310.0,3311.0,0.0,0.0,2744327.0,0.0,41.0,0.0,12822.0,0.0,0.0,0.0,23,22000000.0,23000000.0,63804325.0,0.36438806308431904,8.024,0.4973964790478552,0.0026103169670602857,0.0026103169670602857,0.005608974358974359,0.005608974358974359,1.0,0.2320852963054798,-17809.0,-412099.0,1.0,372034.0,77887.0,77871.0,0.0,0.0,0.0,0.0,0.0,0.0,0.0,294147.0,0.0,0.0,0.0,0.0
cold_frozen_i1m_h8_s7_state64_mac4,frozen,cold,final,8,7,i1m,64,4,25000000,25000000,25000000,16130.0,3663.0,0.0,0.0,0.0,1000000.0,8010.0,16130.0,3663.0,0.0,17.0,0.0,0.0,72.0,0.0,3304.0,3303.0,0.0,0.0,2727034.0,0.0,58.0,0.0,12826.0,0.0,0.0,0.0,24,23000000.0,24000000.0,66531359.0,0.36669876503189913,8.01,0.49659020458772474,0.00211785224866077,0.00211785224866077,0.004641004641004641,0.004641004641004641,1.0,0.22709237445753255,-15250.0,-427349.0,1.0,388164.0,81191.0,81174.0,0.0,0.0,0.0,0.0,0.0,0.0,0.0,306973.0,0.0,0.0,0.0,0.0
cold_frozen_i1m_h8_s7_state64_mac4,frozen,cold,final,8,7,i1m,64,4,25000000,25000000,25000000,16107.0,3352.0,0.0,0.0,0.0,1000000.0,7957.0,16107.0,3352.0,0.0,23.0,0.0,0.0,47.0,0.0,2917.0,2917.0,0.0,0.0,2426698.0,0.0,35.0,0.0,13190.0,0.0,0.0,0.0,25,24000000.0,25000000.0,68958057.0,0.41208259124126695,7.957,0.49400881604271435,0.0028822055137844613,0.0028822055137844613,0.006861575178997614,0.006861575178997614,1.0,0.20810827590488606,-32983.0,-460332.0,1.0,404271.0,84108.0,84091.0,0.0,0.0,0.0,0.0,0.0,0.0,0.0,320163.0,0.0,0.0,0.0,0.0
cold_frozen_i20m_h16_s7_state0_mac0,frozen,cold,final,16,7,i20m,0,0,25000000,25000000,25000000,16196.0,15078.0,0.0,0.0,0.0,1000000.0,3731.0,16195.0,15078.0,0.0,4864.0,0.0,0.0,4964.0,0.0,16196.0,16196.0,0.0,0.0,2484333.0,0.0,44.0,0.0,0.0,0.0,0.0,0.0,1,0.0,1000000.0,2484333.0,0.4025225281795959,3.731,0.23037974683544304,0.5659104130308319,0.5659104130308319,0.32258920281204406,0.32258920281204406,1.0,0.9310280950910775,298724.0,298724.0,0.9934549836917997,16196.0,16196.0,16196.0,0.0,0.0,0.0,0.0,0.0,0.0,0.0,0.0,0.0,0.0,0.0,0.0
cold_frozen_i20m_h16_s7_state0_mac0,frozen,cold,final,16,7,i20m,0,0,25000000,25000000,25000000,16124.0,15319.0,0.0,0.0,0.0,1000000.0,3276.0,16125.0,15319.0,0.0,4740.0,0.0,0.0,4847.0,0.0,16124.0,16124.0,0.0,0.0,2443255.0,0.0,79.0,0.0,0.0,0.0,0.0,0.0,2,1000000.0,2000000.0,4927588.0,0.4092900659161651,3.276,0.20316279069767443,0.5913173652694611,0.5913173652694611,0.3094196749135061,0.3094196749135061,1.0,0.950015503875969,283977.0,582701.0,1.0014881786796712,32320.0,32320.0,32320.0,0.0,0.0,0.0,0.0,0.0,0.0,0.0,0.0,0.0,0.0,0.0,0.0
cold_frozen_i20m_h16_s7_state0_mac0,frozen,cold,final,16,7,i20m,0,0,25000000,25000000,25000000,16133.0,15498.0,0.0,0.0,0.0,1000000.0,3273.0,16133.0,15498.0,0.0,4728.0,0.0,0.0,4838.0,0.0,16133.0,16133.0,0.0,0.0,2441322.0,0.0,127.0,0.0,0.0,0.0,0.0,0.0,3,2000000.0,3000000.0,7368910.0,0.409614135292272,3.273,0.2028760924812496,0.5909261342332208,0.5909261342332208,0.3050716221447929,0.3050716221447929,1.0,0.960639682638071,294175.0,876876.0,1.0008503589448667,48453.0,48453.0,48453.0,0.0,0.0,0.0,0.0,0.0,0.0,0.0,0.0,0.0,0.0,0.0,0.0
cold_frozen_i20m_h16_s7_state0_mac0,frozen,cold,final,16,7,i20m,0,0,25000000,25000000,25000000,16100.0,15404.0,0.0,0.0,0.0,1000000.0,3268.0,16100.0,15404.0,0.0,4735.0,0.0,0.0,4833.0,0.0,16100.0,16100.0,0.0,0.0,2445532.0,0.0,86.0,0.0,0.0,0.0,0.0,0.0,4,3000000.0,4000000.0,9814442.0,0.40890898176756635,3.268,0.20298136645962733,0.5915792103948025,0.591704147926037,0.30738769150869905,0.30738769150869905,1.0,0.9567701863354037,295756.0,1172632.0,1.0002580215674954,64553.0,64553.0,64553.0,0.0,0.0,0.0,0.0,0.0,0.0,0.0,0.0,0.0,0.0,0.0,0.0
cold_frozen_i20m_h16_s7_state0_mac0,frozen,cold,final,16,7,i20m,0,0,25000000,25000000,25000000,16178.0,15454.0,0.0,0.0,0.0,1000000.0,3316.0,16178.0,15454.0,0.0,4728.0,0.0,0.0,4863.0,0.0,16178.0,16178.0,0.0,0.0,2449636.0,0.0,137.0,0.0,0.0,0.0,0.0,0.0,5,4000000.0,5000000.0,12264078.0,0.40822391571645744,3.316,0.2049697119545061,0.5877672799602188,0.5877672799602188,0.3059402096544584,0.3059402096544584,1.0,0.9552478674743479,292668.0,1465300.0,1.0002363616471996,80731.0,80731.0,80731.0,0.0,0.0,0.0,0.0,0.0,0.0,0.0,0.0,0.0,0.0,0.0,0.0
cold_frozen_i20m_h16_s7_state0_mac0,frozen,cold,final,16,7,i20m,0,0,25000000,25000000,25000000,16126.0,15466.0,0.0,0.0,0.0,1000000.0,3394.0,16125.0,15466.0,0.0,4695.0,0.0,0.0,4907.0,0.0,16126.0,16126.0,0.0,0.0,2469669.0,0.0,175.0,0.0,0.0,0.0,0.0,0.0,6,5000000.0,6000000.0,14733747.0,0.40491256115698093,3.394,0.21048062015503877,0.5804178514031401,0.5804178514031401,0.30356911935859304,0.30356911935859304,1.0,0.9591317829457364,287289.0,1752589.0,1.0001332162326206,96857.0,96857.0,96857.0,0.0,0.0,0.0,0.0,0.0,0.0,0.0,0.0,0.0,0.0,0.0,0.0
cold_frozen_i20m_h16_s7_state0_mac0,frozen,cold,final,16,7,i20m,0,0,25000000,25000000,25000000,16179.0,15454.0,0.0,0.0,0.0,1000000.0,3357.0,16180.0,15454.0,0.0,4733.0,0.0,0.0,4907.0,0.0,16179.0,16179.0,0.0,0.0,2451825.0,0.0,193.0,0.0,0.0,0.0,0.0,0.0,7,6000000.0,7000000.0,17185572.0,0.4078594516329673,3.357,0.20747836835599506,0.5850432632880099,0.5850432632880099,0.30626375048531124,0.30626375048531124,1.0,0.9551297898640296,277314.0,2029903.0,1.0009441946305304,113036.0,113036.0,113036.0,0.0,0.0,0.0,0.0,0.0,0.0,0.0,0.0,0.0,0.0,0.0,0.0
cold_frozen_i20m_h16_s7_state0_mac0,frozen,cold,final,16,7,i20m,0,0,25000000,25000000,25000000,16131.0,15371.0,0.0,0.0,0.0,1000000.0,3291.0,16131.0,15371.0,0.0,4726.0,0.0,0.0,4856.0,0.0,16131.0,16131.0,0.0,0.0,2442954.0,0.0,152.0,0.0,0.0,0.0,0.0,0.0,8,7000000.0,8000000.0,19628526.0,0.40934049515463655,3.291,0.20401710991259067,0.5894973181988274,0.5894973181988274,0.30746210396200635,0.30746210396200635,1.0,0.9528857479387515,284744.0,2314647.0,0.9999271373918626,129167.0,129167.0,129167.0,0.0,0.0,0.0,0.0,0.0,0.0,0.0,0.0,0.0,0.0,0.0,0.0
cold_frozen_i20m_h16_s7_state0_mac0,frozen,cold,final,16,7,i20m,0,0,25000000,25000000,25000000,16161.0,15406.0,0.0,0.0,0.0,1000000.0,3346.0,16161.0,15406.0,0.0,4743.0,1.0,0.0,4918.0,0.0,16161.0,16161.0,0.0,0.0,2463261.0,0.0,158.0,0.0,0.0,0.0,0.0,0.0,9,8000000.0,9000000.0,22091787.0,0.4059659126661771,3.346,0.20704164346265702,0.5863518358264309,0.5863518358264309,0.30786706477995585,0.30786706477995585,0.9997892074198989,0.9532825938988924,283843.0,2598490.0,1.00166730200332,145328.0,145328.0,145328.0,0.0,0.0,0.0,0.0,0.0,0.0,0.0,0.0,0.0,0.0,0.0,0.0
cold_frozen_i20m_h16_s7_state0_mac0,frozen,cold,final,16,7,i20m,0,0,25000000,25000000,25000000,16148.0,15475.0,0.0,0.0,0.0,1000000.0,3328.0,16148.0,15475.0,0.0,4720.0,0.0,0.0,4884.0,0.0,16148.0,16148.0,0.0,0.0,2445950.0,0.0,159.0,0.0,0.0,0.0,0.0,0.0,10,9000000.0,10000000.0,24537737.0,0.4088391013716552,3.328,0.20609363388654942,0.5864811133200796,0.5864811133200796,0.3050080775444265,0.3050080775444265,1.0,0.9583230121377261,283158.0,2881648.0,1.0013765612543184,161476.0,161476.0,161476.0,0.0,0.0,0.0,0.0,0.0,0.0,0.0,0.0,0.0,0.0,0.0,0.0
cold_frozen_i20m_h16_s7_state0_mac0,frozen,cold,final,16,7,i20m,0,0,25000000,25000000,25000000,16137.0,15437.0,0.0,0.0,0.0,1000000.0,3274.0,16137.0,15437.0,0.0,4740.0,0.0,0.0,4860.0,0.0,16137.0,16137.0,0.0,0.0,2442445.0,0.0,131.0,0.0,0.0,0.0,0.0,0.0,11,10000000.0,11000000.0,26980182.0,0.40942580078568813,3.274,0.20288777343992068,0.5914649363613677,0.5914649363613677,0.3070544794973116,0.3070544794973116,1.0,0.9566214290140671,288108.0,3169756.0,1.0020147843656664,177613.0,177613.0,177613.0,0.0,0.0,0.0,0.0,0.0,0.0,0.0,0.0,0.0,0.0,0.0,0.0
cold_frozen_i20m_h16_s7_state0_mac0,frozen,cold,final,16,7,i20m,0,0,25000000,25000000,25000000,16443.0,16640.0,0.0,0.0,0.0,1000000.0,3744.0,16443.0,16640.0,0.0,4897.0,51.0,0.0,5446.0,0.0,16443.0,16443.0,0.0,0.0,2528898.0,0.0,288.0,0.0,0.0,0.0,0.0,0.0,12,11000000.0,12000000.0,29509080.0,0.3954291553079642,3.744,0.22769567597153803,0.5667168151834279,0.5667168151834279,0.2942908653846154,0.2942908653846154,0.9896928051738076,1.0119807820957247,300269.0,3470025.0,1.0062896961443284,194056.0,194056.0,194056.0,0.0,0.0,0.0,0.0,0.0,0.0,0.0,0.0,0.0,0.0,0.0,0.0
cold_frozen_i20m_h16_s7_state0_mac0,frozen,cold,final,16,7,i20m,0,0,25000000,25000000,25000000,16477.0,16312.0,0.0,0.0,0.0,1000000.0,3953.0,16477.0,16312.0,0.0,4809.0,46.0,0.0,5437.0,0.0,16477.0,16477.0,0.0,0.0,2574094.0,0.0,667.0,0.0,0.0,0.0,0.0,0.0,13,12000000.0,13000000.0,32083174.0,0.38848620135861395,3.953,0.23991017782363294,0.5489099417874672,0.5487957995662596,0.2948136341343796,0.2948136341343796,0.9905252317198764,0.9899860411482673,307809.0,3777834.0,1.005413166729731,210533.0,210533.0,210533.0,0.0,0.0,0.0,0.0,0.0,0.0,0.0,0.0,0.0,0.0,0.0,0.0
cold_frozen_i20m_h16_s7_state0_mac0,frozen,cold,final,16,7,i20m,0,0,25000000,25000000,25000000,16478.0,18094.0,0.0,0.0,0.0,1000000.0,4041.0,16478.0,18094.0,0.0,5019.0,10.0,0.0,5452.0,0.0,16478.0,16478.0,0.0,0.0,2594506.0,0.0,623.0,0.0,0.0,0.0,0.0,0.0,14,13000000.0,14000000.0,34677680.0,0.3854298274893178,4.041,0.24523607233887607,0.5540346616624352,0.5539242742024506,0.27738476843152426,0.27738476843152426,0.9980115331079737,1.0980701541449205,313863.0,4091697.0,1.001084599534555,227011.0,227011.0,227011.0,0.0,0.0,0.0,0.0,0.0,0.0,0.0,0.0,0.0,0.0,0.0,0.0
cold_frozen_i20m_h16_s7_state0_mac0,frozen,cold,final,16,7,i20m,0,0,25000000,25000000,25000000,16096.0,19234.0,0.0,0.0,0.0,1000000.0,3307.0,16096.0,19234.0,0.0,4741.0,0.0,0.0,4890.0,0.0,16096.0,16096.0,0.0,0.0,2448703.0,0.0,179.0,0.0,0.0,0.0,0.0,0.0,15,14000000.0,15000000.0,37126383.0,0.4083794563897704,3.307,0.20545477137176937,0.5890904572564613,0.5890904572564613,0.2464905895809504,0.2464905895809504,1.0,1.194955268389662,287011.0,4378708.0,1.00027034720013,243107.0,243107.0,243107.0,0.0,0.0,0.0,0.0,0.0,0.0,0.0,0.0,0.0,0.0,0.0,0.0
cold_frozen_i20m_h16_s7_state0_mac0,frozen,cold,final,16,7,i20m,0,0,25000000,25000000,25000000,16111.0,19261.0,0.0,0.0,0.0,1000000.0,3294.0,16111.0,19261.0,0.0,4735.0,0.0,0.0,4872.0,0.0,16111.0,16111.0,0.0,0.0,2448562.0,0.0,151.0,0.0,0.0,0.0,0.0,0.0,16,15000000.0,16000000.0,39574945.0,0.40840297284691995,3.294,0.20445658245918938,0.5898106626806179,0.5896860986547086,0.2458335496599346,0.2458335496599346,1.0,1.1955185897833778,287413.0,4666121.0,1.0003990097044715,259218.0,259218.0,259218.0,0.0,0.0,0.0,0.0,0.0,0.0,0.0,0.0,0.0,0.0,0.0,0.0
cold_frozen_i20m_h16_s7_state0_mac0,frozen,cold,final,16,7,i20m,0,0,25000000,25000000,25000000,16140.0,19250.0,0.0,0.0,0.0,1000000.0,3314.0,16140.0,19250.0,0.0,4724.0,0.0,0.0,4877.0,0.0,16140.0,16140.0,0.0,0.0,2449454.0,0.0,140.0,0.0,0.0,0.0,0.0,0.0,17,16000000.0,17000000.0,42024399.0,0.40825424768132,3.314,0.20532837670384138,0.5877083851704404,0.5877083851704404,0.2454025974025974,0.2454025974025974,1.0,1.1926889714993805,293311.0,4959432.0,0.999989793643808,275358.0,275358.0,275358.0,0.0,0.0,0.0,0.0,0.0,0.0,0.0,0.0,0.0,0.0,0.0,0.0
cold_frozen_i20m_h16_s7_state0_mac0,frozen,cold,final,16,7,i20m,0,0,25000000,25000000,25000000,16122.0,19281.0,0.0,0.0,0.0,1000000.0,3311.0,16122.0,19281.0,0.0,4735.0,0.0,0.0,4881.0,0.0,16122.0,16122.0,0.0,0.0,2451343.0,0.0,144.0,0.0,0.0,0.0,0.0,0.0,18,17000000.0,18000000.0,44475742.0,0.4079396477767493,3.311,0.20537154199230864,0.5884911757394979,0.5884911757394979,0.24557854883045485,0.24557854883045485,1.0,1.1959434313360626,283312.0,5242744.0,1.0003528677953268,291480.0,291480.0,291480.0,0.0,0.0,0.0,0.0,0.0,0.0,0.0,0.0,0.0,0.0,0.0,0.0
cold_frozen_i20m_h16_s7_state0_mac0,frozen,cold,final,16,7,i20m,0,0,25000000,25000000,25000000,16101.0,19292.0,0.0,0.0,0.0,1000000.0,3256.0,16101.0,19292.0,0.0,4743.0,0.0,0.0,4850.0,0.0,16101.0,16101.0,0.0,0.0,2444358.0,0.0,131.0,0.0,0.0,0.0,0.0,0.0,19,18000000.0,19000000.0,46920100.0,0.4091053765446796,3.256,0.20222346438109434,0.59294911863983,0.59294911863983,0.2458532034003732,0.2458532034003732,1.0,1.1981864480467053,295485.0,5538229.0,1.0003906956346,307581.0,307581.0,307581.0,0.0,0.0,0.0,0.0,0.0,0.0,0.0,0.0,0.0,0.0,0.0,0.0
cold_frozen_i20m_h16_s7_state0_mac0,frozen,cold,final,16,7,i20m,0,0,25000000,25000000,25000000,16119.0,19338.0,0.0,0.0,0.0,1000000.0,3295.0,16119.0,19338.0,0.0,4726.0,0.0,0.0,4864.0,0.0,16119.0,16119.0,0.0,0.0,2442700.0,0.0,113.0,0.0,0.0,0.0,0.0,0.0,20,19000000.0,20000000.0,49362800.0,0.4093830597289884,3.295,0.20441714746572368,0.5892033412292732,0.5892033412292732,0.24438928534491675,0.24438928534491675,1.0,1.1997022147775918,289043.0,5827272.0,1.0007544929790806,323700.0,323700.0,323700.0,0.0,0.0,0.0,0.0,0.0,0.0,0.0,0.0,0.0,0.0,0.0,0.0
cold_frozen_i20m_h16_s7_state0_mac0,frozen,cold,final,16,7,i20m,0,0,25000000,25000000,25000000,16118.0,19210.0,0.0,0.0,0.0,1000000.0,3286.0,16118.0,19210.0,0.0,4740.0,0.0,0.0,4869.0,0.0,16118.0,16118.0,0.0,0.0,2438873.0,0.0,142.0,0.0,0.0,0.0,0.0,0.0,21,20000000.0,21000000.0,51801673.0,0.41002545027969883,3.286,0.20387144807048022,0.5905806130077249,0.5905806130077249,0.2467464862051015,0.2467464862051015,1.0,1.1918352152872564,292419.0,6119691.0,1.0003231000548203,339818.0,339818.0,339818.0,0.0,0.0,0.0,0.0,0.0,0.0,0.0,0.0,0.0,0.0,0.0,0.0
cold_frozen_i20m_h16_s7_state0_mac0,frozen,cold,final,16,7,i20m,0,0,25000000,25000000,25000000,16084.0,19251.0,0.0,0.0,0.0,1000000.0,3302.0,16084.0,19251.0,0.0,4736.0,0.0,0.0,4874.0,0.0,16084.0,16084.0,0.0,0.0,2456280.0,0.0,135.0,0.0,0.0,0.0,0.0,0.0,22,21000000.0,22000000.0,54257953.0,0.4071197094793753,3.302,0.2052971897537926,0.5892012938541926,0.5892012938541926,0.24601319411978598,0.24601319411978598,1.0,1.196903755284755,288064.0,6407755.0,1.0008867067272462,355902.0,355902.0,355902.0,0.0,0.0,0.0,0.0,0.0,0.0,0.0,0.0,0.0,0.0,0.0,0.0
cold_frozen_i20m_h16_s7_state0_mac0,frozen,cold,final,16,7,i20m,0,0,25000000,25000000,25000000,16132.0,19413.0,0.0,0.0,0.0,1000000.0,3302.0,16132.0,19413.0,0.0,4743.0,0.0,0.0,4896.0,0.0,16132.0,16132.0,0.0,0.0,2446572.0,0.0,141.0,0.0,0.0,0.0,0.0,0.0,23,22000000.0,23000000.0,56704525.0,0.4087351608699846,3.302,0.20468633771386066,0.5895587321317589,0.5895587321317589,0.24432081594807603,0.24432081594807603,1.0,1.2033845772377882,279946.0,6687701.0,1.000497021955618,372034.0,372034.0,372034.0,0.0,0.0,0.0,0.0,0.0,0.0,0.0,0.0,0.0,0.0,0.0,0.0
cold_frozen_i20m_h16_s7_state0_mac0,frozen,cold,final,16,7,i20m,0,0,25000000,25000000,25000000,16130.0,19398.0,0.0,0.0,0.0,1000000.0,3305.0,16130.0,19398.0,0.0,4722.0,0.0,0.0,4872.0,0.0,16130.0,16130.0,0.0,0.0,2436009.0,0.0,162.0,0.0,0.0,0.0,0.0,0.0,24,23000000.0,24000000.0,59140534.0,0.4105075145453075,3.305,0.20489770613763175,0.5882646069515386,0.5882646069515386,0.24342715743891122,0.24342715743891122,1.0,1.2026038437693738,275775.0,6963476.0,1.0002434309561254,388164.0,388164.0,388164.0,0.0,0.0,0.0,0.0,0.0,0.0,0.0,0.0,0.0,0.0,0.0,0.0
cold_frozen_i20m_h16_s7_state0_mac0,frozen,cold,final,16,7,i20m,0,0,25000000,25000000,25000000,16107.0,19150.0,0.0,0.0,0.0,1000000.0,3220.0,16107.0,19150.0,0.0,4760.0,0.0,0.0,4835.0,0.0,16107.0,16107.0,0.0,0.0,2311946.0,0.0,99.0,0.0,0.0,0.0,0.0,0.0,25,24000000.0,25000000.0,61452480.0,0.4325360540427847,3.22,0.19991308126901347,0.5964912280701754,0.5964912280701754,0.2485639686684073,0.2485639686684073,1.0,1.1889240702800026,81769.0,7045245.0,0.9984714175850128,404271.0,404271.0,404271.0,0.0,0.0,0.0,0.0,0.0,0.0,0.0,0.0,0.0,0.0,0.0,0.0
cold_frozen_i20m_h8_s7_state0_mac0,frozen,cold,final,8,7,i20m,0,0,25000000,25000000,25000000,16196.0,17712.0,0.0,0.0,0.0,1000000.0,3688.0,16195.0,17712.0,0.0,4907.0,4.0,0.0,4983.0,0.0,16196.0,16196.0,0.0,0.0,2477627.0,0.0,27.0,0.0,0.0,0.0,0.0,0.0,1,0.0,1000000.0,2477627.0,0.40361200455112894,3.688,0.22772460635998765,0.570913321698662,0.570913321698662,0.27704381210478773,0.27704381210478773,0.9991855019344329,1.0936708860759494,305430.0,305430.0,0.9962024146491784,16196.0,16196.0,16196.0,0.0,0.0,0.0,0.0,0.0,0.0,0.0,0.0,0.0,0.0,0.0,0.0
cold_frozen_i20m_h8_s7_state0_mac0,frozen,cold,final,8,7,i20m,0,0,25000000,25000000,25000000,16124.0,17787.0,0.0,0.0,0.0,1000000.0,3432.0,16125.0,17787.0,0.0,4584.0,1.0,0.0,4673.0,0.0,16124.0,16124.0,0.0,0.0,2452652.0,0.0,67.0,0.0,0.0,0.0,0.0,0.0,2,1000000.0,2000000.0,4930279.0,0.4077219271221519,3.432,0.21283720930232558,0.5718562874251497,0.5718562874251497,0.2577163096643616,0.2577163096643616,0.9997818974918211,1.1030697674418604,274580.0,580010.0,0.9983112157778601,32320.0,32320.0,32320.0,0.0,0.0,0.0,0.0,0.0,0.0,0.0,0.0,0.0,0.0,0.0,0.0
cold_frozen_i20m_h8_s7_state0_mac0,frozen,cold,final,8,7,i20m,0,0,25000000,25000000,25000000,16133.0,17788.0,0.0,0.0,0.0,1000000.0,3372.0,16133.0,17788.0,0.0,4629.0,0.0,0.0,4720.0,0.0,16133.0,16133.0,0.0,0.0,2449109.0,0.0,103.0,0.0,0.0,0.0,0.0,0.0,3,2000000.0,3000000.0,7379388.0,0.40831175745954956,3.372,0.20901258290460548,0.5785526809148857,0.5785526809148857,0.2602316168203283,0.2602316168203283,1.0,1.1025847641480195,286388.0,866398.0,0.9976897720762938,48453.0,48453.0,48453.0,0.0,0.0,0.0,0.0,0.0,0.0,0.0,0.0,0.0,0.0,0.0,0.0
cold_frozen_i20m_h8_s7_state0_mac0,frozen,cold,final,8,7,i20m,0,0,25000000,25000000,25000000,16100.0,17728.0,0.0,0.0,0.0,1000000.0,3417.0,16100.0,17728.0,0.0,4586.0,0.0,0.0,4660.0,0.0,16100.0,16100.0,0.0,0.0,2456393.0,0.0,65.0,0.0,0.0,0.0,0.0,0.0,4,3000000.0,4000000.0,9835781.0,0.4071009809912339,3.417,0.21223602484472048,0.5729635182408795,0.573088455772114,0.25868682310469315,0.25868682310469315,1.0,1.1011180124223603,284895.0,1151293.0,0.9959721428940727,64553.0,64553.0,64553.0,0.0,0.0,0.0,0.0,0.0,0.0,0.0,0.0,0.0,0.0,0.0,0.0
cold_frozen_i20m_h8_s7_state0_mac0,frozen,cold,final,8,7,i20m,0,0,25000000,25000000,25000000,16178.0,17914.0,0.0,0.0,0.0,1000000.0,3455.0,16178.0,17914.0,0.0,4589.0,0.0,0.0,4708.0,0.0,16178.0,16178.0,0.0,0.0,2459685.0,0.0,127.0,0.0,0.0,0.0,0.0,0.0,5,4000000.0,5000000.0,12295466.0,0.4065561240565357,3.455,0.21356162690072938,0.5704873197414222,0.5704873197414222,0.25616835994194487,0.25616835994194487,1.0,1.1073062183211768,282619.0,1433912.0,0.9964857288636553,80731.0,80731.0,80731.0,0.0,0.0,0.0,0.0,0.0,0.0,0.0,0.0,0.0,0.0,0.0,0.0
cold_frozen_i20m_h8_s7_state0_mac0,frozen,cold,final,8,7,i20m,0,0,25000000,25000000,25000000,16126.0,17935.0,0.0,0.0,0.0,1000000.0,3432.0,16125.0,17935.0,0.0,4657.0,0.0,0.0,4861.0,0.0,16126.0,16126.0,0.0,0.0,2472208.0,0.0,158.0,0.0,0.0,0.0,0.0,0.0,6,5000000.0,6000000.0,14767674.0,0.40449670901477547,3.432,0.21283720930232558,0.5757201137347014,0.5757201137347014,0.2596598829105102,0.2596598829105102,1.0,1.112248062015504,284750.0,1718662.0,0.9997043129057102,96857.0,96857.0,96857.0,0.0,0.0,0.0,0.0,0.0,0.0,0.0,0.0,0.0,0.0,0.0,0.0
cold_frozen_i20m_h8_s7_state0_mac0,frozen,cold,final,8,7,i20m,0,0,25000000,25000000,25000000,16179.0,17877.0,0.0,0.0,0.0,1000000.0,3479.0,16180.0,17877.0,0.0,4611.0,0.0,0.0,4768.0,0.0,16179.0,16179.0,0.0,0.0,2460625.0,0.0,175.0,0.0,0.0,0.0,0.0,0.0,7,6000000.0,7000000.0,17228299.0,0.4064008128016256,3.479,0.21501854140914708,0.5699629171817058,0.5699629171817058,0.25792918274878335,0.25792918274878335,1.0,1.1048825710754018,268514.0,1987176.0,0.998053746507493,113036.0,113036.0,113036.0,0.0,0.0,0.0,0.0,0.0,0.0,0.0,0.0,0.0,0.0,0.0,0.0
cold_frozen_i20m_h8_s7_state0_mac0,frozen,cold,final,8,7,i20m,0,0,25000000,25000000,25000000,16131.0,17874.0,0.0,0.0,0.0,1000000.0,3339.0,16131.0,17874.0,0.0,4678.0,0.0,0.0,4797.0,0.0,16131.0,16131.0,0.0,0.0,2447067.0,0.0,142.0,0.0,0.0,0.0,0.0,0.0,8,7000000.0,8000000.0,19675366.0,0.4086524807044515,3.339,0.20699274688488004,0.5835100411625296,0.5835100411625296,0.2617209354369475,0.2617209354369475,1.0,1.108052817556258,280631.0,2267807.0,0.9982865201484062,129167.0,129167.0,129167.0,0.0,0.0,0.0,0.0,0.0,0.0,0.0,0.0,0.0,0.0,0.0,0.0
cold_frozen_i20m_h8_s7_state0_mac0,frozen,cold,final,8,7,i20m,0,0,25000000,25000000,25000000,16161.0,18005.0,0.0,0.0,0.0,1000000.0,3367.0,16161.0,18005.0,0.0,4722.0,1.0,0.0,4882.0,0.0,16161.0,16161.0,0.0,0.0,2464985.0,0.0,140.0,0.0,0.0,0.0,0.0,0.0,9,8000000.0,9000000.0,22140351.0,0.40568198183761767,3.367,0.2083410680032176,0.5837557176412412,0.5837557176412412,0.2622604831991114,0.2622604831991114,0.9997882701672666,1.1141018501330364,282119.0,2549926.0,1.001529015389546,145328.0,145328.0,145328.0,0.0,0.0,0.0,0.0,0.0,0.0,0.0,0.0,0.0,0.0,0.0,0.0
cold_frozen_i20m_h8_s7_state0_mac0,frozen,cold,final,8,7,i20m,0,0,25000000,25000000,25000000,16148.0,18032.0,0.0,0.0,0.0,1000000.0,3325.0,16148.0,18032.0,0.0,4723.0,0.0,0.0,4896.0,0.0,16148.0,16148.0,0.0,0.0,2445435.0,0.0,158.0,0.0,0.0,0.0,0.0,0.0,10,9000000.0,10000000.0,24585786.0,0.40892520144677735,3.325,0.20590785236561804,0.5868538767395626,0.5868538767395626,0.26192324755989355,0.26192324755989355,1.0,1.1166707951449095,283673.0,2833599.0,1.0017174858460764,161476.0,161476.0,161476.0,0.0,0.0,0.0,0.0,0.0,0.0,0.0,0.0,0.0,0.0,0.0,0.0
cold_frozen_i20m_h8_s7_state0_mac0,frozen,cold,final,8,7,i20m,0,0,25000000,25000000,25000000,16137.0,17919.0,0.0,0.0,0.0,1000000.0,3277.0,16137.0,17919.0,0.0,4737.0,0.0,0.0,4856.0,0.0,16137.0,16137.0,0.0,0.0,2442262.0,0.0,134.0,0.0,0.0,0.0,0.0,0.0,11,10000000.0,11000000.0,27028048.0,0.4094564792802738,3.277,0.20307368160128897,0.5910905914649364,0.5910905914649364,0.26435626988113176,0.26435626988113176,1.0,1.1104294478527608,288291.0,3121890.0,1.0019743991430896,177613.0,177613.0,177613.0,0.0,0.0,0.0,0.0,0.0,0.0,0.0,0.0,0.0,0.0,0.0,0.0
cold_frozen_i20m_h8_s7_state0_mac0,frozen,cold,final,8,7,i20m,0,0,25000000,25000000,25000000,16443.0,18667.0,0.0,0.0,0.0,1000000.0,3830.0,16443.0,18667.0,0.0,4811.0,43.0,0.0,5297.0,0.0,16443.0,16443.0,0.0,0.0,2537946.0,0.0,283.0,0.0,0.0,0.0,0.0,0.0,12,11000000.0,12000000.0,29565994.0,0.39401941570072807,3.83,0.23292586510977314,0.5567642633954404,0.5567642633954404,0.2577275405796325,0.2577275405796325,0.9911413267408323,1.1352551237608708,291221.0,3413111.0,1.0118469817718738,194056.0,194056.0,194056.0,0.0,0.0,0.0,0.0,0.0,0.0,0.0,0.0,0.0,0.0,0.0,0.0
cold_frozen_i20m_h8_s7_state0_mac0,frozen,cold,final,8,7,i20m,0,0,25000000,25000000,25000000,16477.0,18724.0,0.0,0.0,0.0,1000000.0,4010.0,16477.0,18724.0,0.0,4752.0,37.0,0.0,5341.0,0.0,16477.0,16477.0,0.0,0.0,2579098.0,0.0,574.0,0.0,0.0,0.0,0.0,0.0,13,12000000.0,13000000.0,32145092.0,0.3877324553002639,4.01,0.2433695454269588,0.5424038351786326,0.5422896929574249,0.25379192480239265,0.25379192480239265,0.992273961160994,1.1363719123626874,302805.0,3715916.0,1.0118239012243815,210533.0,210533.0,210533.0,0.0,0.0,0.0,0.0,0.0,0.0,0.0,0.0,0.0,0.0,0.0,0.0
cold_frozen_i20m_h8_s7_state0_mac0,frozen,cold,final,8,7,i20m,0,0,25000000,25000000,25000000,16478.0,18882.0,0.0,0.0,0.0,1000000.0,4083.0,16478.0,18882.0,0.0,4978.0,8.0,0.0,5458.0,0.0,16478.0,16478.0,0.0,0.0,2597860.0,0.0,657.0,0.0,0.0,0.0,0.0,0.0,14,13000000.0,14000000.0,34742952.0,0.38493221343721373,4.083,0.2477849253550188,0.5495087758030688,0.5492880008830997,0.2636373265543904,0.2636373265543904,0.9983955074207782,1.1458914916858842,310509.0,4026425.0,1.0013060750001925,227011.0,227011.0,227011.0,0.0,0.0,0.0,0.0,0.0,0.0,0.0,0.0,0.0,0.0,0.0,0.0
cold_frozen_i20m_h8_s7_state0_mac0,frozen,cold,final,8,7,i20m,0,0,25000000,25000000,25000000,16096.0,18590.0,0.0,0.0,0.0,1000000.0,3296.0,16096.0,18590.0,0.0,4752.0,0.0,0.0,4915.0,0.0,16096.0,16096.0,0.0,0.0,2446834.0,0.0,197.0,0.0,0.0,0.0,0.0,0.0,15,14000000.0,15000000.0,37189786.0,0.408691394675732,3.296,0.2047713717693837,0.5904572564612326,0.5904572564612326,0.2556213017751479,0.2556213017751479,1.0,1.1549453280318092,288880.0,4315305.0,1.000970642062355,243107.0,243107.0,243107.0,0.0,0.0,0.0,0.0,0.0,0.0,0.0,0.0,0.0,0.0,0.0,0.0
cold_frozen_i20m_h8_s7_state0_mac0,frozen,cold,final,8,7,i20m,0,0,25000000,25000000,25000000,16111.0,18706.0,0.0,0.0,0.0,1000000.0,3309.0,16111.0,18706.0,0.0,4720.0,0.0,0.0,4865.0,0.0,16111.0,16111.0,0.0,0.0,2449295.0,0.0,162.0,0.0,0.0,0.0,0.0,0.0,16,15000000.0,16000000.0,39639081.0,0.4082807501750504,3.309,0.20538762336291974,0.587942202291978,0.5878176382660688,0.252325457072597,0.252325457072597,1.0,1.161070076345354,286680.0,4601985.0,1.0000996205030428,259218.0,259218.0,259218.0,0.0,0.0,0.0,0.0,0.0,0.0,0.0,0.0,0.0,0.0,0.0,0.0
cold_frozen_i20m_h8_s7_state0_mac0,frozen,cold,final,8,7,i20m,0,0,25000000,25000000,25000000,16140.0,18568.0,0.0,0.0,0.0,1000000.0,3379.0,16140.0,18568.0,0.0,4659.0,0.0,0.0,4803.0,0.0,16140.0,16140.0,0.0,0.0,2454056.0,0.0,136.0,0.0,0.0,0.0,0.0,0.0,17,16000000.0,17000000.0,42093137.0,0.40748866366537684,3.379,0.20935563816604708,0.5796217964667828,0.5796217964667828,0.25091555364067214,0.25091555364067214,1.0,1.1504337050805453,288709.0,4890694.0,0.9994254409842318,275358.0,275358.0,275358.0,0.0,0.0,0.0,0.0,0.0,0.0,0.0,0.0,0.0,0.0,0.0,0.0
cold_frozen_i20m_h8_s7_state0_mac0,frozen,cold,final,8,7,i20m,0,0,25000000,25000000,25000000,16122.0,18653.0,0.0,0.0,0.0,1000000.0,3325.0,16122.0,18653.0,0.0,4721.0,1.0,0.0,4866.0,0.0,16122.0,16122.0,0.0,0.0,2451992.0,0.0,137.0,0.0,0.0,0.0,0.0,0.0,18,17000000.0,18000000.0,44545129.0,0.4078316731865357,3.325,0.20623992060538396,0.5867511807109123,0.5867511807109123,0.2530960167265319,0.2530960167265319,0.9997882253282507,1.1569904478352562,282663.0,5173357.0,1.0019771679516083,291480.0,291480.0,291480.0,0.0,0.0,0.0,0.0,0.0,0.0,0.0,0.0,0.0,0.0,0.0,0.0
cold_frozen_i20m_h8_s7_state0_mac0,frozen,cold,final,8,7,i20m,0,0,25000000,25000000,25000000,16101.0,18635.0,0.0,0.0,0.0,1000000.0,3278.0,16101.0,18635.0,0.0,4721.0,0.0,0.0,4826.0,0.0,16101.0,16101.0,0.0,0.0,2445947.0,0.0,138.0,0.0,0.0,0.0,0.0,0.0,19,18000000.0,19000000.0,46991076.0,0.40883960282050263,3.278,0.20358983914042605,0.5901987748468559,0.5901987748468559,0.25334048832841427,0.25334048832841427,1.0,1.1573815290975715,293896.0,5467253.0,1.000093624269046,307581.0,307581.0,307581.0,0.0,0.0,0.0,0.0,0.0,0.0,0.0,0.0,0.0,0.0,0.0,0.0
cold_frozen_i20m_h8_s7_state0_mac0,frozen,cold,final,8,7,i20m,0,0,25000000,25000000,25000000,16119.0,18596.0,0.0,0.0,0.0,1000000.0,3337.0,16119.0,18596.0,0.0,4684.0,1.0,0.0,4821.0,0.0,16119.0,16119.0,0.0,0.0,2446106.0,0.0,106.0,0.0,0.0,0.0,0.0,0.0,20,19000000.0,20000000.0,49437182.0,0.4088130277265172,3.337,0.20702276816179663,0.5839670863982047,0.5839670863982047,0.2518821251882125,0.2518821251882125,0.9997865528281751,1.1536695824803027,285637.0,5752890.0,0.9994893925283697,323700.0,323700.0,323700.0,0.0,0.0,0.0,0.0,0.0,0.0,0.0,0.0,0.0,0.0,0.0,0.0
cold_frozen_i20m_h8_s7_state0_mac0,frozen,cold,final,8,7,i20m,0,0,25000000,25000000,25000000,16118.0,18404.0,0.0,0.0,0.0,1000000.0,3402.0,16118.0,18404.0,0.0,4624.0,0.0,0.0,4740.0,0.0,16118.0,16118.0,0.0,0.0,2447537.0,0.0,141.0,0.0,0.0,0.0,0.0,0.0,21,20000000.0,21000000.0,51884719.0,0.40857400725709153,3.402,0.21106837076560367,0.5761275853476202,0.5761275853476202,0.2512497283199305,0.2512497283199305,1.0,1.1418290110435538,283755.0,6036645.0,0.9967820711188431,339818.0,339818.0,339818.0,0.0,0.0,0.0,0.0,0.0,0.0,0.0,0.0,0.0,0.0,0.0,0.0
cold_frozen_i20m_h8_s7_state0_mac0,frozen,cold,final,8,7,i20m,0,0,25000000,25000000,25000000,16084.0,18554.0,0.0,0.0,0.0,1000000.0,3348.0,16084.0,18554.0,0.0,4690.0,0.0,0.0,4825.0,0.0,16084.0,16084.0,0.0,0.0,2458989.0,0.0,120.0,0.0,0.0,0.0,0.0,0.0,22,21000000.0,22000000.0,54343708.0,0.40667119698380105,3.348,0.2081571748321313,0.5834784772331426,0.5834784772331426,0.2527756817936833,0.2527756817936833,1.0,1.1535687639890575,285355.0,6322000.0,1.000426191414439,355902.0,355902.0,355902.0,0.0,0.0,0.0,0.0,0.0,0.0,0.0,0.0,0.0,0.0,0.0,0.0
cold_frozen_i20m_h8_s7_state0_mac0,frozen,cold,final,8,7,i20m,0,0,25000000,25000000,25000000,16132.0,18700.0,0.0,0.0,0.0,1000000.0,3306.0,16132.0,18700.0,0.0,4739.0,0.0,0.0,4894.0,0.0,16132.0,16132.0,0.0,0.0,2447060.0,0.0,141.0,0.0,0.0,0.0,0.0,0.0,23,22000000.0,23000000.0,56790768.0,0.40865364968574536,3.306,0.2049342920902554,0.5890615288999379,0.5890615288999379,0.2534224598930481,0.2534224598930481,1.0,1.1591867096454251,279458.0,6601458.0,1.000366970977418,372034.0,372034.0,372034.0,0.0,0.0,0.0,0.0,0.0,0.0,0.0,0.0,0.0,0.0,0.0,0.0
cold_frozen_i20m_h8_s7_state0_mac0,frozen,cold,final,8,7,i20m,0,0,25000000,25000000,25000000,16130.0,18650.0,0.0,0.0,0.0,1000000.0,3314.0,16130.0,18650.0,0.0,4713.0,0.0,0.0,4846.0,0.0,16130.0,16130.0,0.0,0.0,2436491.0,0.0,159.0,0.0,0.0,0.0,0.0,0.0,24,23000000.0,24000000.0,59227259.0,0.410426305699467,3.314,0.20545567265964043,0.5871433910551888,0.5871433910551888,0.2527077747989276,0.2527077747989276,1.0,1.1562306261624302,275293.0,6876751.0,1.000204802726544,388164.0,388164.0,388164.0,0.0,0.0,0.0,0.0,0.0,0.0,0.0,0.0,0.0,0.0,0.0,0.0
cold_frozen_i20m_h8_s7_state0_mac0,frozen,cold,final,8,7,i20m,0,0,25000000,25000000,25000000,16107.0,18473.0,0.0,0.0,0.0,1000000.0,3301.0,16107.0,18473.0,0.0,4679.0,2.0,0.0,4752.0,0.0,16107.0,16107.0,0.0,0.0,2311164.0,0.0,87.0,0.0,0.0,0.0,0.0,0.0,25,24000000.0,25000000.0,61538423.0,0.43268240592186447,3.301,0.20494195070466256,0.5863408521303258,0.5863408521303258,0.25328858333784443,0.25328858333784443,0.999572740867336,1.1468926553672316,82551.0,6959302.0,0.9996040955985814,404271.0,404271.0,404271.0,0.0,0.0,0.0,0.0,0.0,0.0,0.0,0.0,0.0,0.0,0.0,0.0
cold_none_h0_s7_state0_mac0,no_pref,cold,final,0,7,,0,0,25000000,25000000,25000000,16196.0,0.0,0.0,0.0,0.0,1000000.0,8595.0,16195.0,0.0,0.0,0.0,0.0,0.0,0.0,0.0,0.0,0.0,0.0,0.0,2798470.0,0.0,0.0,0.0,0.0,0.0,0.0,0.0,1,0.0,1000000.0,2798470.0,0.35733811689959155,8.595,0.5307193578264897,0.0,0.0,NA,NA,NA,0.0,-15413.0,-15413.0,NA,16196.0,0.0,0.0,0.0,0.0,0.0,0.0,0.0,0.0,0.0,0.0,0.0,0.0,0.0,0.0
cold_none_h0_s7_state0_mac0,no_pref,cold,final,0,7,,0,0,25000000,25000000,25000000,16124.0,0.0,0.0,0.0,0.0,1000000.0,8016.0,16125.0,0.0,0.0,0.0,0.0,0.0,0.0,0.0,0.0,0.0,0.0,0.0,2747482.0,0.0,0.0,0.0,0.0,0.0,0.0,0.0,2,1000000.0,2000000.0,5545952.0,0.36396962746252753,8.016,0.49711627906976746,0.0,0.0,NA,NA,NA,0.0,-20250.0,-35663.0,NA,32320.0,0.0,0.0,0.0,0.0,0.0,0.0,0.0,0.0,0.0,0.0,0.0,0.0,0.0,0.0
cold_none_h0_s7_state0_mac0,no_pref,cold,final,0,7,,0,0,25000000,25000000,25000000,16133.0,0.0,0.0,0.0,0.0,1000000.0,8001.0,16133.0,0.0,0.0,0.0,0.0,0.0,0.0,0.0,0.0,0.0,0.0,0.0,2752098.0,0.0,0.0,0.0,0.0,0.0,0.0,0.0,3,2000000.0,3000000.0,8298050.0,0.3633591536347906,8.001,0.495939998760305,0.0,0.0,NA,NA,NA,0.0,-16601.0,-52264.0,NA,48453.0,0.0,0.0,0.0,0.0,0.0,0.0,0.0,0.0,0.0,0.0,0.0,0.0,0.0,0.0
cold_none_h0_s7_state0_mac0,no_pref,cold,final,0,7,,0,0,25000000,25000000,25000000,16100.0,0.0,0.0,0.0,0.0,1000000.0,8004.0,16100.0,0.0,0.0,0.0,0.0,0.0,0.0,0.0,0.0,0.0,0.0,0.0,2758962.0,0.0,0.0,0.0,0.0,0.0,0.0,0.0,4,3000000.0,4000000.0,11057012.0,0.3624551552359184,8.004,0.49714285714285716,0.0,0.0,NA,NA,NA,0.0,-17674.0,-69938.0,NA,64553.0,0.0,0.0,0.0,0.0,0.0,0.0,0.0,0.0,0.0,0.0,0.0,0.0,0.0,0.0
cold_none_h0_s7_state0_mac0,no_pref,cold,final,0,7,,0,0,25000000,25000000,25000000,16178.0,0.0,0.0,0.0,0.0,1000000.0,8044.0,16178.0,0.0,0.0,0.0,0.0,0.0,0.0,0.0,0.0,0.0,0.0,0.0,2757716.0,0.0,0.0,0.0,0.0,0.0,0.0,0.0,5,4000000.0,5000000.0,13814728.0,0.362618920875101,8.044,0.4972184448015824,0.0,0.0,NA,NA,NA,0.0,-15412.0,-85350.0,NA,80731.0,0.0,0.0,0.0,0.0,0.0,0.0,0.0,0.0,0.0,0.0,0.0,0.0,0.0,0.0
cold_none_h0_s7_state0_mac0,no_pref,cold,final,0,7,,0,0,25000000,25000000,25000000,16126.0,0.0,0.0,0.0,0.0,1000000.0,8089.0,16125.0,0.0,0.0,0.0,0.0,0.0,0.0,0.0,0.0,0.0,0.0,0.0,2776820.0,0.0,0.0,0.0,0.0,0.0,0.0,0.0,6,5000000.0,6000000.0,16591548.0,0.3601241708140967,8.089,0.5016434108527131,0.0,0.0,NA,NA,NA,0.0,-19862.0,-105212.0,NA,96857.0,0.0,0.0,0.0,0.0,0.0,0.0,0.0,0.0,0.0,0.0,0.0,0.0,0.0,0.0
cold_none_h0_s7_state0_mac0,no_pref,cold,final,0,7,,0,0,25000000,25000000,25000000,16179.0,0.0,0.0,0.0,0.0,1000000.0,8090.0,16180.0,0.0,0.0,0.0,0.0,0.0,0.0,0.0,0.0,0.0,0.0,0.0,2747699.0,0.0,0.0,0.0,0.0,0.0,0.0,0.0,7,6000000.0,7000000.0,19339247.0,0.36394088289874543,8.09,0.5,0.0,0.0,NA,NA,NA,0.0,-18560.0,-123772.0,NA,113036.0,0.0,0.0,0.0,0.0,0.0,0.0,0.0,0.0,0.0,0.0,0.0,0.0,0.0,0.0
cold_none_h0_s7_state0_mac0,no_pref,cold,final,0,7,,0,0,25000000,25000000,25000000,16131.0,0.0,0.0,0.0,0.0,1000000.0,8017.0,16131.0,0.0,0.0,0.0,0.0,0.0,0.0,0.0,0.0,0.0,0.0,0.0,2743917.0,0.0,0.0,0.0,0.0,0.0,0.0,0.0,8,7000000.0,8000000.0,22083164.0,0.3644425104695222,8.017,0.49699336680924927,0.0,0.0,NA,NA,NA,0.0,-16219.0,-139991.0,NA,129167.0,0.0,0.0,0.0,0.0,0.0,0.0,0.0,0.0,0.0,0.0,0.0,0.0,0.0,0.0
cold_none_h0_s7_state0_mac0,no_pref,cold,final,0,7,,0,0,25000000,25000000,25000000,16161.0,0.0,0.0,0.0,0.0,1000000.0,8089.0,16161.0,0.0,0.0,0.0,0.0,0.0,0.0,0.0,0.0,0.0,0.0,0.0,2768513.0,0.0,0.0,0.0,0.0,0.0,0.0,0.0,9,8000000.0,9000000.0,24851677.0,0.361204733371308,8.089,0.5005259575521317,0.0,0.0,NA,NA,NA,0.0,-21409.0,-161400.0,NA,145328.0,0.0,0.0,0.0,0.0,0.0,0.0,0.0,0.0,0.0,0.0,0.0,0.0,0.0,0.0
cold_none_h0_s7_state0_mac0,no_pref,cold,final,0,7,,0,0,25000000,25000000,25000000,16148.0,0.0,0.0,0.0,0.0,1000000.0,8048.0,16148.0,0.0,0.0,0.0,0.0,0.0,0.0,0.0,0.0,0.0,0.0,0.0,2745262.0,0.0,0.0,0.0,0.0,0.0,0.0,0.0,10,9000000.0,10000000.0,27596939.0,0.3642639573199207,8.048,0.49838989348526136,0.0,0.0,NA,NA,NA,0.0,-16154.0,-177554.0,NA,161476.0,0.0,0.0,0.0,0.0,0.0,0.0,0.0,0.0,0.0,0.0,0.0,0.0,0.0,0.0
cold_none_h0_s7_state0_mac0,no_pref,cold,final,0,7,,0,0,25000000,25000000,25000000,16137.0,0.0,0.0,0.0,0.0,1000000.0,8014.0,16137.0,0.0,0.0,0.0,0.0,0.0,0.0,0.0,0.0,0.0,0.0,0.0,2748673.0,0.0,0.0,0.0,0.0,0.0,0.0,0.0,11,10000000.0,11000000.0,30345612.0,0.36381191942439134,8.014,0.4966226684018095,0.0,0.0,NA,NA,NA,0.0,-18120.0,-195674.0,NA,177613.0,0.0,0.0,0.0,0.0,0.0,0.0,0.0,0.0,0.0,0.0,0.0,0.0,0.0,0.0
cold_none_h0_s7_state0_mac0,no_pref,cold,final,0,7,,0,0,25000000,25000000,25000000,16443.0,0.0,0.0,0.0,0.0,1000000.0,8641.0,16443.0,0.0,0.0,0.0,0.0,0.0,0.0,0.0,0.0,0.0,0.0,0.0,2857771.0,0.0,0.0,0.0,0.0,0.0,0.0,0.0,12,11000000.0,12000000.0,33203383.0,0.3499230694131895,8.641,0.5255123760870888,0.0,0.0,NA,NA,NA,0.0,-28604.0,-224278.0,NA,194056.0,0.0,0.0,0.0,0.0,0.0,0.0,0.0,0.0,0.0,0.0,0.0,0.0,0.0,0.0
cold_none_h0_s7_state0_mac0,no_pref,cold,final,0,7,,0,0,25000000,25000000,25000000,16477.0,0.0,0.0,0.0,0.0,1000000.0,8761.0,16477.0,0.0,0.0,0.0,0.0,0.0,0.0,0.0,0.0,0.0,0.0,0.0,2911737.0,0.0,0.0,0.0,0.0,0.0,0.0,0.0,13,12000000.0,13000000.0,36115120.0,0.3434376112952509,8.761,0.5317108696971536,0.0,0.0,NA,NA,NA,0.0,-29834.0,-254112.0,NA,210533.0,0.0,0.0,0.0,0.0,0.0,0.0,0.0,0.0,0.0,0.0,0.0,0.0,0.0,0.0
cold_none_h0_s7_state0_mac0,no_pref,cold,final,0,7,,0,0,25000000,25000000,25000000,16478.0,0.0,0.0,0.0,0.0,1000000.0,9059.0,16478.0,0.0,0.0,0.0,0.0,0.0,0.0,0.0,0.0,0.0,0.0,0.0,2932411.0,0.0,0.0,0.0,0.0,0.0,0.0,0.0,14,13000000.0,14000000.0,39047531.0,0.341016317289766,9.059,0.5497633207913581,0.0,0.0,NA,NA,NA,0.0,-24042.0,-278154.0,NA,227011.0,0.0,0.0,0.0,0.0,0.0,0.0,0.0,0.0,0.0,0.0,0.0,0.0,0.0,0.0
cold_none_h0_s7_state0_mac0,no_pref,cold,final,0,7,,0,0,25000000,25000000,25000000,16096.0,0.0,0.0,0.0,0.0,1000000.0,8048.0,16096.0,0.0,0.0,0.0,0.0,0.0,0.0,0.0,0.0,0.0,0.0,0.0,2754311.0,0.0,0.0,0.0,0.0,0.0,0.0,0.0,15,14000000.0,15000000.0,41801842.0,0.36306720628135314,8.048,0.5,0.0,0.0,NA,NA,NA,0.0,-18597.0,-296751.0,NA,243107.0,0.0,0.0,0.0,0.0,0.0,0.0,0.0,0.0,0.0,0.0,0.0,0.0,0.0,0.0
cold_none_h0_s7_state0_mac0,no_pref,cold,final,0,7,,0,0,25000000,25000000,25000000,16111.0,0.0,0.0,0.0,0.0,1000000.0,8028.0,16111.0,0.0,0.0,0.0,0.0,0.0,0.0,0.0,0.0,0.0,0.0,0.0,2751449.0,0.0,0.0,0.0,0.0,0.0,0.0,0.0,16,15000000.0,16000000.0,44553291.0,0.36344486123493475,8.028,0.4982930916764943,0.0,0.0,NA,NA,NA,0.0,-15474.0,-312225.0,NA,259218.0,0.0,0.0,0.0,0.0,0.0,0.0,0.0,0.0,0.0,0.0,0.0,0.0,0.0,0.0
cold_none_h0_s7_state0_mac0,no_pref,cold,final,0,7,,0,0,25000000,25000000,25000000,16140.0,0.0,0.0,0.0,0.0,1000000.0,8038.0,16140.0,0.0,0.0,0.0,0.0,0.0,0.0,0.0,0.0,0.0,0.0,0.0,2758057.0,0.0,0.0,0.0,0.0,0.0,0.0,0.0,17,16000000.0,17000000.0,47311348.0,0.36257408748260095,8.038,0.4980173482032218,0.0,0.0,NA,NA,NA,0.0,-15292.0,-327517.0,NA,275358.0,0.0,0.0,0.0,0.0,0.0,0.0,0.0,0.0,0.0,0.0,0.0,0.0,0.0,0.0
cold_none_h0_s7_state0_mac0,no_pref,cold,final,0,7,,0,0,25000000,25000000,25000000,16122.0,0.0,0.0,0.0,0.0,1000000.0,8046.0,16122.0,0.0,0.0,0.0,0.0,0.0,0.0,0.0,0.0,0.0,0.0,0.0,2751790.0,0.0,0.0,0.0,0.0,0.0,0.0,0.0,18,17000000.0,18000000.0,50063138.0,0.36339982338768584,8.046,0.4990695943431336,0.0,0.0,NA,NA,NA,0.0,-17135.0,-344652.0,NA,291480.0,0.0,0.0,0.0,0.0,0.0,0.0,0.0,0.0,0.0,0.0,0.0,0.0,0.0,0.0
cold_none_h0_s7_state0_mac0,no_pref,cold,final,0,7,,0,0,25000000,25000000,25000000,16101.0,0.0,0.0,0.0,0.0,1000000.0,7999.0,16101.0,0.0,0.0,0.0,0.0,0.0,0.0,0.0,0.0,0.0,0.0,0.0,2756013.0,0.0,0.0,0.0,0.0,0.0,0.0,0.0,19,18000000.0,19000000.0,52819151.0,0.3628429909438018,7.999,0.4968014409042917,0.0,0.0,NA,NA,NA,0.0,-16170.0,-360822.0,NA,307581.0,0.0,0.0,0.0,0.0,0.0,0.0,0.0,0.0,0.0,0.0,0.0,0.0,0.0,0.0
cold_none_h0_s7_state0_mac0,no_pref,cold,final,0,7,,0,0,25000000,25000000,25000000,16119.0,0.0,0.0,0.0,0.0,1000000.0,8021.0,16119.0,0.0,0.0,0.0,0.0,0.0,0.0,0.0,0.0,0.0,0.0,0.0,2748210.0,0.0,0.0,0.0,0.0,0.0,0.0,0.0,20,19000000.0,20000000.0,55567361.0,0.36387321201800443,8.021,0.4976115143619331,0.0,0.0,NA,NA,NA,0.0,-16467.0,-377289.0,NA,323700.0,0.0,0.0,0.0,0.0,0.0,0.0,0.0,0.0,0.0,0.0,0.0,0.0,0.0,0.0
cold_none_h0_s7_state0_mac0,no_pref,cold,final,0,7,,0,0,25000000,25000000,25000000,16118.0,0.0,0.0,0.0,0.0,1000000.0,8026.0,16118.0,0.0,0.0,0.0,0.0,0.0,0.0,0.0,0.0,0.0,0.0,0.0,2748123.0,0.0,0.0,0.0,0.0,0.0,0.0,0.0,21,20000000.0,21000000.0,58315484.0,0.36388473150583145,8.026,0.49795259957811144,0.0,0.0,NA,NA,NA,0.0,-16831.0,-394120.0,NA,339818.0,0.0,0.0,0.0,0.0,0.0,0.0,0.0,0.0,0.0,0.0,0.0,0.0,0.0,0.0
cold_none_h0_s7_state0_mac0,no_pref,cold,final,0,7,,0,0,25000000,25000000,25000000,16084.0,0.0,0.0,0.0,0.0,1000000.0,8038.0,16084.0,0.0,0.0,0.0,0.0,0.0,0.0,0.0,0.0,0.0,0.0,0.0,2763367.0,0.0,0.0,0.0,0.0,0.0,0.0,0.0,22,21000000.0,22000000.0,61078851.0,0.36187737640349615,8.038,0.49975130564536185,0.0,0.0,NA,NA,NA,0.0,-19023.0,-413143.0,NA,355902.0,0.0,0.0,0.0,0.0,0.0,0.0,0.0,0.0,0.0,0.0,0.0,0.0,0.0,0.0
cold_none_h0_s7_state0_mac0,no_pref,cold,final,0,7,,0,0,25000000,25000000,25000000,16132.0,0.0,0.0,0.0,0.0,1000000.0,8045.0,16132.0,0.0,0.0,0.0,0.0,0.0,0.0,0.0,0.0,0.0,0.0,0.0,2743789.0,0.0,0.0,0.0,0.0,0.0,0.0,0.0,23,22000000.0,23000000.0,63822640.0,0.36445951201058097,8.045,0.4986982395239276,0.0,0.0,NA,NA,NA,0.0,-17271.0,-430414.0,NA,372034.0,0.0,0.0,0.0,0.0,0.0,0.0,0.0,0.0,0.0,0.0,0.0,0.0,0.0,0.0
cold_none_h0_s7_state0_mac0,no_pref,cold,final,0,7,,0,0,25000000,25000000,25000000,16130.0,0.0,0.0,0.0,0.0,1000000.0,8027.0,16130.0,0.0,0.0,0.0,0.0,0.0,0.0,0.0,0.0,0.0,0.0,0.0,2727151.0,0.0,0.0,0.0,0.0,0.0,0.0,0.0,24,23000000.0,24000000.0,66549791.0,0.3666830329527041,8.027,0.4976441413515189,0.0,0.0,NA,NA,NA,0.0,-15367.0,-445781.0,NA,388164.0,0.0,0.0,0.0,0.0,0.0,0.0,0.0,0.0,0.0,0.0,0.0,0.0,0.0,0.0
cold_none_h0_s7_state0_mac0,no_pref,cold,final,0,7,,0,0,25000000,25000000,25000000,16107.0,0.0,0.0,0.0,0.0,1000000.0,7980.0,16107.0,0.0,0.0,0.0,0.0,0.0,0.0,0.0,0.0,0.0,0.0,0.0,2413714.0,0.0,0.0,0.0,0.0,0.0,0.0,0.0,25,24000000.0,25000000.0,68963505.0,0.4142992914653517,7.98,0.4954367666232073,0.0,0.0,NA,NA,NA,0.0,-19999.0,-465780.0,NA,404271.0,0.0,0.0,0.0,0.0,0.0,0.0,0.0,0.0,0.0,0.0,0.0,0.0,0.0,0.0
cold_online_random_h16_s17_state0_mac0,scratch,cold,final,16,17,,0,0,25000000,25000000,25000000,16196.0,19880.0,253.0,5013.0,0.0,1000000.0,3955.0,16195.0,19880.0,1030.0,4640.0,15.0,0.0,4722.0,16192.0,16196.0,16196.0,16196.0,253.0,2504987.0,0.0,41.0,0.0,0.0,0.0,0.0,2566.0,1,0.0,1000000.0,2504987.0,0.39920366852203226,3.955,0.2442111762889781,0.539848749272833,0.539848749272833,0.23340040241448692,0.24615384615384617,0.9967776584317938,1.2275393640012349,278070.0,278070.0,0.9852637957801778,16196.0,16196.0,16196.0,16196.0,2566.0,5013.0,253.0,16192.0,253.0,0.0,0.0,0.0,0.0,0.0,0.0
cold_online_random_h16_s17_state0_mac0,scratch,cold,final,16,17,,0,0,25000000,25000000,25000000,16124.0,18984.0,252.0,5115.0,0.0,1000000.0,3307.0,16125.0,18984.0,0.0,4709.0,1.0,0.0,4761.0,16128.0,16124.0,16124.0,16124.0,252.0,2452309.0,0.0,56.0,0.0,0.0,0.0,0.0,2611.0,2,1000000.0,2000000.0,4957296.0,0.4077789544466052,3.307,0.20508527131782947,0.5874500998003992,0.5874500998003992,0.24805099030762748,0.24805099030762748,0.9997876857749469,1.1773023255813952,274923.0,552993.0,0.9977906536248083,32320.0,32320.0,32320.0,32320.0,5177.0,10128.0,505.0,32320.0,505.0,0.0,0.0,0.0,0.0,0.0,0.0
cold_online_random_h16_s17_state0_mac0,scratch,cold,final,16,17,,0,0,25000000,25000000,25000000,16133.0,17749.0,252.0,4871.0,0.0,1000000.0,3289.0,16133.0,17749.0,0.0,4712.0,0.0,0.0,4793.0,16128.0,16133.0,16133.0,16133.0,252.0,2444396.0,0.0,56.0,0.0,0.0,0.0,0.0,2487.0,3,2000000.0,3000000.0,7401692.0,0.40909901668960347,3.289,0.20386784850926673,0.5889263842019747,0.5889263842019747,0.2654797453377655,0.2654797453377655,1.0,1.1001673588297278,291101.0,844094.0,0.9995917191813438,48453.0,48453.0,48453.0,48453.0,7664.0,14999.0,757.0,48448.0,757.0,0.0,0.0,0.0,0.0,0.0,0.0
cold_online_random_h16_s17_state0_mac0,scratch,cold,final,16,17,,0,0,25000000,25000000,25000000,16100.0,18252.0,251.0,4952.0,0.0,1000000.0,3262.0,16100.0,18252.0,0.0,4742.0,1.0,0.0,4842.0,16064.0,16100.0,16100.0,16100.0,251.0,2444753.0,0.0,86.0,0.0,0.0,0.0,0.0,2527.0,4,3000000.0,4000000.0,9846445.0,0.4090392771785125,3.262,0.2026086956521739,0.5924537731134433,0.5924537731134433,0.25980714442252906,0.25980714442252906,0.9997891629770188,1.1336645962732919,296535.0,1140629.0,1.0005767453808219,64553.0,64553.0,64553.0,64553.0,10191.0,19951.0,1008.0,64512.0,1008.0,0.0,0.0,0.0,0.0,0.0,0.0
cold_online_random_h16_s17_state0_mac0,scratch,cold,final,16,17,,0,0,25000000,25000000,25000000,16178.0,18088.0,253.0,4968.0,0.0,1000000.0,3311.0,16178.0,18088.0,0.0,4733.0,2.0,0.0,4834.0,16192.0,16178.0,16178.0,16178.0,253.0,2448698.0,0.0,112.0,0.0,0.0,0.0,0.0,2533.0,5,4000000.0,5000000.0,12295143.0,0.4083802902603751,3.311,0.20466065026579305,0.5883888612630532,0.5883888612630532,0.26166519239274655,0.26166519239274655,0.9995776135163674,1.1180615650883916,293606.0,1434235.0,1.0006195129003248,80731.0,80731.0,80731.0,80731.0,12724.0,24919.0,1261.0,80704.0,1261.0,0.0,0.0,0.0,0.0,0.0,0.0
cold_online_random_h16_s17_state0_mac0,scratch,cold,final,16,17,,0,0,25000000,25000000,25000000,16126.0,18600.0,252.0,5063.0,0.0,1000000.0,3372.0,16125.0,18600.0,0.0,4717.0,1.0,0.0,4908.0,16128.0,16126.0,16126.0,16126.0,252.0,2466743.0,0.0,151.0,0.0,0.0,0.0,0.0,2588.0,6,5000000.0,6000000.0,14761886.0,0.40539286013986864,3.372,0.20911627906976743,0.5831375942638151,0.5831375942638151,0.2536021505376344,0.2536021505376344,0.9997880457821111,1.1534883720930234,290215.0,1724450.0,1.0013195537597552,96857.0,96857.0,96857.0,96857.0,15312.0,29982.0,1513.0,96832.0,1513.0,0.0,0.0,0.0,0.0,0.0,0.0
cold_online_random_h16_s17_state0_mac0,scratch,cold,final,16,17,,0,0,25000000,25000000,25000000,16179.0,18196.0,253.0,5009.0,0.0,1000000.0,3357.0,16180.0,18196.0,0.0,4733.0,4.0,0.0,4861.0,16192.0,16179.0,16179.0,16179.0,253.0,2450832.0,0.0,157.0,0.0,0.0,0.0,0.0,2561.0,7,6000000.0,7000000.0,17212718.0,0.4080247034476455,3.357,0.20747836835599506,0.5850432632880099,0.5850432632880099,0.2601121125522093,0.2601121125522093,0.9991555837027655,1.1245982694684795,278307.0,2002757.0,1.0013497457190048,113036.0,113036.0,113036.0,113036.0,17873.0,34991.0,1766.0,113024.0,1766.0,0.0,0.0,0.0,0.0,0.0,0.0
cold_online_random_h16_s17_state0_mac0,scratch,cold,final,16,17,,0,0,25000000,25000000,25000000,16131.0,17986.0,252.0,4860.0,0.0,1000000.0,3286.0,16131.0,17986.0,0.0,4731.0,0.0,0.0,4837.0,16128.0,16131.0,16131.0,16131.0,252.0,2441458.0,0.0,127.0,0.0,0.0,0.0,0.0,2480.0,8,7000000.0,8000000.0,19654176.0,0.4095913179747512,3.286,0.20370714772797718,0.5901209928901086,0.5901209928901086,0.26303791838096297,0.26303791838096297,1.0,1.1149959704916,286240.0,2288997.0,1.000539841357091,129167.0,129167.0,129167.0,129167.0,20353.0,39851.0,2018.0,129152.0,2018.0,0.0,0.0,0.0,0.0,0.0,0.0
cold_online_random_h16_s17_state0_mac0,scratch,cold,final,16,17,,0,0,25000000,25000000,25000000,16161.0,17713.0,252.0,5001.0,0.0,1000000.0,3343.0,16161.0,17713.0,0.0,4746.0,3.0,0.0,4890.0,16128.0,16161.0,16161.0,16161.0,252.0,2463950.0,0.0,114.0,0.0,0.0,0.0,0.0,2556.0,9,8000000.0,9000000.0,22118126.0,0.40585239148521685,3.343,0.20685601138543408,0.5867227098528867,0.5867227098528867,0.2679388020098233,0.2679388020098233,0.9993682880606444,1.0960336612833363,283154.0,2572151.0,1.0013872034740965,145328.0,145328.0,145328.0,145328.0,22909.0,44852.0,2270.0,145280.0,2270.0,0.0,0.0,0.0,0.0,0.0,0.0
cold_online_random_h16_s17_state0_mac0,scratch,cold,final,16,17,,0,0,25000000,25000000,25000000,16148.0,17632.0,253.0,4858.0,0.0,1000000.0,3321.0,16148.0,17632.0,0.0,4727.0,0.0,0.0,4858.0,16192.0,16148.0,16148.0,16148.0,253.0,2444547.0,0.0,137.0,0.0,0.0,0.0,0.0,2486.0,10,9000000.0,10000000.0,24562673.0,0.4090737465878136,3.321,0.20566014367104285,0.5873508946322068,0.5873508946322068,0.2680921052631579,0.2680921052631579,1.0,1.0918999256873916,284561.0,2856712.0,1.0019512817712237,161476.0,161476.0,161476.0,161476.0,25395.0,49710.0,2523.0,161472.0,2523.0,0.0,0.0,0.0,0.0,0.0,0.0
cold_online_random_h16_s17_state0_mac0,scratch,cold,final,16,17,,0,0,25000000,25000000,25000000,16137.0,17748.0,252.0,4934.0,0.0,1000000.0,3275.0,16137.0,17748.0,0.0,4739.0,1.0,0.0,4830.0,16128.0,16137.0,16137.0,16137.0,252.0,2441653.0,0.0,103.0,0.0,0.0,0.0,0.0,2520.0,11,10000000.0,11000000.0,27004326.0,0.40955860640312114,3.275,0.20294974282704345,0.5913401547292239,0.5913401547292239,0.26701600180302004,0.26701600180302004,0.999789029535865,1.0998326826547686,288900.0,3145612.0,1.002339808318381,177613.0,177613.0,177613.0,177613.0,27915.0,54644.0,2775.0,177600.0,2775.0,0.0,0.0,0.0,0.0,0.0,0.0
cold_online_random_h16_s17_state0_mac0,scratch,cold,final,16,17,,0,0,25000000,25000000,25000000,16443.0,17700.0,257.0,4902.0,0.0,1000000.0,3838.0,16443.0,17700.0,4.0,4803.0,86.0,0.0,5208.0,16448.0,16443.0,16443.0,16443.0,257.0,2539395.0,0.0,206.0,0.0,0.0,0.0,0.0,2503.0,12,11000000.0,12000000.0,29543721.0,0.3937945849306626,3.838,0.23341239433193456,0.5558384446244647,0.5558384446244647,0.2713559322033898,0.27141726943942135,0.9824094906933933,1.0764459040321108,289772.0,3435384.0,1.0021300349098898,194056.0,194056.0,194056.0,194056.0,30418.0,59546.0,3032.0,194048.0,3032.0,0.0,0.0,0.0,0.0,0.0,0.0
cold_online_random_h16_s17_state0_mac0,scratch,cold,final,16,17,,0,0,25000000,25000000,25000000,16477.0,18136.0,257.0,5200.0,0.0,1000000.0,3983.0,16477.0,18136.0,0.0,4778.0,141.0,0.0,5210.0,16448.0,16477.0,16477.0,16477.0,257.0,2575764.0,0.0,467.0,0.0,0.0,0.0,0.0,2653.0,13,12000000.0,13000000.0,32119485.0,0.38823432581556383,3.983,0.24173089761485708,0.5453715329300308,0.5453715329300308,0.2634539038376709,0.2634539038376709,0.9713356373246594,1.1006858044546943,306139.0,3741523.0,1.0047613057718021,210533.0,210533.0,210533.0,210533.0,33071.0,64746.0,3289.0,210496.0,3289.0,0.0,0.0,0.0,0.0,0.0,0.0
cold_online_random_h16_s17_state0_mac0,scratch,cold,final,16,17,,0,0,25000000,25000000,25000000,16478.0,18461.0,258.0,4880.0,0.0,1000000.0,4101.0,16478.0,18461.0,0.0,4963.0,14.0,0.0,5437.0,16512.0,16478.0,16478.0,16478.0,258.0,2599389.0,0.0,596.0,0.0,0.0,0.0,0.0,2482.0,14,13000000.0,14000000.0,34718874.0,0.3847057904761465,4.101,0.2488772909333657,0.5478529639033006,0.5473010266033779,0.2688370077460593,0.2688370077460593,0.9971870604781997,1.120342274547882,308980.0,4050503.0,0.9992040437195049,227011.0,227011.0,227011.0,227011.0,35553.0,69626.0,3547.0,227008.0,3547.0,0.0,0.0,0.0,0.0,0.0,0.0
cold_online_random_h16_s17_state0_mac0,scratch,cold,final,16,17,,0,0,25000000,25000000,25000000,16096.0,17310.0,251.0,4952.0,0.0,1000000.0,3309.0,16096.0,17310.0,0.0,4739.0,3.0,0.0,4874.0,16064.0,16096.0,16096.0,16096.0,251.0,2448290.0,0.0,172.0,0.0,0.0,0.0,0.0,2511.0,15,14000000.0,15000000.0,37167164.0,0.4084483455799762,3.309,0.20557902584493043,0.5888419483101391,0.5888419483101391,0.2737723859041017,0.2737723859041017,0.9993673555461831,1.0754224652087476,287424.0,4337927.0,1.0004390819714986,243107.0,243107.0,243107.0,243107.0,38064.0,74578.0,3798.0,243072.0,3798.0,0.0,0.0,0.0,0.0,0.0,0.0
cold_online_random_h16_s17_state0_mac0,scratch,cold,final,16,17,,0,0,25000000,25000000,25000000,16111.0,17862.0,252.0,5009.0,0.0,1000000.0,3292.0,16111.0,17862.0,0.0,4736.0,0.0,0.0,4846.0,16128.0,16111.0,16111.0,16111.0,252.0,2447920.0,0.0,128.0,0.0,0.0,0.0,0.0,2539.0,16,15000000.0,16000000.0,39615084.0,0.4085100820288245,3.292,0.20433244367202533,0.5899352267065272,0.5899352267065272,0.2651438808644049,0.2651438808644049,1.0,1.1086835081621254,288055.0,4625982.0,1.0006613778228048,259218.0,259218.0,259218.0,259218.0,40603.0,79587.0,4050.0,259200.0,4050.0,0.0,0.0,0.0,0.0,0.0,0.0
cold_online_random_h16_s17_state0_mac0,scratch,cold,final,16,17,,0,0,25000000,25000000,25000000,16140.0,17302.0,252.0,4934.0,0.0,1000000.0,3317.0,16140.0,17302.0,0.0,4721.0,0.0,0.0,4833.0,16128.0,16140.0,16140.0,16140.0,252.0,2450730.0,0.0,94.0,0.0,0.0,0.0,0.0,2506.0,17,16000000.0,17000000.0,42065814.0,0.4080416855385946,3.317,0.20551425030978934,0.5873351579995023,0.5873351579995023,0.27285862906022423,0.27285862906022423,1.0,1.071995043370508,292035.0,4918017.0,0.9994691377671142,275358.0,275358.0,275358.0,275358.0,43109.0,84521.0,4302.0,275328.0,4302.0,0.0,0.0,0.0,0.0,0.0,0.0
cold_online_random_h16_s17_state0_mac0,scratch,cold,final,16,17,,0,0,25000000,25000000,25000000,16122.0,17478.0,252.0,4979.0,0.0,1000000.0,3311.0,16122.0,17478.0,0.0,4735.0,0.0,0.0,4836.0,16128.0,16122.0,16122.0,16122.0,252.0,2450881.0,0.0,122.0,0.0,0.0,0.0,0.0,2528.0,18,17000000.0,18000000.0,44516695.0,0.4080165458869688,3.311,0.20537154199230864,0.5884911757394979,0.5884911757394979,0.27091200366174617,0.27091200366174617,1.0,1.084108671380722,283774.0,5201791.0,1.000541437956392,291480.0,291480.0,291480.0,291480.0,45637.0,89500.0,4554.0,291456.0,4554.0,0.0,0.0,0.0,0.0,0.0,0.0
cold_online_random_h16_s17_state0_mac0,scratch,cold,final,16,17,,0,0,25000000,25000000,25000000,16101.0,16638.0,251.0,4847.0,0.0,1000000.0,3269.0,16101.0,16638.0,0.0,4730.0,1.0,0.0,4804.0,16064.0,16101.0,16101.0,16101.0,251.0,2445567.0,0.0,82.0,0.0,0.0,0.0,0.0,2458.0,19,18000000.0,19000000.0,46962262.0,0.4089031296218832,3.269,0.20303086764797218,0.5913239154894362,0.5913239154894362,0.28428897704050965,0.28428897704050965,0.9997886281969985,1.0333519657164152,294276.0,5496067.0,0.9998961386050761,307581.0,307581.0,307581.0,307581.0,48095.0,94347.0,4805.0,307520.0,4805.0,0.0,0.0,0.0,0.0,0.0,0.0
cold_online_random_h16_s17_state0_mac0,scratch,cold,final,16,17,,0,0,25000000,25000000,25000000,16119.0,15239.0,252.0,4805.0,0.0,1000000.0,3338.0,16119.0,15239.0,0.0,4683.0,2.0,0.0,4788.0,16128.0,16119.0,16119.0,16119.0,252.0,2446465.0,0.0,89.0,0.0,0.0,0.0,0.0,2442.0,20,19000000.0,20000000.0,49408727.0,0.4087530375460103,3.338,0.20708480674979837,0.5838424136641317,0.5838424136641317,0.3073036288470372,0.3073036288470372,0.99957310565635,0.9454060425584714,285278.0,5781345.0,0.9992143766618365,323700.0,323700.0,323700.0,323700.0,50537.0,99152.0,5057.0,323648.0,5057.0,0.0,0.0,0.0,0.0,0.0,0.0
cold_online_random_h16_s17_state0_mac0,scratch,cold,final,16,17,,0,0,25000000,25000000,25000000,16118.0,8194.0,252.0,4585.0,0.0,1000000.0,6055.0,16118.0,8194.0,0.0,1971.0,0.0,0.0,2042.0,16128.0,16118.0,16118.0,16118.0,252.0,2673028.0,0.0,79.0,0.0,0.0,0.0,0.0,2334.0,21,20000000.0,21000000.0,52081755.0,0.374107566400352,6.055,0.37566695619803947,0.24557687515574383,0.24557687515574383,0.24054185989748597,0.24054185989748597,1.0,0.508375728998635,58264.0,5839609.0,0.9126956395518491,339818.0,339818.0,339818.0,339818.0,52871.0,103737.0,5309.0,339776.0,5309.0,0.0,0.0,0.0,0.0,0.0,0.0
cold_online_random_h16_s17_state0_mac0,scratch,cold,final,16,17,,0,0,25000000,25000000,25000000,16084.0,7310.0,251.0,4821.0,0.0,1000000.0,6415.0,16084.0,7310.0,0.0,1623.0,1.0,0.0,1695.0,16064.0,16084.0,16084.0,16084.0,251.0,2719655.0,0.0,81.0,0.0,0.0,0.0,0.0,2453.0,22,21000000.0,22000000.0,54801410.0,0.367693696443115,6.415,0.3988435712509326,0.20191589947748195,0.20191589947748195,0.22202462380300958,0.22202462380300958,0.999384236453202,0.45448893310121863,24689.0,5864298.0,0.9039595095701477,355902.0,355902.0,355902.0,355902.0,55324.0,108558.0,5560.0,355840.0,5560.0,0.0,0.0,0.0,0.0,0.0,0.0
cold_online_random_h16_s17_state0_mac0,scratch,cold,final,16,17,,0,0,25000000,25000000,25000000,16132.0,6986.0,253.0,4761.0,0.0,1000000.0,6330.0,16132.0,6986.0,0.0,1715.0,2.0,0.0,1780.0,16192.0,16132.0,16132.0,16132.0,253.0,2694626.0,0.0,64.0,0.0,0.0,0.0,0.0,2422.0,23,22000000.0,23000000.0,57496036.0,0.37110901475752106,6.33,0.3923878006446814,0.21317588564325668,0.21317588564325668,0.24549098196392785,0.24549098196392785,0.9988351776354106,0.4330523183734193,31892.0,5896190.0,0.908396193015283,372034.0,372034.0,372034.0,372034.0,57746.0,113319.0,5813.0,372032.0,5813.0,0.0,0.0,0.0,0.0,0.0,0.0
cold_online_random_h16_s17_state0_mac0,scratch,cold,final,16,17,,0,0,25000000,25000000,25000000,16130.0,6398.0,252.0,4810.0,0.0,1000000.0,6400.0,16130.0,6398.0,0.0,1627.0,1.0,0.0,1683.0,16128.0,16130.0,16130.0,16130.0,252.0,2689860.0,0.0,69.0,0.0,0.0,0.0,0.0,2440.0,24,23000000.0,24000000.0,60185896.0,0.3717665603414304,6.4,0.3967761934283943,0.20269091815123957,0.20269091815123957,0.2542982181931854,0.2542982181931854,0.9993857493857494,0.39665220086794795,21924.0,5918114.0,0.9058471444610501,388164.0,388164.0,388164.0,388164.0,60186.0,118129.0,6065.0,388160.0,6065.0,0.0,0.0,0.0,0.0,0.0,0.0
cold_online_random_h16_s17_state0_mac0,scratch,cold,final,16,17,,0,0,25000000,25000000,25000000,16107.0,6228.0,251.0,4793.0,0.0,1000000.0,6342.0,16107.0,6228.0,0.0,1638.0,0.0,0.0,1678.0,16064.0,16107.0,16107.0,16107.0,251.0,2394379.0,0.0,36.0,0.0,0.0,0.0,0.0,2438.0,25,24000000.0,25000000.0,62580275.0,0.41764482565207933,6.342,0.39374185136897,0.20526315789473684,0.20526315789473684,0.2630057803468208,0.2630057803468208,1.0,0.38666418327435276,-664.0,5917450.0,0.9640963272731677,404271.0,404271.0,404271.0,404271.0,62624.0,122922.0,6316.0,404224.0,6316.0,0.0,0.0,0.0,0.0,0.0,0.0
cold_online_random_h16_s27_state0_mac0,scratch,cold,final,16,27,,0,0,25000000,25000000,25000000,16196.0,19186.0,253.0,4994.0,0.0,1000000.0,3868.0,16195.0,19186.0,421.0,4727.0,13.0,0.0,4804.0,16192.0,16196.0,16196.0,16196.0,253.0,2497752.0,0.0,43.0,0.0,0.0,0.0,0.0,2557.0,1,0.0,1000000.0,2497752.0,0.40036000371534086,3.868,0.23883914788514973,0.5499709133216987,0.5499709133216987,0.24637756697591995,0.2519051425526246,0.9972573839662447,1.1846866316764433,285305.0,285305.0,0.9881177154497325,16196.0,16196.0,16196.0,16196.0,2557.0,4994.0,253.0,16192.0,253.0,0.0,0.0,0.0,0.0,0.0,0.0
cold_online_random_h16_s27_state0_mac0,scratch,cold,final,16,27,,0,0,25000000,25000000,25000000,16124.0,18738.0,252.0,5137.0,0.0,1000000.0,3314.0,16125.0,18738.0,0.0,4702.0,0.0,0.0,4764.0,16128.0,16124.0,16124.0,16124.0,252.0,2448707.0,0.0,49.0,0.0,0.0,0.0,0.0,2622.0,2,1000000.0,2000000.0,4946459.0,0.4083787892957385,3.314,0.20551937984496124,0.5865768463073853,0.5865768463073853,0.2509339310492048,0.2509339310492048,1.0,1.162046511627907,278525.0,563830.0,0.999258384118639,32320.0,32320.0,32320.0,32320.0,5179.0,10131.0,505.0,32320.0,505.0,0.0,0.0,0.0,0.0,0.0,0.0
cold_online_random_h16_s27_state0_mac0,scratch,cold,final,16,27,,0,0,25000000,25000000,25000000,16133.0,17488.0,252.0,4852.0,0.0,1000000.0,3274.0,16133.0,17488.0,0.0,4727.0,0.0,0.0,4826.0,16128.0,16133.0,16133.0,16133.0,252.0,2442412.0,0.0,77.0,0.0,0.0,0.0,0.0,2477.0,3,2000000.0,3000000.0,7388871.0,0.4094313326334787,3.274,0.20293807723300067,0.590801149856268,0.590801149856268,0.2702996340347667,0.2702996340347667,1.0,1.0839893386226989,293085.0,856915.0,1.0004036992939767,48453.0,48453.0,48453.0,48453.0,7656.0,14983.0,757.0,48448.0,757.0,0.0,0.0,0.0,0.0,0.0,0.0
cold_online_random_h16_s27_state0_mac0,scratch,cold,final,16,27,,0,0,25000000,25000000,25000000,16100.0,17704.0,251.0,4952.0,0.0,1000000.0,3269.0,16100.0,17704.0,0.0,4735.0,3.0,0.0,4849.0,16064.0,16100.0,16100.0,16100.0,251.0,2446703.0,0.0,92.0,0.0,0.0,0.0,0.0,2527.0,4,3000000.0,4000000.0,9835574.0,0.40871327660120577,3.269,0.20304347826086958,0.5915792103948025,0.5915792103948025,0.26745368278355175,0.26745368278355175,0.9993668214436471,1.0996273291925467,294585.0,1151500.0,0.9997792948306353,64553.0,64553.0,64553.0,64553.0,10183.0,19935.0,1008.0,64512.0,1008.0,0.0,0.0,0.0,0.0,0.0,0.0
cold_online_random_h16_s27_state0_mac0,scratch,cold,final,16,27,,0,0,25000000,25000000,25000000,16178.0,17946.0,253.0,4968.0,0.0,1000000.0,3320.0,16178.0,17946.0,0.0,4724.0,2.0,0.0,4852.0,16192.0,16178.0,16178.0,16178.0,253.0,2450164.0,0.0,150.0,0.0,0.0,0.0,0.0,2533.0,5,4000000.0,5000000.0,12285738.0,0.40813594518571,3.32,0.20521696130547656,0.5872700149179513,0.5872700149179513,0.2632341468850997,0.2632341468850997,0.9995768091409225,1.1092842131289404,292140.0,1443640.0,1.0000208149332044,80731.0,80731.0,80731.0,80731.0,12716.0,24903.0,1261.0,80704.0,1261.0,0.0,0.0,0.0,0.0,0.0,0.0
cold_online_random_h16_s27_state0_mac0,scratch,cold,final,16,27,,0,0,25000000,25000000,25000000,16126.0,18221.0,252.0,5065.0,0.0,1000000.0,3378.0,16125.0,18221.0,0.0,4711.0,1.0,0.0,4908.0,16128.0,16126.0,16126.0,16126.0,252.0,2467809.0,0.0,151.0,0.0,0.0,0.0,0.0,2589.0,6,5000000.0,6000000.0,14753547.0,0.40521774578178454,3.378,0.20948837209302326,0.5823958462109037,0.5823958462109037,0.25854782942758353,0.25854782942758353,0.9997877758913413,1.129984496124031,289149.0,1732789.0,1.0008870216455164,96857.0,96857.0,96857.0,96857.0,15305.0,29968.0,1513.0,96832.0,1513.0,0.0,0.0,0.0,0.0,0.0,0.0
cold_online_random_h16_s27_state0_mac0,scratch,cold,final,16,27,,0,0,25000000,25000000,25000000,16179.0,17881.0,253.0,5005.0,0.0,1000000.0,3367.0,16180.0,17881.0,0.0,4723.0,4.0,0.0,4851.0,16192.0,16179.0,16179.0,16179.0,253.0,2451508.0,0.0,170.0,0.0,0.0,0.0,0.0,2559.0,7,6000000.0,7000000.0,17205055.0,0.40791219119007566,3.367,0.2080964153275649,0.5838071693448702,0.5838071693448702,0.2641351154857111,0.2641351154857111,0.9991537973344616,1.1051297898640298,277631.0,2010420.0,1.0010736248872123,113036.0,113036.0,113036.0,113036.0,17864.0,34973.0,1766.0,113024.0,1766.0,0.0,0.0,0.0,0.0,0.0,0.0
cold_online_random_h16_s27_state0_mac0,scratch,cold,final,16,27,,0,0,25000000,25000000,25000000,16131.0,17678.0,252.0,4856.0,0.0,1000000.0,3313.0,16131.0,17678.0,0.0,4704.0,0.0,0.0,4813.0,16128.0,16131.0,16131.0,16131.0,252.0,2444465.0,0.0,127.0,0.0,0.0,0.0,0.0,2478.0,8,7000000.0,8000000.0,19649520.0,0.4090874690371922,3.313,0.20538094352488998,0.5867531495571909,0.5867531495571909,0.2660934494852359,0.2660934494852359,1.0,1.09590229991941,283233.0,2293653.0,0.9993090512647962,129167.0,129167.0,129167.0,129167.0,20342.0,39829.0,2018.0,129152.0,2018.0,0.0,0.0,0.0,0.0,0.0,0.0
cold_online_random_h16_s27_state0_mac0,scratch,cold,final,16,27,,0,0,25000000,25000000,25000000,16161.0,17384.0,252.0,4996.0,0.0,1000000.0,3366.0,16161.0,17384.0,0.0,4723.0,6.0,0.0,4868.0,16128.0,16161.0,16161.0,16161.0,252.0,2463850.0,0.0,116.0,0.0,0.0,0.0,0.0,2553.0,9,8000000.0,9000000.0,22113370.0,0.4058688637701159,3.366,0.2082791906441433,0.5838793423167264,0.5838793423167264,0.2716866083755177,0.2716866083755177,0.9987312328187777,1.0756760101478868,283254.0,2576907.0,1.0014278466627433,145328.0,145328.0,145328.0,145328.0,22895.0,44825.0,2270.0,145280.0,2270.0,0.0,0.0,0.0,0.0,0.0,0.0
cold_online_random_h16_s27_state0_mac0,scratch,cold,final,16,27,,0,0,25000000,25000000,25000000,16148.0,17224.0,253.0,4853.0,0.0,1000000.0,3371.0,16148.0,17224.0,0.0,4677.0,2.0,0.0,4799.0,16192.0,16148.0,16148.0,16148.0,253.0,2448847.0,0.0,136.0,0.0,0.0,0.0,0.0,2483.0,10,9000000.0,10000000.0,24562217.0,0.40835544237757604,3.371,0.2087565023532326,0.5811381709741551,0.5811381709741551,0.271539712029726,0.271539712029726,0.99957255823894,1.0666336388407234,280261.0,2857168.0,1.0001919270579174,161476.0,161476.0,161476.0,161476.0,25378.0,49678.0,2523.0,161472.0,2523.0,0.0,0.0,0.0,0.0,0.0,0.0
cold_online_random_h16_s27_state0_mac0,scratch,cold,final,16,27,,0,0,25000000,25000000,25000000,16137.0,17467.0,252.0,4916.0,0.0,1000000.0,3374.0,16137.0,17467.0,0.0,4640.0,1.0,0.0,4727.0,16128.0,16137.0,16137.0,16137.0,252.0,2451472.0,0.0,106.0,0.0,0.0,0.0,0.0,2510.0,11,10000000.0,11000000.0,27013689.0,0.40791818140284697,3.374,0.20908471215219682,0.5789867731469928,0.5789867731469928,0.2656437854239423,0.2656437854239423,0.9997845291962939,1.0824192848732725,279081.0,3136249.0,0.99832508794716,177613.0,177613.0,177613.0,177613.0,27888.0,54594.0,2775.0,177600.0,2775.0,0.0,0.0,0.0,0.0,0.0,0.0
cold_online_random_h16_s27_state0_mac0,scratch,cold,final,16,27,,0,0,25000000,25000000,25000000,16443.0,17083.0,257.0,4862.0,0.0,1000000.0,4008.0,16443.0,17083.0,5.0,4633.0,161.0,0.0,4920.0,16448.0,16443.0,16443.0,16443.0,257.0,2550010.0,0.0,157.0,0.0,0.0,0.0,0.0,2481.0,12,11000000.0,12000000.0,29563699.0,0.3921553248810789,4.008,0.24375114030286443,0.5361647957412337,0.5361647957412337,0.2712052918105719,0.2712846937580513,0.9664163537755528,1.0389223377729124,279157.0,3415406.0,0.9979584393786691,194056.0,194056.0,194056.0,194056.0,30369.0,59456.0,3032.0,194048.0,3032.0,0.0,0.0,0.0,0.0,0.0,0.0
cold_online_random_h16_s27_state0_mac0,scratch,cold,final,16,27,,0,0,25000000,25000000,25000000,16477.0,17697.0,257.0,5195.0,0.0,1000000.0,4082.0,16477.0,17697.0,3.0,4679.0,149.0,0.0,5095.0,16448.0,16477.0,16477.0,16477.0,257.0,2582911.0,0.0,365.0,0.0,0.0,0.0,0.0,2649.0,13,12000000.0,13000000.0,32146610.0,0.38716006862025054,4.082,0.2477392729258967,0.534071453030476,0.534071453030476,0.26439509521387805,0.2644399231377868,0.9691383595691798,1.0740426048431146,298992.0,3714398.0,1.0019810980711297,210533.0,210533.0,210533.0,210533.0,33018.0,64651.0,3289.0,210496.0,3289.0,0.0,0.0,0.0,0.0,0.0,0.0
cold_online_random_h16_s27_state0_mac0,scratch,cold,final,16,27,,0,0,25000000,25000000,25000000,16478.0,17321.0,258.0,4839.0,0.0,1000000.0,4353.0,16478.0,17321.0,5.0,4708.0,36.0,0.0,5093.0,16512.0,16478.0,16478.0,16478.0,258.0,2616835.0,0.0,528.0,0.0,0.0,0.0,0.0,2460.0,14,13000000.0,14000000.0,34763445.0,0.3821410215011646,4.353,0.2641704090302221,0.5197041616072414,0.5194833866872723,0.27180878702153455,0.2718872718872719,0.9924114671163575,1.0511591212525793,291534.0,4005932.0,0.9925425179654048,227011.0,227011.0,227011.0,227011.0,35478.0,69490.0,3547.0,227008.0,3547.0,0.0,0.0,0.0,0.0,0.0,0.0
cold_online_random_h16_s27_state0_mac0,scratch,cold,final,16,27,,0,0,25000000,25000000,25000000,16096.0,16818.0,251.0,4940.0,0.0,1000000.0,3426.0,16096.0,16818.0,0.0,4622.0,0.0,0.0,4737.0,16064.0,16096.0,16096.0,16096.0,251.0,2456675.0,0.0,139.0,0.0,0.0,0.0,0.0,2505.0,15,14000000.0,15000000.0,37220120.0,0.4070542501551894,3.426,0.21284791252485089,0.5743041749502982,0.5743041749502982,0.27482459269829945,0.27482459269829945,1.0,1.0448558648111332,279039.0,4284971.0,0.9970244334313655,243107.0,243107.0,243107.0,243107.0,37983.0,74430.0,3798.0,243072.0,3798.0,0.0,0.0,0.0,0.0,0.0,0.0
cold_online_random_h16_s27_state0_mac0,scratch,cold,final,16,27,,0,0,25000000,25000000,25000000,16111.0,17424.0,252.0,4987.0,0.0,1000000.0,3407.0,16111.0,17424.0,0.0,4621.0,0.0,0.0,4712.0,16128.0,16111.0,16111.0,16111.0,252.0,2457420.0,0.0,115.0,0.0,0.0,0.0,0.0,2528.0,16,15000000.0,16000000.0,39677540.0,0.40693084617200154,3.407,0.21147042393395815,0.5756103637269556,0.5756103637269556,0.2652089072543618,0.2652089072543618,1.0,1.0814971137731983,278555.0,4563526.0,0.9967929780013185,259218.0,259218.0,259218.0,259218.0,40511.0,79417.0,4050.0,259200.0,4050.0,0.0,0.0,0.0,0.0,0.0,0.0
cold_online_random_h16_s27_state0_mac0,scratch,cold,final,16,27,,0,0,25000000,25000000,25000000,16140.0,16580.0,252.0,4921.0,0.0,1000000.0,3447.0,16140.0,16580.0,0.0,4591.0,0.0,0.0,4659.0,16128.0,16140.0,16140.0,16140.0,252.0,2460517.0,0.0,71.0,0.0,0.0,0.0,0.0,2499.0,17,16000000.0,17000000.0,42138057.0,0.40641865103959857,3.447,0.21356877323420073,0.5711619805921871,0.5711619805921871,0.27689987937273824,0.27689987937273824,1.0,1.0272614622057001,282248.0,4845774.0,0.9954936299972729,275358.0,275358.0,275358.0,275358.0,43010.0,84338.0,4302.0,275328.0,4302.0,0.0,0.0,0.0,0.0,0.0,0.0
cold_online_random_h16_s27_state0_mac0,scratch,cold,final,16,27,,0,0,25000000,25000000,25000000,16122.0,15279.0,252.0,4891.0,0.0,1000000.0,3845.0,16122.0,15279.0,0.0,4201.0,2.0,0.0,4291.0,16128.0,16122.0,16122.0,16122.0,252.0,2497063.0,0.0,83.0,0.0,0.0,0.0,0.0,2483.0,18,17000000.0,18000000.0,44635120.0,0.4004704727113413,3.845,0.23849398337675226,0.5221227939348745,0.5221227939348745,0.2749525492506054,0.2749525492506054,0.999524149417083,0.9477112020841086,237592.0,5083366.0,0.9820368969465328,291480.0,291480.0,291480.0,291480.0,45493.0,89229.0,4554.0,291456.0,4554.0,0.0,0.0,0.0,0.0,0.0,0.0
cold_online_random_h16_s27_state0_mac0,scratch,cold,final,16,27,,0,0,25000000,25000000,25000000,16101.0,9102.0,251.0,4565.0,0.0,1000000.0,5579.0,16101.0,9102.0,0.0,2420.0,1.0,0.0,2479.0,16064.0,16101.0,16101.0,16101.0,251.0,2645471.0,0.0,73.0,0.0,0.0,0.0,0.0,2329.0,19,18000000.0,19000000.0,47280591.0,0.37800452169008847,5.579,0.3465002173778026,0.3025378172271534,0.3025378172271534,0.26587563172929024,0.26587563172929024,0.9995869475423379,0.5653065027016956,94372.0,5177738.0,0.9243393709475554,307581.0,307581.0,307581.0,307581.0,47822.0,93794.0,4805.0,307520.0,4805.0,0.0,0.0,0.0,0.0,0.0,0.0
cold_online_random_h16_s27_state0_mac0,scratch,cold,final,16,27,,0,0,25000000,25000000,25000000,16119.0,6342.0,252.0,4713.0,0.0,1000000.0,6394.0,16119.0,6342.0,0.0,1627.0,2.0,0.0,1689.0,16128.0,16119.0,16119.0,16119.0,252.0,2711252.0,0.0,57.0,0.0,0.0,0.0,0.0,2396.0,20,19000000.0,20000000.0,49991843.0,0.3688332917781158,6.394,0.3966747316831069,0.20284253833686572,0.20284253833686572,0.2565436770734784,0.2565436770734784,0.9987722529158993,0.39344872510701656,20491.0,5198229.0,0.9016288415831505,323700.0,323700.0,323700.0,323700.0,50218.0,98507.0,5057.0,323648.0,5057.0,0.0,0.0,0.0,0.0,0.0,0.0
cold_online_random_h16_s27_state0_mac0,scratch,cold,final,16,27,,0,0,25000000,25000000,25000000,16118.0,6105.0,252.0,4594.0,0.0,1000000.0,6378.0,16118.0,6105.0,0.0,1648.0,1.0,0.0,1704.0,16128.0,16118.0,16118.0,16118.0,252.0,2712416.0,0.0,62.0,0.0,0.0,0.0,0.0,2340.0,21,20000000.0,21000000.0,52704259.0,0.36867501150266035,6.378,0.3957066633577367,0.20533266882631449,0.20533266882631449,0.26994266994266997,0.26994266994266997,0.9993935718617344,0.37876907804938575,18876.0,5217105.0,0.8994420472375918,339818.0,339818.0,339818.0,339818.0,52558.0,103101.0,5309.0,339776.0,5309.0,0.0,0.0,0.0,0.0,0.0,0.0
cold_online_random_h16_s27_state0_mac0,scratch,cold,final,16,27,,0,0,25000000,25000000,25000000,16084.0,6208.0,251.0,4807.0,0.0,1000000.0,6392.0,16084.0,6208.0,0.0,1646.0,2.0,0.0,1701.0,16064.0,16084.0,16084.0,16084.0,251.0,2721038.0,0.0,59.0,0.0,0.0,0.0,0.0,2445.0,22,21000000.0,22000000.0,55425297.0,0.3675068117387556,6.392,0.39741357871176325,0.20477730778800696,0.20477730778800696,0.2651417525773196,0.2651417525773196,0.9987864077669902,0.38597363839840837,23306.0,5240411.0,0.9035000613736377,355902.0,355902.0,355902.0,355902.0,55003.0,107908.0,5560.0,355840.0,5560.0,0.0,0.0,0.0,0.0,0.0,0.0
cold_online_random_h16_s27_state0_mac0,scratch,cold,final,16,27,,0,0,25000000,25000000,25000000,16132.0,6314.0,253.0,4762.0,0.0,1000000.0,6413.0,16132.0,6314.0,0.0,1632.0,2.0,0.0,1687.0,16192.0,16132.0,16132.0,16132.0,253.0,2707101.0,0.0,54.0,0.0,0.0,0.0,0.0,2423.0,23,22000000.0,23000000.0,58132398.0,0.3693988513912115,6.413,0.3975328539548723,0.20285891858297078,0.20285891858297078,0.25847323408299017,0.25847323408299017,0.9987760097919217,0.3913959831391024,19417.0,5259828.0,0.9042100756491908,372034.0,372034.0,372034.0,372034.0,57426.0,112670.0,5813.0,372032.0,5813.0,0.0,0.0,0.0,0.0,0.0,0.0
cold_online_random_h16_s27_state0_mac0,scratch,cold,final,16,27,,0,0,25000000,25000000,25000000,16130.0,6163.0,252.0,4800.0,0.0,1000000.0,6426.0,16130.0,6163.0,0.0,1601.0,0.0,0.0,1660.0,16128.0,16130.0,16130.0,16130.0,252.0,2688844.0,0.0,55.0,0.0,0.0,0.0,0.0,2435.0,24,23000000.0,24000000.0,60821242.0,0.37190703514223955,6.426,0.39838809671419717,0.19945185000622898,0.19945185000622898,0.2597760830764238,0.2597760830764238,1.0,0.3820830750154991,22940.0,5282768.0,0.9061894256416512,388164.0,388164.0,388164.0,388164.0,59861.0,117470.0,6065.0,388160.0,6065.0,0.0,0.0,0.0,0.0,0.0,0.0
cold_online_random_h16_s27_state0_mac0,scratch,cold,final,16,27,,0,0,25000000,25000000,25000000,16107.0,6102.0,251.0,4791.0,0.0,1000000.0,6357.0,16107.0,6102.0,0.0,1623.0,1.0,0.0,1668.0,16064.0,16107.0,16107.0,16107.0,251.0,2396564.0,0.0,45.0,0.0,0.0,0.0,0.0,2437.0,25,24000000.0,25000000.0,63217806.0,0.4172640496978174,6.357,0.3946731234866828,0.20338345864661656,0.20338345864661656,0.26597836774827927,0.26597836774827927,0.999384236453202,0.3788414974855653,-2849.0,5279919.0,0.963217339491038,404271.0,404271.0,404271.0,404271.0,62298.0,122261.0,6316.0,404224.0,6316.0,0.0,0.0,0.0,0.0,0.0,0.0
cold_online_random_h16_s7_state0_mac0,scratch,cold,final,16,7,,0,0,25000000,25000000,25000000,16196.0,20428.0,253.0,4997.0,0.0,1000000.0,3985.0,16195.0,20428.0,1260.0,4610.0,11.0,0.0,4687.0,16192.0,16196.0,16196.0,16196.0,253.0,2504451.0,0.0,40.0,0.0,0.0,0.0,0.0,2559.0,1,0.0,1000000.0,2504451.0,0.399289105676254,3.985,0.24606359987650508,0.5363583478766725,0.5363583478766725,0.2256706481300176,0.24050500834724542,0.9976195628651807,1.2613769682000617,278606.0,278606.0,0.9854746609137092,16196.0,16196.0,16196.0,16196.0,2559.0,4997.0,253.0,16192.0,253.0,0.0,0.0,0.0,0.0,0.0,0.0
cold_online_random_h16_s7_state0_mac0,scratch,cold,final,16,7,,0,0,25000000,25000000,25000000,16124.0,18854.0,252.0,5131.0,0.0,1000000.0,3257.0,16125.0,18854.0,0.0,4759.0,0.0,0.0,4838.0,16128.0,16124.0,16124.0,16124.0,252.0,2446083.0,0.0,52.0,0.0,0.0,0.0,0.0,2619.0,2,1000000.0,2000000.0,4950534.0,0.4088168717087687,3.257,0.20198449612403102,0.593687624750499,0.593687624750499,0.252413281001379,0.252413281001379,1.0,1.1692403100775193,281149.0,559755.0,1.0003303240323407,32320.0,32320.0,32320.0,32320.0,5178.0,10128.0,505.0,32320.0,505.0,0.0,0.0,0.0,0.0,0.0,0.0
cold_online_random_h16_s7_state0_mac0,scratch,cold,final,16,7,,0,0,25000000,25000000,25000000,16133.0,17560.0,252.0,4869.0,0.0,1000000.0,3271.0,16133.0,17560.0,0.0,4730.0,0.0,0.0,4854.0,16128.0,16133.0,16133.0,16133.0,252.0,2441198.0,0.0,115.0,0.0,0.0,0.0,0.0,2486.0,3,2000000.0,3000000.0,7391732.0,0.4096349415328048,3.271,0.20275212297774747,0.5911761029871266,0.5911761029871266,0.2693621867881549,0.2693621867881549,1.0,1.0884522407487758,294299.0,854054.0,1.0009011968713721,48453.0,48453.0,48453.0,48453.0,7664.0,14997.0,757.0,48448.0,757.0,0.0,0.0,0.0,0.0,0.0,0.0
cold_online_random_h16_s7_state0_mac0,scratch,cold,final,16,7,,0,0,25000000,25000000,25000000,16100.0,17730.0,251.0,4950.0,0.0,1000000.0,3272.0,16100.0,17730.0,0.0,4732.0,0.0,0.0,4858.0,16064.0,16100.0,16100.0,16100.0,251.0,2446444.0,0.0,97.0,0.0,0.0,0.0,0.0,2526.0,4,3000000.0,4000000.0,9838176.0,0.408756546236088,3.272,0.20322981366459628,0.5912043978010995,0.5912043978010995,0.26689227298364354,0.26689227298364354,1.0,1.1012422360248446,294844.0,1148898.0,0.9998851394105077,64553.0,64553.0,64553.0,64553.0,10190.0,19947.0,1008.0,64512.0,1008.0,0.0,0.0,0.0,0.0,0.0,0.0
cold_online_random_h16_s7_state0_mac0,scratch,cold,final,16,7,,0,0,25000000,25000000,25000000,16178.0,17622.0,253.0,4970.0,0.0,1000000.0,3322.0,16178.0,17622.0,0.0,4722.0,1.0,0.0,4843.0,16192.0,16178.0,16178.0,16178.0,253.0,2451108.0,0.0,157.0,0.0,0.0,0.0,0.0,2534.0,5,4000000.0,5000000.0,12289284.0,0.40797875899389174,3.322,0.2053405859809618,0.5870213823968174,0.5870213823968174,0.2679605039155601,0.2679605039155601,0.9997882701672666,1.0892570157003338,291196.0,1440094.0,0.9996356749682184,80731.0,80731.0,80731.0,80731.0,12724.0,24917.0,1261.0,80704.0,1261.0,0.0,0.0,0.0,0.0,0.0,0.0
cold_online_random_h16_s7_state0_mac0,scratch,cold,final,16,7,,0,0,25000000,25000000,25000000,16126.0,18191.0,252.0,5065.0,0.0,1000000.0,3369.0,16125.0,18191.0,0.0,4720.0,1.0,0.0,4914.0,16128.0,16126.0,16126.0,16126.0,252.0,2467492.0,0.0,151.0,0.0,0.0,0.0,0.0,2589.0,6,5000000.0,6000000.0,14756776.0,0.4052698043195277,3.369,0.20893023255813953,0.5835084682902707,0.5835084682902707,0.2594689681710736,0.2594689681710736,0.9997881804702393,1.128124031007752,289466.0,1729560.0,1.0010156061296247,96857.0,96857.0,96857.0,96857.0,15313.0,29982.0,1513.0,96832.0,1513.0,0.0,0.0,0.0,0.0,0.0,0.0
cold_online_random_h16_s7_state0_mac0,scratch,cold,final,16,7,,0,0,25000000,25000000,25000000,16179.0,17764.0,253.0,5009.0,0.0,1000000.0,3354.0,16180.0,17764.0,0.0,4736.0,6.0,0.0,4879.0,16192.0,16179.0,16179.0,16179.0,253.0,2449693.0,0.0,176.0,0.0,0.0,0.0,0.0,2561.0,7,6000000.0,7000000.0,17206469.0,0.4082144170718535,3.354,0.2072929542645241,0.5854140914709518,0.5854140914709518,0.2666066201306012,0.2666066201306012,0.9987347110923661,1.0978986402966626,279446.0,2009006.0,1.0018153295127186,113036.0,113036.0,113036.0,113036.0,17874.0,34991.0,1766.0,113024.0,1766.0,0.0,0.0,0.0,0.0,0.0,0.0
cold_online_random_h16_s7_state0_mac0,scratch,cold,final,16,7,,0,0,25000000,25000000,25000000,16131.0,17641.0,252.0,4858.0,0.0,1000000.0,3291.0,16131.0,17641.0,0.0,4726.0,0.0,0.0,4846.0,16128.0,16131.0,16131.0,16131.0,252.0,2443183.0,0.0,145.0,0.0,0.0,0.0,0.0,2479.0,8,7000000.0,8000000.0,19649652.0,0.40930212759338946,3.291,0.20401710991259067,0.5894973181988274,0.5894973181988274,0.2678986452015192,0.2678986452015192,1.0,1.0936085797532702,284515.0,2293521.0,0.9998334140340696,129167.0,129167.0,129167.0,129167.0,20353.0,39849.0,2018.0,129152.0,2018.0,0.0,0.0,0.0,0.0,0.0,0.0
cold_online_random_h16_s7_state0_mac0,scratch,cold,final,16,7,,0,0,25000000,25000000,25000000,16161.0,17294.0,252.0,4998.0,0.0,1000000.0,3349.0,16161.0,17294.0,2.0,4740.0,7.0,0.0,4884.0,16128.0,16161.0,16161.0,16161.0,252.0,2464193.0,0.0,112.0,0.0,0.0,0.0,0.0,2554.0,9,8000000.0,9000000.0,22113845.0,0.4058123694045069,3.349,0.20722727553987996,0.5859809617999753,0.5859809617999753,0.27408349716664737,0.2741151977793199,0.9985253844533389,1.0701070478311985,282911.0,2576432.0,1.0012884542728593,145328.0,145328.0,145328.0,145328.0,22907.0,44847.0,2270.0,145280.0,2270.0,0.0,0.0,0.0,0.0,0.0,0.0
cold_online_random_h16_s7_state0_mac0,scratch,cold,final,16,7,,0,0,25000000,25000000,25000000,16148.0,17240.0,253.0,4858.0,0.0,1000000.0,3349.0,16148.0,17240.0,0.0,4699.0,0.0,0.0,4816.0,16192.0,16148.0,16148.0,16148.0,253.0,2447857.0,0.0,133.0,0.0,0.0,0.0,0.0,2486.0,10,9000000.0,10000000.0,24561702.0,0.40852059577009603,3.349,0.2073941045330691,0.5838717693836978,0.5838717693836978,0.27256380510440836,0.27256380510440836,1.0,1.0676244736190241,281251.0,2857683.0,1.0005964400698242,161476.0,161476.0,161476.0,161476.0,25393.0,49705.0,2523.0,161472.0,2523.0,0.0,0.0,0.0,0.0,0.0,0.0
cold_online_random_h16_s7_state0_mac0,scratch,cold,final,16,7,,0,0,25000000,25000000,25000000,16137.0,17307.0,252.0,4919.0,0.0,1000000.0,3357.0,16137.0,17307.0,0.0,4657.0,0.0,0.0,4746.0,16128.0,16137.0,16137.0,16137.0,252.0,2450018.0,0.0,110.0,0.0,0.0,0.0,0.0,2512.0,11,10000000.0,11000000.0,27011720.0,0.4081602665776333,3.357,0.20803123257110986,0.5811080608934365,0.5811080608934365,0.26908187438608655,0.26908187438608655,1.0,1.0725041829336308,280535.0,3138218.0,0.9989175589730362,177613.0,177613.0,177613.0,177613.0,27905.0,54624.0,2775.0,177600.0,2775.0,0.0,0.0,0.0,0.0,0.0,0.0
cold_online_random_h16_s7_state0_mac0,scratch,cold,final,16,7,,0,0,25000000,25000000,25000000,16443.0,17400.0,257.0,4883.0,0.0,1000000.0,3959.0,16443.0,17400.0,6.0,4682.0,90.0,0.0,5010.0,16448.0,16443.0,16443.0,16443.0,257.0,2549507.0,0.0,152.0,0.0,0.0,0.0,0.0,2493.0,12,11000000.0,12000000.0,29561227.0,0.3922326943993486,3.959,0.24077114881712583,0.541835435713459,0.541835435713459,0.26908045977011497,0.269173278141888,0.9811399832355406,1.0582010582010581,279660.0,3417878.0,0.9981553296382399,194056.0,194056.0,194056.0,194056.0,30398.0,59507.0,3032.0,194048.0,3032.0,0.0,0.0,0.0,0.0,0.0,0.0
cold_online_random_h16_s7_state0_mac0,scratch,cold,final,16,7,,0,0,25000000,25000000,25000000,16477.0,18083.0,257.0,5195.0,0.0,1000000.0,4104.0,16477.0,18083.0,18.0,4657.0,121.0,0.0,5095.0,16448.0,16477.0,16477.0,16477.0,257.0,2584911.0,0.0,435.0,0.0,0.0,0.0,0.0,2649.0,13,12000000.0,13000000.0,32146138.0,0.3868605147333893,4.104,0.24907446743946107,0.5315603241639082,0.5315603241639082,0.2575347011004811,0.2577913091613617,0.9746755964838845,1.0974691994901984,296992.0,3714870.0,1.001205844224424,210533.0,210533.0,210533.0,210533.0,33047.0,64702.0,3289.0,210496.0,3289.0,0.0,0.0,0.0,0.0,0.0,0.0
cold_online_random_h16_s7_state0_mac0,scratch,cold,final,16,7,,0,0,25000000,25000000,25000000,16478.0,17578.0,258.0,4902.0,0.0,1000000.0,4480.0,16478.0,17578.0,1.0,4582.0,23.0,0.0,4984.0,16512.0,16478.0,16478.0,16478.0,258.0,2620385.0,0.0,524.0,0.0,0.0,0.0,0.0,2493.0,14,13000000.0,14000000.0,34766523.0,0.3816233110783339,4.48,0.27187765505522515,0.5057953416491886,0.505464179269235,0.2606667425190579,0.2606815725095295,0.9950054288816503,1.0667556742323097,287984.0,4002854.0,0.9911978583299783,227011.0,227011.0,227011.0,227011.0,35540.0,69604.0,3547.0,227008.0,3547.0,0.0,0.0,0.0,0.0,0.0,0.0
cold_online_random_h16_s7_state0_mac0,scratch,cold,final,16,7,,0,0,25000000,25000000,25000000,16096.0,17033.0,251.0,4946.0,0.0,1000000.0,3398.0,16096.0,17033.0,0.0,4650.0,0.0,0.0,4757.0,16064.0,16096.0,16096.0,16096.0,251.0,2453968.0,0.0,154.0,0.0,0.0,0.0,0.0,2508.0,15,14000000.0,15000000.0,37220491.0,0.40750327632634165,3.398,0.21110834990059643,0.5777833001988072,0.5777833001988072,0.2729994716139259,0.2729994716139259,1.0,1.0582132206759443,281746.0,4284600.0,0.9981242624190698,243107.0,243107.0,243107.0,243107.0,38048.0,74550.0,3798.0,243072.0,3798.0,0.0,0.0,0.0,0.0,0.0,0.0
cold_online_random_h16_s7_state0_mac0,scratch,cold,final,16,7,,0,0,25000000,25000000,25000000,16111.0,17454.0,252.0,4981.0,0.0,1000000.0,3419.0,16111.0,17454.0,0.0,4609.0,0.0,0.0,4694.0,16128.0,16111.0,16111.0,16111.0,252.0,2457860.0,0.0,100.0,0.0,0.0,0.0,0.0,2525.0,16,15000000.0,16000000.0,39678351.0,0.406857998421391,3.419,0.21221525665694246,0.5741155954160438,0.5741155954160438,0.26406554371490776,0.26406554371490776,1.0,1.0833591955806592,278115.0,4562715.0,0.9966145345951357,259218.0,259218.0,259218.0,259218.0,40573.0,79531.0,4050.0,259200.0,4050.0,0.0,0.0,0.0,0.0,0.0,0.0
cold_online_random_h16_s7_state0_mac0,scratch,cold,final,16,7,,0,0,25000000,25000000,25000000,16140.0,17123.0,252.0,4921.0,0.0,1000000.0,3441.0,16140.0,17123.0,0.0,4597.0,1.0,0.0,4670.0,16128.0,16140.0,16140.0,16140.0,252.0,2458974.0,0.0,71.0,0.0,0.0,0.0,0.0,2499.0,17,16000000.0,17000000.0,42137325.0,0.4066736777208706,3.441,0.21319702602230484,0.5719084349340632,0.5719084349340632,0.2684693102844128,0.2684693102844128,0.9997825141365811,1.06090458488228,283791.0,4846506.0,0.9961182997461543,275358.0,275358.0,275358.0,275358.0,43072.0,84452.0,4302.0,275328.0,4302.0,0.0,0.0,0.0,0.0,0.0,0.0
cold_online_random_h16_s7_state0_mac0,scratch,cold,final,16,7,,0,0,25000000,25000000,25000000,16122.0,17500.0,252.0,4973.0,0.0,1000000.0,3445.0,16122.0,17500.0,3.0,4601.0,0.0,0.0,4701.0,16128.0,16122.0,16122.0,16122.0,252.0,2462066.0,0.0,94.0,0.0,0.0,0.0,0.0,2525.0,18,17000000.0,18000000.0,44599391.0,0.4061629542018776,3.445,0.2136831658603151,0.5718369376087497,0.5718369376087497,0.2629142857142857,0.2629593644624793,1.0,1.085473266344126,272589.0,5119095.0,0.9959960455974779,291480.0,291480.0,291480.0,291480.0,45597.0,89425.0,4554.0,291456.0,4554.0,0.0,0.0,0.0,0.0,0.0,0.0
cold_online_random_h16_s7_state0_mac0,scratch,cold,final,16,7,,0,0,25000000,25000000,25000000,16101.0,17106.0,251.0,4843.0,0.0,1000000.0,3390.0,16101.0,17106.0,0.0,4609.0,0.0,0.0,4677.0,16064.0,16101.0,16101.0,16101.0,251.0,2455659.0,0.0,83.0,0.0,0.0,0.0,0.0,2456.0,19,18000000.0,19000000.0,47055050.0,0.40722266405881274,3.39,0.21054592882429662,0.5761970246280785,0.5761970246280785,0.269437624225418,0.269437624225418,1.0,1.0624184833240171,284184.0,5403279.0,0.9957868743176476,307581.0,307581.0,307581.0,307581.0,48053.0,94268.0,4805.0,307520.0,4805.0,0.0,0.0,0.0,0.0,0.0,0.0
cold_online_random_h16_s7_state0_mac0,scratch,cold,final,16,7,,0,0,25000000,25000000,25000000,16119.0,16925.0,252.0,4796.0,0.0,1000000.0,3460.0,16119.0,16925.0,0.0,4561.0,3.0,0.0,4642.0,16128.0,16119.0,16119.0,16119.0,252.0,2455539.0,0.0,72.0,0.0,0.0,0.0,0.0,2437.0,20,19000000.0,20000000.0,49510589.0,0.40724256466706493,3.46,0.2146535144860103,0.5686323401072185,0.5686323401072185,0.26948301329394386,0.26948301329394386,0.9993426818580193,1.0500031019294,276204.0,5679483.0,0.9955219607589209,323700.0,323700.0,323700.0,323700.0,50490.0,99064.0,5057.0,323648.0,5057.0,0.0,0.0,0.0,0.0,0.0,0.0
cold_online_random_h16_s7_state0_mac0,scratch,cold,final,16,7,,0,0,25000000,25000000,25000000,16118.0,16988.0,252.0,4901.0,0.0,1000000.0,3426.0,16118.0,16988.0,0.0,4600.0,4.0,0.0,4680.0,16128.0,16118.0,16118.0,16118.0,252.0,2449940.0,0.0,78.0,0.0,0.0,0.0,0.0,2486.0,21,20000000.0,21000000.0,51960529.0,0.40817326138599314,3.426,0.2125573892542499,0.5731373037627709,0.5731373037627709,0.2707793736755357,0.2707793736755357,0.9991311902693311,1.053976920213426,281352.0,5960835.0,0.9958043870462133,339818.0,339818.0,339818.0,339818.0,52976.0,103965.0,5309.0,339776.0,5309.0,0.0,0.0,0.0,0.0,0.0,0.0
cold_online_random_h16_s7_state0_mac0,scratch,cold,final,16,7,,0,0,25000000,25000000,25000000,16084.0,16439.0,251.0,4853.0,0.0,1000000.0,3440.0,16084.0,16439.0,0.0,4598.0,1.0,0.0,4682.0,16064.0,16084.0,16084.0,16084.0,251.0,2467543.0,0.0,86.0,0.0,0.0,0.0,0.0,2464.0,22,21000000.0,22000000.0,54428072.0,0.40526142806832544,3.44,0.21387714498880875,0.5720328439910426,0.5720328439910426,0.27970071172212424,0.27970071172212424,0.999782561426397,1.0220716239741359,276801.0,6237636.0,0.9963181999259992,355902.0,355902.0,355902.0,355902.0,55440.0,108818.0,5560.0,355840.0,5560.0,0.0,0.0,0.0,0.0,0.0,0.0
cold_online_random_h16_s7_state0_mac0,scratch,cold,final,16,7,,0,0,25000000,25000000,25000000,16132.0,14293.0,253.0,4810.0,0.0,1000000.0,3822.0,16132.0,14293.0,0.0,4223.0,2.0,0.0,4312.0,16192.0,16132.0,16132.0,16132.0,253.0,2487382.0,0.0,86.0,0.0,0.0,0.0,0.0,2441.0,23,22000000.0,23000000.0,56915454.0,0.40202912138143637,3.822,0.2369204066451773,0.5249223119950279,0.5249223119950279,0.295459315748968,0.295459315748968,0.9995266272189349,0.8860029754525167,239136.0,6476772.0,0.9840820589680234,372034.0,372034.0,372034.0,372034.0,57881.0,113628.0,5813.0,372032.0,5813.0,0.0,0.0,0.0,0.0,0.0,0.0
cold_online_random_h16_s7_state0_mac0,scratch,cold,final,16,7,,0,0,25000000,25000000,25000000,16130.0,7537.0,252.0,4745.0,0.0,1000000.0,6176.0,16130.0,7537.0,0.0,1851.0,3.0,0.0,1915.0,16128.0,16130.0,16130.0,16130.0,252.0,2667124.0,0.0,78.0,0.0,0.0,0.0,0.0,2407.0,24,23000000.0,24000000.0,59582578.0,0.3749356985277025,6.176,0.3828890266584005,0.23059673601594619,0.23059673601594619,0.24558843040997744,0.24558843040997744,0.9983818770226537,0.4672659640421575,44660.0,6521432.0,0.9135690729039969,388164.0,388164.0,388164.0,388164.0,60288.0,118373.0,6065.0,388160.0,6065.0,0.0,0.0,0.0,0.0,0.0,0.0
cold_online_random_h16_s7_state0_mac0,scratch,cold,final,16,7,,0,0,25000000,25000000,25000000,16107.0,6445.0,251.0,4804.0,0.0,1000000.0,6329.0,16107.0,6445.0,0.0,1651.0,0.0,0.0,1696.0,16064.0,16107.0,16107.0,16107.0,251.0,2396032.0,0.0,43.0,0.0,0.0,0.0,0.0,2443.0,25,24000000.0,25000000.0,61978610.0,0.41735669640472245,6.329,0.39293474886695223,0.2068922305764411,0.2068922305764411,0.2561675717610551,0.2561675717610551,1.0,0.40013658657726453,-2317.0,6519115.0,0.9634312062610181,404271.0,404271.0,404271.0,404271.0,62731.0,123177.0,6316.0,404224.0,6316.0,0.0,0.0,0.0,0.0,0.0,0.0
cold_online_random_h8_s17_state0_mac0,scratch,cold,final,8,17,,0,0,25000000,25000000,25000000,16196.0,22146.0,253.0,5016.0,0.0,1000000.0,3841.0,16195.0,22146.0,955.0,4754.0,15.0,0.0,4835.0,16192.0,16196.0,16196.0,16196.0,253.0,2498697.0,0.0,52.0,0.0,0.0,0.0,0.0,2567.0,1,0.0,1000000.0,2498697.0,0.400208588716439,3.841,0.23717196665637544,0.5531122745782432,0.5531122745782432,0.21466630542761672,0.22434052191968287,0.9968546865170895,1.3674590923124421,284360.0,284360.0,0.9878020424245116,16196.0,16196.0,16196.0,16196.0,2567.0,5016.0,253.0,16192.0,253.0,0.0,0.0,0.0,0.0,0.0,0.0
cold_online_random_h8_s17_state0_mac0,scratch,cold,final,8,17,,0,0,25000000,25000000,25000000,16124.0,19404.0,252.0,5139.0,0.0,1000000.0,3189.0,16125.0,19404.0,0.0,4827.0,0.0,0.0,4901.0,16128.0,16124.0,16124.0,16124.0,252.0,2443696.0,0.0,51.0,0.0,0.0,0.0,0.0,2623.0,2,1000000.0,2000000.0,4942393.0,0.40921620365217276,3.189,0.1977674418604651,0.6021706586826348,0.6021706586826348,0.24876314162028448,0.24876314162028448,1.0,1.2033488372093024,283536.0,567896.0,1.0019699668043816,32320.0,32320.0,32320.0,32320.0,5190.0,10155.0,505.0,32320.0,505.0,0.0,0.0,0.0,0.0,0.0,0.0
cold_online_random_h8_s17_state0_mac0,scratch,cold,final,8,17,,0,0,25000000,25000000,25000000,16133.0,17632.0,252.0,4869.0,0.0,1000000.0,3274.0,16133.0,17632.0,0.0,4727.0,0.0,0.0,4870.0,16128.0,16133.0,16133.0,16133.0,252.0,2441759.0,0.0,102.0,0.0,0.0,0.0,0.0,2486.0,3,2000000.0,3000000.0,7384152.0,0.4095408269202653,3.274,0.20293807723300067,0.590801149856268,0.590801149856268,0.2680921052631579,0.2680921052631579,1.0,1.0929151428748527,293738.0,861634.0,1.0006929430791491,48453.0,48453.0,48453.0,48453.0,7676.0,15024.0,757.0,48448.0,757.0,0.0,0.0,0.0,0.0,0.0,0.0
cold_online_random_h8_s17_state0_mac0,scratch,cold,final,8,17,,0,0,25000000,25000000,25000000,16100.0,18980.0,251.0,4942.0,0.0,1000000.0,3259.0,16100.0,18980.0,0.0,4744.0,0.0,0.0,4863.0,16064.0,16100.0,16100.0,16100.0,251.0,2443164.0,0.0,112.0,0.0,0.0,0.0,0.0,2522.0,4,3000000.0,4000000.0,9827316.0,0.4093053106545447,3.259,0.2024223602484472,0.592703648175912,0.5928285857071465,0.24994731296101158,0.24994731296101158,1.0,1.1788819875776397,298124.0,1159758.0,1.0013650332110329,64553.0,64553.0,64553.0,64553.0,10198.0,19966.0,1008.0,64512.0,1008.0,0.0,0.0,0.0,0.0,0.0,0.0
cold_online_random_h8_s17_state0_mac0,scratch,cold,final,8,17,,0,0,25000000,25000000,25000000,16178.0,18590.0,253.0,4962.0,0.0,1000000.0,3319.0,16178.0,18590.0,0.0,4725.0,0.0,0.0,4876.0,16192.0,16178.0,16178.0,16178.0,253.0,2449890.0,0.0,171.0,0.0,0.0,0.0,0.0,2530.0,5,4000000.0,5000000.0,12277206.0,0.4081815918265718,3.319,0.20515514896773396,0.5873943311785181,0.5873943311785181,0.25416890801506187,0.25416890801506187,1.0,1.1490913586351836,292414.0,1452172.0,1.0004698170121924,80731.0,80731.0,80731.0,80731.0,12728.0,24928.0,1261.0,80704.0,1261.0,0.0,0.0,0.0,0.0,0.0,0.0
cold_online_random_h8_s17_state0_mac0,scratch,cold,final,8,17,,0,0,25000000,25000000,25000000,16126.0,18945.0,252.0,5069.0,0.0,1000000.0,3374.0,16125.0,18945.0,1.0,4715.0,0.0,0.0,4926.0,16128.0,16126.0,16126.0,16126.0,252.0,2466441.0,0.0,183.0,0.0,0.0,0.0,0.0,2591.0,6,5000000.0,6000000.0,14743647.0,0.40544249791501197,3.374,0.2092403100775194,0.5828903449128446,0.5828903449128446,0.24887833201372395,0.2488914695945946,1.0,1.1748837209302325,290517.0,1742689.0,1.0020418084195,96857.0,96857.0,96857.0,96857.0,15319.0,29997.0,1513.0,96832.0,1513.0,0.0,0.0,0.0,0.0,0.0,0.0
cold_online_random_h8_s17_state0_mac0,scratch,cold,final,8,17,,0,0,25000000,25000000,25000000,16179.0,18085.0,253.0,5011.0,0.0,1000000.0,3355.0,16180.0,18085.0,0.0,4735.0,2.0,0.0,4882.0,16192.0,16179.0,16179.0,16179.0,253.0,2450233.0,0.0,180.0,0.0,0.0,0.0,0.0,2562.0,7,6000000.0,7000000.0,17193880.0,0.4081244518378456,3.355,0.2073547589616811,0.5852904820766378,0.5852904820766378,0.2618191871716892,0.2618191871716892,0.9995777918513827,1.1177379480840544,278906.0,2021595.0,1.0022867213036475,113036.0,113036.0,113036.0,113036.0,17881.0,35008.0,1766.0,113024.0,1766.0,0.0,0.0,0.0,0.0,0.0,0.0
cold_online_random_h8_s17_state0_mac0,scratch,cold,final,8,17,,0,0,25000000,25000000,25000000,16131.0,17707.0,252.0,4832.0,0.0,1000000.0,3294.0,16131.0,17707.0,0.0,4723.0,1.0,0.0,4854.0,16128.0,16131.0,16131.0,16131.0,252.0,2444899.0,0.0,147.0,0.0,0.0,0.0,0.0,2466.0,8,7000000.0,8000000.0,19638779.0,0.40901485092022205,3.294,0.20420308722335875,0.5891231133840589,0.5891231133840589,0.26673067148585305,0.26673067148585305,0.9997883149872989,1.097700080590168,282799.0,2304394.0,0.9991717449268865,129167.0,129167.0,129167.0,129167.0,20347.0,39840.0,2018.0,129152.0,2018.0,0.0,0.0,0.0,0.0,0.0,0.0
cold_online_random_h8_s17_state0_mac0,scratch,cold,final,8,17,,0,0,25000000,25000000,25000000,16161.0,17394.0,252.0,5002.0,0.0,1000000.0,3351.0,16161.0,17394.0,0.0,4738.0,3.0,0.0,4884.0,16128.0,16161.0,16161.0,16161.0,252.0,2464013.0,0.0,124.0,0.0,0.0,0.0,0.0,2556.0,9,8000000.0,9000000.0,22102792.0,0.405842014632228,3.351,0.2073510302580286,0.5857337124490049,0.5857337124490049,0.27239277911923654,0.27239277911923654,0.9993672221050411,1.07629478373863,283091.0,2587485.0,1.0019240969913714,145328.0,145328.0,145328.0,145328.0,22903.0,44842.0,2270.0,145280.0,2270.0,0.0,0.0,0.0,0.0,0.0,0.0
cold_online_random_h8_s17_state0_mac0,scratch,cold,final,8,17,,0,0,25000000,25000000,25000000,16148.0,17245.0,253.0,4854.0,0.0,1000000.0,3331.0,16148.0,17245.0,0.0,4717.0,0.0,0.0,4850.0,16192.0,16148.0,16148.0,16148.0,253.0,2446342.0,0.0,135.0,0.0,0.0,0.0,0.0,2484.0,10,9000000.0,10000000.0,24549134.0,0.40877358930190466,3.331,0.2062794154074808,0.5861083499005965,0.5861083499005965,0.2735285590026095,0.2735285590026095,1.0,1.067934109487243,282766.0,2870251.0,1.0013460914295713,161476.0,161476.0,161476.0,161476.0,25387.0,49696.0,2523.0,161472.0,2523.0,0.0,0.0,0.0,0.0,0.0,0.0
cold_online_random_h8_s17_state0_mac0,scratch,cold,final,8,17,,0,0,25000000,25000000,25000000,16137.0,17445.0,252.0,4920.0,0.0,1000000.0,3304.0,16137.0,17445.0,0.0,4710.0,1.0,0.0,4814.0,16128.0,16137.0,16137.0,16137.0,252.0,2444951.0,0.0,121.0,0.0,0.0,0.0,0.0,2513.0,11,10000000.0,11000000.0,26994085.0,0.40900615186153017,3.304,0.20474685505360352,0.5877214873970552,0.5877214873970552,0.2699914015477214,0.2699914015477214,0.9997877308427086,1.0810559583565718,285602.0,3155853.0,1.0008724101219206,177613.0,177613.0,177613.0,177613.0,27900.0,54616.0,2775.0,177600.0,2775.0,0.0,0.0,0.0,0.0,0.0,0.0
cold_online_random_h8_s17_state0_mac0,scratch,cold,final,8,17,,0,0,25000000,25000000,25000000,16443.0,17102.0,257.0,4872.0,0.0,1000000.0,3931.0,16443.0,17102.0,2.0,4710.0,103.0,0.0,5099.0,16448.0,16443.0,16443.0,16443.0,257.0,2547850.0,0.0,216.0,0.0,0.0,0.0,0.0,2486.0,12,11000000.0,12000000.0,29541935.0,0.3924877838177287,3.931,0.2390682965395609,0.5450758014118736,0.5450758014118736,0.2754063852181031,0.2754385964912281,0.9785996260128818,1.0400778446755459,281317.0,3437170.0,1.007913731185117,194056.0,194056.0,194056.0,194056.0,30386.0,59488.0,3032.0,194048.0,3032.0,0.0,0.0,0.0,0.0,0.0,0.0
cold_online_random_h8_s17_state0_mac0,scratch,cold,final,8,17,,0,0,25000000,25000000,25000000,16477.0,17991.0,257.0,5180.0,0.0,1000000.0,4072.0,16477.0,17991.0,0.0,4690.0,139.0,0.0,5158.0,16448.0,16477.0,16477.0,16477.0,257.0,2583642.0,0.0,459.0,0.0,0.0,0.0,0.0,2642.0,13,12000000.0,13000000.0,32125577.0,0.387050527898215,4.072,0.247132366328822,0.5353270174637599,0.5352128752425522,0.26068589850480794,0.26068589850480794,0.9712155725823152,1.091885658797111,298261.0,3735431.0,1.0100443482494865,210533.0,210533.0,210533.0,210533.0,33028.0,64668.0,3289.0,210496.0,3289.0,0.0,0.0,0.0,0.0,0.0,0.0
cold_online_random_h8_s17_state0_mac0,scratch,cold,final,8,17,,0,0,25000000,25000000,25000000,16478.0,18399.0,258.0,4903.0,0.0,1000000.0,4142.0,16478.0,18399.0,4.0,4922.0,19.0,0.0,5373.0,16512.0,16478.0,16478.0,16478.0,258.0,2602006.0,0.0,589.0,0.0,0.0,0.0,0.0,2493.0,14,13000000.0,14000000.0,34727583.0,0.3843188678273609,4.142,0.2513654569729336,0.5433270780439342,0.5427751407440115,0.26751453883363224,0.26757270997553684,0.9961546245699251,1.1165796820002427,306363.0,4041794.0,0.999710607892526,227011.0,227011.0,227011.0,227011.0,35521.0,69571.0,3547.0,227008.0,3547.0,0.0,0.0,0.0,0.0,0.0,0.0
cold_online_random_h8_s17_state0_mac0,scratch,cold,final,8,17,,0,0,25000000,25000000,25000000,16096.0,17441.0,251.0,4944.0,0.0,1000000.0,3360.0,16096.0,17441.0,0.0,4688.0,0.0,0.0,4815.0,16064.0,16096.0,16096.0,16096.0,251.0,2450664.0,0.0,167.0,0.0,0.0,0.0,0.0,2507.0,15,14000000.0,15000000.0,37178247.0,0.4080526747036721,3.36,0.20874751491053678,0.5825049701789264,0.5825049701789264,0.26879192706840205,0.26879192706840205,1.0,1.0835611332007953,285050.0,4326844.0,0.9994062833583062,243107.0,243107.0,243107.0,243107.0,38028.0,74515.0,3798.0,243072.0,3798.0,0.0,0.0,0.0,0.0,0.0,0.0
cold_online_random_h8_s17_state0_mac0,scratch,cold,final,8,17,,0,0,25000000,25000000,25000000,16111.0,17780.0,252.0,4983.0,0.0,1000000.0,3406.0,16111.0,17780.0,0.0,4622.0,1.0,0.0,4734.0,16128.0,16111.0,16111.0,16111.0,252.0,2457036.0,0.0,126.0,0.0,0.0,0.0,0.0,2526.0,16,15000000.0,16000000.0,39635283.0,0.40699444371185445,3.406,0.21140835454037615,0.575734927752865,0.575734927752865,0.25995500562429696,0.25995500562429696,0.99978369024443,1.1035938178883993,278939.0,4605783.0,0.9969487626554923,259218.0,259218.0,259218.0,259218.0,40554.0,79498.0,4050.0,259200.0,4050.0,0.0,0.0,0.0,0.0,0.0,0.0
cold_online_random_h8_s17_state0_mac0,scratch,cold,final,8,17,,0,0,25000000,25000000,25000000,16140.0,17206.0,252.0,4915.0,0.0,1000000.0,3446.0,16140.0,17206.0,0.0,4592.0,0.0,0.0,4703.0,16128.0,16140.0,16140.0,16140.0,252.0,2460179.0,0.0,99.0,0.0,0.0,0.0,0.0,2496.0,17,16000000.0,17000000.0,42095462.0,0.40647448823845744,3.446,0.2135068153655514,0.5712863896491664,0.5712863896491664,0.26688364524003255,0.26688364524003255,1.0,1.0660470879801736,282586.0,4888369.0,0.9969380276800996,275358.0,275358.0,275358.0,275358.0,43050.0,84413.0,4302.0,275328.0,4302.0,0.0,0.0,0.0,0.0,0.0,0.0
cold_online_random_h8_s17_state0_mac0,scratch,cold,final,8,17,,0,0,25000000,25000000,25000000,16122.0,17632.0,252.0,4969.0,0.0,1000000.0,3445.0,16122.0,17632.0,0.0,4601.0,0.0,0.0,4702.0,16128.0,16122.0,16122.0,16122.0,252.0,2462093.0,0.0,117.0,0.0,0.0,0.0,0.0,2523.0,18,17000000.0,18000000.0,44557555.0,0.4061585001053981,3.445,0.2136831658603151,0.5718369376087497,0.5718369376087497,0.26094600725952816,0.26094600725952816,1.0,1.0936608361245503,272562.0,5160931.0,0.9978664493989463,291480.0,291480.0,291480.0,291480.0,45573.0,89382.0,4554.0,291456.0,4554.0,0.0,0.0,0.0,0.0,0.0,0.0
cold_online_random_h8_s17_state0_mac0,scratch,cold,final,8,17,,0,0,25000000,25000000,25000000,16101.0,17333.0,251.0,4847.0,0.0,1000000.0,3386.0,16101.0,17333.0,0.0,4613.0,0.0,0.0,4683.0,16064.0,16101.0,16101.0,16101.0,251.0,2453859.0,0.0,79.0,0.0,0.0,0.0,0.0,2458.0,19,18000000.0,19000000.0,47011414.0,0.407521377552663,3.386,0.2102974970498727,0.576697087135892,0.576697087135892,0.2661397334564126,0.2661397334564126,1.0,1.0765169865225763,285984.0,5446915.0,0.996869013256263,307581.0,307581.0,307581.0,307581.0,48031.0,94229.0,4805.0,307520.0,4805.0,0.0,0.0,0.0,0.0,0.0,0.0
cold_online_random_h8_s17_state0_mac0,scratch,cold,final,8,17,,0,0,25000000,25000000,25000000,16119.0,17139.0,252.0,4792.0,0.0,1000000.0,3465.0,16119.0,17139.0,0.0,4556.0,0.0,0.0,4647.0,16128.0,16119.0,16119.0,16119.0,252.0,2455591.0,0.0,78.0,0.0,0.0,0.0,0.0,2435.0,20,19000000.0,20000000.0,49467005.0,0.4072339408313518,3.465,0.21496370742601897,0.5680089764368532,0.5680089764368532,0.2658264776241321,0.2658264776241321,1.0,1.0632793597617718,276152.0,5723067.0,0.9956287508791163,323700.0,323700.0,323700.0,323700.0,50466.0,99021.0,5057.0,323648.0,5057.0,0.0,0.0,0.0,0.0,0.0,0.0
cold_online_random_h8_s17_state0_mac0,scratch,cold,final,8,17,,0,0,25000000,25000000,25000000,16118.0,17434.0,252.0,4899.0,0.0,1000000.0,3438.0,16118.0,17434.0,0.0,4588.0,1.0,0.0,4672.0,16128.0,16118.0,16118.0,16118.0,252.0,2450592.0,0.0,91.0,0.0,0.0,0.0,0.0,2485.0,21,20000000.0,21000000.0,51917597.0,0.4080646635588462,3.438,0.21330189849857303,0.5716421629703464,0.5716421629703464,0.26316393254560055,0.26316393254560055,0.9997820876007845,1.0816478471274351,280700.0,6003767.0,0.9955394451626383,339818.0,339818.0,339818.0,339818.0,52951.0,103920.0,5309.0,339776.0,5309.0,0.0,0.0,0.0,0.0,0.0,0.0
cold_online_random_h8_s17_state0_mac0,scratch,cold,final,8,17,,0,0,25000000,25000000,25000000,16084.0,17249.0,251.0,4859.0,0.0,1000000.0,3424.0,16084.0,17249.0,0.0,4614.0,1.0,0.0,4702.0,16064.0,16084.0,16084.0,16084.0,251.0,2465731.0,0.0,87.0,0.0,0.0,0.0,0.0,2467.0,22,21000000.0,22000000.0,54383328.0,0.40555924389156806,3.424,0.21288236757025616,0.5740233889027121,0.5740233889027121,0.26749376775465245,0.26749376775465245,0.9997833152762731,1.0724322307883611,278613.0,6282380.0,0.9976907456652814,355902.0,355902.0,355902.0,355902.0,55418.0,108779.0,5560.0,355840.0,5560.0,0.0,0.0,0.0,0.0,0.0,0.0
cold_online_random_h8_s17_state0_mac0,scratch,cold,final,8,17,,0,0,25000000,25000000,25000000,16132.0,17012.0,253.0,4828.0,0.0,1000000.0,3446.0,16132.0,17012.0,0.0,4599.0,0.0,0.0,4698.0,16192.0,16132.0,16132.0,16132.0,253.0,2457816.0,0.0,92.0,0.0,0.0,0.0,0.0,2452.0,23,22000000.0,23000000.0,56841144.0,0.40686528202273886,3.446,0.21361269526407142,0.5716594157862026,0.5716594157862026,0.27033858452856807,0.27033858452856807,1.0,1.0545499628068435,268702.0,6551082.0,0.9959891220498198,372034.0,372034.0,372034.0,372034.0,57870.0,113607.0,5813.0,372032.0,5813.0,0.0,0.0,0.0,0.0,0.0,0.0
cold_online_random_h8_s17_state0_mac0,scratch,cold,final,8,17,,0,0,25000000,25000000,25000000,16130.0,16645.0,252.0,4698.0,0.0,1000000.0,3490.0,16130.0,16645.0,0.0,4537.0,0.0,0.0,4636.0,16128.0,16130.0,16130.0,16130.0,252.0,2447432.0,0.0,105.0,0.0,0.0,0.0,0.0,2386.0,24,23000000.0,24000000.0,59288576.0,0.4085915359446146,3.49,0.21636701797892127,0.5652173913043478,0.5652173913043478,0.27257434665064584,0.27257434665064584,1.0,1.0319280843149412,264352.0,6815434.0,0.9957334871816664,388164.0,388164.0,388164.0,388164.0,60256.0,118305.0,6065.0,388160.0,6065.0,0.0,0.0,0.0,0.0,0.0,0.0
cold_online_random_h8_s17_state0_mac0,scratch,cold,final,8,17,,0,0,25000000,25000000,25000000,16107.0,17235.0,251.0,4921.0,0.0,1000000.0,3408.0,16107.0,17235.0,0.0,4572.0,0.0,0.0,4630.0,16064.0,16107.0,16107.0,16107.0,251.0,2321223.0,0.0,71.0,0.0,0.0,0.0,0.0,2497.0,25,24000000.0,25000000.0,61609799.0,0.4308073804197184,3.408,0.21158502514434718,0.5729323308270676,0.5729323308270676,0.26527415143603134,0.26527415143603134,1.0,1.0700316632520022,72492.0,6887926.0,0.9952723198072739,404271.0,404271.0,404271.0,404271.0,62753.0,123226.0,6316.0,404224.0,6316.0,0.0,0.0,0.0,0.0,0.0,0.0
cold_online_random_h8_s27_state0_mac0,scratch,cold,final,8,27,,0,0,25000000,25000000,25000000,16196.0,19926.0,253.0,4944.0,0.0,1000000.0,4154.0,16195.0,19926.0,2154.0,4441.0,23.0,0.0,4495.0,16192.0,16196.0,16196.0,16196.0,253.0,2525934.0,0.0,26.0,0.0,0.0,0.0,0.0,2534.0,1,0.0,1000000.0,2525934.0,0.3958931626875445,4.154,0.2564989194195739,0.516695753344968,0.516695753344968,0.22287463615376896,0.24988746342561333,0.994847670250896,1.230379746835443,257123.0,257123.0,0.9771506302223256,16196.0,16196.0,16196.0,16196.0,2534.0,4944.0,253.0,16192.0,253.0,0.0,0.0,0.0,0.0,0.0,0.0
cold_online_random_h8_s27_state0_mac0,scratch,cold,final,8,27,,0,0,25000000,25000000,25000000,16124.0,18878.0,252.0,5139.0,0.0,1000000.0,3324.0,16125.0,18878.0,0.0,4692.0,0.0,0.0,4728.0,16128.0,16124.0,16124.0,16124.0,252.0,2450914.0,0.0,32.0,0.0,0.0,0.0,0.0,2623.0,2,1000000.0,2000000.0,4976848.0,0.4080110522033821,3.324,0.20613953488372094,0.5853293413173652,0.5853293413173652,0.24854327788960695,0.24854327788960695,1.0,1.1707286821705427,276318.0,533441.0,0.999019141430503,32320.0,32320.0,32320.0,32320.0,5157.0,10083.0,505.0,32320.0,505.0,0.0,0.0,0.0,0.0,0.0,0.0
cold_online_random_h8_s27_state0_mac0,scratch,cold,final,8,27,,0,0,25000000,25000000,25000000,16133.0,18593.0,252.0,4866.0,0.0,1000000.0,3298.0,16133.0,18593.0,0.0,4703.0,0.0,0.0,4767.0,16128.0,16133.0,16133.0,16133.0,252.0,2446141.0,0.0,49.0,0.0,0.0,0.0,0.0,2483.0,3,2000000.0,3000000.0,7422989.0,0.4088071783270057,3.298,0.20442571127502634,0.5878015248093988,0.5878015248093988,0.25294465659119025,0.25294465659119025,1.0,1.1524824893076304,289356.0,822797.0,0.9989003086903003,48453.0,48453.0,48453.0,48453.0,7640.0,14949.0,757.0,48448.0,757.0,0.0,0.0,0.0,0.0,0.0,0.0
cold_online_random_h8_s27_state0_mac0,scratch,cold,final,8,27,,0,0,25000000,25000000,25000000,16100.0,19356.0,251.0,4955.0,0.0,1000000.0,3272.0,16100.0,19356.0,0.0,4732.0,0.0,0.0,4824.0,16064.0,16100.0,16100.0,16100.0,251.0,2445939.0,0.0,68.0,0.0,0.0,0.0,0.0,2528.0,4,3000000.0,4000000.0,9868928.0,0.40884094002344296,3.272,0.20322981366459628,0.5912043978010995,0.5912043978010995,0.24447199834676586,0.24447199834676586,1.0,1.2022360248447206,295349.0,1118146.0,1.000228950926413,64553.0,64553.0,64553.0,64553.0,10168.0,19904.0,1008.0,64512.0,1008.0,0.0,0.0,0.0,0.0,0.0,0.0
cold_online_random_h8_s27_state0_mac0,scratch,cold,final,8,27,,0,0,25000000,25000000,25000000,16178.0,18857.0,253.0,4964.0,0.0,1000000.0,3332.0,16178.0,18857.0,0.0,4712.0,0.0,0.0,4794.0,16192.0,16178.0,16178.0,16178.0,253.0,2452457.0,0.0,110.0,0.0,0.0,0.0,0.0,2531.0,5,4000000.0,5000000.0,12321385.0,0.4077543459477577,3.332,0.20595870935838795,0.5857782197911486,0.5857782197911486,0.24988068091424934,0.24988068091424934,1.0,1.1655952528124613,289847.0,1407993.0,0.999422619846138,80731.0,80731.0,80731.0,80731.0,12699.0,24868.0,1261.0,80704.0,1261.0,0.0,0.0,0.0,0.0,0.0,0.0
cold_online_random_h8_s27_state0_mac0,scratch,cold,final,8,27,,0,0,25000000,25000000,25000000,16126.0,18844.0,252.0,5067.0,0.0,1000000.0,3384.0,16125.0,18844.0,0.0,4705.0,0.0,0.0,4881.0,16128.0,16126.0,16126.0,16126.0,252.0,2469611.0,0.0,114.0,0.0,0.0,0.0,0.0,2590.0,6,5000000.0,6000000.0,14790996.0,0.404922070722879,3.384,0.20986046511627907,0.5816540981579923,0.5816540981579923,0.24968159626406283,0.24968159626406283,1.0,1.1686201550387596,287347.0,1695340.0,1.0007555845839688,96857.0,96857.0,96857.0,96857.0,15289.0,29935.0,1513.0,96832.0,1513.0,0.0,0.0,0.0,0.0,0.0,0.0
cold_online_random_h8_s27_state0_mac0,scratch,cold,final,8,27,,0,0,25000000,25000000,25000000,16179.0,18483.0,253.0,5008.0,0.0,1000000.0,3358.0,16180.0,18483.0,0.0,4732.0,5.0,0.0,4880.0,16192.0,16179.0,16179.0,16179.0,253.0,2450975.0,0.0,178.0,0.0,0.0,0.0,0.0,2560.0,7,6000000.0,7000000.0,17241971.0,0.4080008976019747,3.358,0.20754017305315203,0.5849196538936959,0.5849196538936959,0.25601904452740354,0.25601904452740354,0.9989444796284568,1.142336217552534,278164.0,1973504.0,1.0019832923632432,113036.0,113036.0,113036.0,113036.0,17849.0,34943.0,1766.0,113024.0,1766.0,0.0,0.0,0.0,0.0,0.0,0.0
cold_online_random_h8_s27_state0_mac0,scratch,cold,final,8,27,,0,0,25000000,25000000,25000000,16131.0,18292.0,252.0,4854.0,0.0,1000000.0,3290.0,16131.0,18292.0,0.0,4727.0,1.0,0.0,4839.0,16128.0,16131.0,16131.0,16131.0,252.0,2443047.0,0.0,135.0,0.0,0.0,0.0,0.0,2477.0,8,7000000.0,8000000.0,19685018.0,0.4093249127012292,3.29,0.20395511747566797,0.5896220531370837,0.5896220531370837,0.25841898097528976,0.25841898097528976,0.9997884940778342,1.133965656189945,284651.0,2258155.0,0.9999291867901027,129167.0,129167.0,129167.0,129167.0,20326.0,39797.0,2018.0,129152.0,2018.0,0.0,0.0,0.0,0.0,0.0,0.0
cold_online_random_h8_s27_state0_mac0,scratch,cold,final,8,27,,0,0,25000000,25000000,25000000,16161.0,17586.0,252.0,5004.0,0.0,1000000.0,3352.0,16161.0,17586.0,0.0,4737.0,2.0,0.0,4884.0,16128.0,16161.0,16161.0,16161.0,252.0,2464627.0,0.0,105.0,0.0,0.0,0.0,0.0,2557.0,9,8000000.0,9000000.0,22149645.0,0.4057409092734925,3.352,0.2074129076171029,0.5856100877735196,0.5856100877735196,0.26936199249402937,0.26936199249402937,0.9995779700358726,1.0881752366808985,282477.0,2540632.0,1.0016744927325716,145328.0,145328.0,145328.0,145328.0,22883.0,44801.0,2270.0,145280.0,2270.0,0.0,0.0,0.0,0.0,0.0,0.0
cold_online_random_h8_s27_state0_mac0,scratch,cold,final,8,27,,0,0,25000000,25000000,25000000,16148.0,17334.0,253.0,4856.0,0.0,1000000.0,3324.0,16148.0,17334.0,1.0,4724.0,1.0,0.0,4857.0,16192.0,16148.0,16148.0,16148.0,253.0,2446149.0,0.0,147.0,0.0,0.0,0.0,0.0,2485.0,10,9000000.0,10000000.0,24595794.0,0.40880584134490583,3.324,0.20584592519197423,0.5869781312127237,0.5869781312127237,0.27252797969308873,0.2725437027635147,0.9997883597883598,1.0734456279415407,282959.0,2823591.0,1.0014250971629284,161476.0,161476.0,161476.0,161476.0,25368.0,49657.0,2523.0,161472.0,2523.0,0.0,0.0,0.0,0.0,0.0,0.0
cold_online_random_h8_s27_state0_mac0,scratch,cold,final,8,27,,0,0,25000000,25000000,25000000,16137.0,17595.0,252.0,4928.0,0.0,1000000.0,3288.0,16137.0,17595.0,0.0,4726.0,0.0,0.0,4827.0,16128.0,16137.0,16137.0,16137.0,252.0,2444293.0,0.0,121.0,0.0,0.0,0.0,0.0,2517.0,11,10000000.0,11000000.0,27040087.0,0.4091162557025692,3.288,0.20375534485963934,0.5897179935113551,0.5897179935113551,0.26859903381642514,0.26859903381642514,1.0,1.090351366424986,286260.0,3109851.0,1.001141843469666,177613.0,177613.0,177613.0,177613.0,27885.0,54585.0,2775.0,177600.0,2775.0,0.0,0.0,0.0,0.0,0.0,0.0
cold_online_random_h8_s27_state0_mac0,scratch,cold,final,8,27,,0,0,25000000,25000000,25000000,16443.0,17709.0,257.0,4911.0,0.0,1000000.0,3896.0,16443.0,17709.0,4.0,4745.0,98.0,0.0,5079.0,16448.0,16443.0,16443.0,16443.0,257.0,2548573.0,0.0,178.0,0.0,0.0,0.0,0.0,2507.0,12,11000000.0,12000000.0,29588660.0,0.39237643967820424,3.896,0.23693973119260475,0.5491262585348918,0.5491262585348918,0.26794285391608785,0.2680033888731997,0.9797646087136073,1.0769932494070424,280594.0,3390445.0,1.0076277979873443,194056.0,194056.0,194056.0,194056.0,30392.0,59496.0,3032.0,194048.0,3032.0,0.0,0.0,0.0,0.0,0.0,0.0
cold_online_random_h8_s27_state0_mac0,scratch,cold,final,8,27,,0,0,25000000,25000000,25000000,16477.0,18094.0,257.0,5201.0,0.0,1000000.0,3967.0,16477.0,18094.0,2.0,4795.0,114.0,0.0,5249.0,16448.0,16477.0,16477.0,16477.0,257.0,2581056.0,0.0,448.0,0.0,0.0,0.0,0.0,2651.0,13,12000000.0,13000000.0,32169716.0,0.38743831981948473,3.967,0.24075984705953754,0.5473119506905605,0.5471978084693528,0.26500497402453854,0.26503426929029406,0.9767773477286616,1.0981367967469806,300847.0,3691292.0,1.0110563273326887,210533.0,210533.0,210533.0,210533.0,33043.0,64697.0,3289.0,210496.0,3289.0,0.0,0.0,0.0,0.0,0.0,0.0
cold_online_random_h8_s27_state0_mac0,scratch,cold,final,8,27,,0,0,25000000,25000000,25000000,16478.0,18158.0,258.0,4907.0,0.0,1000000.0,4180.0,16478.0,18158.0,2.0,4880.0,30.0,0.0,5321.0,16512.0,16478.0,16478.0,16478.0,258.0,2609914.0,0.0,570.0,0.0,0.0,0.0,0.0,2496.0,14,13000000.0,14000000.0,34779630.0,0.3831543874625754,4.18,0.253671562082777,0.5386908047245833,0.5385804172645987,0.2687520652054191,0.2687816699713593,0.9938900203665988,1.1019541206457095,298455.0,3989747.0,0.9966814998501866,227011.0,227011.0,227011.0,227011.0,35539.0,69604.0,3547.0,227008.0,3547.0,0.0,0.0,0.0,0.0,0.0,0.0
cold_online_random_h8_s27_state0_mac0,scratch,cold,final,8,27,,0,0,25000000,25000000,25000000,16096.0,17533.0,251.0,4954.0,0.0,1000000.0,3310.0,16096.0,17533.0,0.0,4738.0,0.0,0.0,4859.0,16064.0,16096.0,16096.0,16096.0,251.0,2448490.0,0.0,140.0,0.0,0.0,0.0,0.0,2512.0,15,14000000.0,15000000.0,37228120.0,0.4084149822952105,3.31,0.20564115308151093,0.5887176938369781,0.5887176938369781,0.27023327439685163,0.27023327439685163,1.0,1.0892768389662029,287224.0,4276971.0,1.0002936503722704,243107.0,243107.0,243107.0,243107.0,38051.0,74558.0,3798.0,243072.0,3798.0,0.0,0.0,0.0,0.0,0.0,0.0
cold_online_random_h8_s27_state0_mac0,scratch,cold,final,8,27,,0,0,25000000,25000000,25000000,16111.0,18100.0,252.0,5009.0,0.0,1000000.0,3299.0,16111.0,18100.0,0.0,4729.0,1.0,0.0,4832.0,16128.0,16111.0,16111.0,16111.0,252.0,2448825.0,0.0,122.0,0.0,0.0,0.0,0.0,2539.0,16,15000000.0,16000000.0,39676945.0,0.40835911100221534,3.299,0.2047669294270995,0.5890632785251619,0.5890632785251619,0.2612707182320442,0.2612707182320442,0.9997885835095137,1.1234560238346472,287150.0,4564121.0,1.0002915684052556,259218.0,259218.0,259218.0,259218.0,40590.0,79567.0,4050.0,259200.0,4050.0,0.0,0.0,0.0,0.0,0.0,0.0
cold_online_random_h8_s27_state0_mac0,scratch,cold,final,8,27,,0,0,25000000,25000000,25000000,16140.0,17261.0,252.0,4930.0,0.0,1000000.0,3326.0,16140.0,17261.0,0.0,4712.0,2.0,0.0,4819.0,16128.0,16140.0,16140.0,16140.0,252.0,2451364.0,0.0,92.0,0.0,0.0,0.0,0.0,2504.0,17,16000000.0,17000000.0,42128309.0,0.40793615309680653,3.326,0.2060718711276332,0.5862154764866883,0.5862154764866883,0.2729853426800301,0.2729853426800301,0.9995757318625371,1.069454770755886,291401.0,4855522.0,1.0005229741482702,275358.0,275358.0,275358.0,275358.0,43094.0,84497.0,4302.0,275328.0,4302.0,0.0,0.0,0.0,0.0,0.0,0.0
cold_online_random_h8_s27_state0_mac0,scratch,cold,final,8,27,,0,0,25000000,25000000,25000000,16122.0,17778.0,252.0,4981.0,0.0,1000000.0,3325.0,16122.0,17778.0,0.0,4721.0,0.0,0.0,4813.0,16128.0,16122.0,16122.0,16122.0,252.0,2453794.0,0.0,107.0,0.0,0.0,0.0,0.0,2529.0,18,17000000.0,18000000.0,44582103.0,0.4075321726273681,3.325,0.20623992060538396,0.5867511807109123,0.5867511807109123,0.26555293058836765,0.26555293058836765,1.0,1.1027167845180499,280861.0,5136383.0,1.001241342997823,291480.0,291480.0,291480.0,291480.0,45623.0,89478.0,4554.0,291456.0,4554.0,0.0,0.0,0.0,0.0,0.0,0.0
cold_online_random_h8_s27_state0_mac0,scratch,cold,final,8,27,,0,0,25000000,25000000,25000000,16101.0,17436.0,251.0,4855.0,0.0,1000000.0,3267.0,16101.0,17436.0,0.0,4732.0,1.0,0.0,4815.0,16064.0,16101.0,16101.0,16101.0,251.0,2445684.0,0.0,93.0,0.0,0.0,0.0,0.0,2462.0,19,18000000.0,19000000.0,47027787.0,0.4088835679507246,3.267,0.2029066517607602,0.591573946743343,0.591573946743343,0.2713925212204634,0.2713925212204634,0.999788717515318,1.082914104713993,294159.0,5430542.0,1.0002011707154317,307581.0,307581.0,307581.0,307581.0,48085.0,94333.0,4805.0,307520.0,4805.0,0.0,0.0,0.0,0.0,0.0,0.0
cold_online_random_h8_s27_state0_mac0,scratch,cold,final,8,27,,0,0,25000000,25000000,25000000,16119.0,17322.0,252.0,4811.0,0.0,1000000.0,3322.0,16119.0,17322.0,0.0,4699.0,2.0,0.0,4795.0,16128.0,16119.0,16119.0,16119.0,252.0,2445764.0,0.0,83.0,0.0,0.0,0.0,0.0,2445.0,20,19000000.0,20000000.0,49473551.0,0.40887019352644,3.322,0.2060921893417706,0.5858371774093006,0.5858371774093006,0.2712735249971135,0.2712735249971135,0.9995745586045522,1.0746324213660896,285979.0,5716521.0,0.9996291547344716,323700.0,323700.0,323700.0,323700.0,50530.0,99144.0,5057.0,323648.0,5057.0,0.0,0.0,0.0,0.0,0.0,0.0
cold_online_random_h8_s27_state0_mac0,scratch,cold,final,8,27,,0,0,25000000,25000000,25000000,16118.0,17420.0,252.0,4924.0,0.0,1000000.0,3321.0,16118.0,17420.0,0.0,4705.0,1.0,0.0,4788.0,16128.0,16118.0,16118.0,16118.0,252.0,2442757.0,0.0,88.0,0.0,0.0,0.0,0.0,2498.0,21,20000000.0,21000000.0,51916308.0,0.4093735070659914,3.321,0.20604293336642263,0.5862197856964865,0.5862197856964865,0.2700918484500574,0.2700918484500574,0.9997875053123672,1.0807792530090583,288535.0,6005056.0,0.9987325796221236,339818.0,339818.0,339818.0,339818.0,53028.0,104068.0,5309.0,339776.0,5309.0,0.0,0.0,0.0,0.0,0.0,0.0
cold_online_random_h8_s27_state0_mac0,scratch,cold,final,8,27,,0,0,25000000,25000000,25000000,16084.0,17421.0,251.0,4859.0,0.0,1000000.0,3319.0,16084.0,17421.0,0.0,4719.0,2.0,0.0,4813.0,16064.0,16084.0,16084.0,16084.0,251.0,2458471.0,0.0,91.0,0.0,0.0,0.0,0.0,2467.0,22,21000000.0,22000000.0,54374779.0,0.40675688263152177,3.319,0.20635414076100472,0.5870863398855437,0.5870863398855437,0.27087997244704665,0.27087997244704665,0.9995763609404787,1.0831260880378015,285873.0,6290929.0,1.000636981278201,355902.0,355902.0,355902.0,355902.0,55495.0,108927.0,5560.0,355840.0,5560.0,0.0,0.0,0.0,0.0,0.0,0.0
cold_online_random_h8_s27_state0_mac0,scratch,cold,final,8,27,,0,0,25000000,25000000,25000000,16132.0,17056.0,253.0,4840.0,0.0,1000000.0,3335.0,16132.0,17056.0,0.0,4710.0,0.0,0.0,4814.0,16192.0,16132.0,16132.0,16132.0,253.0,2451440.0,0.0,97.0,0.0,0.0,0.0,0.0,2458.0,23,22000000.0,23000000.0,56826219.0,0.4079235061841204,3.335,0.20673196131911728,0.5854568054692355,0.5854568054692355,0.27614915572232646,0.27614915572232646,1.0,1.0572774609471858,275078.0,6566007.0,0.998579610351467,372034.0,372034.0,372034.0,372034.0,57953.0,113767.0,5813.0,372032.0,5813.0,0.0,0.0,0.0,0.0,0.0,0.0
cold_online_random_h8_s27_state0_mac0,scratch,cold,final,8,27,,0,0,25000000,25000000,25000000,16130.0,16916.0,252.0,4724.0,0.0,1000000.0,3415.0,16130.0,16916.0,0.0,4612.0,0.0,0.0,4726.0,16128.0,16130.0,16130.0,16130.0,252.0,2443902.0,0.0,114.0,0.0,0.0,0.0,0.0,2400.0,24,23000000.0,24000000.0,59270121.0,0.40918171023224337,3.415,0.21171729696218228,0.574560857107263,0.574560857107263,0.27264128635611257,0.27264128635611257,1.0,1.0487290762554247,267882.0,6833889.0,0.9971717360188748,388164.0,388164.0,388164.0,388164.0,60353.0,118491.0,6065.0,388160.0,6065.0,0.0,0.0,0.0,0.0,0.0,0.0
cold_online_random_h8_s27_state0_mac0,scratch,cold,final,8,27,,0,0,25000000,25000000,25000000,16107.0,17200.0,251.0,4927.0,0.0,1000000.0,3285.0,16107.0,17200.0,0.0,4695.0,0.0,0.0,4764.0,16064.0,16107.0,16107.0,16107.0,251.0,2315920.0,0.0,88.0,0.0,0.0,0.0,0.0,2500.0,25,24000000.0,25000000.0,61586041.0,0.431793844346955,3.285,0.20394859377910227,0.5883458646616542,0.5883458646616542,0.2729651162790698,0.2729651162790698,1.0,1.067858694977339,77795.0,6911684.0,0.9975512971087084,404271.0,404271.0,404271.0,404271.0,62853.0,123418.0,6316.0,404224.0,6316.0,0.0,0.0,0.0,0.0,0.0,0.0
cold_online_random_h8_s7_state0_mac0,scratch,cold,final,8,7,,0,0,25000000,25000000,25000000,16196.0,19282.0,253.0,4942.0,0.0,1000000.0,4305.0,16195.0,19282.0,5.0,4290.0,5.0,0.0,4351.0,16192.0,16196.0,16196.0,16196.0,253.0,2524231.0,0.0,24.0,0.0,0.0,0.0,0.0,2532.0,1,0.0,1000000.0,2524231.0,0.39616025633153223,4.305,0.26582278481012656,0.49912739965095987,0.49912739965095987,0.22248729384918578,0.22254500181563522,0.9988358556461001,1.1906143871565298,258826.0,258826.0,0.9778098755621017,16196.0,16196.0,16196.0,16196.0,2532.0,4942.0,253.0,16192.0,253.0,0.0,0.0,0.0,0.0,0.0,0.0
cold_online_random_h8_s7_state0_mac0,scratch,cold,final,8,7,,0,0,25000000,25000000,25000000,16124.0,18786.0,252.0,5131.0,0.0,1000000.0,3291.0,16125.0,18786.0,0.0,4725.0,1.0,0.0,4814.0,16128.0,16124.0,16124.0,16124.0,252.0,2447738.0,0.0,54.0,0.0,0.0,0.0,0.0,2619.0,2,1000000.0,2000000.0,4971969.0,0.40854045653578935,3.291,0.20409302325581397,0.5894461077844312,0.5894461077844312,0.25151708719259025,0.25151708719259025,0.9997884045704613,1.1650232558139535,279494.0,538320.0,1.0003153932324456,32320.0,32320.0,32320.0,32320.0,5151.0,10073.0,505.0,32320.0,505.0,0.0,0.0,0.0,0.0,0.0,0.0
cold_online_random_h8_s7_state0_mac0,scratch,cold,final,8,7,,0,0,25000000,25000000,25000000,16133.0,17864.0,252.0,4863.0,0.0,1000000.0,3285.0,16133.0,17864.0,0.0,4716.0,0.0,0.0,4845.0,16128.0,16133.0,16133.0,16133.0,252.0,2443560.0,0.0,116.0,0.0,0.0,0.0,0.0,2483.0,3,2000000.0,3000000.0,7415529.0,0.4092389791942903,3.285,0.20361990950226244,0.5894263217097863,0.5894263217097863,0.2639946260635916,0.2639946260635916,1.0,1.107295605281101,291937.0,830257.0,0.9999553929512679,48453.0,48453.0,48453.0,48453.0,7634.0,14936.0,757.0,48448.0,757.0,0.0,0.0,0.0,0.0,0.0,0.0
cold_online_random_h8_s7_state0_mac0,scratch,cold,final,8,7,,0,0,25000000,25000000,25000000,16100.0,17754.0,251.0,4948.0,0.0,1000000.0,3273.0,16100.0,17754.0,0.0,4731.0,0.0,0.0,4847.0,16064.0,16100.0,16100.0,16100.0,251.0,2445814.0,0.0,117.0,0.0,0.0,0.0,0.0,2525.0,4,3000000.0,4000000.0,9861343.0,0.40886183495556083,3.273,0.20329192546583852,0.591079460269865,0.591079460269865,0.26647516052720516,0.26647516052720516,1.0,1.1027329192546584,295474.0,1125731.0,1.0002800703569446,64553.0,64553.0,64553.0,64553.0,10159.0,19884.0,1008.0,64512.0,1008.0,0.0,0.0,0.0,0.0,0.0,0.0
cold_online_random_h8_s7_state0_mac0,scratch,cold,final,8,7,,0,0,25000000,25000000,25000000,16178.0,18014.0,253.0,4968.0,0.0,1000000.0,3319.0,16178.0,18014.0,0.0,4725.0,0.0,0.0,4851.0,16192.0,16178.0,16178.0,16178.0,253.0,2450527.0,0.0,137.0,0.0,0.0,0.0,0.0,2533.0,5,4000000.0,5000000.0,12311870.0,0.40807548743596783,3.319,0.20515514896773396,0.5873943311785181,0.5873943311785181,0.2622959920062174,0.2622959920062174,1.0,1.1134874520954383,291777.0,1417508.0,1.000209750800542,80731.0,80731.0,80731.0,80731.0,12692.0,24852.0,1261.0,80704.0,1261.0,0.0,0.0,0.0,0.0,0.0,0.0
cold_online_random_h8_s7_state0_mac0,scratch,cold,final,8,7,,0,0,25000000,25000000,25000000,16126.0,18388.0,252.0,5065.0,0.0,1000000.0,3396.0,16125.0,18388.0,0.0,4693.0,0.0,0.0,4909.0,16128.0,16126.0,16126.0,16126.0,252.0,2470148.0,0.0,168.0,0.0,0.0,0.0,0.0,2589.0,6,5000000.0,6000000.0,14782018.0,0.40483404233268616,3.396,0.2106046511627907,0.5801706020521696,0.5801706020521696,0.25522079617141613,0.25522079617141613,1.0,1.1403410852713178,286810.0,1704318.0,1.0005380244422601,96857.0,96857.0,96857.0,96857.0,15281.0,29917.0,1513.0,96832.0,1513.0,0.0,0.0,0.0,0.0,0.0,0.0
cold_online_random_h8_s7_state0_mac0,scratch,cold,final,8,7,,0,0,25000000,25000000,25000000,16179.0,18016.0,253.0,5009.0,0.0,1000000.0,3358.0,16180.0,18016.0,0.0,4732.0,0.0,0.0,4875.0,16192.0,16179.0,16179.0,16179.0,253.0,2451014.0,0.0,182.0,0.0,0.0,0.0,0.0,2561.0,7,6000000.0,7000000.0,17233032.0,0.40799440558071065,3.358,0.20754017305315203,0.5849196538936959,0.5849196538936959,0.2626554174067496,0.2626554174067496,1.0,1.1134734239802224,278125.0,1982443.0,1.00196734902371,113036.0,113036.0,113036.0,113036.0,17842.0,34926.0,1766.0,113024.0,1766.0,0.0,0.0,0.0,0.0,0.0,0.0
cold_online_random_h8_s7_state0_mac0,scratch,cold,final,8,7,,0,0,25000000,25000000,25000000,16131.0,17808.0,252.0,4858.0,0.0,1000000.0,3290.0,16131.0,17808.0,1.0,4727.0,2.0,0.0,4849.0,16128.0,16131.0,16131.0,16131.0,252.0,2442140.0,0.0,149.0,0.0,0.0,0.0,0.0,2479.0,8,7000000.0,8000000.0,19675172.0,0.40947693416429853,3.29,0.20395511747566797,0.5896220531370837,0.5896220531370837,0.2654424977538185,0.2654574043915314,0.9995770776062592,1.1039613167193603,285558.0,2268001.0,1.0003005560696767,129167.0,129167.0,129167.0,129167.0,20321.0,39784.0,2018.0,129152.0,2018.0,0.0,0.0,0.0,0.0,0.0,0.0
cold_online_random_h8_s7_state0_mac0,scratch,cold,final,8,7,,0,0,25000000,25000000,25000000,16161.0,18816.0,252.0,4996.0,0.0,1000000.0,3354.0,16161.0,18816.0,0.0,4735.0,2.0,0.0,4895.0,16128.0,16161.0,16161.0,16161.0,252.0,2465665.0,0.0,130.0,0.0,0.0,0.0,0.0,2553.0,9,8000000.0,9000000.0,22140837.0,0.40557009974996605,3.354,0.20753666233525153,0.5853628384225491,0.5853628384225491,0.25164753401360546,0.25164753401360546,0.9995777918513827,1.1642843883423055,281439.0,2549440.0,1.0012528060381276,145328.0,145328.0,145328.0,145328.0,22874.0,44780.0,2270.0,145280.0,2270.0,0.0,0.0,0.0,0.0,0.0,0.0
cold_online_random_h8_s7_state0_mac0,scratch,cold,final,8,7,,0,0,25000000,25000000,25000000,16148.0,17769.0,253.0,4858.0,0.0,1000000.0,3329.0,16148.0,17769.0,0.0,4719.0,1.0,0.0,4844.0,16192.0,16148.0,16148.0,16148.0,253.0,2446620.0,0.0,132.0,0.0,0.0,0.0,0.0,2486.0,10,9000000.0,10000000.0,24587457.0,0.4087271419345873,3.329,0.20615556106019323,0.5863568588469185,0.5863568588469185,0.26557487759581294,0.26557487759581294,0.9997881355932203,1.1003839484765916,282488.0,2831928.0,1.0012323123329328,161476.0,161476.0,161476.0,161476.0,25360.0,49638.0,2523.0,161472.0,2523.0,0.0,0.0,0.0,0.0,0.0,0.0
cold_online_random_h8_s7_state0_mac0,scratch,cold,final,8,7,,0,0,25000000,25000000,25000000,16137.0,17863.0,252.0,4934.0,0.0,1000000.0,3282.0,16137.0,17863.0,0.0,4732.0,1.0,0.0,4831.0,16128.0,16137.0,16137.0,16137.0,252.0,2443062.0,0.0,111.0,0.0,0.0,0.0,0.0,2520.0,11,10000000.0,11000000.0,27030519.0,0.40932239951339755,3.282,0.20338352853690278,0.5904666833042176,0.5904666833042176,0.2649051111235515,0.2649051111235515,0.999788717515318,1.1069591621738861,287491.0,3119419.0,1.0016462946908429,177613.0,177613.0,177613.0,177613.0,27880.0,54572.0,2775.0,177600.0,2775.0,0.0,0.0,0.0,0.0,0.0,0.0
cold_online_random_h8_s7_state0_mac0,scratch,cold,final,8,7,,0,0,25000000,25000000,25000000,16443.0,17620.0,257.0,4874.0,0.0,1000000.0,3899.0,16443.0,17620.0,1.0,4742.0,119.0,0.0,5136.0,16448.0,16443.0,16443.0,16443.0,257.0,2544562.0,0.0,202.0,0.0,0.0,0.0,0.0,2488.0,12,11000000.0,12000000.0,29575081.0,0.392994943727054,3.899,0.23712217965091528,0.548779076495776,0.548779076495776,0.2691259931895573,0.2691412679493728,0.975519440444353,1.071580611810497,284605.0,3404024.0,1.009216124425343,194056.0,194056.0,194056.0,194056.0,30368.0,59446.0,3032.0,194048.0,3032.0,0.0,0.0,0.0,0.0,0.0,0.0
cold_online_random_h8_s7_state0_mac0,scratch,cold,final,8,7,,0,0,25000000,25000000,25000000,16477.0,18217.0,257.0,5207.0,0.0,1000000.0,4030.0,16477.0,18217.0,2.0,4732.0,73.0,0.0,5209.0,16448.0,16477.0,16477.0,16477.0,257.0,2583425.0,0.0,514.0,0.0,0.0,0.0,0.0,2655.0,13,12000000.0,13000000.0,32158506.0,0.3870830389889391,4.03,0.24458335862110822,0.5401209907544801,0.5400068485332724,0.2597573694900368,0.25978589074938235,0.9848074921956296,1.1056017478909996,298478.0,3702502.0,1.0101291889642625,210533.0,210533.0,210533.0,210533.0,33023.0,64653.0,3289.0,210496.0,3289.0,0.0,0.0,0.0,0.0,0.0,0.0
cold_online_random_h8_s7_state0_mac0,scratch,cold,final,8,7,,0,0,25000000,25000000,25000000,16478.0,18744.0,258.0,4903.0,0.0,1000000.0,4096.0,16478.0,18744.0,5.0,4968.0,17.0,0.0,5423.0,16512.0,16478.0,16478.0,16478.0,258.0,2599141.0,0.0,560.0,0.0,0.0,0.0,0.0,2493.0,14,13000000.0,14000000.0,34757647.0,0.3847424976174821,4.096,0.24857385605049157,0.5484049012032233,0.5478529639033006,0.26504481434058896,0.2651155344468755,0.9965897693079238,1.1375166889185582,309228.0,4011730.0,1.000812576154968,227011.0,227011.0,227011.0,227011.0,35516.0,69556.0,3547.0,227008.0,3547.0,0.0,0.0,0.0,0.0,0.0,0.0
cold_online_random_h8_s7_state0_mac0,scratch,cold,final,8,7,,0,0,25000000,25000000,25000000,16096.0,17685.0,251.0,4936.0,0.0,1000000.0,3355.0,16096.0,17685.0,0.0,4693.0,0.0,0.0,4815.0,16064.0,16096.0,16096.0,16096.0,251.0,2450239.0,0.0,167.0,0.0,0.0,0.0,0.0,2503.0,15,14000000.0,15000000.0,37207886.0,0.40812345244688375,3.355,0.2084368787276342,0.5831262425447317,0.5831262425447317,0.2653661294882669,0.2653661294882669,1.0,1.0987201789264414,285475.0,4297205.0,0.9995796328439798,243107.0,243107.0,243107.0,243107.0,38019.0,74492.0,3798.0,243072.0,3798.0,0.0,0.0,0.0,0.0,0.0,0.0
cold_online_random_h8_s7_state0_mac0,scratch,cold,final,8,7,,0,0,25000000,25000000,25000000,16111.0,17940.0,252.0,4989.0,0.0,1000000.0,3381.0,16111.0,17940.0,0.0,4647.0,0.0,0.0,4761.0,16128.0,16111.0,16111.0,16111.0,252.0,2455553.0,0.0,125.0,0.0,0.0,0.0,0.0,2529.0,16,15000000.0,16000000.0,39663439.0,0.407240242829212,3.381,0.20985661970082553,0.5788490284005979,0.5788490284005979,0.2590301003344482,0.2590301003344482,1.0,1.1135249208615232,280422.0,4577627.0,0.9975508571796252,259218.0,259218.0,259218.0,259218.0,40548.0,79481.0,4050.0,259200.0,4050.0,0.0,0.0,0.0,0.0,0.0,0.0
cold_online_random_h8_s7_state0_mac0,scratch,cold,final,8,7,,0,0,25000000,25000000,25000000,16140.0,17267.0,252.0,4928.0,0.0,1000000.0,3443.0,16140.0,17267.0,0.0,4595.0,1.0,0.0,4707.0,16128.0,16140.0,16140.0,16140.0,252.0,2458644.0,0.0,111.0,0.0,0.0,0.0,0.0,2503.0,17,16000000.0,17000000.0,42122083.0,0.40672826159460257,3.443,0.21332094175960348,0.5716596168201045,0.5716596168201045,0.2661145537730932,0.2661145537730932,0.9997824194952132,1.069826517967782,284121.0,4861748.0,0.9975604438869555,275358.0,275358.0,275358.0,275358.0,43051.0,84409.0,4302.0,275328.0,4302.0,0.0,0.0,0.0,0.0,0.0,0.0
cold_online_random_h8_s7_state0_mac0,scratch,cold,final,8,7,,0,0,25000000,25000000,25000000,16122.0,17426.0,252.0,4977.0,0.0,1000000.0,3432.0,16122.0,17426.0,0.0,4614.0,1.0,0.0,4708.0,16128.0,16122.0,16122.0,16122.0,252.0,2459864.0,0.0,113.0,0.0,0.0,0.0,0.0,2527.0,18,17000000.0,18000000.0,44581947.0,0.4065265396786164,3.432,0.2128768142910309,0.5734526472781506,0.5734526472781506,0.2647767703431654,0.2647767703431654,0.9997833152762731,1.0808832651035851,274791.0,5136539.0,0.9987706637440119,291480.0,291480.0,291480.0,291480.0,45578.0,89386.0,4554.0,291456.0,4554.0,0.0,0.0,0.0,0.0,0.0,0.0
cold_online_random_h8_s7_state0_mac0,scratch,cold,final,8,7,,0,0,25000000,25000000,25000000,16101.0,16862.0,251.0,4843.0,0.0,1000000.0,3376.0,16101.0,16862.0,0.0,4623.0,0.0,0.0,4702.0,16064.0,16101.0,16101.0,16101.0,251.0,2453280.0,0.0,85.0,0.0,0.0,0.0,0.0,2456.0,19,18000000.0,19000000.0,47035227.0,0.40761755690341095,3.376,0.2096764176138128,0.5779472434054257,0.5779472434054257,0.27416676550824337,0.27416676550824337,1.0,1.0472641450841562,286563.0,5423102.0,0.9971042848757582,307581.0,307581.0,307581.0,307581.0,48034.0,94229.0,4805.0,307520.0,4805.0,0.0,0.0,0.0,0.0,0.0,0.0
cold_online_random_h8_s7_state0_mac0,scratch,cold,final,8,7,,0,0,25000000,25000000,25000000,16119.0,16699.0,252.0,4782.0,0.0,1000000.0,3444.0,16119.0,16699.0,0.0,4577.0,0.0,0.0,4675.0,16128.0,16119.0,16119.0,16119.0,252.0,2453401.0,0.0,84.0,0.0,0.0,0.0,0.0,2430.0,20,19000000.0,20000000.0,49488628.0,0.40759745349414955,3.444,0.2136608970779825,0.5706271038523875,0.5706271038523875,0.2740882687586083,0.2740882687586083,1.0,1.0359823810410076,278342.0,5701444.0,0.996517487357346,323700.0,323700.0,323700.0,323700.0,50464.0,99011.0,5057.0,323648.0,5057.0,0.0,0.0,0.0,0.0,0.0,0.0
cold_online_random_h8_s7_state0_mac0,scratch,cold,final,8,7,,0,0,25000000,25000000,25000000,16118.0,16814.0,252.0,4912.0,0.0,1000000.0,3424.0,16118.0,16814.0,0.0,4602.0,1.0,0.0,4679.0,16128.0,16118.0,16118.0,16118.0,252.0,2449232.0,0.0,85.0,0.0,0.0,0.0,0.0,2492.0,21,20000000.0,21000000.0,51937860.0,0.4082912521149487,3.424,0.21243330438019606,0.5733864938948418,0.5733864938948418,0.27370048768883076,0.27370048768883076,0.9997827503801868,1.0431815361707408,282060.0,5983504.0,0.9960922444260079,339818.0,339818.0,339818.0,339818.0,52956.0,103923.0,5309.0,339776.0,5309.0,0.0,0.0,0.0,0.0,0.0,0.0
cold_online_random_h8_s7_state0_mac0,scratch,cold,final,8,7,,0,0,25000000,25000000,25000000,16084.0,16693.0,251.0,4851.0,0.0,1000000.0,3399.0,16084.0,16693.0,0.0,4639.0,1.0,0.0,4729.0,16064.0,16084.0,16084.0,16084.0,251.0,2463272.0,0.0,89.0,0.0,0.0,0.0,0.0,2463.0,22,21000000.0,22000000.0,54401132.0,0.405964099782728,3.399,0.21132802785376772,0.5771336153271959,0.5771336153271959,0.27790091655184807,0.27790091655184807,0.9997844827586206,1.0378637154936583,281072.0,6264576.0,0.9986867061372029,355902.0,355902.0,355902.0,355902.0,55419.0,108774.0,5560.0,355840.0,5560.0,0.0,0.0,0.0,0.0,0.0,0.0
cold_online_random_h8_s7_state0_mac0,scratch,cold,final,8,7,,0,0,25000000,25000000,25000000,16132.0,16222.0,253.0,4828.0,0.0,1000000.0,3436.0,16132.0,16222.0,0.0,4609.0,1.0,0.0,4706.0,16192.0,16132.0,16132.0,16132.0,253.0,2456740.0,0.0,82.0,0.0,0.0,0.0,0.0,2452.0,23,22000000.0,23000000.0,56857872.0,0.40704348038457466,3.436,0.21299280932308456,0.5729024238657551,0.5729024238657551,0.2841203304154851,0.2841203304154851,0.9997830802603037,1.0055789734688818,269778.0,6534354.0,0.9964253441552627,372034.0,372034.0,372034.0,372034.0,57871.0,113602.0,5813.0,372032.0,5813.0,0.0,0.0,0.0,0.0,0.0,0.0
cold_online_random_h8_s7_state0_mac0,scratch,cold,final,8,7,,0,0,25000000,25000000,25000000,16130.0,15784.0,252.0,4677.0,0.0,1000000.0,3557.0,16130.0,15784.0,0.0,4470.0,1.0,0.0,4575.0,16128.0,16130.0,16130.0,16130.0,252.0,2452535.0,0.0,117.0,0.0,0.0,0.0,0.0,2376.0,24,23000000.0,24000000.0,59310407.0,0.4077413777988897,3.557,0.22052076875387477,0.5568705618537436,0.5568705618537436,0.2831981753674607,0.2831981753674607,0.9997763363900694,0.9785492870427774,259249.0,6793603.0,0.9936616602821162,388164.0,388164.0,388164.0,388164.0,60247.0,118279.0,6065.0,388160.0,6065.0,0.0,0.0,0.0,0.0,0.0,0.0
cold_online_random_h8_s7_state0_mac0,scratch,cold,final,8,7,,0,0,25000000,25000000,25000000,16107.0,14698.0,251.0,4848.0,0.0,1000000.0,3665.0,16107.0,14698.0,0.0,4315.0,1.0,0.0,4393.0,16064.0,16107.0,16107.0,16107.0,251.0,2327215.0,0.0,83.0,0.0,0.0,0.0,0.0,2459.0,25,24000000.0,25000000.0,61637622.0,0.42969815852854165,3.665,0.22754082076115975,0.5407268170426065,0.5407268170426065,0.2935773574636005,0.2935773574636005,0.9997683039851715,0.9125225057428448,66500.0,6860103.0,0.9927097410424048,404271.0,404271.0,404271.0,404271.0,62706.0,123127.0,6316.0,404224.0,6316.0,0.0,0.0,0.0,0.0,0.0,0.0
cold_online_random_h8_s7_state64_mac0,scratch,cold,final,8,7,,64,0,25000000,25000000,25000000,16196.0,19282.0,253.0,4942.0,0.0,1000000.0,4305.0,16195.0,19282.0,5.0,4290.0,5.0,0.0,4351.0,16192.0,16196.0,16196.0,16196.0,253.0,2524231.0,0.0,24.0,0.0,0.0,0.0,0.0,2532.0,1,0.0,1000000.0,2524231.0,0.39616025633153223,4.305,0.26582278481012656,0.49912739965095987,0.49912739965095987,0.22248729384918578,0.22254500181563522,0.9988358556461001,1.1906143871565298,258826.0,258826.0,0.9778098755621017,16196.0,16196.0,16196.0,16196.0,2532.0,4942.0,253.0,16192.0,253.0,0.0,0.0,0.0,0.0,0.0,0.0
cold_online_random_h8_s7_state64_mac0,scratch,cold,final,8,7,,64,0,25000000,25000000,25000000,16124.0,18786.0,252.0,5131.0,0.0,1000000.0,3291.0,16125.0,18786.0,0.0,4725.0,1.0,0.0,4814.0,16128.0,16124.0,16124.0,16124.0,252.0,2447738.0,0.0,54.0,0.0,0.0,0.0,0.0,2619.0,2,1000000.0,2000000.0,4971969.0,0.40854045653578935,3.291,0.20409302325581397,0.5894461077844312,0.5894461077844312,0.25151708719259025,0.25151708719259025,0.9997884045704613,1.1650232558139535,279494.0,538320.0,1.0003153932324456,32320.0,32320.0,32320.0,32320.0,5151.0,10073.0,505.0,32320.0,505.0,0.0,0.0,0.0,0.0,0.0,0.0
cold_online_random_h8_s7_state64_mac0,scratch,cold,final,8,7,,64,0,25000000,25000000,25000000,16133.0,17864.0,252.0,4863.0,0.0,1000000.0,3285.0,16133.0,17864.0,0.0,4716.0,0.0,0.0,4845.0,16128.0,16133.0,16133.0,16133.0,252.0,2443560.0,0.0,116.0,0.0,0.0,0.0,0.0,2483.0,3,2000000.0,3000000.0,7415529.0,0.4092389791942903,3.285,0.20361990950226244,0.5894263217097863,0.5894263217097863,0.2639946260635916,0.2639946260635916,1.0,1.107295605281101,291937.0,830257.0,0.9999553929512679,48453.0,48453.0,48453.0,48453.0,7634.0,14936.0,757.0,48448.0,757.0,0.0,0.0,0.0,0.0,0.0,0.0
cold_online_random_h8_s7_state64_mac0,scratch,cold,final,8,7,,64,0,25000000,25000000,25000000,16100.0,17754.0,251.0,4948.0,0.0,1000000.0,3273.0,16100.0,17754.0,0.0,4731.0,0.0,0.0,4847.0,16064.0,16100.0,16100.0,16100.0,251.0,2445814.0,0.0,117.0,0.0,0.0,0.0,0.0,2525.0,4,3000000.0,4000000.0,9861343.0,0.40886183495556083,3.273,0.20329192546583852,0.591079460269865,0.591079460269865,0.26647516052720516,0.26647516052720516,1.0,1.1027329192546584,295474.0,1125731.0,1.0002800703569446,64553.0,64553.0,64553.0,64553.0,10159.0,19884.0,1008.0,64512.0,1008.0,0.0,0.0,0.0,0.0,0.0,0.0
cold_online_random_h8_s7_state64_mac0,scratch,cold,final,8,7,,64,0,25000000,25000000,25000000,16178.0,18014.0,253.0,4968.0,0.0,1000000.0,3319.0,16178.0,18014.0,0.0,4725.0,0.0,0.0,4851.0,16192.0,16178.0,16178.0,16178.0,253.0,2450527.0,0.0,137.0,0.0,0.0,0.0,0.0,2533.0,5,4000000.0,5000000.0,12311870.0,0.40807548743596783,3.319,0.20515514896773396,0.5873943311785181,0.5873943311785181,0.2622959920062174,0.2622959920062174,1.0,1.1134874520954383,291777.0,1417508.0,1.000209750800542,80731.0,80731.0,80731.0,80731.0,12692.0,24852.0,1261.0,80704.0,1261.0,0.0,0.0,0.0,0.0,0.0,0.0
cold_online_random_h8_s7_state64_mac0,scratch,cold,final,8,7,,64,0,25000000,25000000,25000000,16126.0,18388.0,252.0,5065.0,0.0,1000000.0,3396.0,16125.0,18388.0,0.0,4693.0,0.0,0.0,4909.0,16128.0,16126.0,16126.0,16126.0,252.0,2470148.0,0.0,168.0,0.0,0.0,0.0,0.0,2589.0,6,5000000.0,6000000.0,14782018.0,0.40483404233268616,3.396,0.2106046511627907,0.5801706020521696,0.5801706020521696,0.25522079617141613,0.25522079617141613,1.0,1.1403410852713178,286810.0,1704318.0,1.0005380244422601,96857.0,96857.0,96857.0,96857.0,15281.0,29917.0,1513.0,96832.0,1513.0,0.0,0.0,0.0,0.0,0.0,0.0
cold_online_random_h8_s7_state64_mac0,scratch,cold,final,8,7,,64,0,25000000,25000000,25000000,16179.0,18016.0,253.0,5009.0,0.0,1000000.0,3358.0,16180.0,18016.0,0.0,4732.0,0.0,0.0,4875.0,16192.0,16179.0,16179.0,16179.0,253.0,2451014.0,0.0,182.0,0.0,0.0,0.0,0.0,2561.0,7,6000000.0,7000000.0,17233032.0,0.40799440558071065,3.358,0.20754017305315203,0.5849196538936959,0.5849196538936959,0.2626554174067496,0.2626554174067496,1.0,1.1134734239802224,278125.0,1982443.0,1.00196734902371,113036.0,113036.0,113036.0,113036.0,17842.0,34926.0,1766.0,113024.0,1766.0,0.0,0.0,0.0,0.0,0.0,0.0
cold_online_random_h8_s7_state64_mac0,scratch,cold,final,8,7,,64,0,25000000,25000000,25000000,16131.0,17808.0,252.0,4858.0,0.0,1000000.0,3290.0,16131.0,17808.0,1.0,4727.0,2.0,0.0,4849.0,16128.0,16131.0,16131.0,16131.0,252.0,2442140.0,0.0,149.0,0.0,0.0,0.0,0.0,2479.0,8,7000000.0,8000000.0,19675172.0,0.40947693416429853,3.29,0.20395511747566797,0.5896220531370837,0.5896220531370837,0.2654424977538185,0.2654574043915314,0.9995770776062592,1.1039613167193603,285558.0,2268001.0,1.0003005560696767,129167.0,129167.0,129167.0,129167.0,20321.0,39784.0,2018.0,129152.0,2018.0,0.0,0.0,0.0,0.0,0.0,0.0
cold_online_random_h8_s7_state64_mac0,scratch,cold,final,8,7,,64,0,25000000,25000000,25000000,16161.0,18816.0,252.0,4996.0,0.0,1000000.0,3354.0,16161.0,18816.0,0.0,4735.0,2.0,0.0,4895.0,16128.0,16161.0,16161.0,16161.0,252.0,2465665.0,0.0,130.0,0.0,0.0,0.0,0.0,2553.0,9,8000000.0,9000000.0,22140837.0,0.40557009974996605,3.354,0.20753666233525153,0.5853628384225491,0.5853628384225491,0.25164753401360546,0.25164753401360546,0.9995777918513827,1.1642843883423055,281439.0,2549440.0,1.0012528060381276,145328.0,145328.0,145328.0,145328.0,22874.0,44780.0,2270.0,145280.0,2270.0,0.0,0.0,0.0,0.0,0.0,0.0
cold_online_random_h8_s7_state64_mac0,scratch,cold,final,8,7,,64,0,25000000,25000000,25000000,16148.0,17769.0,253.0,4858.0,0.0,1000000.0,3329.0,16148.0,17769.0,0.0,4719.0,1.0,0.0,4844.0,16192.0,16148.0,16148.0,16148.0,253.0,2446620.0,0.0,132.0,0.0,0.0,0.0,0.0,2486.0,10,9000000.0,10000000.0,24587457.0,0.4087271419345873,3.329,0.20615556106019323,0.5863568588469185,0.5863568588469185,0.26557487759581294,0.26557487759581294,0.9997881355932203,1.1003839484765916,282488.0,2831928.0,1.0012323123329328,161476.0,161476.0,161476.0,161476.0,25360.0,49638.0,2523.0,161472.0,2523.0,0.0,0.0,0.0,0.0,0.0,0.0
cold_online_random_h8_s7_state64_mac0,scratch,cold,final,8,7,,64,0,25000000,25000000,25000000,16137.0,17863.0,252.0,4934.0,0.0,1000000.0,3282.0,16137.0,17863.0,0.0,4732.0,1.0,0.0,4831.0,16128.0,16137.0,16137.0,16137.0,252.0,2443062.0,0.0,111.0,0.0,0.0,0.0,0.0,2520.0,11,10000000.0,11000000.0,27030519.0,0.40932239951339755,3.282,0.20338352853690278,0.5904666833042176,0.5904666833042176,0.2649051111235515,0.2649051111235515,0.999788717515318,1.1069591621738861,287491.0,3119419.0,1.0016462946908429,177613.0,177613.0,177613.0,177613.0,27880.0,54572.0,2775.0,177600.0,2775.0,0.0,0.0,0.0,0.0,0.0,0.0
cold_online_random_h8_s7_state64_mac0,scratch,cold,final,8,7,,64,0,25000000,25000000,25000000,16443.0,17620.0,257.0,4874.0,0.0,1000000.0,3899.0,16443.0,17620.0,1.0,4742.0,119.0,0.0,5136.0,16448.0,16443.0,16443.0,16443.0,257.0,2544562.0,0.0,202.0,0.0,0.0,0.0,0.0,2488.0,12,11000000.0,12000000.0,29575081.0,0.392994943727054,3.899,0.23712217965091528,0.548779076495776,0.548779076495776,0.2691259931895573,0.2691412679493728,0.975519440444353,1.071580611810497,284605.0,3404024.0,1.009216124425343,194056.0,194056.0,194056.0,194056.0,30368.0,59446.0,3032.0,194048.0,3032.0,0.0,0.0,0.0,0.0,0.0,0.0
cold_online_random_h8_s7_state64_mac0,scratch,cold,final,8,7,,64,0,25000000,25000000,25000000,16477.0,18217.0,257.0,5207.0,0.0,1000000.0,4030.0,16477.0,18217.0,2.0,4732.0,73.0,0.0,5209.0,16448.0,16477.0,16477.0,16477.0,257.0,2583425.0,0.0,514.0,0.0,0.0,0.0,0.0,2655.0,13,12000000.0,13000000.0,32158506.0,0.3870830389889391,4.03,0.24458335862110822,0.5401209907544801,0.5400068485332724,0.2597573694900368,0.25978589074938235,0.9848074921956296,1.1056017478909996,298478.0,3702502.0,1.0101291889642625,210533.0,210533.0,210533.0,210533.0,33023.0,64653.0,3289.0,210496.0,3289.0,0.0,0.0,0.0,0.0,0.0,0.0
cold_online_random_h8_s7_state64_mac0,scratch,cold,final,8,7,,64,0,25000000,25000000,25000000,16478.0,18743.0,258.0,4903.0,0.0,1000000.0,4096.0,16478.0,18743.0,5.0,4968.0,17.0,0.0,5422.0,16512.0,16478.0,16478.0,16478.0,258.0,2599141.0,0.0,559.0,30.0,0.0,0.0,0.0,2493.0,14,13000000.0,14000000.0,34757647.0,0.3847424976174821,4.096,0.24857385605049157,0.5484049012032233,0.5478529639033006,0.2650589553433282,0.26512968299711814,0.9965897693079238,1.1374560019419833,309228.0,4011730.0,1.000766407055254,227011.0,227011.0,227011.0,227011.0,35516.0,69556.0,3547.0,227008.0,3547.0,30.0,0.0,0.0,0.0,0.0,0.0
cold_online_random_h8_s7_state64_mac0,scratch,cold,final,8,7,,64,0,25000000,25000000,25000000,16096.0,17681.0,251.0,4936.0,0.0,1000000.0,3355.0,16096.0,17681.0,0.0,4693.0,0.0,0.0,4813.0,16064.0,16096.0,16096.0,16096.0,251.0,2450359.0,0.0,166.0,0.0,0.0,0.0,0.0,2503.0,15,14000000.0,15000000.0,37208006.0,0.4081034656554407,3.355,0.2084368787276342,0.5831262425447317,0.5831262425447317,0.26542616367852495,0.26542616367852495,1.0,1.0984716699801194,285355.0,4297085.0,0.9995306810144963,243107.0,243107.0,243107.0,243107.0,38019.0,74492.0,3798.0,243072.0,3798.0,30.0,0.0,0.0,0.0,0.0,0.0
cold_online_random_h8_s7_state64_mac0,scratch,cold,final,8,7,,64,0,25000000,25000000,25000000,16111.0,17941.0,252.0,4989.0,0.0,1000000.0,3383.0,16111.0,17941.0,0.0,4645.0,0.0,0.0,4760.0,16128.0,16111.0,16111.0,16111.0,252.0,2455970.0,0.0,124.0,0.0,0.0,0.0,0.0,2529.0,16,15000000.0,16000000.0,39663976.0,0.4071710973668245,3.383,0.20998075848798958,0.5785999003487793,0.5785999003487793,0.25890418594281256,0.25890418594281256,1.0,1.1135869902551052,280005.0,4577090.0,0.9975362076898333,259218.0,259218.0,259218.0,259218.0,40548.0,79481.0,4050.0,259200.0,4050.0,30.0,0.0,0.0,0.0,0.0,0.0
cold_online_random_h8_s7_state64_mac0,scratch,cold,final,8,7,,64,0,25000000,25000000,25000000,16140.0,17252.0,252.0,4926.0,0.0,1000000.0,3445.0,16140.0,17252.0,0.0,4593.0,1.0,0.0,4706.0,16128.0,16140.0,16140.0,16140.0,252.0,2458808.0,0.0,113.0,0.0,0.0,0.0,0.0,2502.0,17,16000000.0,17000000.0,42122784.0,0.40670113323203766,3.445,0.21344485749690212,0.5714107987061459,0.5714107987061459,0.26623000231857175,0.26623000231857175,0.999782324771441,1.0688971499380422,283957.0,4861047.0,0.9974939076170242,275358.0,275358.0,275358.0,275358.0,43050.0,84407.0,4302.0,275328.0,4302.0,30.0,0.0,0.0,0.0,0.0,0.0
cold_online_random_h8_s7_state64_mac0,scratch,cold,final,8,7,,64,0,25000000,25000000,25000000,16122.0,17422.0,252.0,4977.0,0.0,1000000.0,3432.0,16122.0,17422.0,0.0,4614.0,1.0,0.0,4706.0,16128.0,16122.0,16122.0,16122.0,252.0,2459807.0,0.0,111.0,0.0,0.0,0.0,0.0,2527.0,18,17000000.0,18000000.0,44582591.0,0.4065359599350681,3.432,0.2128768142910309,0.5734526472781506,0.5734526472781506,0.2648375617035932,0.2648375617035932,0.9997833152762731,1.0806351569284207,274848.0,5135895.0,0.9988832457180583,291480.0,291480.0,291480.0,291480.0,45577.0,89384.0,4554.0,291456.0,4554.0,30.0,0.0,0.0,0.0,0.0,0.0
cold_online_random_h8_s7_state64_mac0,scratch,cold,final,8,7,,64,0,25000000,25000000,25000000,16101.0,16867.0,251.0,4843.0,0.0,1000000.0,3375.0,16101.0,16867.0,0.0,4624.0,0.0,0.0,4701.0,16064.0,16101.0,16101.0,16101.0,251.0,2453280.0,0.0,83.0,0.0,0.0,0.0,0.0,2456.0,19,18000000.0,19000000.0,47035871.0,0.40761755690341095,3.375,0.20961430967020683,0.578072259032379,0.578072259032379,0.27414477974743584,0.27414477974743584,1.0,1.0475746848021863,286563.0,5422458.0,0.9971042848757582,307581.0,307581.0,307581.0,307581.0,48033.0,94227.0,4805.0,307520.0,4805.0,30.0,0.0,0.0,0.0,0.0,0.0
cold_online_random_h8_s7_state64_mac0,scratch,cold,final,8,7,,64,0,25000000,25000000,25000000,16119.0,16702.0,252.0,4782.0,0.0,1000000.0,3445.0,16119.0,16702.0,0.0,4576.0,0.0,0.0,4673.0,16128.0,16119.0,16119.0,16119.0,252.0,2453554.0,0.0,83.0,0.0,0.0,0.0,0.0,2430.0,20,19000000.0,20000000.0,49489425.0,0.4075720363195593,3.445,0.21372293566598424,0.5705024311183144,0.5705024311183144,0.27397916417195545,0.27397916417195545,1.0,1.0361684968050127,278189.0,5700647.0,0.9964553460001287,323700.0,323700.0,323700.0,323700.0,50463.0,99009.0,5057.0,323648.0,5057.0,30.0,0.0,0.0,0.0,0.0,0.0
cold_online_random_h8_s7_state64_mac0,scratch,cold,final,8,7,,64,0,25000000,25000000,25000000,16118.0,16823.0,252.0,4912.0,0.0,1000000.0,3424.0,16118.0,16823.0,0.0,4602.0,1.0,0.0,4679.0,16128.0,16118.0,16118.0,16118.0,252.0,2449115.0,0.0,85.0,0.0,0.0,0.0,0.0,2492.0,21,20000000.0,21000000.0,51938540.0,0.40831075715105253,3.424,0.21243330438019606,0.5733864938948418,0.5733864938948418,0.27355406289009093,0.27355406289009093,0.9997827503801868,1.043739918103983,282177.0,5982824.0,0.9961398301018939,339818.0,339818.0,339818.0,339818.0,52955.0,103921.0,5309.0,339776.0,5309.0,30.0,0.0,0.0,0.0,0.0,0.0
cold_online_random_h8_s7_state64_mac0,scratch,cold,final,8,7,,64,0,25000000,25000000,25000000,16084.0,16702.0,251.0,4851.0,0.0,1000000.0,3400.0,16084.0,16702.0,0.0,4638.0,1.0,0.0,4728.0,16064.0,16084.0,16084.0,16084.0,251.0,2463307.0,0.0,89.0,0.0,0.0,0.0,0.0,2463.0,22,21000000.0,22000000.0,54401847.0,0.40595833162492534,3.4,0.21139020144242726,0.5770092062702165,0.5770092062702165,0.2776912944557538,0.2776912944557538,0.999784436300927,1.038423277791594,281037.0,6263861.0,0.9986725162555864,355902.0,355902.0,355902.0,355902.0,55418.0,108772.0,5560.0,355840.0,5560.0,30.0,0.0,0.0,0.0,0.0,0.0
cold_online_random_h8_s7_state64_mac0,scratch,cold,final,8,7,,64,0,25000000,25000000,25000000,16132.0,16241.0,253.0,4828.0,0.0,1000000.0,3437.0,16132.0,16241.0,0.0,4608.0,1.0,0.0,4704.0,16192.0,16132.0,16132.0,16132.0,253.0,2456875.0,0.0,83.0,0.0,0.0,0.0,0.0,2452.0,23,22000000.0,23000000.0,56858722.0,0.4070211142203002,3.437,0.21305479791718324,0.5727781230577998,0.5727781230577998,0.2837263715288467,0.2837263715288467,0.999783033195921,1.0067567567567568,269643.0,6533504.0,0.9963705927244977,372034.0,372034.0,372034.0,372034.0,57870.0,113600.0,5813.0,372032.0,5813.0,30.0,0.0,0.0,0.0,0.0,0.0
cold_online_random_h8_s7_state64_mac0,scratch,cold,final,8,7,,64,0,25000000,25000000,25000000,16130.0,15817.0,252.0,4681.0,0.0,1000000.0,3553.0,16130.0,15817.0,0.0,4474.0,1.0,0.0,4579.0,16128.0,16130.0,16130.0,16130.0,252.0,2452746.0,0.0,115.0,0.0,0.0,0.0,0.0,2378.0,24,23000000.0,24000000.0,59311468.0,0.4077063014270536,3.553,0.22027278363298203,0.557368880029899,0.557368880029899,0.28286021369412656,0.28286021369412656,0.9997765363128491,0.9805951642901426,259038.0,6792542.0,0.9935761795147154,388164.0,388164.0,388164.0,388164.0,60248.0,118281.0,6065.0,388160.0,6065.0,30.0,0.0,0.0,0.0,0.0,0.0
cold_online_random_h8_s7_state64_mac0,scratch,cold,final,8,7,,64,0,25000000,25000000,25000000,16107.0,14810.0,251.0,4858.0,0.0,1000000.0,3629.0,16107.0,14810.0,0.0,4351.0,1.0,0.0,4428.0,16064.0,16107.0,16107.0,16107.0,251.0,2325946.0,0.0,81.0,0.0,0.0,0.0,0.0,2464.0,25,24000000.0,25000000.0,61637414.0,0.4299325951677296,3.629,0.22530576767864904,0.5452380952380952,0.5452380952380952,0.2937879810938555,0.2937879810938555,0.9997702205882353,0.9194760042217669,67769.0,6860311.0,0.9931696608605702,404271.0,404271.0,404271.0,404271.0,62712.0,123139.0,6316.0,404224.0,6316.0,30.0,0.0,0.0,0.0,0.0,0.0
cold_online_random_h8_s7_state64_mac16,scratch,cold,final,8,7,,64,16,25000000,25000000,25000000,16196.0,6342.0,17.0,4906.0,5126.0,1000000.0,8595.0,16195.0,6342.0,0.0,0.0,0.0,0.0,0.0,1088.0,6358.0,6342.0,16196.0,17.0,2798470.0,0.0,0.0,0.0,9838.0,0.0,0.0,2506.0,1,0.0,1000000.0,2798470.0,0.35733811689959155,8.595,0.5307193578264897,0.0,0.0,0.0,0.0,NA,0.39160234640321084,-15413.0,-15413.0,0.9984009119268743,16196.0,6358.0,6342.0,16196.0,2506.0,4906.0,17.0,1088.0,17.0,0.0,9838.0,0.0,5126.0,0.0,0.0
cold_online_random_h8_s7_state64_mac16,scratch,cold,final,8,7,,64,16,25000000,25000000,25000000,16124.0,7139.0,17.0,4912.0,4785.0,1000000.0,8013.0,16125.0,7139.0,0.0,3.0,0.0,0.0,12.0,1088.0,5874.0,5873.0,16124.0,17.0,2747565.0,0.0,0.0,0.0,10250.0,0.0,0.0,2505.0,2,1000000.0,2000000.0,5546035.0,0.3639586324618344,8.013,0.49693023255813956,0.00037425149700598805,0.00037425149700598805,0.00042022692253817064,0.00042022692253817064,1.0,0.4427286821705426,-20333.0,-35746.0,0.9987374275039899,32320.0,12232.0,12215.0,32320.0,5011.0,9818.0,34.0,2176.0,34.0,0.0,20088.0,0.0,9911.0,0.0,0.0
cold_online_random_h8_s7_state64_mac16,scratch,cold,final,8,7,,64,16,25000000,25000000,25000000,16133.0,5152.0,18.0,4664.0,5519.0,1000000.0,7969.0,16133.0,5152.0,0.0,32.0,0.0,0.0,62.0,1152.0,6670.0,6671.0,16133.0,18.0,2751205.0,0.0,33.0,0.0,9463.0,0.0,0.0,2388.0,3,2000000.0,3000000.0,8297240.0,0.3634770945821922,7.969,0.4939564867042707,0.003999500062492188,0.003999500062492188,0.006211180124223602,0.006211180124223602,1.0,0.3193454410215087,-15708.0,-51454.0,0.9985064726183619,48453.0,18902.0,18886.0,48453.0,7399.0,14482.0,52.0,3328.0,52.0,0.0,29551.0,0.0,15430.0,0.0,0.0
cold_online_random_h8_s7_state64_mac16,scratch,cold,final,8,7,,64,16,25000000,25000000,25000000,16100.0,3704.0,18.0,4894.0,6145.0,1000000.0,7963.0,16100.0,3704.0,0.0,41.0,0.0,0.0,84.0,1152.0,7233.0,7233.0,16100.0,18.0,2755569.0,0.0,16.0,0.0,8867.0,0.0,0.0,2490.0,4,3000000.0,4000000.0,11052809.0,0.3629014551985452,7.963,0.49459627329192546,0.005122438780609695,0.005122438780609695,0.011069114470842332,0.011069114470842332,1.0,0.23006211180124223,-14281.0,-65735.0,0.9991551654122979,64553.0,26135.0,26119.0,64553.0,9889.0,19376.0,70.0,4480.0,70.0,0.0,38418.0,0.0,21575.0,0.0,0.0
cold_online_random_h8_s7_state64_mac16,scratch,cold,final,8,7,,64,16,25000000,25000000,25000000,16178.0,5950.0,17.0,5033.0,5221.0,1000000.0,7982.0,16178.0,5950.0,0.0,62.0,0.0,0.0,135.0,1088.0,6374.0,6373.0,16178.0,17.0,2753264.0,0.0,71.0,0.0,9804.0,0.0,0.0,2566.0,5,4000000.0,5000000.0,13806073.0,0.36320527199716407,7.982,0.49338607986154037,0.007707608155146694,0.007707608155146694,0.010420168067226891,0.010420168067226891,1.0,0.3677834095685499,-10960.0,-76695.0,0.9999444295933844,80731.0,32509.0,32492.0,80731.0,12455.0,24409.0,87.0,5568.0,87.0,0.0,48222.0,0.0,26796.0,0.0,0.0
cold_online_random_h8_s7_state64_mac16,scratch,cold,final,8,7,,64,16,25000000,25000000,25000000,16126.0,6572.0,18.0,5006.0,5048.0,1000000.0,8034.0,16125.0,6572.0,0.0,55.0,0.0,0.0,157.0,1152.0,6200.0,6200.0,16125.0,18.0,2772730.0,0.0,83.0,0.0,9926.0,0.0,0.0,2556.0,6,5000000.0,6000000.0,16578803.0,0.3606553829619184,8.034,0.4982325581395349,0.006799357151687477,0.006799357151687477,0.008368837492391966,0.008368837492391966,1.0,0.4075658914728682,-15772.0,-92467.0,0.9998214755854339,96857.0,38709.0,38692.0,96856.0,15011.0,29415.0,105.0,6720.0,105.0,0.0,58148.0,0.0,31844.0,0.0,0.0
cold_online_random_h8_s7_state64_mac16,scratch,cold,final,8,7,,64,16,25000000,25000000,25000000,16179.0,6510.0,18.0,4959.0,4986.0,1000000.0,8045.0,16180.0,6510.0,0.0,45.0,0.0,0.0,107.0,1152.0,6138.0,6138.0,16180.0,18.0,2746057.0,0.0,81.0,0.0,10041.0,0.0,0.0,2531.0,7,6000000.0,7000000.0,19324860.0,0.3641585007157535,8.045,0.4972187886279357,0.005562422744128554,0.005562422744128554,0.0069124423963133645,0.0069124423963133645,1.0,0.40234857849196537,-16918.0,-109385.0,0.9998721803662487,113036.0,44847.0,44830.0,113036.0,17542.0,34374.0,123.0,7872.0,123.0,0.0,68189.0,0.0,36830.0,0.0,0.0
cold_online_random_h8_s7_state64_mac16,scratch,cold,final,8,7,,64,16,25000000,25000000,25000000,16131.0,6510.0,18.0,4889.0,5018.0,1000000.0,7970.0,16131.0,6510.0,0.0,47.0,0.0,0.0,82.0,1152.0,6120.0,6121.0,16131.0,18.0,2739934.0,0.0,53.0,0.0,10011.0,0.0,0.0,2486.0,8,7000000.0,8000000.0,22064794.0,0.36497229495309014,7.97,0.4940797222738826,0.005862542098041662,0.005862542098041662,0.007219662058371736,0.007219662058371736,1.0,0.40357076436674727,-12236.0,-121621.0,0.9998047398222002,129167.0,50967.0,50951.0,129167.0,20028.0,39263.0,141.0,9024.0,141.0,0.0,78200.0,0.0,41848.0,0.0,0.0
cold_online_random_h8_s7_state64_mac16,scratch,cold,final,8,7,,64,16,25000000,25000000,25000000,16161.0,6518.0,16.0,4916.0,5127.0,1000000.0,8035.0,16161.0,6518.0,0.0,54.0,0.0,0.0,108.0,1024.0,6201.0,6200.0,16161.0,16.0,2766777.0,0.0,40.0,0.0,9960.0,0.0,0.0,2509.0,9,8000000.0,9000000.0,24831571.0,0.3614313694237013,8.035,0.4971845801621187,0.00667573247620225,0.00667573247620225,0.008284749923289352,0.008284749923289352,1.0,0.4033166264463833,-19673.0,-141294.0,1.0000209630194266,145328.0,57168.0,57151.0,145328.0,22537.0,44179.0,157.0,10048.0,157.0,0.0,88160.0,0.0,46975.0,0.0,0.0
cold_online_random_h8_s7_state64_mac16,scratch,cold,final,8,7,,64,16,25000000,25000000,25000000,16148.0,6880.0,18.0,4962.0,4836.0,1000000.0,7993.0,16148.0,6880.0,0.0,55.0,0.0,0.0,137.0,1152.0,5987.0,5988.0,16148.0,18.0,2742407.0,0.0,62.0,0.0,10161.0,0.0,0.0,2530.0,10,9000000.0,10000000.0,27573978.0,0.3646431765963258,7.993,0.4949838989348526,0.0068339960238568585,0.0068339960238568585,0.007994186046511628,0.007994186046511628,1.0,0.4260589546693089,-13299.0,-154593.0,1.000162630856762,161476.0,63155.0,63139.0,161476.0,25067.0,49141.0,175.0,11200.0,175.0,0.0,98321.0,0.0,51811.0,0.0,0.0
cold_online_random_h8_s7_state64_mac16,scratch,cold,final,8,7,,64,16,25000000,25000000,25000000,16137.0,6656.0,18.0,4930.0,4974.0,1000000.0,7950.0,16137.0,6656.0,0.0,64.0,0.0,0.0,126.0,1152.0,6084.0,6084.0,16137.0,18.0,2746101.0,0.0,67.0,0.0,10053.0,0.0,0.0,2519.0,11,10000000.0,11000000.0,30320079.0,0.3641526659070442,7.95,0.4926566276259528,0.0079860244571999,0.0079860244571999,0.009615384615384616,0.009615384615384616,1.0,0.4124682406890996,-15548.0,-170141.0,0.9997501912711877,177613.0,69239.0,69223.0,177613.0,27586.0,54071.0,193.0,12352.0,193.0,0.0,108374.0,0.0,56785.0,0.0,0.0
cold_online_random_h8_s7_state64_mac16,scratch,cold,final,8,7,,64,16,25000000,25000000,25000000,16443.0,7222.0,18.0,5294.0,5053.0,1000000.0,8577.0,16443.0,7222.0,0.0,64.0,0.0,0.0,351.0,1152.0,6247.0,6247.0,16443.0,18.0,2866689.0,0.0,186.0,0.0,10196.0,0.0,0.0,2696.0,12,11000000.0,12000000.0,33186768.0,0.3488344916382628,8.577,0.5216201423097975,0.007406550167804653,0.007406550167804653,0.008861811132650235,0.008861811132650235,1.0,0.43921425530620933,-37522.0,-207663.0,0.9976966458517125,194056.0,75486.0,75470.0,194056.0,30282.0,59365.0,211.0,13504.0,211.0,0.0,118570.0,0.0,61838.0,0.0,0.0
cold_online_random_h8_s7_state64_mac16,scratch,cold,final,8,7,,64,16,25000000,25000000,25000000,16477.0,7106.0,18.0,4874.0,5284.0,1000000.0,8710.0,16477.0,7106.0,0.0,52.0,0.0,0.0,318.0,1152.0,6436.0,6436.0,16477.0,18.0,2912775.0,0.0,269.0,0.0,10041.0,0.0,0.0,2492.0,13,12000000.0,13000000.0,36099543.0,0.3433152234552961,8.71,0.5286156460520726,0.0059353955027964846,0.00582125328158886,0.007317759639741064,0.007317759639741064,1.0,0.4312678278812891,-30872.0,-238535.0,0.9991540712894061,210533.0,81922.0,81906.0,210533.0,32774.0,64239.0,229.0,14656.0,229.0,0.0,128611.0,0.0,67122.0,0.0,0.0
cold_online_random_h8_s7_state64_mac16,scratch,cold,final,8,7,,64,16,25000000,25000000,25000000,16478.0,7251.0,19.0,4645.0,5209.0,1000000.0,8999.0,16478.0,7251.0,0.0,60.0,1.0,0.0,365.0,1216.0,6399.0,6398.0,16478.0,19.0,2932835.0,0.0,376.0,0.0,10079.0,0.0,0.0,2367.0,14,13000000.0,14000000.0,39032378.0,0.3409670165556535,8.999,0.5461221021968685,0.006623247599072745,0.006623247599072745,0.008274720728175424,0.008274720728175424,0.9836065573770492,0.4400412671440709,-24466.0,-263001.0,0.9980980859816525,227011.0,88321.0,88304.0,227011.0,35141.0,68884.0,248.0,15872.0,248.0,0.0,138690.0,0.0,72331.0,0.0,0.0
cold_online_random_h8_s7_state64_mac16,scratch,cold,final,8,7,,64,16,25000000,25000000,25000000,16096.0,6864.0,18.0,4660.0,4823.0,1000000.0,7985.0,16096.0,6864.0,0.0,63.0,0.0,0.0,159.0,1152.0,5945.0,5945.0,16095.0,18.0,2750936.0,0.0,121.0,0.0,10151.0,0.0,0.0,2372.0,15,14000000.0,15000000.0,41783314.0,0.363512637153318,7.985,0.4960859840954274,0.007828031809145129,0.007828031809145129,0.009178321678321678,0.009178321678321678,1.0,0.426441351888668,-15222.0,-278223.0,1.0000225377835035,243107.0,94266.0,94249.0,243106.0,37513.0,73544.0,266.0,17024.0,266.0,0.0,148841.0,0.0,77154.0,0.0,0.0
cold_online_random_h8_s7_state64_mac16,scratch,cold,final,8,7,,64,16,25000000,25000000,25000000,16111.0,6662.0,18.0,4966.0,4811.0,1000000.0,7962.0,16111.0,6662.0,0.0,66.0,0.0,0.0,142.0,1152.0,6008.0,6009.0,16112.0,18.0,2746590.0,0.0,89.0,0.0,10103.0,0.0,0.0,2523.0,16,15000000.0,16000000.0,44529904.0,0.36408783254872407,7.962,0.49419651170008067,0.008221225710014948,0.008221225710014948,0.00990693485439808,0.00990693485439808,1.0,0.41350630004344857,-10615.0,-288838.0,1.000364816008214,259218.0,100274.0,100258.0,259218.0,40036.0,78510.0,284.0,18176.0,284.0,0.0,158944.0,0.0,81965.0,0.0,0.0
cold_online_random_h8_s7_state64_mac16,scratch,cold,final,8,7,,64,16,25000000,25000000,25000000,16140.0,6708.0,18.0,4778.0,4849.0,1000000.0,7980.0,16140.0,6708.0,0.0,58.0,0.0,0.0,153.0,1152.0,6013.0,6012.0,16140.0,18.0,2753983.0,0.0,85.0,0.0,10127.0,0.0,0.0,2427.0,17,16000000.0,17000000.0,47283887.0,0.3631104476679776,7.98,0.4944237918215613,0.00721572530480219,0.00721572530480219,0.0086463923673226,0.0086463923673226,1.0,0.41561338289962824,-11218.0,-300056.0,0.999355842065837,275358.0,106287.0,106270.0,275358.0,42463.0,83288.0,302.0,19328.0,302.0,0.0,169071.0,0.0,86814.0,0.0,0.0
cold_online_random_h8_s7_state64_mac16,scratch,cold,final,8,7,,64,16,25000000,25000000,25000000,16122.0,6696.0,18.0,5148.0,4859.0,1000000.0,7998.0,16122.0,6696.0,0.0,48.0,0.0,0.0,160.0,1152.0,6010.0,6011.0,16122.0,18.0,2751363.0,0.0,113.0,0.0,10112.0,0.0,0.0,2625.0,18,17000000.0,18000000.0,50035250.0,0.36345622151639023,7.998,0.49609229624116113,0.005965697240865026,0.005965697240865026,0.007168458781362007,0.007168458781362007,1.0,0.41533308522515816,-16708.0,-316764.0,0.9998284486634442,291480.0,112297.0,112281.0,291480.0,45088.0,88436.0,320.0,20480.0,320.0,0.0,179183.0,0.0,91673.0,0.0,0.0
cold_online_random_h8_s7_state64_mac16,scratch,cold,final,8,7,,64,16,25000000,25000000,25000000,16101.0,6680.0,17.0,4924.0,4930.0,1000000.0,7944.0,16101.0,6680.0,0.0,55.0,0.0,0.0,113.0,1088.0,6018.0,6018.0,16101.0,17.0,2752052.0,0.0,74.0,0.0,10083.0,0.0,0.0,2506.0,19,18000000.0,19000000.0,52787302.0,0.36336522711053426,7.944,0.49338550400596237,0.006875859482435304,0.006875859482435304,0.008233532934131737,0.008233532934131737,1.0,0.4148810632879945,-12209.0,-328973.0,1.00024018441512,307581.0,118315.0,118299.0,307581.0,47594.0,93360.0,337.0,21568.0,337.0,0.0,189266.0,0.0,96603.0,0.0,0.0
cold_online_random_h8_s7_state64_mac16,scratch,cold,final,8,7,,64,16,25000000,25000000,25000000,16119.0,6758.0,17.0,4856.0,4884.0,1000000.0,7966.0,16119.0,6758.0,0.0,55.0,0.0,0.0,127.0,1088.0,5973.0,5972.0,16119.0,17.0,2747074.0,0.0,50.0,0.0,10146.0,0.0,0.0,2468.0,20,19000000.0,20000000.0,55534376.0,0.36402368483703024,7.966,0.4941993920218376,0.006857000374018202,0.006857000374018202,0.008138502515537141,0.008138502515537141,1.0,0.4192567777157392,-15331.0,-344304.0,0.9993804316884074,323700.0,124288.0,124271.0,323700.0,50062.0,98216.0,354.0,22656.0,354.0,0.0,199412.0,0.0,101487.0,0.0,0.0
cold_online_random_h8_s7_state64_mac16,scratch,cold,final,8,7,,64,16,25000000,25000000,25000000,16118.0,6642.0,18.0,4732.0,4857.0,1000000.0,7972.0,16118.0,6642.0,0.0,54.0,0.0,0.0,107.0,1152.0,6009.0,6009.0,16118.0,18.0,2744335.0,0.0,67.0,0.0,10109.0,0.0,0.0,2411.0,21,20000000.0,21000000.0,58278711.0,0.36438700085813136,7.972,0.4946023079786574,0.00672813356591079,0.00672813356591079,0.008130081300813009,0.008130081300813009,1.0,0.41208586673284525,-13043.0,-357347.0,0.9998586178436669,339818.0,130297.0,130280.0,339818.0,52473.0,102948.0,372.0,23808.0,372.0,0.0,209521.0,0.0,106344.0,0.0,0.0
cold_online_random_h8_s7_state64_mac16,scratch,cold,final,8,7,,64,16,25000000,25000000,25000000,16084.0,6778.0,18.0,4793.0,4848.0,1000000.0,7974.0,16084.0,6778.0,0.0,64.0,0.0,0.0,142.0,1152.0,5999.0,6000.0,16084.0,18.0,2758033.0,0.0,77.0,0.0,10085.0,0.0,0.0,2439.0,22,21000000.0,22000000.0,61036744.0,0.3625772425493096,7.974,0.49577219597115146,0.007962179646678278,0.007962179646678278,0.00944231336677486,0.00944231336677486,1.0,0.42141258393434466,-13689.0,-371036.0,1.000025017829736,355902.0,136296.0,136280.0,355902.0,54912.0,107741.0,390.0,24960.0,390.0,0.0,219606.0,0.0,111192.0,0.0,0.0
cold_online_random_h8_s7_state64_mac16,scratch,cold,final,8,7,,64,16,25000000,25000000,25000000,16132.0,6762.0,18.0,4940.0,4848.0,1000000.0,7993.0,16132.0,6762.0,0.0,52.0,0.0,0.0,132.0,1152.0,5961.0,5961.0,16132.0,18.0,2743625.0,0.0,70.0,0.0,10171.0,0.0,0.0,2514.0,23,22000000.0,23000000.0,63780369.0,0.3644812975534193,7.993,0.49547483263079595,0.006463642013673089,0.006463642013673089,0.007690032534753032,0.007690032534753032,1.0,0.41916687329531366,-17107.0,-388143.0,0.9989462845687731,372034.0,142257.0,142241.0,372034.0,57426.0,112681.0,408.0,26112.0,408.0,0.0,229777.0,0.0,116040.0,0.0,0.0
cold_online_random_h8_s7_state64_mac16,scratch,cold,final,8,7,,64,16,25000000,25000000,25000000,16130.0,6764.0,17.0,4988.0,4778.0,1000000.0,7979.0,16130.0,6764.0,0.0,48.0,0.0,0.0,141.0,1088.0,5906.0,5905.0,16130.0,17.0,2726184.0,0.0,103.0,0.0,10224.0,0.0,0.0,2529.0,24,23000000.0,24000000.0,66506553.0,0.36681309845557014,7.979,0.49466831990080595,0.005979818113865703,0.005979818113865703,0.007096392667060911,0.007096392667060911,1.0,0.41934283942963424,-14400.0,-402543.0,0.9989457791550387,388164.0,148163.0,148146.0,388164.0,59955.0,117669.0,425.0,27200.0,425.0,0.0,240001.0,0.0,120818.0,0.0,0.0
cold_online_random_h8_s7_state64_mac16,scratch,cold,final,8,7,,64,16,25000000,25000000,25000000,16107.0,6216.0,15.0,4855.0,4203.0,1000000.0,7933.0,16107.0,6216.0,0.0,47.0,0.0,0.0,79.0,960.0,5163.0,5163.0,16107.0,15.0,2419399.0,0.0,50.0,0.0,10944.0,0.0,0.0,2469.0,25,24000000.0,25000000.0,68925952.0,0.4133257887599358,7.933,0.4925187806543739,0.005889724310776942,0.005889724310776942,0.007561132561132561,0.007561132561132561,1.0,0.3859191655801825,-25684.0,-428227.0,1.0010651405576343,404271.0,153326.0,153309.0,404271.0,62424.0,122524.0,440.0,28160.0,440.0,0.0,250945.0,0.0,125021.0,0.0,0.0
cold_online_random_h8_s7_state64_mac4,scratch,cold,final,8,7,,64,4,25000000,25000000,25000000,16196.0,3478.0,9.0,4906.0,2774.0,1000000.0,8595.0,16195.0,3478.0,0.0,0.0,0.0,0.0,0.0,576.0,3495.0,3478.0,16196.0,9.0,2798470.0,0.0,0.0,0.0,12701.0,0.0,0.0,2506.0,1,0.0,1000000.0,2798470.0,0.35733811689959155,8.595,0.5307193578264897,0.0,0.0,0.0,0.0,NA,0.21475764124729854,-15413.0,-15413.0,0.9995354604480305,16196.0,3495.0,3478.0,16196.0,2506.0,4906.0,9.0,576.0,9.0,0.0,12701.0,0.0,2774.0,0.0,0.0
cold_online_random_h8_s7_state64_mac4,scratch,cold,final,8,7,,64,4,25000000,25000000,25000000,16124.0,3410.0,10.0,4914.0,2770.0,1000000.0,8016.0,16125.0,3410.0,0.0,0.0,0.0,0.0,0.0,640.0,3410.0,3410.0,16124.0,10.0,2747482.0,0.0,0.0,0.0,12714.0,0.0,0.0,2506.0,2,1000000.0,2000000.0,5545952.0,0.36396962746252753,8.016,0.49711627906976746,0.0,0.0,0.0,0.0,NA,0.21147286821705427,-20250.0,-35663.0,0.999475883736454,32320.0,6905.0,6888.0,32320.0,5012.0,9820.0,19.0,1216.0,19.0,0.0,25415.0,0.0,5544.0,0.0,0.0
cold_online_random_h8_s7_state64_mac4,scratch,cold,final,8,7,,64,4,25000000,25000000,25000000,16133.0,3412.0,10.0,4667.0,2772.0,1000000.0,8001.0,16133.0,3412.0,0.0,0.0,0.0,0.0,0.0,640.0,3412.0,3412.0,16133.0,10.0,2752098.0,0.0,0.0,0.0,12721.0,0.0,0.0,2390.0,3,2000000.0,3000000.0,8298050.0,0.3633591536347906,8.001,0.495939998760305,0.0,0.0,0.0,0.0,NA,0.21149197297464822,-16601.0,-52264.0,0.999577049945169,48453.0,10317.0,10300.0,48453.0,7402.0,14487.0,29.0,1856.0,29.0,0.0,38136.0,0.0,8316.0,0.0,0.0
cold_online_random_h8_s7_state64_mac4,scratch,cold,final,8,7,,64,4,25000000,25000000,25000000,16100.0,5213.0,11.0,4880.0,2265.0,1000000.0,7990.0,16100.0,5213.0,0.0,14.0,0.0,0.0,37.0,704.0,2969.0,2969.0,16100.0,11.0,2757295.0,0.0,4.0,0.0,13131.0,0.0,0.0,2483.0,4,3000000.0,4000000.0,11055345.0,0.36267428766236476,7.99,0.4962732919254658,0.0017491254372813594,0.0017491254372813594,0.002685593708037598,0.002685593708037598,1.0,0.3237888198757764,-16007.0,-68271.0,0.9998872082965371,64553.0,13286.0,13269.0,64553.0,9885.0,19367.0,40.0,2560.0,40.0,0.0,51267.0,0.0,10581.0,0.0,0.0
cold_online_random_h8_s7_state64_mac4,scratch,cold,final,8,7,,64,4,25000000,25000000,25000000,16178.0,5285.0,10.0,5031.0,2352.0,1000000.0,8018.0,16178.0,5285.0,0.0,26.0,0.0,0.0,54.0,640.0,2954.0,2954.0,16178.0,10.0,2756680.0,0.0,37.0,0.0,13224.0,0.0,0.0,2565.0,5,4000000.0,5000000.0,13812025.0,0.3627551982819914,8.018,0.49561132402027447,0.0032322227747389356,0.0032322227747389356,0.004919583727530747,0.004919583727530747,1.0,0.32667820496971195,-14376.0,-82647.0,0.9998821045605583,80731.0,16240.0,16223.0,80731.0,12450.0,24398.0,50.0,3200.0,50.0,0.0,64491.0,0.0,12933.0,0.0,0.0
cold_online_random_h8_s7_state64_mac4,scratch,cold,final,8,7,,64,4,25000000,25000000,25000000,16126.0,3036.0,10.0,5008.0,2883.0,1000000.0,8062.0,16125.0,3036.0,0.0,27.0,0.0,0.0,68.0,640.0,3561.0,3561.0,16125.0,10.0,2775258.0,0.0,39.0,0.0,12565.0,0.0,0.0,2557.0,6,5000000.0,6000000.0,16587283.0,0.36032685970097195,8.062,0.499968992248062,0.003337866238101125,0.003337866238101125,0.008893280632411068,0.008893280632411068,1.0,0.18827906976744185,-18300.0,-100947.0,1.000580846897838,96857.0,19801.0,19784.0,96856.0,15007.0,29406.0,60.0,3840.0,60.0,0.0,77056.0,0.0,15816.0,0.0,0.0
cold_online_random_h8_s7_state64_mac4,scratch,cold,final,8,7,,64,4,25000000,25000000,25000000,16179.0,2837.0,10.0,4967.0,2928.0,1000000.0,8080.0,16180.0,2837.0,0.0,10.0,0.0,0.0,37.0,640.0,3567.0,3568.0,16180.0,10.0,2747941.0,0.0,23.0,0.0,12612.0,0.0,0.0,2535.0,7,6000000.0,7000000.0,19335224.0,0.363908832103746,8.08,0.49938195302843014,0.0012360939431396785,0.0012360939431396785,0.0035248501938667607,0.0035248501938667607,1.0,0.17533992583436342,-18802.0,-119749.0,0.9996510114300126,113036.0,23368.0,23352.0,113036.0,17542.0,34373.0,70.0,4480.0,70.0,0.0,89668.0,0.0,18744.0,0.0,0.0
cold_online_random_h8_s7_state64_mac4,scratch,cold,final,8,7,,64,4,25000000,25000000,25000000,16131.0,3380.0,11.0,4880.0,2712.0,1000000.0,7993.0,16131.0,3380.0,0.0,24.0,0.0,0.0,53.0,704.0,3417.0,3416.0,16131.0,11.0,2742509.0,0.0,29.0,0.0,12714.0,0.0,0.0,2481.0,8,7000000.0,8000000.0,22077733.0,0.36462961470682503,7.993,0.49550554832310456,0.0029936385181489333,0.0029936385181489333,0.007100591715976331,0.007100591715976331,1.0,0.20953443679871056,-14811.0,-134560.0,0.9997655431577435,129167.0,26785.0,26768.0,129167.0,20023.0,39253.0,81.0,5184.0,81.0,0.0,102382.0,0.0,21456.0,0.0,0.0
cold_online_random_h8_s7_state64_mac4,scratch,cold,final,8,7,,64,4,25000000,25000000,25000000,16161.0,3638.0,9.0,4920.0,2816.0,1000000.0,8065.0,16161.0,3638.0,0.0,24.0,0.0,0.0,71.0,576.0,3392.0,3392.0,16161.0,9.0,2769549.0,0.0,39.0,0.0,12769.0,0.0,0.0,2511.0,9,8000000.0,9000000.0,24847282.0,0.3610696181941536,8.065,0.4990409009343481,0.0029669922116454446,0.0029669922116454446,0.006597031335898846,0.006597031335898846,1.0,0.2251098323123569,-22445.0,-157005.0,0.9995912691922042,145328.0,30177.0,30160.0,145328.0,22534.0,44173.0,90.0,5760.0,90.0,0.0,115151.0,0.0,24272.0,0.0,0.0
cold_online_random_h8_s7_state64_mac4,scratch,cold,final,8,7,,64,4,25000000,25000000,25000000,16148.0,3810.0,10.0,4963.0,2711.0,1000000.0,8027.0,16148.0,3810.0,0.0,21.0,0.0,0.0,64.0,640.0,3310.0,3311.0,16148.0,10.0,2745306.0,0.0,42.0,0.0,12838.0,0.0,0.0,2531.0,10,9000000.0,10000000.0,27592588.0,0.36425811913134637,8.027,0.49708942283874163,0.0026093439363817097,0.0026093439363817097,0.005511811023622047,0.005511811023622047,1.0,0.23594253158285855,-16198.0,-173203.0,0.9999092997283362,161476.0,33487.0,33471.0,161476.0,25065.0,49136.0,100.0,6400.0,100.0,0.0,127989.0,0.0,26983.0,0.0,0.0
cold_online_random_h8_s7_state64_mac4,scratch,cold,final,8,7,,64,4,25000000,25000000,25000000,16137.0,3162.0,10.0,4938.0,2799.0,1000000.0,7991.0,16137.0,3162.0,0.0,23.0,0.0,0.0,50.0,640.0,3480.0,3479.0,16137.0,10.0,2747293.0,0.0,34.0,0.0,12657.0,0.0,0.0,2522.0,11,10000000.0,11000000.0,30339881.0,0.3639946667501428,7.991,0.495197372497986,0.002869977539306214,0.002869977539306214,0.007273877292852625,0.007273877292852625,1.0,0.1959472020821714,-16740.0,-189943.0,0.9999978160319996,177613.0,36967.0,36950.0,177613.0,27587.0,54074.0,110.0,7040.0,110.0,0.0,140646.0,0.0,29782.0,0.0,0.0
cold_online_random_h8_s7_state64_mac4,scratch,cold,final,8,7,,64,4,25000000,25000000,25000000,16443.0,3992.0,11.0,5298.0,2752.0,1000000.0,8617.0,16443.0,3992.0,0.0,24.0,0.0,0.0,201.0,704.0,3456.0,3456.0,16443.0,11.0,2868539.0,0.0,91.0,0.0,12987.0,0.0,0.0,2698.0,12,11000000.0,12000000.0,33208420.0,0.34860951864346273,8.617,0.5240527884206045,0.0027774563129267446,0.0027774563129267446,0.006012024048096192,0.006012024048096192,1.0,0.24277808185854163,-39372.0,-229315.0,0.9969719777210628,194056.0,40423.0,40406.0,194056.0,30285.0,59372.0,121.0,7744.0,121.0,0.0,153633.0,0.0,32534.0,0.0,0.0
cold_online_random_h8_s7_state64_mac4,scratch,cold,final,8,7,,64,4,25000000,25000000,25000000,16477.0,4028.0,10.0,4869.0,2882.0,1000000.0,8743.0,16477.0,4028.0,0.0,18.0,1.0,0.0,202.0,640.0,3522.0,3522.0,16477.0,10.0,2916692.0,0.0,194.0,0.0,12955.0,0.0,0.0,2490.0,13,12000000.0,13000000.0,36125112.0,0.34285416492382464,8.743,0.5306184378224191,0.0020545599817372445,0.0020545599817372445,0.004468718967229395,0.004468718967229395,0.9473684210526315,0.24446197730169328,-34789.0,-264104.0,0.9987643535896145,210533.0,43945.0,43928.0,210533.0,32775.0,64241.0,131.0,8384.0,131.0,0.0,166588.0,0.0,35416.0,0.0,0.0
cold_online_random_h8_s7_state64_mac4,scratch,cold,final,8,7,,64,4,25000000,25000000,25000000,16478.0,3920.0,11.0,4643.0,2865.0,1000000.0,9029.0,16478.0,3920.0,0.0,30.0,0.0,0.0,177.0,704.0,3569.0,3569.0,16478.0,11.0,2933225.0,0.0,199.0,0.0,12909.0,0.0,0.0,2366.0,14,13000000.0,14000000.0,39058337.0,0.34092168176665616,9.029,0.5479427114941133,0.0033116237995363725,0.0033116237995363725,0.007653061224489796,0.007653061224489796,1.0,0.23789294817332202,-24856.0,-288960.0,0.9993784997741395,227011.0,47514.0,47497.0,227011.0,35141.0,68884.0,142.0,9088.0,142.0,0.0,179497.0,0.0,38281.0,0.0,0.0
cold_online_random_h8_s7_state64_mac4,scratch,cold,final,8,7,,64,4,25000000,25000000,25000000,16096.0,3672.0,10.0,4679.0,2712.0,1000000.0,8028.0,16096.0,3672.0,0.0,20.0,0.0,0.0,73.0,640.0,3352.0,3352.0,16095.0,10.0,2755318.0,0.0,68.0,0.0,12744.0,0.0,0.0,2382.0,15,14000000.0,15000000.0,41813655.0,0.36293451427385154,8.028,0.49875745526838966,0.002485089463220676,0.002485089463220676,0.0054466230936819175,0.0054466230936819175,1.0,0.22813121272365805,-19604.0,-308564.0,0.9992291270916824,243107.0,50866.0,50849.0,243106.0,37523.0,73563.0,152.0,9728.0,152.0,0.0,192241.0,0.0,40993.0,0.0,0.0
cold_online_random_h8_s7_state64_mac4,scratch,cold,final,8,7,,64,4,25000000,25000000,25000000,16111.0,3600.0,10.0,4952.0,2718.0,1000000.0,7996.0,16111.0,3600.0,0.0,32.0,0.0,0.0,66.0,640.0,3357.0,3358.0,16112.0,10.0,2748080.0,0.0,45.0,0.0,12754.0,0.0,0.0,2516.0,16,15000000.0,16000000.0,44561735.0,0.3638904253151291,7.996,0.49630687108186955,0.003986048829098156,0.003986048829098156,0.008888888888888889,0.008888888888888889,1.0,0.22344981689528892,-12105.0,-320669.0,1.0008296701697186,259218.0,54223.0,54207.0,259218.0,40039.0,78515.0,162.0,10368.0,162.0,0.0,204995.0,0.0,43711.0,0.0,0.0
cold_online_random_h8_s7_state64_mac4,scratch,cold,final,8,7,,64,4,25000000,25000000,25000000,16140.0,3670.0,11.0,4777.0,2650.0,1000000.0,8018.0,16140.0,3670.0,0.0,20.0,0.0,0.0,63.0,704.0,3355.0,3354.0,16140.0,11.0,2757093.0,0.0,35.0,0.0,12785.0,0.0,0.0,2427.0,17,16000000.0,17000000.0,47318828.0,0.36270085920206535,8.018,0.49677819083023544,0.002488181139586962,0.002488181139586962,0.005449591280653951,0.005449591280653951,1.0,0.22738537794299876,-14328.0,-334997.0,0.9995593184560695,275358.0,57578.0,57561.0,275358.0,42466.0,83292.0,173.0,11072.0,173.0,0.0,217780.0,0.0,46361.0,0.0,0.0
cold_online_random_h8_s7_state64_mac4,scratch,cold,final,8,7,,64,4,25000000,25000000,25000000,16122.0,3718.0,10.0,5138.0,2694.0,1000000.0,8018.0,16122.0,3718.0,0.0,28.0,0.0,0.0,75.0,640.0,3333.0,3334.0,16122.0,10.0,2751905.0,0.0,52.0,0.0,12789.0,0.0,0.0,2621.0,18,17000000.0,18000000.0,50070733.0,0.3633846371876936,8.018,0.497332837116983,0.003479990057171265,0.003479990057171265,0.007530930607853685,0.007530930607853685,1.0,0.23061654881528346,-17250.0,-352247.0,1.0000592316958614,291480.0,60911.0,60895.0,291480.0,45087.0,88430.0,183.0,11712.0,183.0,0.0,230569.0,0.0,49055.0,0.0,0.0
cold_online_random_h8_s7_state64_mac4,scratch,cold,final,8,7,,64,4,25000000,25000000,25000000,16101.0,3664.0,10.0,4933.0,2711.0,1000000.0,7967.0,16101.0,3664.0,0.0,32.0,0.0,0.0,65.0,640.0,3351.0,3351.0,16101.0,10.0,2754162.0,0.0,36.0,0.0,12750.0,0.0,0.0,2511.0,19,18000000.0,19000000.0,52824895.0,0.3630868481955673,7.967,0.4948139867089001,0.004000500062507814,0.004000500062507814,0.008733624454148471,0.008733624454148471,1.0,0.22756350537233713,-14319.0,-366566.0,1.000042844248087,307581.0,64262.0,64246.0,307581.0,47598.0,93363.0,193.0,12352.0,193.0,0.0,243319.0,0.0,51766.0,0.0,0.0
cold_online_random_h8_s7_state64_mac4,scratch,cold,final,8,7,,64,4,25000000,25000000,25000000,16119.0,3734.0,11.0,4846.0,2620.0,1000000.0,7999.0,16119.0,3734.0,0.0,22.0,0.0,0.0,64.0,704.0,3325.0,3324.0,16119.0,11.0,2748975.0,0.0,37.0,0.0,12794.0,0.0,0.0,2463.0,20,19000000.0,20000000.0,55573870.0,0.3637719513636901,7.999,0.4962466654258949,0.002742800149607281,0.002742800149607281,0.0058918050348152114,0.0058918050348152114,1.0,0.23165208759848627,-17232.0,-383798.0,0.9996107640120409,323700.0,67587.0,67570.0,323700.0,50061.0,98209.0,204.0,13056.0,204.0,0.0,256113.0,0.0,54386.0,0.0,0.0
cold_online_random_h8_s7_state64_mac4,scratch,cold,final,8,7,,64,4,25000000,25000000,25000000,16118.0,3662.0,10.0,4740.0,2702.0,1000000.0,8010.0,16118.0,3662.0,0.0,16.0,0.0,0.0,52.0,640.0,3342.0,3342.0,16118.0,10.0,2747970.0,0.0,38.0,0.0,12776.0,0.0,0.0,2415.0,21,20000000.0,21000000.0,58321840.0,0.3639049916847709,8.01,0.4969599205856806,0.00199352105656616,0.00199352105656616,0.004369197160021846,0.004369197160021846,1.0,0.22719940439260455,-16678.0,-400476.0,0.9996033435590634,339818.0,70929.0,70912.0,339818.0,52476.0,102949.0,214.0,13696.0,214.0,0.0,268889.0,0.0,57088.0,0.0,0.0
cold_online_random_h8_s7_state64_mac4,scratch,cold,final,8,7,,64,4,25000000,25000000,25000000,16084.0,3804.0,11.0,4813.0,2642.0,1000000.0,8017.0,16084.0,3804.0,0.0,21.0,1.0,0.0,69.0,704.0,3328.0,3329.0,16084.0,11.0,2762393.0,0.0,46.0,0.0,12756.0,0.0,0.0,2449.0,22,21000000.0,22000000.0,61084233.0,0.3620049717762824,8.017,0.49844566028351156,0.0026125901965663102,0.0026125901965663102,0.005520504731861199,0.005520504731861199,0.9545454545454546,0.2365083312608804,-18049.0,-418525.0,0.9995413397007594,355902.0,74257.0,74241.0,355902.0,54925.0,107762.0,225.0,14400.0,225.0,0.0,281645.0,0.0,59730.0,0.0,0.0
cold_online_random_h8_s7_state64_mac4,scratch,cold,final,8,7,,64,4,25000000,25000000,25000000,16132.0,3702.0,9.0,4944.0,2733.0,1000000.0,8022.0,16132.0,3702.0,0.0,23.0,0.0,0.0,71.0,576.0,3326.0,3326.0,16132.0,9.0,2743994.0,0.0,43.0,0.0,12806.0,0.0,0.0,2516.0,23,22000000.0,23000000.0,63828227.0,0.36443228374406067,8.022,0.4972725018596578,0.0028589185829707895,0.0028589185829707895,0.006212857914640735,0.006212857914640735,1.0,0.229481775353335,-17476.0,-436001.0,1.0001213559504867,372034.0,77583.0,77567.0,372034.0,57441.0,112706.0,234.0,14976.0,234.0,0.0,294451.0,0.0,62463.0,0.0,0.0
cold_online_random_h8_s7_state64_mac4,scratch,cold,final,8,7,,64,4,25000000,25000000,25000000,16130.0,3708.0,10.0,4973.0,2654.0,1000000.0,8008.0,16130.0,3708.0,0.0,19.0,0.0,0.0,67.0,640.0,3294.0,3294.0,16130.0,10.0,2724899.0,0.0,53.0,0.0,12836.0,0.0,0.0,2521.0,24,23000000.0,24000000.0,66553126.0,0.3669860791170608,8.008,0.49646621202727836,0.0023670113367385073,0.0023670113367385073,0.005124056094929882,0.005124056094929882,1.0,0.22988220706757595,-13115.0,-449116.0,1.0007835152789148,388164.0,80877.0,80861.0,388164.0,59962.0,117679.0,244.0,15616.0,244.0,0.0,307287.0,0.0,65117.0,0.0,0.0
cold_online_random_h8_s7_state64_mac4,scratch,cold,final,8,7,,64,4,25000000,25000000,25000000,16107.0,3400.0,9.0,4853.0,2303.0,1000000.0,7966.0,16107.0,3400.0,0.0,14.0,0.0,0.0,26.0,576.0,2880.0,2879.0,16107.0,9.0,2408091.0,0.0,25.0,0.0,13227.0,0.0,0.0,2468.0,25,24000000.0,25000000.0,68961217.0,0.41526669880830913,7.966,0.494567579313342,0.0017543859649122807,0.0017543859649122807,0.00411764705882353,0.00411764705882353,1.0,0.211088346681567,-14376.0,-463492.0,1.0077268674647262,404271.0,83757.0,83740.0,404271.0,62430.0,122532.0,253.0,16192.0,253.0,0.0,320514.0,0.0,67420.0,0.0,0.0
cold_online_warm_h16_s7_state0_mac0,warm,cold,final,16,7,i1m,0,0,25000000,25000000,25000000,16196.0,18791.0,253.0,4933.0,0.0,1000000.0,3577.0,16195.0,18791.0,0.0,5018.0,0.0,0.0,5077.0,16192.0,16196.0,16196.0,16196.0,253.0,2472120.0,0.0,25.0,0.0,0.0,0.0,0.0,2527.0,1,0.0,1000000.0,2472120.0,0.40451110787502226,3.577,0.2208706390861377,0.5838278068644561,0.5838278068644561,0.2670427332233516,0.2670427332233516,1.0,1.1602963877740042,310937.0,310937.0,0.9983629435464298,16196.0,16196.0,16196.0,16196.0,2527.0,4933.0,253.0,16192.0,253.0,0.0,0.0,0.0,0.0,0.0,0.0
cold_online_warm_h16_s7_state0_mac0,warm,cold,final,16,7,i1m,0,0,25000000,25000000,25000000,16124.0,18522.0,252.0,5141.0,0.0,1000000.0,3293.0,16125.0,18522.0,0.0,4723.0,1.0,0.0,4835.0,16128.0,16124.0,16124.0,16124.0,252.0,2445616.0,0.0,74.0,0.0,0.0,0.0,0.0,2624.0,2,1000000.0,2000000.0,4917736.0,0.4088949368993333,3.293,0.2042170542635659,0.5891966067864272,0.5891966067864272,0.2549940611165101,0.2549940611165101,0.9997883149872989,1.1486511627906977,281616.0,592553.0,1.0005213410445466,32320.0,32320.0,32320.0,32320.0,5151.0,10074.0,505.0,32320.0,505.0,0.0,0.0,0.0,0.0,0.0,0.0
cold_online_warm_h16_s7_state0_mac0,warm,cold,final,16,7,i1m,0,0,25000000,25000000,25000000,16133.0,17390.0,252.0,4858.0,0.0,1000000.0,3283.0,16133.0,17390.0,0.0,4718.0,1.0,0.0,4828.0,16128.0,16133.0,16133.0,16133.0,252.0,2444214.0,0.0,113.0,0.0,0.0,0.0,0.0,2480.0,3,2000000.0,3000000.0,7361950.0,0.40912947884268724,3.283,0.2034959399987603,0.5896762904636921,0.5896762904636921,0.27130534790109256,0.27130534790109256,0.9997880906971816,1.0779148329510941,291283.0,883836.0,0.9996661503452644,48453.0,48453.0,48453.0,48453.0,7631.0,14932.0,757.0,48448.0,757.0,0.0,0.0,0.0,0.0,0.0,0.0
cold_online_warm_h16_s7_state0_mac0,warm,cold,final,16,7,i1m,0,0,25000000,25000000,25000000,16100.0,17368.0,251.0,4946.0,0.0,1000000.0,3277.0,16100.0,17368.0,0.0,4727.0,1.0,0.0,4823.0,16064.0,16100.0,16100.0,16100.0,251.0,2446656.0,0.0,95.0,0.0,0.0,0.0,0.0,2524.0,4,3000000.0,4000000.0,9808606.0,0.40872112793952237,3.277,0.20354037267080746,0.5905797101449275,0.5905797101449275,0.2721672040534316,0.2721672040534316,0.9997884940778342,1.0787577639751553,294632.0,1178468.0,0.9997985004839259,64553.0,64553.0,64553.0,64553.0,10155.0,19878.0,1008.0,64512.0,1008.0,0.0,0.0,0.0,0.0,0.0,0.0
cold_online_warm_h16_s7_state0_mac0,warm,cold,final,16,7,i1m,0,0,25000000,25000000,25000000,16178.0,17541.0,253.0,4968.0,0.0,1000000.0,3309.0,16178.0,17541.0,0.0,4735.0,0.0,0.0,4838.0,16192.0,16178.0,16178.0,16178.0,253.0,2449434.0,0.0,115.0,0.0,0.0,0.0,0.0,2533.0,5,4000000.0,5000000.0,12258040.0,0.40825758113915295,3.309,0.2045370255903078,0.588637493784187,0.588637493784187,0.26993900005700927,0.26993900005700927,1.0,1.0842502163431822,292870.0,1471338.0,1.0003188491708697,80731.0,80731.0,80731.0,80731.0,12688.0,24846.0,1261.0,80704.0,1261.0,0.0,0.0,0.0,0.0,0.0,0.0
cold_online_warm_h16_s7_state0_mac0,warm,cold,final,16,7,i1m,0,0,25000000,25000000,25000000,16126.0,17765.0,252.0,5061.0,0.0,1000000.0,3382.0,16125.0,17765.0,0.0,4707.0,1.0,0.0,4867.0,16128.0,16126.0,16126.0,16126.0,252.0,2467734.0,0.0,128.0,0.0,0.0,0.0,0.0,2587.0,6,5000000.0,6000000.0,14725774.0,0.4052300612626807,3.382,0.20973643410852713,0.5819013475089628,0.5819013475089628,0.26495918941739377,0.26495918941739377,0.9997875955819882,1.101705426356589,289224.0,1760562.0,1.0009174408586987,96857.0,96857.0,96857.0,96857.0,15275.0,29907.0,1513.0,96832.0,1513.0,0.0,0.0,0.0,0.0,0.0,0.0
cold_online_warm_h16_s7_state0_mac0,warm,cold,final,16,7,i1m,0,0,25000000,25000000,25000000,16179.0,17374.0,253.0,4997.0,0.0,1000000.0,3405.0,16180.0,17374.0,0.0,4685.0,4.0,0.0,4798.0,16192.0,16179.0,16179.0,16179.0,253.0,2454379.0,0.0,148.0,0.0,0.0,0.0,0.0,2555.0,7,6000000.0,7000000.0,17180153.0,0.40743503753902716,3.405,0.21044499381953027,0.5791100123609394,0.5791100123609394,0.26965580752849083,0.26965580752849083,0.99914693964598,1.0737948084054387,274760.0,2035322.0,0.9999026230260282,113036.0,113036.0,113036.0,113036.0,17830.0,34904.0,1766.0,113024.0,1766.0,0.0,0.0,0.0,0.0,0.0,0.0
cold_online_warm_h16_s7_state0_mac0,warm,cold,final,16,7,i1m,0,0,25000000,25000000,25000000,16131.0,17169.0,252.0,4850.0,0.0,1000000.0,3331.0,16131.0,17169.0,0.0,4686.0,0.0,0.0,4780.0,16128.0,16131.0,16131.0,16131.0,252.0,2444748.0,0.0,103.0,0.0,0.0,0.0,0.0,2475.0,8,7000000.0,8000000.0,19624901.0,0.40904011374587484,3.331,0.2064968073894985,0.5845079206685793,0.5845079206685793,0.2729337759916128,0.2729337759916128,1.0,1.0643481495257578,282950.0,2318272.0,0.9991933728956932,129167.0,129167.0,129167.0,129167.0,20305.0,39754.0,2018.0,129152.0,2018.0,0.0,0.0,0.0,0.0,0.0,0.0
cold_online_warm_h16_s7_state0_mac0,warm,cold,final,16,7,i1m,0,0,25000000,25000000,25000000,16161.0,17261.0,252.0,4990.0,0.0,1000000.0,3394.0,16161.0,17261.0,0.0,4695.0,5.0,0.0,4813.0,16128.0,16161.0,16161.0,16161.0,252.0,2467505.0,0.0,106.0,0.0,0.0,0.0,0.0,2550.0,9,8000000.0,9000000.0,22092406.0,0.405267669163791,3.394,0.2100117566982241,0.5804178514031401,0.5804178514031401,0.27200046347256823,0.27200046347256823,0.9989361702127659,1.0680650949817463,279599.0,2597871.0,0.9999444783293246,145328.0,145328.0,145328.0,145328.0,22855.0,44744.0,2270.0,145280.0,2270.0,0.0,0.0,0.0,0.0,0.0,0.0
cold_online_warm_h16_s7_state0_mac0,warm,cold,final,16,7,i1m,0,0,25000000,25000000,25000000,16148.0,17238.0,253.0,4849.0,0.0,1000000.0,3386.0,16148.0,17238.0,0.0,4662.0,0.0,0.0,4765.0,16192.0,16148.0,16148.0,16148.0,253.0,2450543.0,0.0,100.0,0.0,0.0,0.0,0.0,2481.0,10,9000000.0,10000000.0,24542949.0,0.40807282304370907,3.386,0.20968540995788953,0.5792743538767395,0.5792743538767395,0.2704490080055691,0.2704490080055691,1.0,1.0675006192717365,278565.0,2876436.0,0.9994997027189483,161476.0,161476.0,161476.0,161476.0,25336.0,49593.0,2523.0,161472.0,2523.0,0.0,0.0,0.0,0.0,0.0,0.0
cold_online_warm_h16_s7_state0_mac0,warm,cold,final,16,7,i1m,0,0,25000000,25000000,25000000,16137.0,17377.0,252.0,4923.0,0.0,1000000.0,3361.0,16137.0,17377.0,0.0,4653.0,1.0,0.0,4745.0,16128.0,16137.0,16137.0,16137.0,252.0,2449493.0,0.0,93.0,0.0,0.0,0.0,0.0,2514.0,11,10000000.0,11000000.0,26992442.0,0.40824774759511456,3.361,0.20827911011960093,0.5806089343648615,0.5806089343648615,0.267767738965299,0.267767738965299,0.9997851310700473,1.076842040032224,281060.0,3157496.0,0.9991316570408652,177613.0,177613.0,177613.0,177613.0,27850.0,54516.0,2775.0,177600.0,2775.0,0.0,0.0,0.0,0.0,0.0,0.0
cold_online_warm_h16_s7_state0_mac0,warm,cold,final,16,7,i1m,0,0,25000000,25000000,25000000,16443.0,17177.0,257.0,4874.0,0.0,1000000.0,3971.0,16443.0,17177.0,4.0,4670.0,131.0,0.0,4986.0,16448.0,16443.0,16443.0,16443.0,257.0,2548721.0,0.0,171.0,0.0,0.0,0.0,0.0,2488.0,12,11000000.0,12000000.0,29541163.0,0.39235365502932645,3.971,0.24150094265036795,0.5404467075569958,0.5404467075569958,0.2718751819293241,0.2719385081232167,0.9727140179129348,1.044639056133309,280446.0,3437942.0,0.9984631507332501,194056.0,194056.0,194056.0,194056.0,30338.0,59390.0,3032.0,194048.0,3032.0,0.0,0.0,0.0,0.0,0.0,0.0
cold_online_warm_h16_s7_state0_mac0,warm,cold,final,16,7,i1m,0,0,25000000,25000000,25000000,16477.0,17513.0,257.0,5180.0,0.0,1000000.0,4170.0,16477.0,17513.0,4.0,4593.0,111.0,0.0,5001.0,16448.0,16477.0,16477.0,16477.0,257.0,2594579.0,0.0,416.0,0.0,0.0,0.0,0.0,2642.0,13,12000000.0,13000000.0,32135742.0,0.3854189831953469,4.17,0.2530800509801542,0.5242552220066202,0.524026937564205,0.26226231941985956,0.2623222342795134,0.9764030612244898,1.06287552345694,287324.0,3725266.0,0.9974751202410872,210533.0,210533.0,210533.0,210533.0,32980.0,64570.0,3289.0,210496.0,3289.0,0.0,0.0,0.0,0.0,0.0,0.0
cold_online_warm_h16_s7_state0_mac0,warm,cold,final,16,7,i1m,0,0,25000000,25000000,25000000,16478.0,16615.0,258.0,4803.0,0.0,1000000.0,4432.0,16478.0,16615.0,5.0,4629.0,24.0,0.0,5056.0,16512.0,16478.0,16478.0,16478.0,258.0,2621542.0,0.0,529.0,0.0,0.0,0.0,0.0,2444.0,14,13000000.0,14000000.0,34757284.0,0.3814548841864826,4.432,0.26896468017963343,0.5109835522684623,0.5107627773484932,0.27860367138128195,0.27868753762793497,0.9948420373952289,1.0083141157907514,286827.0,4012093.0,0.990760399795235,227011.0,227011.0,227011.0,227011.0,35424.0,69373.0,3547.0,227008.0,3547.0,0.0,0.0,0.0,0.0,0.0,0.0
cold_online_warm_h16_s7_state0_mac0,warm,cold,final,16,7,i1m,0,0,25000000,25000000,25000000,16096.0,12567.0,251.0,4584.0,0.0,1000000.0,4760.0,16096.0,12567.0,0.0,3288.0,2.0,0.0,3420.0,16064.0,16096.0,16096.0,16096.0,251.0,2575850.0,0.0,160.0,0.0,0.0,0.0,0.0,2326.0,15,14000000.0,15000000.0,37333134.0,0.3882213638216511,4.76,0.2957256461232604,0.4085487077534791,0.4085487077534791,0.2616376223442349,0.2616376223442349,0.9993920972644377,0.7807529821073559,159864.0,4171957.0,0.9508958207970185,243107.0,243107.0,243107.0,243107.0,37750.0,73957.0,3798.0,243072.0,3798.0,0.0,0.0,0.0,0.0,0.0,0.0
cold_online_warm_h16_s7_state0_mac0,warm,cold,final,16,7,i1m,0,0,25000000,25000000,25000000,16111.0,7970.0,252.0,4845.0,0.0,1000000.0,5981.0,16111.0,7970.0,0.0,2047.0,6.0,0.0,2133.0,16128.0,16111.0,16111.0,16111.0,252.0,2687799.0,0.0,111.0,0.0,0.0,0.0,0.0,2460.0,16,15000000.0,16000000.0,40020933.0,0.37205163034884675,5.981,0.3712370430140898,0.2549825610363727,0.2549825610363727,0.25683814303638647,0.25683814303638647,0.9970774476376035,0.4946930668487369,48176.0,4220133.0,0.9113549785530838,259218.0,259218.0,259218.0,259218.0,40210.0,78802.0,4050.0,259200.0,4050.0,0.0,0.0,0.0,0.0,0.0,0.0
cold_online_warm_h16_s7_state0_mac0,warm,cold,final,16,7,i1m,0,0,25000000,25000000,25000000,16140.0,6347.0,252.0,4706.0,0.0,1000000.0,6387.0,16140.0,6347.0,0.0,1651.0,3.0,0.0,1719.0,16128.0,16140.0,16140.0,16140.0,252.0,2712597.0,0.0,64.0,0.0,0.0,0.0,0.0,2393.0,17,16000000.0,17000000.0,42733530.0,0.3686504113954266,6.387,0.395724907063197,0.20539935307290372,0.20539935307290372,0.26012289270521505,0.26012289270521505,0.998186215235792,0.3932465923172243,30168.0,4250301.0,0.9029830085338884,275358.0,275358.0,275358.0,275358.0,42603.0,83508.0,4302.0,275328.0,4302.0,0.0,0.0,0.0,0.0,0.0,0.0
cold_online_warm_h16_s7_state0_mac0,warm,cold,final,16,7,i1m,0,0,25000000,25000000,25000000,16122.0,6363.0,252.0,4919.0,0.0,1000000.0,6389.0,16122.0,6363.0,0.0,1657.0,2.0,0.0,1713.0,16128.0,16122.0,16122.0,16122.0,252.0,2713866.0,0.0,73.0,0.0,0.0,0.0,0.0,2511.0,18,17000000.0,18000000.0,45447396.0,0.3684780309713155,6.389,0.39629078278129265,0.20594084016902808,0.20594084016902808,0.2604117554612604,0.2604117554612604,0.9987944544906571,0.3946780796427242,20789.0,4271090.0,0.9035847753721076,291480.0,291480.0,291480.0,291480.0,45114.0,88427.0,4554.0,291456.0,4554.0,0.0,0.0,0.0,0.0,0.0,0.0
cold_online_warm_h16_s7_state0_mac0,warm,cold,final,16,7,i1m,0,0,25000000,25000000,25000000,16101.0,6246.0,251.0,4773.0,0.0,1000000.0,6383.0,16101.0,6246.0,1.0,1616.0,0.0,0.0,1668.0,16064.0,16101.0,16101.0,16101.0,251.0,2716745.0,0.0,53.0,0.0,0.0,0.0,0.0,2432.0,19,18000000.0,19000000.0,48164141.0,0.36808754594192683,6.383,0.3964350040370163,0.20202525315664457,0.20202525315664457,0.25872558437399934,0.2587670136108887,1.0,0.3879262157629961,23098.0,4294188.0,0.900089261229891,307581.0,307581.0,307581.0,307581.0,47546.0,93200.0,4805.0,307520.0,4805.0,0.0,0.0,0.0,0.0,0.0,0.0
cold_online_warm_h16_s7_state0_mac0,warm,cold,final,16,7,i1m,0,0,25000000,25000000,25000000,16119.0,6061.0,252.0,4749.0,0.0,1000000.0,6412.0,16119.0,6061.0,0.0,1609.0,2.0,0.0,1666.0,16128.0,16119.0,16119.0,16119.0,252.0,2707091.0,0.0,54.0,0.0,0.0,0.0,0.0,2414.0,20,19000000.0,20000000.0,50871232.0,0.36940021595136624,6.412,0.39779142626713815,0.2005984291235507,0.2005984291235507,0.2654677445966012,0.2654677445966012,0.9987585350713842,0.37601588187852847,24652.0,4318840.0,0.9030147121024007,323700.0,323700.0,323700.0,323700.0,49960.0,97949.0,5057.0,323648.0,5057.0,0.0,0.0,0.0,0.0,0.0,0.0
cold_online_warm_h16_s7_state0_mac0,warm,cold,final,16,7,i1m,0,0,25000000,25000000,25000000,16118.0,5930.0,252.0,4644.0,0.0,1000000.0,6394.0,16118.0,5930.0,1.0,1632.0,1.0,0.0,1676.0,16128.0,16118.0,16118.0,16118.0,252.0,2709398.0,0.0,52.0,0.0,0.0,0.0,0.0,2366.0,21,20000000.0,21000000.0,53580630.0,0.3690856788113079,6.394,0.3966993423501675,0.20333914776974832,0.20333914776974832,0.27521079258010117,0.2752572103221454,0.9993876301285977,0.36791165156967365,21894.0,4340734.0,0.9004439362544742,339818.0,339818.0,339818.0,339818.0,52326.0,102593.0,5309.0,339776.0,5309.0,0.0,0.0,0.0,0.0,0.0,0.0
cold_online_warm_h16_s7_state0_mac0,warm,cold,final,16,7,i1m,0,0,25000000,25000000,25000000,16084.0,6095.0,251.0,4853.0,0.0,1000000.0,6407.0,16084.0,6095.0,1.0,1631.0,4.0,0.0,1686.0,16064.0,16084.0,16084.0,16084.0,251.0,2723329.0,0.0,55.0,0.0,0.0,0.0,0.0,2469.0,22,21000000.0,22000000.0,56303959.0,0.3671976467037218,6.407,0.3983461825416563,0.20291117193331676,0.20291117193331676,0.2675963904840033,0.2676403019363308,0.9975535168195718,0.3789480228798806,21015.0,4361749.0,0.9027399921199385,355902.0,355902.0,355902.0,355902.0,54795.0,107446.0,5560.0,355840.0,5560.0,0.0,0.0,0.0,0.0,0.0,0.0
cold_online_warm_h16_s7_state0_mac0,warm,cold,final,16,7,i1m,0,0,25000000,25000000,25000000,16132.0,6186.0,253.0,4767.0,0.0,1000000.0,6430.0,16132.0,6186.0,1.0,1615.0,2.0,0.0,1666.0,16192.0,16132.0,16132.0,16132.0,253.0,2704746.0,0.0,49.0,0.0,0.0,0.0,0.0,2425.0,23,22000000.0,23000000.0,59008705.0,0.369720483919747,6.43,0.39858666005454996,0.20074580484773152,0.20074580484773152,0.2610733915292596,0.2611156022635408,0.9987631416202845,0.3834614430944706,21772.0,4383521.0,0.9049973638929497,372034.0,372034.0,372034.0,372034.0,57220.0,112213.0,5813.0,372032.0,5813.0,0.0,0.0,0.0,0.0,0.0,0.0
cold_online_warm_h16_s7_state0_mac0,warm,cold,final,16,7,i1m,0,0,25000000,25000000,25000000,16130.0,6045.0,252.0,4824.0,0.0,1000000.0,6455.0,16130.0,6045.0,0.0,1572.0,4.0,0.0,1624.0,16128.0,16130.0,16130.0,16130.0,252.0,2689423.0,0.0,50.0,0.0,0.0,0.0,0.0,2447.0,24,23000000.0,24000000.0,61698128.0,0.37182696808943777,6.455,0.4001859888406696,0.19583904322910178,0.19583904322910178,0.26004962779156326,0.26004962779156326,0.9974619289340102,0.374767513949163,22361.0,4405882.0,0.9059943341006603,388164.0,388164.0,388164.0,388164.0,59667.0,117037.0,6065.0,388160.0,6065.0,0.0,0.0,0.0,0.0,0.0,0.0
cold_online_warm_h16_s7_state0_mac0,warm,cold,final,16,7,i1m,0,0,25000000,25000000,25000000,16107.0,5987.0,251.0,4815.0,0.0,1000000.0,6383.0,16107.0,5987.0,0.0,1597.0,0.0,0.0,1636.0,16064.0,16107.0,16107.0,16107.0,251.0,2378595.0,0.0,38.0,0.0,0.0,0.0,0.0,2448.0,25,24000000.0,25000000.0,64076723.0,0.4204162541332173,6.383,0.3962873284907183,0.200125313283208,0.200125313283208,0.2667446133288792,0.2667446133288792,1.0,0.3717017445831005,15120.0,4421002.0,0.9704939260361685,404271.0,404271.0,404271.0,404271.0,62115.0,121852.0,6316.0,404224.0,6316.0,0.0,0.0,0.0,0.0,0.0,0.0
cold_online_warm_h8_s7_state0_mac0,warm,cold,final,8,7,i1m,0,0,25000000,25000000,25000000,16196.0,18985.0,253.0,4927.0,0.0,1000000.0,3581.0,16195.0,18985.0,0.0,5014.0,0.0,0.0,5077.0,16192.0,16196.0,16196.0,16196.0,253.0,2471698.0,0.0,27.0,0.0,0.0,0.0,0.0,2524.0,1,0.0,1000000.0,2471698.0,0.40458017120214523,3.581,0.22111762889780798,0.5833624200116346,0.5833624200116346,0.26410323939952596,0.26410323939952596,1.0,1.1722753936400123,311359.0,311359.0,0.9985920610042165,16196.0,16196.0,16196.0,16196.0,2524.0,4927.0,253.0,16192.0,253.0,0.0,0.0,0.0,0.0,0.0,0.0
cold_online_warm_h8_s7_state0_mac0,warm,cold,final,8,7,i1m,0,0,25000000,25000000,25000000,16124.0,18592.0,252.0,5141.0,0.0,1000000.0,3301.0,16125.0,18592.0,0.0,4715.0,3.0,0.0,4820.0,16128.0,16124.0,16124.0,16124.0,252.0,2446486.0,0.0,68.0,0.0,0.0,0.0,0.0,2624.0,2,1000000.0,2000000.0,4918184.0,0.40874952891616795,3.301,0.20471317829457364,0.5881986027944112,0.5881986027944112,0.2536037005163511,0.2536037005163511,0.9993641373463332,1.1529922480620156,280746.0,592105.0,1.0008273090465263,32320.0,32320.0,32320.0,32320.0,5148.0,10068.0,505.0,32320.0,505.0,0.0,0.0,0.0,0.0,0.0,0.0
cold_online_warm_h8_s7_state0_mac0,warm,cold,final,8,7,i1m,0,0,25000000,25000000,25000000,16133.0,18356.0,252.0,4852.0,0.0,1000000.0,3289.0,16133.0,18356.0,0.0,4712.0,0.0,0.0,4858.0,16128.0,16133.0,16133.0,16133.0,252.0,2443383.0,0.0,127.0,0.0,0.0,0.0,0.0,2478.0,3,2000000.0,3000000.0,7361567.0,0.4092686246896209,3.289,0.20386784850926673,0.5889263842019747,0.5889263842019747,0.2567008062758771,0.2567008062758771,1.0,1.137792103142627,292114.0,884219.0,1.000027830266479,48453.0,48453.0,48453.0,48453.0,7626.0,14920.0,757.0,48448.0,757.0,0.0,0.0,0.0,0.0,0.0,0.0
cold_online_warm_h8_s7_state0_mac0,warm,cold,final,8,7,i1m,0,0,25000000,25000000,25000000,16100.0,17962.0,251.0,4950.0,0.0,1000000.0,3267.0,16100.0,17962.0,0.0,4737.0,1.0,0.0,4858.0,16064.0,16100.0,16100.0,16100.0,251.0,2444719.0,0.0,116.0,0.0,0.0,0.0,0.0,2526.0,4,3000000.0,4000000.0,9806286.0,0.40904496590405687,3.267,0.2029192546583851,0.5918290854572713,0.5918290854572713,0.2637234161006569,0.2637234161006569,0.9997889404812157,1.1156521739130434,296569.0,1180788.0,1.0007281000393091,64553.0,64553.0,64553.0,64553.0,10152.0,19870.0,1008.0,64512.0,1008.0,0.0,0.0,0.0,0.0,0.0,0.0
cold_online_warm_h8_s7_state0_mac0,warm,cold,final,8,7,i1m,0,0,25000000,25000000,25000000,16178.0,17986.0,253.0,4968.0,0.0,1000000.0,3314.0,16178.0,17986.0,1.0,4730.0,4.0,0.0,4866.0,16192.0,16178.0,16178.0,16178.0,253.0,2449783.0,0.0,155.0,0.0,0.0,0.0,0.0,2533.0,5,4000000.0,5000000.0,12256069.0,0.4081994201119038,3.314,0.2048460872790209,0.5880159124813525,0.5880159124813525,0.26298231958189705,0.26299694189602446,0.9991550485847064,1.1117567066386451,292521.0,1473309.0,1.0005135148705007,80731.0,80731.0,80731.0,80731.0,12685.0,24838.0,1261.0,80704.0,1261.0,0.0,0.0,0.0,0.0,0.0,0.0
cold_online_warm_h8_s7_state0_mac0,warm,cold,final,8,7,i1m,0,0,25000000,25000000,25000000,16126.0,18203.0,252.0,5065.0,0.0,1000000.0,3367.0,16125.0,18203.0,0.0,4722.0,1.0,0.0,4915.0,16128.0,16126.0,16126.0,16126.0,252.0,2464760.0,0.0,170.0,0.0,0.0,0.0,0.0,2589.0,6,5000000.0,6000000.0,14720829.0,0.4057190152388062,3.367,0.2088062015503876,0.5837557176412412,0.5837557176412412,0.2594077899247377,0.2594077899247377,0.9997882701672666,1.1288682170542637,292198.0,1765507.0,1.0027252146253591,96857.0,96857.0,96857.0,96857.0,15274.0,29903.0,1513.0,96832.0,1513.0,0.0,0.0,0.0,0.0,0.0,0.0
cold_online_warm_h8_s7_state0_mac0,warm,cold,final,8,7,i1m,0,0,25000000,25000000,25000000,16179.0,17818.0,253.0,5011.0,0.0,1000000.0,3367.0,16180.0,17818.0,0.0,4723.0,5.0,0.0,4861.0,16192.0,16179.0,16179.0,16179.0,253.0,2451102.0,0.0,168.0,0.0,0.0,0.0,0.0,2562.0,7,6000000.0,7000000.0,17171931.0,0.40797975767634315,3.367,0.2080964153275649,0.5838071693448702,0.5838071693448702,0.2650690313166461,0.2650690313166461,0.998942470389171,1.1012360939431396,278037.0,2043544.0,1.00193137617284,113036.0,113036.0,113036.0,113036.0,17836.0,34914.0,1766.0,113024.0,1766.0,0.0,0.0,0.0,0.0,0.0,0.0
cold_online_warm_h8_s7_state0_mac0,warm,cold,final,8,7,i1m,0,0,25000000,25000000,25000000,16131.0,17515.0,252.0,4857.0,0.0,1000000.0,3298.0,16131.0,17515.0,1.0,4719.0,2.0,0.0,4840.0,16128.0,16131.0,16131.0,16131.0,252.0,2442820.0,0.0,141.0,0.0,0.0,0.0,0.0,2478.0,8,7000000.0,8000000.0,19614751.0,0.4093629493781777,3.298,0.20445105697104954,0.588624173631034,0.588624173631034,0.2694262061090494,0.2694415895854745,0.9995763609404787,1.0857975327010105,284878.0,2328422.0,1.0000221055992664,129167.0,129167.0,129167.0,129167.0,20314.0,39771.0,2018.0,129152.0,2018.0,0.0,0.0,0.0,0.0,0.0,0.0
cold_online_warm_h8_s7_state0_mac0,warm,cold,final,8,7,i1m,0,0,25000000,25000000,25000000,16161.0,17438.0,252.0,4996.0,0.0,1000000.0,3381.0,16161.0,17438.0,0.0,4708.0,1.0,0.0,4853.0,16128.0,16161.0,16161.0,16161.0,252.0,2467561.0,0.0,115.0,0.0,0.0,0.0,0.0,2553.0,9,8000000.0,9000000.0,22082312.0,0.40525847182703895,3.381,0.20920735103025803,0.582024972184448,0.582024972184448,0.2699850900332607,0.2699850900332607,0.9997876406880442,1.0790173875378999,279543.0,2607965.0,1.0004834733568897,145328.0,145328.0,145328.0,145328.0,22867.0,44767.0,2270.0,145280.0,2270.0,0.0,0.0,0.0,0.0,0.0,0.0
cold_online_warm_h8_s7_state0_mac0,warm,cold,final,8,7,i1m,0,0,25000000,25000000,25000000,16148.0,17347.0,253.0,4845.0,0.0,1000000.0,3370.0,16148.0,17347.0,0.0,4678.0,2.0,0.0,4798.0,16192.0,16148.0,16148.0,16148.0,253.0,2449496.0,0.0,126.0,0.0,0.0,0.0,0.0,2480.0,10,9000000.0,10000000.0,24531808.0,0.4082472475970567,3.37,0.2086945751795888,0.5812624254473161,0.5812624254473161,0.2696719893929786,0.2696719893929786,0.9995726495726496,1.07425068119891,279612.0,2887577.0,1.0000567463674161,161476.0,161476.0,161476.0,161476.0,25347.0,49612.0,2523.0,161472.0,2523.0,0.0,0.0,0.0,0.0,0.0,0.0
cold_online_warm_h8_s7_state0_mac0,warm,cold,final,8,7,i1m,0,0,25000000,25000000,25000000,16137.0,17523.0,252.0,4922.0,0.0,1000000.0,3354.0,16137.0,17523.0,0.0,4660.0,1.0,0.0,4762.0,16128.0,16137.0,16137.0,16137.0,252.0,2448592.0,0.0,118.0,0.0,0.0,0.0,0.0,2514.0,11,10000000.0,11000000.0,26980400.0,0.4083979691185792,3.354,0.2078453244097416,0.5814824057898678,0.5814824057898678,0.26593619813958796,0.26593619813958796,0.9997854537652864,1.0858895705521472,281961.0,3169538.0,0.9993841358625692,177613.0,177613.0,177613.0,177613.0,27861.0,54534.0,2775.0,177600.0,2775.0,0.0,0.0,0.0,0.0,0.0,0.0
cold_online_warm_h8_s7_state0_mac0,warm,cold,final,8,7,i1m,0,0,25000000,25000000,25000000,16443.0,17610.0,257.0,4871.0,0.0,1000000.0,3972.0,16443.0,17610.0,2.0,4669.0,115.0,0.0,5017.0,16448.0,16443.0,16443.0,16443.0,257.0,2549917.0,0.0,179.0,0.0,0.0,0.0,0.0,2486.0,12,11000000.0,12000000.0,29530317.0,0.3921696274819926,3.972,0.24156175880313813,0.5403309802106238,0.5403309802106238,0.2651334469051675,0.2651635620172649,0.9759615384615384,1.070972450282795,279250.0,3448788.0,1.007096701578914,194056.0,194056.0,194056.0,194056.0,30347.0,59405.0,3032.0,194048.0,3032.0,0.0,0.0,0.0,0.0,0.0,0.0
cold_online_warm_h8_s7_state0_mac0,warm,cold,final,8,7,i1m,0,0,25000000,25000000,25000000,16477.0,17843.0,257.0,5192.0,0.0,1000000.0,4110.0,16477.0,17843.0,2.0,4651.0,134.0,0.0,5051.0,16448.0,16477.0,16477.0,16477.0,257.0,2586681.0,0.0,418.0,0.0,0.0,0.0,0.0,2648.0,13,12000000.0,13000000.0,32116998.0,0.38659579592535764,4.11,0.2494386113977059,0.5308754708366625,0.5308754708366625,0.26066244465616767,0.26069166526539994,0.9719958202716823,1.0829034411604055,295222.0,3744010.0,1.008857682876242,210533.0,210533.0,210533.0,210533.0,32995.0,64597.0,3289.0,210496.0,3289.0,0.0,0.0,0.0,0.0,0.0,0.0
cold_online_warm_h8_s7_state0_mac0,warm,cold,final,8,7,i1m,0,0,25000000,25000000,25000000,16478.0,18111.0,258.0,4875.0,0.0,1000000.0,4179.0,16478.0,18111.0,2.0,4882.0,26.0,0.0,5290.0,16512.0,16478.0,16478.0,16478.0,258.0,2604189.0,0.0,519.0,0.0,0.0,0.0,0.0,2479.0,14,13000000.0,14000000.0,34721187.0,0.3839967068442421,4.179,0.2536108751062022,0.5389115796445524,0.5386908047245833,0.2695599359505273,0.26958970677563643,0.9947025264873676,1.0991018327466926,304180.0,4048190.0,0.9988725856687052,227011.0,227011.0,227011.0,227011.0,35474.0,69472.0,3547.0,227008.0,3547.0,0.0,0.0,0.0,0.0,0.0,0.0
cold_online_warm_h8_s7_state0_mac0,warm,cold,final,8,7,i1m,0,0,25000000,25000000,25000000,16096.0,17179.0,251.0,4944.0,0.0,1000000.0,3409.0,16096.0,17179.0,0.0,4639.0,0.0,0.0,4735.0,16064.0,16096.0,16096.0,16096.0,251.0,2453268.0,0.0,140.0,0.0,0.0,0.0,0.0,2507.0,15,14000000.0,15000000.0,37174455.0,0.40761955073803596,3.409,0.2117917495029821,0.5764165009940357,0.5764165009940357,0.2700390011060015,0.2700390011060015,1.0,1.0672837972166997,282446.0,4330636.0,0.9983454722435544,243107.0,243107.0,243107.0,243107.0,37981.0,74416.0,3798.0,243072.0,3798.0,0.0,0.0,0.0,0.0,0.0,0.0
cold_online_warm_h8_s7_state0_mac0,warm,cold,final,8,7,i1m,0,0,25000000,25000000,25000000,16111.0,17560.0,252.0,4989.0,0.0,1000000.0,3395.0,16111.0,17560.0,0.0,4633.0,0.0,0.0,4725.0,16128.0,16111.0,16111.0,16111.0,252.0,2455821.0,0.0,104.0,0.0,0.0,0.0,0.0,2529.0,16,15000000.0,16000000.0,39630276.0,0.40719580132265343,3.395,0.21072559121097387,0.5771051320378675,0.5771051320378675,0.2638382687927107,0.2638382687927107,1.0,1.0899385513003539,280154.0,4610790.0,0.9974419959760912,259218.0,259218.0,259218.0,259218.0,40510.0,79405.0,4050.0,259200.0,4050.0,0.0,0.0,0.0,0.0,0.0,0.0
cold_online_warm_h8_s7_state0_mac0,warm,cold,final,8,7,i1m,0,0,25000000,25000000,25000000,16140.0,17034.0,252.0,4921.0,0.0,1000000.0,3441.0,16140.0,17034.0,0.0,4597.0,0.0,0.0,4686.0,16128.0,16140.0,16140.0,16140.0,252.0,2458737.0,0.0,83.0,0.0,0.0,0.0,0.0,2499.0,17,16000000.0,17000000.0,42089013.0,0.406712877383795,3.441,0.21319702602230484,0.5719084349340632,0.5719084349340632,0.26987202066455324,0.26987202066455324,1.0,1.0553903345724907,284028.0,4894818.0,0.9975227118638552,275358.0,275358.0,275358.0,275358.0,43009.0,84326.0,4302.0,275328.0,4302.0,0.0,0.0,0.0,0.0,0.0,0.0
cold_online_warm_h8_s7_state0_mac0,warm,cold,final,8,7,i1m,0,0,25000000,25000000,25000000,16122.0,17291.0,252.0,4973.0,0.0,1000000.0,3427.0,16122.0,17291.0,0.0,4619.0,1.0,0.0,4711.0,16128.0,16122.0,16122.0,16122.0,252.0,2458883.0,0.0,102.0,0.0,0.0,0.0,0.0,2525.0,18,17000000.0,18000000.0,44547896.0,0.40668872817454105,3.427,0.21256667907207544,0.5740740740740741,0.5740740740740741,0.2671331906772309,0.2671331906772309,0.9997835497835498,1.0725096141917876,275772.0,5170590.0,0.9991691349283395,291480.0,291480.0,291480.0,291480.0,45534.0,89299.0,4554.0,291456.0,4554.0,0.0,0.0,0.0,0.0,0.0,0.0
cold_online_warm_h8_s7_state0_mac0,warm,cold,final,8,7,i1m,0,0,25000000,25000000,25000000,16101.0,16925.0,251.0,4847.0,0.0,1000000.0,3389.0,16101.0,16925.0,0.0,4610.0,1.0,0.0,4680.0,16064.0,16101.0,16101.0,16101.0,251.0,2455614.0,0.0,81.0,0.0,0.0,0.0,0.0,2458.0,19,18000000.0,19000000.0,47003510.0,0.4072301265589787,3.389,0.21048382088069065,0.5763220402550319,0.5763220402550319,0.2723781388478582,0.2723781388478582,0.9997831273042724,1.0511769455313336,284229.0,5454819.0,0.9961565620655364,307581.0,307581.0,307581.0,307581.0,47992.0,94146.0,4805.0,307520.0,4805.0,0.0,0.0,0.0,0.0,0.0,0.0
cold_online_warm_h8_s7_state0_mac0,warm,cold,final,8,7,i1m,0,0,25000000,25000000,25000000,16119.0,16908.0,252.0,4784.0,0.0,1000000.0,3433.0,16119.0,16908.0,0.0,4588.0,0.0,0.0,4682.0,16128.0,16119.0,16119.0,16119.0,252.0,2452201.0,0.0,74.0,0.0,0.0,0.0,0.0,2431.0,20,19000000.0,20000000.0,49455711.0,0.40779691387451517,3.433,0.2129784726099634,0.5719985039271911,0.5719985039271911,0.2713508398391294,0.2713508398391294,1.0,1.0489484459333707,279542.0,5734361.0,0.9970051394645055,323700.0,323700.0,323700.0,323700.0,50423.0,98930.0,5057.0,323648.0,5057.0,0.0,0.0,0.0,0.0,0.0,0.0
cold_online_warm_h8_s7_state0_mac0,warm,cold,final,8,7,i1m,0,0,25000000,25000000,25000000,16118.0,17028.0,252.0,4909.0,0.0,1000000.0,3422.0,16118.0,17028.0,0.0,4604.0,0.0,0.0,4676.0,16128.0,16118.0,16118.0,16118.0,252.0,2448915.0,0.0,84.0,0.0,0.0,0.0,0.0,2490.0,21,20000000.0,21000000.0,51904626.0,0.40834410340906074,3.422,0.2123092195061422,0.5736356840269126,0.5736356840269126,0.27037820061075873,0.27037820061075873,1.0,1.056458617694503,282377.0,6016738.0,0.9962211836670525,339818.0,339818.0,339818.0,339818.0,52913.0,103839.0,5309.0,339776.0,5309.0,0.0,0.0,0.0,0.0,0.0,0.0
cold_online_warm_h8_s7_state0_mac0,warm,cold,final,8,7,i1m,0,0,25000000,25000000,25000000,16084.0,16811.0,251.0,4847.0,0.0,1000000.0,3429.0,16084.0,16811.0,0.0,4609.0,1.0,0.0,4693.0,16064.0,16084.0,16084.0,16084.0,251.0,2465677.0,0.0,79.0,0.0,0.0,0.0,0.0,2461.0,22,21000000.0,22000000.0,54370303.0,0.40556812591430264,3.429,0.21319323551355385,0.5734013436178154,0.5734013436178154,0.27416572482303253,0.27416572482303253,0.9997830802603037,1.0452001989554838,278667.0,6295405.0,0.9977125957698433,355902.0,355902.0,355902.0,355902.0,55374.0,108686.0,5560.0,355840.0,5560.0,0.0,0.0,0.0,0.0,0.0,0.0
cold_online_warm_h8_s7_state0_mac0,warm,cold,final,8,7,i1m,0,0,25000000,25000000,25000000,16132.0,16412.0,253.0,4826.0,0.0,1000000.0,3448.0,16132.0,16412.0,0.0,4597.0,0.0,0.0,4706.0,16192.0,16132.0,16132.0,16132.0,253.0,2458320.0,0.0,93.0,0.0,0.0,0.0,0.0,2451.0,23,22000000.0,23000000.0,56828623.0,0.40678186729148363,3.448,0.2137366724522688,0.5714108141702922,0.5714108141702922,0.2800999268827687,0.2800999268827687,1.0,1.017356806347632,268198.0,6563603.0,0.9957849262911258,372034.0,372034.0,372034.0,372034.0,57825.0,113512.0,5813.0,372032.0,5813.0,0.0,0.0,0.0,0.0,0.0,0.0
cold_online_warm_h8_s7_state0_mac0,warm,cold,final,8,7,i1m,0,0,25000000,25000000,25000000,16130.0,15727.0,252.0,4677.0,0.0,1000000.0,3569.0,16130.0,15727.0,0.0,4458.0,0.0,0.0,4558.0,16128.0,16130.0,16130.0,16130.0,252.0,2449512.0,0.0,112.0,0.0,0.0,0.0,0.0,2376.0,24,23000000.0,24000000.0,59278135.0,0.4082445809614323,3.569,0.221264724116553,0.5553756073252772,0.5553756073252772,0.28346156291727603,0.28346156291727603,1.0,0.9750154990700558,262272.0,6825875.0,0.9948879613572009,388164.0,388164.0,388164.0,388164.0,60201.0,118189.0,6065.0,388160.0,6065.0,0.0,0.0,0.0,0.0,0.0,0.0
cold_online_warm_h8_s7_state0_mac0,warm,cold,final,8,7,i1m,0,0,25000000,25000000,25000000,16107.0,13305.0,251.0,4801.0,0.0,1000000.0,4266.0,16107.0,13305.0,0.0,3714.0,0.0,0.0,3783.0,16064.0,16107.0,16107.0,16107.0,251.0,2324088.0,0.0,70.0,0.0,0.0,0.0,0.0,2436.0,25,24000000.0,25000000.0,61602223.0,0.43027630623281043,4.266,0.2648537902775191,0.46541353383458645,0.46541353383458645,0.2791431792559188,0.2791431792559188,1.0,0.8260383684112498,69627.0,6895502.0,0.994045406198044,404271.0,404271.0,404271.0,404271.0,62637.0,122990.0,6316.0,404224.0,6316.0,0.0,0.0,0.0,0.0,0.0,0.0
cold_stride_h0_s7_state0_mac0,stride,cold,final,0,7,,0,0,25000000,25000000,25000000,16196.0,4803.0,0.0,0.0,0.0,1000000.0,7144.0,16195.0,4803.0,0.0,1451.0,0.0,0.0,1461.0,0.0,0.0,0.0,0.0,0.0,2783057.0,0.0,5.0,0.0,0.0,0.0,0.0,0.0,1,0.0,1000000.0,2783057.0,0.3593171106448772,7.144,0.4411238036430997,0.16881908086096567,0.16881908086096567,0.3021028523839267,0.3021028523839267,1.0,0.29657301636307504,0.0,0.0,NA,16196.0,0.0,0.0,0.0,0.0,0.0,0.0,0.0,0.0,0.0,0.0,0.0,0.0,0.0,0.0
cold_stride_h0_s7_state0_mac0,stride,cold,final,0,7,,0,0,25000000,25000000,25000000,16124.0,4845.0,0.0,0.0,0.0,1000000.0,6605.0,16125.0,4845.0,0.0,1411.0,0.0,0.0,1430.0,0.0,0.0,0.0,0.0,0.0,2727232.0,0.0,10.0,0.0,0.0,0.0,0.0,0.0,2,1000000.0,2000000.0,5510289.0,0.36667214230399175,6.605,0.4096124031007752,0.17602295409181637,0.17602295409181637,0.2912280701754386,0.2912280701754386,1.0,0.30046511627906974,0.0,0.0,NA,32320.0,0.0,0.0,0.0,0.0,0.0,0.0,0.0,0.0,0.0,0.0,0.0,0.0,0.0,0.0
cold_stride_h0_s7_state0_mac0,stride,cold,final,0,7,,0,0,25000000,25000000,25000000,16133.0,4635.0,0.0,0.0,0.0,1000000.0,6622.0,16133.0,4635.0,0.0,1379.0,1.0,0.0,1389.0,0.0,0.0,0.0,0.0,0.0,2735497.0,0.0,19.0,0.0,0.0,0.0,0.0,0.0,3,2000000.0,3000000.0,8245786.0,0.36556428319972567,6.622,0.4104630260955805,0.17235345581802275,0.17235345581802275,0.2975188781014024,0.2975188781014024,0.9992753623188406,0.2872993243662059,0.0,0.0,NA,48453.0,0.0,0.0,0.0,0.0,0.0,0.0,0.0,0.0,0.0,0.0,0.0,0.0,0.0,0.0
cold_stride_h0_s7_state0_mac0,stride,cold,final,0,7,,0,0,25000000,25000000,25000000,16100.0,4888.0,0.0,0.0,0.0,1000000.0,6617.0,16100.0,4888.0,0.0,1387.0,0.0,0.0,1409.0,0.0,0.0,0.0,0.0,0.0,2741288.0,0.0,12.0,0.0,0.0,0.0,0.0,0.0,4,3000000.0,4000000.0,10987074.0,0.36479202477083766,6.617,0.41099378881987575,0.17328835582208896,0.17328835582208896,0.28375613747954176,0.28375613747954176,1.0,0.3036024844720497,0.0,0.0,NA,64553.0,0.0,0.0,0.0,0.0,0.0,0.0,0.0,0.0,0.0,0.0,0.0,0.0,0.0,0.0
cold_stride_h0_s7_state0_mac0,stride,cold,final,0,7,,0,0,25000000,25000000,25000000,16178.0,4929.0,0.0,0.0,0.0,1000000.0,6666.0,16178.0,4929.0,0.0,1378.0,2.0,0.0,1398.0,0.0,0.0,0.0,0.0,0.0,2742304.0,0.0,25.0,0.0,0.0,0.0,0.0,0.0,5,4000000.0,5000000.0,13729378.0,0.3646568724692813,6.666,0.4120410433922611,0.1713078070611636,0.1713078070611636,0.27956989247311825,0.27956989247311825,0.9985507246376811,0.3046730127333416,0.0,0.0,NA,80731.0,0.0,0.0,0.0,0.0,0.0,0.0,0.0,0.0,0.0,0.0,0.0,0.0,0.0,0.0
cold_stride_h0_s7_state0_mac0,stride,cold,final,0,7,,0,0,25000000,25000000,25000000,16126.0,4940.0,0.0,0.0,0.0,1000000.0,6691.0,16125.0,4940.0,0.0,1398.0,1.0,0.0,1426.0,0.0,0.0,0.0,0.0,0.0,2756958.0,0.0,21.0,0.0,0.0,0.0,0.0,0.0,6,5000000.0,6000000.0,16486336.0,0.36271861957998636,6.691,0.41494573643410854,0.17282729632834715,0.17282729632834715,0.28299595141700407,0.28299595141700407,0.9992852037169406,0.3063565891472868,0.0,0.0,NA,96857.0,0.0,0.0,0.0,0.0,0.0,0.0,0.0,0.0,0.0,0.0,0.0,0.0,0.0,0.0
cold_stride_h0_s7_state0_mac0,stride,cold,final,0,7,,0,0,25000000,25000000,25000000,16179.0,4945.0,0.0,0.0,0.0,1000000.0,6690.0,16180.0,4945.0,0.0,1400.0,2.0,0.0,1413.0,0.0,0.0,0.0,0.0,0.0,2729139.0,0.0,25.0,0.0,0.0,0.0,0.0,0.0,7,6000000.0,7000000.0,19215475.0,0.3664159282469673,6.69,0.4134734239802225,0.173053152039555,0.173053152039555,0.28311425682507585,0.28311425682507585,0.9985734664764622,0.30562422744128553,0.0,0.0,NA,113036.0,0.0,0.0,0.0,0.0,0.0,0.0,0.0,0.0,0.0,0.0,0.0,0.0,0.0,0.0
cold_stride_h0_s7_state0_mac0,stride,cold,final,0,7,,0,0,25000000,25000000,25000000,16131.0,4800.0,0.0,0.0,0.0,1000000.0,6624.0,16131.0,4800.0,0.0,1393.0,2.0,0.0,1401.0,0.0,0.0,0.0,0.0,0.0,2727698.0,0.0,9.0,0.0,0.0,0.0,0.0,0.0,8,7000000.0,8000000.0,21943173.0,0.3666095000252961,6.624,0.41063790217593454,0.17375576899089434,0.17375576899089434,0.29020833333333335,0.29020833333333335,0.9985663082437276,0.29756369722893805,0.0,0.0,NA,129167.0,0.0,0.0,0.0,0.0,0.0,0.0,0.0,0.0,0.0,0.0,0.0,0.0,0.0,0.0
cold_stride_h0_s7_state0_mac0,stride,cold,final,0,7,,0,0,25000000,25000000,25000000,16161.0,4861.0,0.0,0.0,0.0,1000000.0,6681.0,16161.0,4861.0,0.0,1408.0,5.0,0.0,1430.0,0.0,0.0,0.0,0.0,0.0,2747104.0,0.0,12.0,0.0,0.0,0.0,0.0,0.0,9,8000000.0,9000000.0,24690277.0,0.36401970948315027,6.681,0.4134026359754966,0.1740635430831994,0.1740635430831994,0.28965233491051223,0.28965233491051223,0.9964614295824487,0.3007858424602438,0.0,0.0,NA,145328.0,0.0,0.0,0.0,0.0,0.0,0.0,0.0,0.0,0.0,0.0,0.0,0.0,0.0,0.0
cold_stride_h0_s7_state0_mac0,stride,cold,final,0,7,,0,0,25000000,25000000,25000000,16148.0,4911.0,0.0,0.0,0.0,1000000.0,6657.0,16148.0,4911.0,0.0,1391.0,2.0,0.0,1405.0,0.0,0.0,0.0,0.0,0.0,2729108.0,0.0,18.0,0.0,0.0,0.0,0.0,0.0,10,9000000.0,10000000.0,27419385.0,0.3664200903738511,6.657,0.4122491949467426,0.172837972166998,0.172837972166998,0.283241702300957,0.283241702300957,0.9985642498205313,0.3041243497646767,0.0,0.0,NA,161476.0,0.0,0.0,0.0,0.0,0.0,0.0,0.0,0.0,0.0,0.0,0.0,0.0,0.0,0.0
cold_stride_h0_s7_state0_mac0,stride,cold,final,0,7,,0,0,25000000,25000000,25000000,16137.0,4987.0,0.0,0.0,0.0,1000000.0,6623.0,16137.0,4987.0,0.0,1391.0,0.0,0.0,1406.0,0.0,0.0,0.0,0.0,0.0,2730553.0,0.0,16.0,0.0,0.0,0.0,0.0,0.0,11,10000000.0,11000000.0,30149938.0,0.3662261820224694,6.623,0.41042325091404847,0.17357125031195408,0.17357125031195408,0.27892520553438943,0.27892520553438943,1.0,0.3090413335812109,0.0,0.0,NA,177613.0,0.0,0.0,0.0,0.0,0.0,0.0,0.0,0.0,0.0,0.0,0.0,0.0,0.0,0.0
cold_stride_h0_s7_state0_mac0,stride,cold,final,0,7,,0,0,25000000,25000000,25000000,16443.0,5124.0,0.0,0.0,0.0,1000000.0,7216.0,16443.0,5124.0,0.0,1425.0,73.0,0.0,1478.0,0.0,0.0,0.0,0.0,0.0,2829167.0,0.0,19.0,0.0,0.0,0.0,0.0,0.0,12,11000000.0,12000000.0,32979105.0,0.3534609303727917,7.216,0.4388493583895883,0.16491146858002545,0.16491146858002545,0.2781030444964871,0.2781030444964871,0.9512683578104139,0.3116219667943806,0.0,0.0,NA,194056.0,0.0,0.0,0.0,0.0,0.0,0.0,0.0,0.0,0.0,0.0,0.0,0.0,0.0,0.0
cold_stride_h0_s7_state0_mac0,stride,cold,final,0,7,,0,0,25000000,25000000,25000000,16477.0,4826.0,0.0,0.0,0.0,1000000.0,7344.0,16477.0,4826.0,0.0,1417.0,51.0,0.0,1488.0,0.0,0.0,0.0,0.0,0.0,2881903.0,0.0,68.0,0.0,0.0,0.0,0.0,0.0,13,12000000.0,13000000.0,35861008.0,0.34699294181657053,7.344,0.4457122048916672,0.1617395274512042,0.1617395274512042,0.29361790302527974,0.29361790302527974,0.965258855585831,0.29289312374825516,0.0,0.0,NA,210533.0,0.0,0.0,0.0,0.0,0.0,0.0,0.0,0.0,0.0,0.0,0.0,0.0,0.0,0.0
cold_stride_h0_s7_state0_mac0,stride,cold,final,0,7,,0,0,25000000,25000000,25000000,16478.0,4613.0,0.0,0.0,0.0,1000000.0,7659.0,16478.0,4613.0,0.0,1401.0,15.0,0.0,1442.0,0.0,0.0,0.0,0.0,0.0,2908369.0,0.0,68.0,0.0,0.0,0.0,0.0,0.0,14,13000000.0,14000000.0,38769377.0,0.343835324884841,7.659,0.4648015535866003,0.1546528314383486,0.15454244397836406,0.3037069152395404,0.3037069152395404,0.989406779661017,0.27994902293967716,0.0,0.0,NA,227011.0,0.0,0.0,0.0,0.0,0.0,0.0,0.0,0.0,0.0,0.0,0.0,0.0,0.0,0.0
cold_stride_h0_s7_state0_mac0,stride,cold,final,0,7,,0,0,25000000,25000000,25000000,16096.0,4614.0,0.0,0.0,0.0,1000000.0,6656.0,16096.0,4614.0,0.0,1392.0,2.0,0.0,1412.0,0.0,0.0,0.0,0.0,0.0,2735714.0,0.0,32.0,0.0,0.0,0.0,0.0,0.0,15,14000000.0,15000000.0,41505091.0,0.36553528621778447,6.656,0.4135188866799205,0.17296222664015903,0.17296222664015903,0.3016905071521456,0.3016905071521456,0.9985652797704447,0.286655069582505,0.0,0.0,NA,243107.0,0.0,0.0,0.0,0.0,0.0,0.0,0.0,0.0,0.0,0.0,0.0,0.0,0.0,0.0
cold_stride_h0_s7_state0_mac0,stride,cold,final,0,7,,0,0,25000000,25000000,25000000,16111.0,4865.0,0.0,0.0,0.0,1000000.0,6643.0,16111.0,4865.0,0.0,1385.0,1.0,0.0,1400.0,0.0,0.0,0.0,0.0,0.0,2735975.0,0.0,19.0,0.0,0.0,0.0,0.0,0.0,16,15000000.0,16000000.0,44241066.0,0.36550041575672293,6.643,0.4123269815653901,0.17252117588440458,0.17252117588440458,0.2846865364850976,0.2846865364850976,0.9992784992784993,0.3019675997765502,0.0,0.0,NA,259218.0,0.0,0.0,0.0,0.0,0.0,0.0,0.0,0.0,0.0,0.0,0.0,0.0,0.0,0.0
cold_stride_h0_s7_state0_mac0,stride,cold,final,0,7,,0,0,25000000,25000000,25000000,16140.0,4742.0,0.0,0.0,0.0,1000000.0,6663.0,16140.0,4742.0,0.0,1375.0,1.0,0.0,1391.0,0.0,0.0,0.0,0.0,0.0,2742765.0,0.0,13.0,0.0,0.0,0.0,0.0,0.0,17,16000000.0,17000000.0,46983831.0,0.36459558146614823,6.663,0.4128252788104089,0.17106245334660364,0.17106245334660364,0.289962041332771,0.289962041332771,0.9992732558139535,0.29380421313506816,0.0,0.0,NA,275358.0,0.0,0.0,0.0,0.0,0.0,0.0,0.0,0.0,0.0,0.0,0.0,0.0,0.0,0.0
cold_stride_h0_s7_state0_mac0,stride,cold,final,0,7,,0,0,25000000,25000000,25000000,16122.0,4953.0,0.0,0.0,0.0,1000000.0,6651.0,16122.0,4953.0,0.0,1395.0,2.0,0.0,1417.0,0.0,0.0,0.0,0.0,0.0,2734655.0,0.0,23.0,0.0,0.0,0.0,0.0,0.0,18,17000000.0,18000000.0,49718486.0,0.36567684040582815,6.651,0.41254186825455896,0.17337807606263983,0.17337807606263983,0.2816474863718958,0.2816474863718958,0.9985683607730852,0.30721994789728324,0.0,0.0,NA,291480.0,0.0,0.0,0.0,0.0,0.0,0.0,0.0,0.0,0.0,0.0,0.0,0.0,0.0,0.0
cold_stride_h0_s7_state0_mac0,stride,cold,final,0,7,,0,0,25000000,25000000,25000000,16101.0,4854.0,0.0,0.0,0.0,1000000.0,6611.0,16101.0,4854.0,0.0,1388.0,1.0,0.0,1404.0,0.0,0.0,0.0,0.0,0.0,2739843.0,0.0,16.0,0.0,0.0,0.0,0.0,0.0,19,18000000.0,19000000.0,52458329.0,0.3649844169903166,6.611,0.4105956151791814,0.17352169021127642,0.17352169021127642,0.28594973217964564,0.28594973217964564,0.9992800575953924,0.3014719582634619,0.0,0.0,NA,307581.0,0.0,0.0,0.0,0.0,0.0,0.0,0.0,0.0,0.0,0.0,0.0,0.0,0.0,0.0
cold_stride_h0_s7_state0_mac0,stride,cold,final,0,7,,0,0,25000000,25000000,25000000,16119.0,4796.0,0.0,0.0,0.0,1000000.0,6627.0,16119.0,4796.0,0.0,1394.0,0.0,0.0,1411.0,0.0,0.0,0.0,0.0,0.0,2731743.0,0.0,12.0,0.0,0.0,0.0,0.0,0.0,20,19000000.0,20000000.0,55190072.0,0.36606664682585444,6.627,0.41112972268751163,0.17379379129784317,0.17379379129784317,0.29065888240200166,0.29065888240200166,1.0,0.297537068056331,0.0,0.0,NA,323700.0,0.0,0.0,0.0,0.0,0.0,0.0,0.0,0.0,0.0,0.0,0.0,0.0,0.0,0.0
cold_stride_h0_s7_state0_mac0,stride,cold,final,0,7,,0,0,25000000,25000000,25000000,16118.0,4680.0,0.0,0.0,0.0,1000000.0,6643.0,16118.0,4680.0,0.0,1383.0,1.0,0.0,1392.0,0.0,0.0,0.0,0.0,0.0,2731292.0,0.0,13.0,0.0,0.0,0.0,0.0,0.0,21,20000000.0,21000000.0,57921364.0,0.3661270929655269,6.643,0.4121479091698722,0.17231497632693746,0.17231497632693746,0.2955128205128205,0.2955128205128205,0.9992774566473989,0.29035860528601565,0.0,0.0,NA,339818.0,0.0,0.0,0.0,0.0,0.0,0.0,0.0,0.0,0.0,0.0,0.0,0.0,0.0,0.0
cold_stride_h0_s7_state0_mac0,stride,cold,final,0,7,,0,0,25000000,25000000,25000000,16084.0,4884.0,0.0,0.0,0.0,1000000.0,6643.0,16084.0,4884.0,0.0,1395.0,1.0,0.0,1415.0,0.0,0.0,0.0,0.0,0.0,2744344.0,0.0,18.0,0.0,0.0,0.0,0.0,0.0,22,21000000.0,22000000.0,60665708.0,0.36438580586107283,6.643,0.41301914946530716,0.1735506344861906,0.1735506344861906,0.2856265356265356,0.2856265356265356,0.9992836676217765,0.3036558070131808,0.0,0.0,NA,355902.0,0.0,0.0,0.0,0.0,0.0,0.0,0.0,0.0,0.0,0.0,0.0,0.0,0.0,0.0
cold_stride_h0_s7_state0_mac0,stride,cold,final,0,7,,0,0,25000000,25000000,25000000,16132.0,4826.0,0.0,0.0,0.0,1000000.0,6649.0,16132.0,4826.0,0.0,1396.0,3.0,0.0,1421.0,0.0,0.0,0.0,0.0,0.0,2726518.0,0.0,23.0,0.0,0.0,0.0,0.0,0.0,23,22000000.0,23000000.0,63392226.0,0.3667681636431522,6.649,0.41216216216216217,0.1735239279055314,0.1735239279055314,0.28926647326978866,0.28926647326978866,0.997855611150822,0.29915695512025786,0.0,0.0,NA,372034.0,0.0,0.0,0.0,0.0,0.0,0.0,0.0,0.0,0.0,0.0,0.0,0.0,0.0,0.0
cold_stride_h0_s7_state0_mac0,stride,cold,final,0,7,,0,0,25000000,25000000,25000000,16130.0,4856.0,0.0,0.0,0.0,1000000.0,6655.0,16130.0,4856.0,0.0,1372.0,2.0,0.0,1392.0,0.0,0.0,0.0,0.0,0.0,2711784.0,0.0,20.0,0.0,0.0,0.0,0.0,0.0,24,23000000.0,24000000.0,66104010.0,0.36876093376168606,6.655,0.4125852448853069,0.170923134421328,0.170923134421328,0.2825370675453048,0.2825370675453048,0.9985443959243085,0.30105393676379416,0.0,0.0,NA,388164.0,0.0,0.0,0.0,0.0,0.0,0.0,0.0,0.0,0.0,0.0,0.0,0.0,0.0,0.0
cold_stride_h0_s7_state0_mac0,stride,cold,final,0,7,,0,0,25000000,25000000,25000000,16107.0,4843.0,0.0,0.0,0.0,1000000.0,6585.0,16107.0,4843.0,0.0,1395.0,0.0,0.0,1408.0,0.0,0.0,0.0,0.0,0.0,2393715.0,0.0,19.0,0.0,0.0,0.0,0.0,0.0,25,24000000.0,25000000.0,68497725.0,0.41776067744071455,6.585,0.4088284596759173,0.17481203007518797,0.17481203007518797,0.2880446004542639,0.2880446004542639,1.0,0.30067672440553794,0.0,0.0,NA,404271.0,0.0,0.0,0.0,0.0,0.0,0.0,0.0,0.0,0.0,0.0,0.0,0.0,0.0,0.0
historical_frozen_i1m_h16_s7_state0_mac0,frozen,historical,final,16,7,i1m,0,0,25000000,25000000,25000004,16163.0,19441.0,0.0,0.0,0.0,1000000.0,3240.0,16162.0,19441.0,0.0,4752.0,2.0,0.0,4832.0,0.0,16163.0,16163.0,0.0,0.0,2433710.0,0.0,28.0,0.0,0.0,0.0,0.0,0.0,1,0.0,1000000.0,2433710.0,0.41089529976866596,3.24,0.20047023883182774,NA,NA,0.24443187078853967,0.24443187078853967,0.9995793016407236,1.2028833065214701,NA,NA,1.0,16163.0,16163.0,16163.0,0.0,0.0,0.0,0.0,0.0,0.0,0.0,0.0,0.0,0.0,0.0,0.0
historical_frozen_i1m_h16_s7_state0_mac0,frozen,historical,final,16,7,i1m,0,0,25000000,25000000,25000004,16124.0,19560.0,0.0,0.0,0.0,1000000.0,3263.0,16125.0,19560.0,0.0,4753.0,2.0,0.0,4842.0,0.0,16124.0,16124.0,0.0,0.0,2437417.0,0.0,68.0,0.0,0.0,0.0,0.0,0.0,2,1000000.0,2000000.0,4871127.0,0.41027038048885356,3.263,0.20235658914728683,NA,NA,0.2429959100204499,0.2429959100204499,0.9995793901156678,1.2130232558139535,NA,NA,1.0,32287.0,32287.0,32287.0,0.0,0.0,0.0,0.0,0.0,0.0,0.0,0.0,0.0,0.0,0.0,0.0
historical_frozen_i1m_h16_s7_state0_mac0,frozen,historical,final,16,7,i1m,0,0,25000000,25000000,25000004,16133.0,19540.0,0.0,0.0,0.0,1000000.0,3253.0,16133.0,19540.0,0.0,4748.0,1.0,0.0,4826.0,0.0,16133.0,16133.0,0.0,0.0,2439366.0,0.0,89.0,0.0,0.0,0.0,0.0,0.0,3,2000000.0,3000000.0,7310493.0,0.40994258344176315,3.253,0.20163639744622822,NA,NA,0.24298874104401227,0.24298874104401227,0.9997894293535481,1.211182049215893,NA,NA,1.0,48420.0,48420.0,48420.0,0.0,0.0,0.0,0.0,0.0,0.0,0.0,0.0,0.0,0.0,0.0,0.0
historical_frozen_i1m_h16_s7_state0_mac0,frozen,historical,final,16,7,i1m,0,0,25000000,25000000,25000004,16100.0,19646.0,0.0,0.0,0.0,1000000.0,3259.0,16100.0,19646.0,0.0,4744.0,0.0,0.0,4822.0,0.0,16100.0,16100.0,0.0,0.0,2446467.0,0.0,60.0,0.0,0.0,0.0,0.0,0.0,4,3000000.0,4000000.0,9756960.0,0.40875270338819203,3.259,0.2024223602484472,NA,NA,0.2414740914181004,0.2414740914181004,1.0,1.2202484472049688,NA,NA,1.0,64520.0,64520.0,64520.0,0.0,0.0,0.0,0.0,0.0,0.0,0.0,0.0,0.0,0.0,0.0,0.0
historical_frozen_i1m_h16_s7_state0_mac0,frozen,historical,final,16,7,i1m,0,0,25000000,25000000,25000004,16178.0,19554.0,0.0,0.0,0.0,1000000.0,3325.0,16178.0,19554.0,0.0,4718.0,0.0,0.0,4836.0,0.0,16178.0,16178.0,0.0,0.0,2424348.0,0.0,125.0,0.0,0.0,0.0,0.0,0.0,5,4000000.0,5000000.0,12181308.0,0.41248203640731446,3.325,0.20552602299418965,NA,NA,0.24128055640789609,0.24128055640789609,1.0,1.208678452219063,NA,NA,1.0,80698.0,80698.0,80698.0,0.0,0.0,0.0,0.0,0.0,0.0,0.0,0.0,0.0,0.0,0.0,0.0
historical_frozen_i1m_h16_s7_state0_mac0,frozen,historical,final,16,7,i1m,0,0,25000000,25000000,25000004,16126.0,19392.0,0.0,0.0,0.0,1000000.0,3397.0,16126.0,19392.0,0.0,4692.0,0.0,0.0,4836.0,0.0,16126.0,16126.0,0.0,0.0,2335078.0,0.0,146.0,0.0,0.0,0.0,0.0,0.0,6,5000000.0,6000000.0,14516386.0,0.42825121901709495,3.397,0.21065360287734095,NA,NA,0.24195544554455445,0.24195544554455445,1.0,1.202530075654223,NA,NA,1.0,96824.0,96824.0,96824.0,0.0,0.0,0.0,0.0,0.0,0.0,0.0,0.0,0.0,0.0,0.0,0.0
historical_frozen_i1m_h16_s7_state0_mac0,frozen,historical,final,16,7,i1m,0,0,25000000,25000000,25000004,16178.0,19480.0,0.0,0.0,0.0,1000000.0,3369.0,16178.0,19480.0,0.0,4719.0,1.0,0.0,4853.0,0.0,16178.0,16178.0,0.0,0.0,2300953.0,0.0,119.0,0.0,0.0,0.0,0.0,0.0,7,6000000.0,7000000.0,16817339.0,0.4346025320812724,3.369,0.20824576585486462,NA,NA,0.24224845995893224,0.24224845995893224,0.9997881355932203,1.2041043392261095,NA,NA,1.0,113002.0,113002.0,113002.0,0.0,0.0,0.0,0.0,0.0,0.0,0.0,0.0,0.0,0.0,0.0,0.0
historical_frozen_i1m_h16_s7_state0_mac0,frozen,historical,final,16,7,i1m,0,0,25000000,25000000,25000004,16132.0,19438.0,0.0,0.0,0.0,1000000.0,3293.0,16132.0,19438.0,0.0,4724.0,0.0,0.0,4825.0,0.0,16132.0,16132.0,0.0,0.0,2289797.0,0.0,128.0,0.0,0.0,0.0,0.0,0.0,8,7000000.0,8000000.0,19107136.0,0.4367199363087645,3.293,0.20412844036697247,NA,NA,0.2430291182220393,0.2430291182220393,1.0,1.2049342920902555,NA,NA,1.0,129134.0,129134.0,129134.0,0.0,0.0,0.0,0.0,0.0,0.0,0.0,0.0,0.0,0.0,0.0,0.0
historical_frozen_i1m_h16_s7_state0_mac0,frozen,historical,final,16,7,i1m,0,0,25000000,25000000,25000004,16161.0,19608.0,0.0,0.0,0.0,1000000.0,3348.0,16161.0,19608.0,0.0,4740.0,0.0,0.0,4879.0,0.0,16161.0,16161.0,0.0,0.0,2443785.0,0.0,118.0,0.0,0.0,0.0,0.0,0.0,9,8000000.0,9000000.0,21550921.0,0.4092013004417328,3.348,0.20716539818080565,NA,NA,0.24173806609547124,0.24173806609547124,1.0,1.2132912567291627,NA,NA,1.0,145295.0,145295.0,145295.0,0.0,0.0,0.0,0.0,0.0,0.0,0.0,0.0,0.0,0.0,0.0,0.0
historical_frozen_i1m_h16_s7_state0_mac0,frozen,historical,final,16,7,i1m,0,0,25000000,25000000,25000004,16148.0,19622.0,0.0,0.0,0.0,1000000.0,3332.0,16148.0,19622.0,0.0,4716.0,0.0,0.0,4852.0,0.0,16148.0,16148.0,0.0,0.0,2436365.0,0.0,129.0,0.0,0.0,0.0,0.0,0.0,10,9000000.0,10000000.0,23987286.0,0.4104475314659339,3.332,0.2063413425811246,NA,NA,0.24034247273468556,0.24034247273468556,1.0,1.2151350012385436,NA,NA,1.0,161443.0,161443.0,161443.0,0.0,0.0,0.0,0.0,0.0,0.0,0.0,0.0,0.0,0.0,0.0,0.0
historical_frozen_i1m_h16_s7_state0_mac0,frozen,historical,final,16,7,i1m,0,0,25000000,25000000,25000004,16137.0,19512.0,0.0,0.0,0.0,1000000.0,3282.0,16137.0,19512.0,0.0,4733.0,0.0,0.0,4830.0,0.0,16137.0,16137.0,0.0,0.0,2430303.0,0.0,107.0,0.0,0.0,0.0,0.0,0.0,11,10000000.0,11000000.0,26417589.0,0.41147132682632576,3.282,0.20338352853690278,NA,NA,0.24256867568675686,0.24256867568675686,1.0,1.2091466815393195,NA,NA,1.0,177580.0,177580.0,177580.0,0.0,0.0,0.0,0.0,0.0,0.0,0.0,0.0,0.0,0.0,0.0,0.0
historical_frozen_i1m_h16_s7_state0_mac0,frozen,historical,final,16,7,i1m,0,0,25000000,25000000,25000004,16444.0,19336.0,0.0,0.0,0.0,1000000.0,4039.0,16444.0,19336.0,0.0,4604.0,5.0,0.0,4899.0,0.0,16444.0,16444.0,0.0,0.0,2558431.0,0.0,222.0,0.0,0.0,0.0,0.0,0.0,12,11000000.0,12000000.0,28976020.0,0.3908645572227666,4.039,0.24562150328387253,NA,NA,0.23810508895324783,0.23810508895324783,0.9989151659796052,1.1758696180977863,NA,NA,1.0,194024.0,194024.0,194024.0,0.0,0.0,0.0,0.0,0.0,0.0,0.0,0.0,0.0,0.0,0.0,0.0
historical_frozen_i1m_h16_s7_state0_mac0,frozen,historical,final,16,7,i1m,0,0,25000000,25000000,25000004,16476.0,19816.0,0.0,0.0,0.0,1000000.0,4021.0,16476.0,19816.0,0.0,4740.0,35.0,0.0,5180.0,0.0,16476.0,16476.0,0.0,0.0,2569295.0,0.0,333.0,0.0,0.0,0.0,0.0,0.0,13,12000000.0,13000000.0,31545315.0,0.3892118265905628,4.021,0.24405195435785385,NA,NA,0.2392006459426726,0.2392006459426726,0.9926701570680628,1.2027191065792668,NA,NA,1.0,210500.0,210500.0,210500.0,0.0,0.0,0.0,0.0,0.0,0.0,0.0,0.0,0.0,0.0,0.0,0.0
historical_frozen_i1m_h16_s7_state0_mac0,frozen,historical,final,16,7,i1m,0,0,25000000,25000000,25000004,16459.0,19898.0,0.0,0.0,0.0,1000000.0,4018.0,16459.0,19898.0,0.0,5025.0,11.0,0.0,5407.0,0.0,16459.0,16459.0,0.0,0.0,2604489.0,0.0,538.0,0.0,0.0,0.0,0.0,0.0,14,13000000.0,14000000.0,34149804.0,0.3839524758983432,4.018,0.24412175709338355,NA,NA,0.2525379435119107,0.2525379435119107,0.9978157267672756,1.2089434352026247,NA,NA,1.0,226959.0,226959.0,226959.0,0.0,0.0,0.0,0.0,0.0,0.0,0.0,0.0,0.0,0.0,0.0,0.0
historical_frozen_i1m_h16_s7_state0_mac0,frozen,historical,final,16,7,i1m,0,0,25000000,25000000,25000004,16095.0,19476.0,0.0,0.0,0.0,1000000.0,3309.0,16095.0,19476.0,0.0,4739.0,0.0,0.0,4870.0,0.0,16095.0,16095.0,0.0,0.0,2441741.0,0.0,163.0,0.0,0.0,0.0,0.0,0.0,15,14000000.0,15000000.0,36591545.0,0.40954384596892135,3.309,0.20559179869524696,NA,NA,0.24332511809406449,0.24332511809406449,1.0,1.2100652376514445,NA,NA,1.0,243054.0,243054.0,243054.0,0.0,0.0,0.0,0.0,0.0,0.0,0.0,0.0,0.0,0.0,0.0,0.0
historical_frozen_i1m_h16_s7_state0_mac0,frozen,historical,final,16,7,i1m,0,0,25000000,25000000,25000004,16112.0,19488.0,0.0,0.0,0.0,1000000.0,3294.0,16112.0,19488.0,0.0,4733.0,0.0,0.0,4841.0,0.0,16112.0,16112.0,0.0,0.0,2443055.0,0.0,125.0,0.0,0.0,0.0,0.0,0.0,16,15000000.0,16000000.0,39034600.0,0.40932357233054517,3.294,0.2044438927507448,NA,NA,0.24286740558292283,0.24286740558292283,1.0,1.2095332671300894,NA,NA,1.0,259166.0,259166.0,259166.0,0.0,0.0,0.0,0.0,0.0,0.0,0.0,0.0,0.0,0.0,0.0,0.0
historical_frozen_i1m_h16_s7_state0_mac0,frozen,historical,final,16,7,i1m,0,0,25000000,25000000,25000004,16140.0,19530.0,0.0,0.0,0.0,1000000.0,3313.0,16140.0,19530.0,0.0,4724.0,0.0,0.0,4846.0,0.0,16140.0,16140.0,0.0,0.0,2439332.0,0.0,103.0,0.0,0.0,0.0,0.0,0.0,17,16000000.0,17000000.0,41473932.0,0.4099482973207419,3.313,0.20526641883519206,NA,NA,0.241884280593958,0.241884280593958,1.0,1.2100371747211895,NA,NA,1.0,275306.0,275306.0,275306.0,0.0,0.0,0.0,0.0,0.0,0.0,0.0,0.0,0.0,0.0,0.0,0.0
historical_frozen_i1m_h16_s7_state0_mac0,frozen,historical,final,16,7,i1m,0,0,25000000,25000000,25000004,16122.0,19500.0,0.0,0.0,0.0,1000000.0,3313.0,16122.0,19500.0,0.0,4731.0,0.0,0.0,4844.0,0.0,16122.0,16122.0,0.0,0.0,2452194.0,0.0,128.0,0.0,0.0,0.0,0.0,0.0,18,17000000.0,18000000.0,43926126.0,0.4077980779660989,3.313,0.20549559607989082,NA,NA,0.24261538461538462,0.24261538461538462,1.0,1.2095273539263118,NA,NA,1.0,291428.0,291428.0,291428.0,0.0,0.0,0.0,0.0,0.0,0.0,0.0,0.0,0.0,0.0,0.0,0.0
historical_frozen_i1m_h16_s7_state0_mac0,frozen,historical,final,16,7,i1m,0,0,25000000,25000000,25000004,16101.0,19470.0,0.0,0.0,0.0,1000000.0,3270.0,16101.0,19470.0,0.0,4729.0,0.0,0.0,4820.0,0.0,16101.0,16101.0,0.0,0.0,2441893.0,0.0,101.0,0.0,0.0,0.0,0.0,0.0,19,18000000.0,19000000.0,46368019.0,0.40951835317927526,3.27,0.20309297559157816,NA,NA,0.24288649203903442,0.24288649203903442,1.0,1.2092416620085709,NA,NA,1.0,307529.0,307529.0,307529.0,0.0,0.0,0.0,0.0,0.0,0.0,0.0,0.0,0.0,0.0,0.0,0.0
historical_frozen_i1m_h16_s7_state0_mac0,frozen,historical,final,16,7,i1m,0,0,25000000,25000000,25000004,16119.0,19516.0,0.0,0.0,0.0,1000000.0,3301.0,16119.0,19516.0,0.0,4717.0,1.0,0.0,4818.0,0.0,16119.0,16119.0,0.0,0.0,2440943.0,0.0,91.0,0.0,0.0,0.0,0.0,0.0,20,19000000.0,20000000.0,48808962.0,0.40967773520315715,3.301,0.2047893789937341,NA,NA,0.24169911867185898,0.24169911867185898,0.9997880457821111,1.210745083441901,NA,NA,1.0,323648.0,323648.0,323648.0,0.0,0.0,0.0,0.0,0.0,0.0,0.0,0.0,0.0,0.0,0.0,0.0
historical_frozen_i1m_h16_s7_state0_mac0,frozen,historical,final,16,7,i1m,0,0,25000000,25000000,25000004,16118.0,19488.0,0.0,0.0,0.0,1000000.0,3285.0,16118.0,19488.0,0.0,4740.0,0.0,0.0,4847.0,0.0,16118.0,16118.0,0.0,0.0,2430523.0,0.0,102.0,0.0,0.0,0.0,0.0,0.0,21,20000000.0,21000000.0,51239485.0,0.4114340822942223,3.285,0.2038094056334533,NA,NA,0.24322660098522167,0.24322660098522167,1.0,1.209083012780742,NA,NA,1.0,339766.0,339766.0,339766.0,0.0,0.0,0.0,0.0,0.0,0.0,0.0,0.0,0.0,0.0,0.0,0.0
historical_frozen_i1m_h16_s7_state0_mac0,frozen,historical,final,16,7,i1m,0,0,25000000,25000000,25000004,16085.0,19536.0,0.0,0.0,0.0,1000000.0,3305.0,16084.0,19536.0,0.0,4729.0,0.0,0.0,4845.0,0.0,16085.0,16085.0,0.0,0.0,2449182.0,0.0,113.0,0.0,0.0,0.0,0.0,0.0,22,21000000.0,22000000.0,53688667.0,0.408299587372437,3.305,0.2054837105197712,NA,NA,0.24206592956592957,0.24206592956592957,1.0,1.2146232280527232,NA,NA,1.0,355851.0,355851.0,355851.0,0.0,0.0,0.0,0.0,0.0,0.0,0.0,0.0,0.0,0.0,0.0,0.0
historical_frozen_i1m_h16_s7_state0_mac0,frozen,historical,final,16,7,i1m,0,0,25000000,25000000,25000004,16131.0,19610.0,0.0,0.0,0.0,1000000.0,3311.0,16132.0,19610.0,0.0,4734.0,0.0,0.0,4867.0,0.0,16131.0,16131.0,0.0,0.0,2451290.0,0.0,126.0,0.0,0.0,0.0,0.0,0.0,23,22000000.0,23000000.0,56139957.0,0.4079484679495286,3.311,0.20524423506074882,NA,NA,0.24140744518103008,0.24140744518103008,1.0,1.2155963302752293,NA,NA,1.0,371982.0,371982.0,371982.0,0.0,0.0,0.0,0.0,0.0,0.0,0.0,0.0,0.0,0.0,0.0,0.0
historical_frozen_i1m_h16_s7_state0_mac0,frozen,historical,final,16,7,i1m,0,0,25000000,25000000,25000004,16130.0,19682.0,0.0,0.0,0.0,1000000.0,3304.0,16130.0,19682.0,0.0,4722.0,0.0,0.0,4852.0,0.0,16130.0,16130.0,0.0,0.0,2443187.0,0.0,141.0,0.0,0.0,0.0,0.0,0.0,24,23000000.0,24000000.0,58583144.0,0.40930145748155994,3.304,0.20483570985740857,NA,NA,0.23991464282085154,0.23991464282085154,1.0,1.2202107873527588,NA,NA,1.0,388112.0,388112.0,388112.0,0.0,0.0,0.0,0.0,0.0,0.0,0.0,0.0,0.0,0.0,0.0,0.0
historical_frozen_i1m_h16_s7_state0_mac0,frozen,historical,final,16,7,i1m,0,0,25000000,25000000,25000004,16107.0,19524.0,0.0,0.0,0.0,1000000.0,3223.0,16107.0,19524.0,0.0,4757.0,0.0,0.0,4818.0,0.0,16107.0,16107.0,0.0,0.0,2431427.0,0.0,81.0,0.0,0.0,0.0,0.0,0.0,25,24000000.0,25000000.0,61014571.0,0.41128111187380906,3.223,0.20009933569255603,NA,NA,0.24364884245031757,0.24364884245031757,1.0,1.2121437884149748,NA,NA,1.0,404219.0,404219.0,404219.0,0.0,0.0,0.0,0.0,0.0,0.0,0.0,0.0,0.0,0.0,0.0,0.0
historical_frozen_i1m_h8_s7_state0_mac0,frozen,historical,final,8,7,i1m,0,0,25000000,25000000,25000004,16163.0,19376.0,0.0,0.0,0.0,1000000.0,3256.0,16162.0,19376.0,0.0,4736.0,0.0,0.0,4811.0,0.0,16163.0,16163.0,0.0,0.0,2436478.0,0.0,24.0,0.0,0.0,0.0,0.0,0.0,1,0.0,1000000.0,2436478.0,0.41042849555793237,3.256,0.20146021531988614,NA,NA,0.2444260941370768,0.2444260941370768,1.0,1.1988615270387328,NA,NA,1.0,16163.0,16163.0,16163.0,0.0,0.0,0.0,0.0,0.0,0.0,0.0,0.0,0.0,0.0,0.0,0.0
historical_frozen_i1m_h8_s7_state0_mac0,frozen,historical,final,8,7,i1m,0,0,25000000,25000000,25000004,16124.0,19459.0,0.0,0.0,0.0,1000000.0,3286.0,16125.0,19459.0,0.0,4730.0,0.0,0.0,4817.0,0.0,16124.0,16124.0,0.0,0.0,2441515.0,0.0,65.0,0.0,0.0,0.0,0.0,0.0,2,1000000.0,2000000.0,4877993.0,0.409581755590279,3.286,0.2037829457364341,NA,NA,0.2430751837196156,0.2430751837196156,1.0,1.2067596899224806,NA,NA,1.0,32287.0,32287.0,32287.0,0.0,0.0,0.0,0.0,0.0,0.0,0.0,0.0,0.0,0.0,0.0,0.0
historical_frozen_i1m_h8_s7_state0_mac0,frozen,historical,final,8,7,i1m,0,0,25000000,25000000,25000004,16133.0,19454.0,0.0,0.0,0.0,1000000.0,3271.0,16133.0,19454.0,0.0,4730.0,0.0,0.0,4813.0,0.0,16133.0,16133.0,0.0,0.0,2442004.0,0.0,91.0,0.0,0.0,0.0,0.0,0.0,3,2000000.0,3000000.0,7319997.0,0.4094997387391667,3.271,0.20275212297774747,NA,NA,0.2431376580651794,0.2431376580651794,1.0,1.205851360565301,NA,NA,1.0,48420.0,48420.0,48420.0,0.0,0.0,0.0,0.0,0.0,0.0,0.0,0.0,0.0,0.0,0.0,0.0
historical_frozen_i1m_h8_s7_state0_mac0,frozen,historical,final,8,7,i1m,0,0,25000000,25000000,25000004,16100.0,19604.0,0.0,0.0,0.0,1000000.0,3272.0,16100.0,19604.0,0.0,4731.0,0.0,0.0,4812.0,0.0,16100.0,16100.0,0.0,0.0,2448806.0,0.0,63.0,0.0,0.0,0.0,0.0,0.0,4,3000000.0,4000000.0,9768803.0,0.4083622794129057,3.272,0.20322981366459628,NA,NA,0.24132830034686797,0.24132830034686797,1.0,1.217639751552795,NA,NA,1.0,64520.0,64520.0,64520.0,0.0,0.0,0.0,0.0,0.0,0.0,0.0,0.0,0.0,0.0,0.0,0.0
historical_frozen_i1m_h8_s7_state0_mac0,frozen,historical,final,8,7,i1m,0,0,25000000,25000000,25000004,16178.0,19484.0,0.0,0.0,0.0,1000000.0,3331.0,16178.0,19484.0,0.0,4712.0,0.0,0.0,4823.0,0.0,16178.0,16178.0,0.0,0.0,2425688.0,0.0,122.0,0.0,0.0,0.0,0.0,0.0,5,4000000.0,5000000.0,12194491.0,0.41225417283673743,3.331,0.20589689702064531,NA,NA,0.24183945801683432,0.24183945801683432,1.0,1.20435158857708,NA,NA,1.0,80698.0,80698.0,80698.0,0.0,0.0,0.0,0.0,0.0,0.0,0.0,0.0,0.0,0.0,0.0,0.0
historical_frozen_i1m_h8_s7_state0_mac0,frozen,historical,final,8,7,i1m,0,0,25000000,25000000,25000004,16126.0,19316.0,0.0,0.0,0.0,1000000.0,3406.0,16126.0,19316.0,0.0,4683.0,0.0,0.0,4818.0,0.0,16126.0,16126.0,0.0,0.0,2335432.0,0.0,142.0,0.0,0.0,0.0,0.0,0.0,6,5000000.0,6000000.0,14529923.0,0.4281863055743006,3.406,0.2112117078010666,NA,NA,0.24244149927521225,0.24244149927521225,1.0,1.1978171896316507,NA,NA,1.0,96824.0,96824.0,96824.0,0.0,0.0,0.0,0.0,0.0,0.0,0.0,0.0,0.0,0.0,0.0,0.0
historical_frozen_i1m_h8_s7_state0_mac0,frozen,historical,final,8,7,i1m,0,0,25000000,25000000,25000004,16178.0,19448.0,0.0,0.0,0.0,1000000.0,3369.0,16178.0,19448.0,0.0,4719.0,0.0,0.0,4857.0,0.0,16178.0,16178.0,0.0,0.0,2301145.0,0.0,110.0,0.0,0.0,0.0,0.0,0.0,7,6000000.0,7000000.0,16831068.0,0.4345662702698005,3.369,0.20824576585486462,NA,NA,0.2426470588235294,0.2426470588235294,1.0,1.2021263444183459,NA,NA,1.0,113002.0,113002.0,113002.0,0.0,0.0,0.0,0.0,0.0,0.0,0.0,0.0,0.0,0.0,0.0,0.0
historical_frozen_i1m_h8_s7_state0_mac0,frozen,historical,final,8,7,i1m,0,0,25000000,25000000,25000004,16132.0,19422.0,0.0,0.0,0.0,1000000.0,3293.0,16132.0,19422.0,0.0,4724.0,0.0,0.0,4826.0,0.0,16132.0,16132.0,0.0,0.0,2289797.0,0.0,136.0,0.0,0.0,0.0,0.0,0.0,8,7000000.0,8000000.0,19120865.0,0.4367199363087645,3.293,0.20412844036697247,NA,NA,0.24322932756667695,0.24322932756667695,1.0,1.2039424745846765,NA,NA,1.0,129134.0,129134.0,129134.0,0.0,0.0,0.0,0.0,0.0,0.0,0.0,0.0,0.0,0.0,0.0,0.0
historical_frozen_i1m_h8_s7_state0_mac0,frozen,historical,final,8,7,i1m,0,0,25000000,25000000,25000004,16161.0,19484.0,0.0,0.0,0.0,1000000.0,3380.0,16161.0,19484.0,0.0,4708.0,0.0,0.0,4836.0,0.0,16161.0,16161.0,0.0,0.0,2444849.0,0.0,113.0,0.0,0.0,0.0,0.0,0.0,9,8000000.0,9000000.0,21565714.0,0.4090232157487027,3.38,0.20914547367118372,NA,NA,0.24163416136316979,0.24163416136316979,1.0,1.2056184642039478,NA,NA,1.0,145295.0,145295.0,145295.0,0.0,0.0,0.0,0.0,0.0,0.0,0.0,0.0,0.0,0.0,0.0,0.0
historical_frozen_i1m_h8_s7_state0_mac0,frozen,historical,final,8,7,i1m,0,0,25000000,25000000,25000004,16148.0,19586.0,0.0,0.0,0.0,1000000.0,3336.0,16148.0,19586.0,0.0,4712.0,1.0,0.0,4845.0,0.0,16148.0,16148.0,0.0,0.0,2436990.0,0.0,121.0,0.0,0.0,0.0,0.0,0.0,10,9000000.0,10000000.0,24002704.0,0.4103422664844747,3.336,0.20658905127569976,NA,NA,0.24058000612682529,0.24058000612682529,0.9997878209208572,1.212905622987367,NA,NA,1.0,161443.0,161443.0,161443.0,0.0,0.0,0.0,0.0,0.0,0.0,0.0,0.0,0.0,0.0,0.0,0.0
historical_frozen_i1m_h8_s7_state0_mac0,frozen,historical,final,8,7,i1m,0,0,25000000,25000000,25000004,16137.0,19456.0,0.0,0.0,0.0,1000000.0,3290.0,16137.0,19456.0,0.0,4725.0,0.0,0.0,4821.0,0.0,16137.0,16137.0,0.0,0.0,2431221.0,0.0,103.0,0.0,0.0,0.0,0.0,0.0,11,10000000.0,11000000.0,26433925.0,0.4113159601698077,3.29,0.20387928363388486,NA,NA,0.24285567434210525,0.24285567434210525,1.0,1.2056763958604448,NA,NA,1.0,177580.0,177580.0,177580.0,0.0,0.0,0.0,0.0,0.0,0.0,0.0,0.0,0.0,0.0,0.0,0.0
historical_frozen_i1m_h8_s7_state0_mac0,frozen,historical,final,8,7,i1m,0,0,25000000,25000000,25000004,16444.0,19384.0,0.0,0.0,0.0,1000000.0,4027.0,16444.0,19384.0,0.0,4616.0,6.0,0.0,4936.0,0.0,16444.0,16444.0,0.0,0.0,2557733.0,0.0,252.0,0.0,0.0,0.0,0.0,0.0,12,11000000.0,12000000.0,28991658.0,0.39097122334504814,4.027,0.24489175383118464,NA,NA,0.2381345439537763,0.2381345439537763,0.9987018606663782,1.1787886159085381,NA,NA,1.0,194024.0,194024.0,194024.0,0.0,0.0,0.0,0.0,0.0,0.0,0.0,0.0,0.0,0.0,0.0,0.0
historical_frozen_i1m_h8_s7_state0_mac0,frozen,historical,final,8,7,i1m,0,0,25000000,25000000,25000004,16476.0,19158.0,0.0,0.0,0.0,1000000.0,4162.0,16476.0,19158.0,0.0,4598.0,8.0,0.0,4905.0,0.0,16476.0,16476.0,0.0,0.0,2592937.0,0.0,253.0,0.0,0.0,0.0,0.0,0.0,13,12000000.0,13000000.0,31584595.0,0.38566305313241317,4.162,0.25260985676134984,NA,NA,0.24000417580123187,0.24000417580123187,0.9982631350412505,1.1627822286962854,NA,NA,1.0,210500.0,210500.0,210500.0,0.0,0.0,0.0,0.0,0.0,0.0,0.0,0.0,0.0,0.0,0.0,0.0
historical_frozen_i1m_h8_s7_state0_mac0,frozen,historical,final,8,7,i1m,0,0,25000000,25000000,25000004,16459.0,14898.0,0.0,0.0,0.0,1000000.0,4315.0,16459.0,14898.0,0.0,4728.0,11.0,0.0,5100.0,0.0,16459.0,16459.0,0.0,0.0,2639532.0,0.0,476.0,0.0,0.0,0.0,0.0,0.0,14,13000000.0,14000000.0,34224127.0,0.3788550394539638,4.315,0.2621665957834619,NA,NA,0.31735803463552154,0.31735803463552154,0.997678835197299,0.9051582720699921,NA,NA,1.0,226959.0,226959.0,226959.0,0.0,0.0,0.0,0.0,0.0,0.0,0.0,0.0,0.0,0.0,0.0,0.0
historical_frozen_i1m_h8_s7_state0_mac0,frozen,historical,final,8,7,i1m,0,0,25000000,25000000,25000004,16095.0,10572.0,0.0,0.0,0.0,1000000.0,3341.0,16095.0,10572.0,0.0,4707.0,0.0,0.0,4811.0,0.0,16095.0,16095.0,0.0,0.0,2445417.0,0.0,146.0,0.0,0.0,0.0,0.0,0.0,15,14000000.0,15000000.0,36669544.0,0.4089282114256996,3.341,0.20757999378689035,NA,NA,0.4452326901248581,0.4452326901248581,1.0,0.6568499534016775,NA,NA,1.0,243054.0,243054.0,243054.0,0.0,0.0,0.0,0.0,0.0,0.0,0.0,0.0,0.0,0.0,0.0,0.0
historical_frozen_i1m_h8_s7_state0_mac0,frozen,historical,final,8,7,i1m,0,0,25000000,25000000,25000004,16112.0,10558.0,0.0,0.0,0.0,1000000.0,3310.0,16112.0,10558.0,0.0,4717.0,0.0,0.0,4798.0,0.0,16112.0,16112.0,0.0,0.0,2446259.0,0.0,98.0,0.0,0.0,0.0,0.0,0.0,16,15000000.0,16000000.0,39115803.0,0.4087874587277962,3.31,0.2054369414101291,NA,NA,0.446770221632885,0.446770221632885,1.0,0.6552879841112215,NA,NA,1.0,259166.0,259166.0,259166.0,0.0,0.0,0.0,0.0,0.0,0.0,0.0,0.0,0.0,0.0,0.0,0.0
historical_frozen_i1m_h8_s7_state0_mac0,frozen,historical,final,8,7,i1m,0,0,25000000,25000000,25000004,16140.0,10586.0,0.0,0.0,0.0,1000000.0,3333.0,16140.0,10586.0,0.0,4704.0,0.0,0.0,4798.0,0.0,16140.0,16140.0,0.0,0.0,2442717.0,0.0,72.0,0.0,0.0,0.0,0.0,0.0,17,16000000.0,17000000.0,41558520.0,0.4093802106424936,3.333,0.20650557620817844,NA,NA,0.4443604761005101,0.4443604761005101,1.0,0.6558859975216853,NA,NA,1.0,275306.0,275306.0,275306.0,0.0,0.0,0.0,0.0,0.0,0.0,0.0,0.0,0.0,0.0,0.0,0.0
historical_frozen_i1m_h8_s7_state0_mac0,frozen,historical,final,8,7,i1m,0,0,25000000,25000000,25000004,16122.0,10768.0,0.0,0.0,0.0,1000000.0,3314.0,16122.0,10768.0,0.0,4730.0,0.0,0.0,4839.0,0.0,16122.0,16122.0,0.0,0.0,2452051.0,0.0,120.0,0.0,0.0,0.0,0.0,0.0,18,17000000.0,18000000.0,44010571.0,0.4078218601489121,3.314,0.20555762312368192,NA,NA,0.43926448736998513,0.43926448736998513,1.0,0.6679072075424886,NA,NA,1.0,291428.0,291428.0,291428.0,0.0,0.0,0.0,0.0,0.0,0.0,0.0,0.0,0.0,0.0,0.0,0.0
historical_frozen_i1m_h8_s7_state0_mac0,frozen,historical,final,8,7,i1m,0,0,25000000,25000000,25000004,16101.0,10594.0,0.0,0.0,0.0,1000000.0,3282.0,16101.0,10594.0,0.0,4717.0,0.0,0.0,4799.0,0.0,16101.0,16101.0,0.0,0.0,2443875.0,0.0,89.0,0.0,0.0,0.0,0.0,0.0,19,18000000.0,19000000.0,46454446.0,0.4091862308833308,3.282,0.20383827091485002,NA,NA,0.4452520294506324,0.4452520294506324,1.0,0.6579715545618284,NA,NA,1.0,307529.0,307529.0,307529.0,0.0,0.0,0.0,0.0,0.0,0.0,0.0,0.0,0.0,0.0,0.0,0.0
historical_frozen_i1m_h8_s7_state0_mac0,frozen,historical,final,8,7,i1m,0,0,25000000,25000000,25000004,16119.0,10644.0,0.0,0.0,0.0,1000000.0,3306.0,16119.0,10644.0,0.0,4712.0,0.0,0.0,4805.0,0.0,16119.0,16119.0,0.0,0.0,2441645.0,0.0,89.0,0.0,0.0,0.0,0.0,0.0,20,19000000.0,20000000.0,48896091.0,0.40955994831353454,3.306,0.20509957193374279,NA,NA,0.44269071777527247,0.44269071777527247,1.0,0.6603387306904895,NA,NA,1.0,323648.0,323648.0,323648.0,0.0,0.0,0.0,0.0,0.0,0.0,0.0,0.0,0.0,0.0,0.0,0.0
historical_frozen_i1m_h8_s7_state0_mac0,frozen,historical,final,8,7,i1m,0,0,25000000,25000000,25000004,16118.0,10690.0,0.0,0.0,0.0,1000000.0,3287.0,16118.0,10690.0,0.0,4738.0,0.0,0.0,4830.0,0.0,16118.0,16118.0,0.0,0.0,2430723.0,0.0,86.0,0.0,0.0,0.0,0.0,0.0,21,20000000.0,21000000.0,51326814.0,0.41140022947904803,3.287,0.20393349050750714,NA,NA,0.4432179607109448,0.4432179607109448,1.0,0.6632336518178434,NA,NA,1.0,339766.0,339766.0,339766.0,0.0,0.0,0.0,0.0,0.0,0.0,0.0,0.0,0.0,0.0,0.0,0.0
historical_frozen_i1m_h8_s7_state0_mac0,frozen,historical,final,8,7,i1m,0,0,25000000,25000000,25000004,16085.0,10696.0,0.0,0.0,0.0,1000000.0,3304.0,16084.0,10696.0,0.0,4730.0,0.0,0.0,4840.0,0.0,16085.0,16085.0,0.0,0.0,2449202.0,0.0,106.0,0.0,0.0,0.0,0.0,0.0,22,21000000.0,22000000.0,53776016.0,0.40829625322860263,3.304,0.20542153693111168,NA,NA,0.44222139117427073,0.44222139117427073,1.0,0.6650087043024123,NA,NA,1.0,355851.0,355851.0,355851.0,0.0,0.0,0.0,0.0,0.0,0.0,0.0,0.0,0.0,0.0,0.0,0.0
historical_frozen_i1m_h8_s7_state0_mac0,frozen,historical,final,8,7,i1m,0,0,25000000,25000000,25000004,16131.0,10736.0,0.0,0.0,0.0,1000000.0,3312.0,16132.0,10736.0,0.0,4733.0,0.0,0.0,4860.0,0.0,16131.0,16131.0,0.0,0.0,2451743.0,0.0,115.0,0.0,0.0,0.0,0.0,0.0,23,22000000.0,23000000.0,56227759.0,0.40787309273443423,3.312,0.20530622365484752,NA,NA,0.4408532041728763,0.4408532041728763,1.0,0.6655095462434912,NA,NA,1.0,371982.0,371982.0,371982.0,0.0,0.0,0.0,0.0,0.0,0.0,0.0,0.0,0.0,0.0,0.0,0.0
historical_frozen_i1m_h8_s7_state0_mac0,frozen,historical,final,8,7,i1m,0,0,25000000,25000000,25000004,16130.0,10756.0,0.0,0.0,0.0,1000000.0,3306.0,16130.0,10756.0,0.0,4720.0,0.0,0.0,4838.0,0.0,16130.0,16130.0,0.0,0.0,2444024.0,0.0,134.0,0.0,0.0,0.0,0.0,0.0,24,23000000.0,24000000.0,58671783.0,0.4091612848319002,3.306,0.20495970241785494,NA,NA,0.4388248419486798,0.4388248419486798,1.0,0.6668319900805951,NA,NA,1.0,388112.0,388112.0,388112.0,0.0,0.0,0.0,0.0,0.0,0.0,0.0,0.0,0.0,0.0,0.0,0.0
historical_frozen_i1m_h8_s7_state0_mac0,frozen,historical,final,8,7,i1m,0,0,25000000,25000000,25000004,16107.0,10640.0,0.0,0.0,0.0,1000000.0,3226.0,16107.0,10640.0,0.0,4754.0,0.0,0.0,4813.0,0.0,16107.0,16107.0,0.0,0.0,2432197.0,0.0,74.0,0.0,0.0,0.0,0.0,0.0,25,24000000.0,25000000.0,61103980.0,0.4111509059504637,3.226,0.2002855901160986,NA,NA,0.4468045112781955,0.4468045112781955,1.0,0.6605823554976097,NA,NA,1.0,404219.0,404219.0,404219.0,0.0,0.0,0.0,0.0,0.0,0.0,0.0,0.0,0.0,0.0,0.0,0.0
historical_frozen_i20m_h16_s7_state0_mac0,frozen,historical,final,16,7,i20m,0,0,25000000,25000000,25000004,16163.0,19465.0,0.0,0.0,0.0,1000000.0,3245.0,16162.0,19465.0,0.0,4747.0,0.0,0.0,4852.0,0.0,16163.0,16163.0,0.0,0.0,2434358.0,0.0,39.0,0.0,0.0,0.0,0.0,0.0,1,0.0,1000000.0,2434358.0,0.41078592384521917,3.245,0.200779606484346,NA,NA,0.24387361931672233,0.24387361931672233,1.0,1.2043682712535577,NA,NA,0.9997338107213484,16163.0,16163.0,16163.0,0.0,0.0,0.0,0.0,0.0,0.0,0.0,0.0,0.0,0.0,0.0,0.0
historical_frozen_i20m_h16_s7_state0_mac0,frozen,historical,final,16,7,i20m,0,0,25000000,25000000,25000004,16124.0,19584.0,0.0,0.0,0.0,1000000.0,3263.0,16125.0,19584.0,0.0,4753.0,0.0,0.0,4857.0,0.0,16124.0,16124.0,0.0,0.0,2437723.0,0.0,87.0,0.0,0.0,0.0,0.0,0.0,2,1000000.0,2000000.0,4872081.0,0.410218880488062,3.263,0.20235658914728683,NA,NA,0.24269812091503268,0.24269812091503268,1.0,1.2145116279069768,NA,NA,0.9998744730225706,32287.0,32287.0,32287.0,0.0,0.0,0.0,0.0,0.0,0.0,0.0,0.0,0.0,0.0,0.0,0.0
historical_frozen_i20m_h16_s7_state0_mac0,frozen,historical,final,16,7,i20m,0,0,25000000,25000000,25000004,16133.0,19511.0,0.0,0.0,0.0,1000000.0,3265.0,16133.0,19511.0,0.0,4736.0,0.0,0.0,4833.0,0.0,16133.0,16133.0,0.0,0.0,2441463.0,0.0,112.0,0.0,0.0,0.0,0.0,0.0,3,2000000.0,3000000.0,7313544.0,0.4095904791512302,3.265,0.20238021446724105,NA,NA,0.24273486751063503,0.24273486751063503,1.0,1.209384491415112,NA,NA,0.9991410887652198,48420.0,48420.0,48420.0,0.0,0.0,0.0,0.0,0.0,0.0,0.0,0.0,0.0,0.0,0.0,0.0
historical_frozen_i20m_h16_s7_state0_mac0,frozen,historical,final,16,7,i20m,0,0,25000000,25000000,25000004,16100.0,19618.0,0.0,0.0,0.0,1000000.0,3269.0,16100.0,19618.0,0.0,4734.0,0.0,0.0,4823.0,0.0,16100.0,16100.0,0.0,0.0,2448125.0,0.0,69.0,0.0,0.0,0.0,0.0,0.0,4,3000000.0,4000000.0,9761669.0,0.4084758743936686,3.269,0.20304347826086958,NA,NA,0.24130900193699664,0.24130900193699664,1.0,1.2185093167701864,NA,NA,0.9993227470002553,64520.0,64520.0,64520.0,0.0,0.0,0.0,0.0,0.0,0.0,0.0,0.0,0.0,0.0,0.0,0.0
historical_frozen_i20m_h16_s7_state0_mac0,frozen,historical,final,16,7,i20m,0,0,25000000,25000000,25000004,16178.0,19582.0,0.0,0.0,0.0,1000000.0,3323.0,16178.0,19582.0,0.0,4720.0,0.0,0.0,4859.0,0.0,16178.0,16178.0,0.0,0.0,2424348.0,0.0,145.0,0.0,0.0,0.0,0.0,0.0,5,4000000.0,5000000.0,12186017.0,0.41248203640731446,3.323,0.2054023983187044,NA,NA,0.24103768767235215,0.24103768767235215,1.0,1.2104091976758562,NA,NA,1.0,80698.0,80698.0,80698.0,0.0,0.0,0.0,0.0,0.0,0.0,0.0,0.0,0.0,0.0,0.0,0.0
historical_frozen_i20m_h16_s7_state0_mac0,frozen,historical,final,16,7,i20m,0,0,25000000,25000000,25000004,16126.0,19490.0,0.0,0.0,0.0,1000000.0,3385.0,16126.0,19490.0,0.0,4704.0,0.0,0.0,4894.0,0.0,16126.0,16126.0,0.0,0.0,2334458.0,0.0,169.0,0.0,0.0,0.0,0.0,0.0,6,5000000.0,6000000.0,14520475.0,0.42836495666231733,3.385,0.20990946297904006,NA,NA,0.24135454079014879,0.24135454079014879,1.0,1.2086072181570136,NA,NA,1.0002655862731307,96824.0,96824.0,96824.0,0.0,0.0,0.0,0.0,0.0,0.0,0.0,0.0,0.0,0.0,0.0,0.0
historical_frozen_i20m_h16_s7_state0_mac0,frozen,historical,final,16,7,i20m,0,0,25000000,25000000,25000004,16178.0,19572.0,0.0,0.0,0.0,1000000.0,3357.0,16178.0,19572.0,0.0,4731.0,0.0,0.0,4902.0,0.0,16178.0,16178.0,0.0,0.0,2300604.0,0.0,171.0,0.0,0.0,0.0,0.0,0.0,7,6000000.0,7000000.0,16821079.0,0.4346684609780736,3.357,0.20750401780195327,NA,NA,0.24172286940527285,0.24172286940527285,1.0,1.20979107429843,NA,NA,1.0001516992928814,113002.0,113002.0,113002.0,0.0,0.0,0.0,0.0,0.0,0.0,0.0,0.0,0.0,0.0,0.0,0.0
historical_frozen_i20m_h16_s7_state0_mac0,frozen,historical,final,16,7,i20m,0,0,25000000,25000000,25000004,16132.0,19502.0,0.0,0.0,0.0,1000000.0,3289.0,16132.0,19502.0,0.0,4728.0,0.0,0.0,4856.0,0.0,16132.0,16132.0,0.0,0.0,2289677.0,0.0,160.0,0.0,0.0,0.0,0.0,0.0,8,7000000.0,8000000.0,19110756.0,0.4367428244245804,3.289,0.20388048599057773,NA,NA,0.242436673161727,0.242436673161727,1.0,1.2089015621125714,NA,NA,1.000052409138931,129134.0,129134.0,129134.0,0.0,0.0,0.0,0.0,0.0,0.0,0.0,0.0,0.0,0.0,0.0,0.0
historical_frozen_i20m_h16_s7_state0_mac0,frozen,historical,final,16,7,i20m,0,0,25000000,25000000,25000004,16161.0,19640.0,0.0,0.0,0.0,1000000.0,3343.0,16161.0,19640.0,0.0,4745.0,0.0,0.0,4910.0,0.0,16161.0,16161.0,0.0,0.0,2443524.0,0.0,147.0,0.0,0.0,0.0,0.0,0.0,9,8000000.0,9000000.0,21554280.0,0.4092450084386321,3.343,0.20685601138543408,NA,NA,0.2415987780040733,0.2415987780040733,1.0,1.215271332219541,NA,NA,1.0001068129472026,145295.0,145295.0,145295.0,0.0,0.0,0.0,0.0,0.0,0.0,0.0,0.0,0.0,0.0,0.0,0.0
historical_frozen_i20m_h16_s7_state0_mac0,frozen,historical,final,16,7,i20m,0,0,25000000,25000000,25000004,16148.0,19638.0,0.0,0.0,0.0,1000000.0,3332.0,16148.0,19638.0,0.0,4716.0,0.0,0.0,4874.0,0.0,16148.0,16148.0,0.0,0.0,2436357.0,0.0,150.0,0.0,0.0,0.0,0.0,0.0,10,9000000.0,10000000.0,23990637.0,0.410448879207768,3.332,0.2063413425811246,NA,NA,0.24014665444546288,0.24014665444546288,1.0,1.216125836016844,NA,NA,1.0000032835910337,161443.0,161443.0,161443.0,0.0,0.0,0.0,0.0,0.0,0.0,0.0,0.0,0.0,0.0,0.0,0.0
historical_frozen_i20m_h16_s7_state0_mac0,frozen,historical,final,16,7,i20m,0,0,25000000,25000000,25000004,16137.0,19530.0,0.0,0.0,0.0,1000000.0,3279.0,16137.0,19530.0,0.0,4736.0,0.0,0.0,4852.0,0.0,16137.0,16137.0,0.0,0.0,2430499.0,0.0,127.0,0.0,0.0,0.0,0.0,0.0,11,10000000.0,11000000.0,26421136.0,0.41143814500643694,3.279,0.2031976203755345,NA,NA,0.24249871991807476,0.24249871991807476,1.0,1.2102621305075292,NA,NA,0.9999193581235788,177580.0,177580.0,177580.0,0.0,0.0,0.0,0.0,0.0,0.0,0.0,0.0,0.0,0.0,0.0,0.0
historical_frozen_i20m_h16_s7_state0_mac0,frozen,historical,final,16,7,i20m,0,0,25000000,25000000,25000004,16444.0,20214.0,0.0,0.0,0.0,1000000.0,3761.0,16444.0,20214.0,0.0,4882.0,45.0,0.0,5321.0,0.0,16444.0,16444.0,0.0,0.0,2523886.0,0.0,255.0,0.0,0.0,0.0,0.0,0.0,12,11000000.0,12000000.0,28945022.0,0.396214409050171,3.761,0.22871564096326927,NA,NA,0.24151578114178293,0.24151578114178293,0.9908666531357824,1.2292629530527852,NA,NA,1.0136872267606383,194024.0,194024.0,194024.0,0.0,0.0,0.0,0.0,0.0,0.0,0.0,0.0,0.0,0.0,0.0,0.0
historical_frozen_i20m_h16_s7_state0_mac0,frozen,historical,final,16,7,i20m,0,0,25000000,25000000,25000004,16476.0,20272.0,0.0,0.0,0.0,1000000.0,3925.0,16476.0,20272.0,0.0,4836.0,47.0,0.0,5416.0,0.0,16476.0,16476.0,0.0,0.0,2557309.0,0.0,534.0,0.0,0.0,0.0,0.0,0.0,13,12000000.0,13000000.0,31502331.0,0.39103604609376497,3.925,0.2382252974022821,NA,NA,0.23855564325177586,0.23855564325177586,0.9903747696088471,1.2303957271182326,NA,NA,1.0046869580484799,210500.0,210500.0,210500.0,0.0,0.0,0.0,0.0,0.0,0.0,0.0,0.0,0.0,0.0,0.0,0.0
historical_frozen_i20m_h16_s7_state0_mac0,frozen,historical,final,16,7,i20m,0,0,25000000,25000000,25000004,16459.0,17308.0,0.0,0.0,0.0,1000000.0,4157.0,16459.0,17308.0,0.0,4886.0,13.0,0.0,5363.0,0.0,16459.0,16459.0,0.0,0.0,2621401.0,0.0,682.0,0.0,0.0,0.0,0.0,0.0,14,13000000.0,14000000.0,34123732.0,0.3814754018938728,4.157,0.25256698462847077,NA,NA,0.2822972036052692,0.2822972036052692,0.9973463972239233,1.051582720699921,NA,NA,0.9935484880031709,226959.0,226959.0,226959.0,0.0,0.0,0.0,0.0,0.0,0.0,0.0,0.0,0.0,0.0,0.0,0.0
historical_frozen_i20m_h16_s7_state0_mac0,frozen,historical,final,16,7,i20m,0,0,25000000,25000000,25000004,16095.0,14573.0,0.0,0.0,0.0,1000000.0,3301.0,16095.0,14573.0,0.0,4747.0,0.0,0.0,4899.0,0.0,16095.0,16095.0,0.0,0.0,2440425.0,0.0,184.0,0.0,0.0,0.0,0.0,0.0,15,14000000.0,15000000.0,36564157.0,0.40976469262525994,3.301,0.20509474992233612,NA,NA,0.32573938104714195,0.32573938104714195,1.0,0.9054364709537124,NA,NA,1.0005392503354948,243054.0,243054.0,243054.0,0.0,0.0,0.0,0.0,0.0,0.0,0.0,0.0,0.0,0.0,0.0,0.0
historical_frozen_i20m_h16_s7_state0_mac0,frozen,historical,final,16,7,i20m,0,0,25000000,25000000,25000004,16112.0,14495.0,0.0,0.0,0.0,1000000.0,3292.0,16112.0,14495.0,0.0,4735.0,0.0,0.0,4865.0,0.0,16112.0,16112.0,0.0,0.0,2442645.0,0.0,145.0,0.0,0.0,0.0,0.0,0.0,16,15000000.0,16000000.0,39006802.0,0.40939227763346697,3.292,0.20431976166832175,NA,NA,0.3266643670231114,0.3266643670231114,1.0,0.8996400198609732,NA,NA,1.0001678508338296,259166.0,259166.0,259166.0,0.0,0.0,0.0,0.0,0.0,0.0,0.0,0.0,0.0,0.0,0.0,0.0
historical_frozen_i20m_h16_s7_state0_mac0,frozen,historical,final,16,7,i20m,0,0,25000000,25000000,25000004,16140.0,14659.0,0.0,0.0,0.0,1000000.0,3313.0,16140.0,14659.0,0.0,4724.0,0.0,0.0,4875.0,0.0,16140.0,16140.0,0.0,0.0,2440166.0,0.0,131.0,0.0,0.0,0.0,0.0,0.0,17,16000000.0,17000000.0,41446968.0,0.4098081851808443,3.313,0.20526641883519206,NA,NA,0.32225936284876183,0.32225936284876183,1.0,0.9082403965303594,NA,NA,0.9996582199735593,275306.0,275306.0,275306.0,0.0,0.0,0.0,0.0,0.0,0.0,0.0,0.0,0.0,0.0,0.0,0.0
historical_frozen_i20m_h16_s7_state0_mac0,frozen,historical,final,16,7,i20m,0,0,25000000,25000000,25000004,16122.0,14536.0,0.0,0.0,0.0,1000000.0,3312.0,16122.0,14536.0,0.0,4732.0,0.0,0.0,4867.0,0.0,16122.0,16122.0,0.0,0.0,2452424.0,0.0,150.0,0.0,0.0,0.0,0.0,0.0,18,17000000.0,18000000.0,43899392.0,0.40775983272060623,3.312,0.20543356903609974,NA,NA,0.325536598789213,0.325536598789213,1.0,0.9016251085473266,NA,NA,0.9999062152384743,291428.0,291428.0,291428.0,0.0,0.0,0.0,0.0,0.0,0.0,0.0,0.0,0.0,0.0,0.0,0.0
historical_frozen_i20m_h16_s7_state0_mac0,frozen,historical,final,16,7,i20m,0,0,25000000,25000000,25000004,16101.0,14485.0,0.0,0.0,0.0,1000000.0,3269.0,16101.0,14485.0,0.0,4731.0,0.0,0.0,4842.0,0.0,16101.0,16101.0,0.0,0.0,2441576.0,0.0,124.0,0.0,0.0,0.0,0.0,0.0,19,18000000.0,19000000.0,46340968.0,0.40957152265585833,3.269,0.20303086764797218,NA,NA,0.3266137383500173,0.3266137383500173,1.0,0.8996335631327247,NA,NA,1.0001298341726819,307529.0,307529.0,307529.0,0.0,0.0,0.0,0.0,0.0,0.0,0.0,0.0,0.0,0.0,0.0,0.0
historical_frozen_i20m_h16_s7_state0_mac0,frozen,historical,final,16,7,i20m,0,0,25000000,25000000,25000004,16119.0,14711.0,0.0,0.0,0.0,1000000.0,3292.0,16119.0,14711.0,0.0,4726.0,0.0,0.0,4845.0,0.0,16119.0,16119.0,0.0,0.0,2439599.0,0.0,106.0,0.0,0.0,0.0,0.0,0.0,20,19000000.0,20000000.0,48780567.0,0.4099034308507259,3.292,0.20423103170171847,NA,NA,0.3212562028414112,0.3212562028414112,1.0,0.9126496680935542,NA,NA,1.0005509102110635,323648.0,323648.0,323648.0,0.0,0.0,0.0,0.0,0.0,0.0,0.0,0.0,0.0,0.0,0.0,0.0
historical_frozen_i20m_h16_s7_state0_mac0,frozen,historical,final,16,7,i20m,0,0,25000000,25000000,25000004,16118.0,14503.0,0.0,0.0,0.0,1000000.0,3285.0,16118.0,14503.0,0.0,4740.0,0.0,0.0,4858.0,0.0,16118.0,16118.0,0.0,0.0,2430439.0,0.0,122.0,0.0,0.0,0.0,0.0,0.0,21,20000000.0,21000000.0,51211006.0,0.4114483021380088,3.285,0.2038094056334533,NA,NA,0.3268289319451148,0.3268289319451148,1.0,0.8998014642015139,NA,NA,1.0000345616573796,339766.0,339766.0,339766.0,0.0,0.0,0.0,0.0,0.0,0.0,0.0,0.0,0.0,0.0,0.0,0.0
historical_frozen_i20m_h16_s7_state0_mac0,frozen,historical,final,16,7,i20m,0,0,25000000,25000000,25000004,16085.0,14526.0,0.0,0.0,0.0,1000000.0,3305.0,16084.0,14526.0,0.0,4729.0,0.0,0.0,4856.0,0.0,16085.0,16085.0,0.0,0.0,2449182.0,0.0,123.0,0.0,0.0,0.0,0.0,0.0,22,21000000.0,22000000.0,53660188.0,0.408299587372437,3.305,0.2054837105197712,NA,NA,0.32555417871403003,0.32555417871403003,1.0,0.9031335488684407,NA,NA,1.0,355851.0,355851.0,355851.0,0.0,0.0,0.0,0.0,0.0,0.0,0.0,0.0,0.0,0.0,0.0,0.0
historical_frozen_i20m_h16_s7_state0_mac0,frozen,historical,final,16,7,i20m,0,0,25000000,25000000,25000004,16131.0,14747.0,0.0,0.0,0.0,1000000.0,3308.0,16132.0,14747.0,0.0,4737.0,0.0,0.0,4887.0,0.0,16131.0,16131.0,0.0,0.0,2451351.0,0.0,136.0,0.0,0.0,0.0,0.0,0.0,23,22000000.0,23000000.0,56111539.0,0.40793831646304424,3.308,0.20505826927845278,NA,NA,0.3212178748219977,0.3212178748219977,1.0,0.9141457971733201,NA,NA,0.9999751157626957,371982.0,371982.0,371982.0,0.0,0.0,0.0,0.0,0.0,0.0,0.0,0.0,0.0,0.0,0.0,0.0
historical_frozen_i20m_h16_s7_state0_mac0,frozen,historical,final,16,7,i20m,0,0,25000000,25000000,25000004,16130.0,14905.0,0.0,0.0,0.0,1000000.0,3296.0,16130.0,14905.0,0.0,4730.0,0.0,0.0,4877.0,0.0,16130.0,16130.0,0.0,0.0,2441953.0,0.0,162.0,0.0,0.0,0.0,0.0,0.0,24,23000000.0,24000000.0,58553492.0,0.40950829110961595,3.296,0.20433973961562307,NA,NA,0.3173431734317343,0.3173431734317343,1.0,0.9240545567265964,NA,NA,1.0005053332312293,388112.0,388112.0,388112.0,0.0,0.0,0.0,0.0,0.0,0.0,0.0,0.0,0.0,0.0,0.0,0.0
historical_frozen_i20m_h16_s7_state0_mac0,frozen,historical,final,16,7,i20m,0,0,25000000,25000000,25000004,16107.0,14518.0,0.0,0.0,0.0,1000000.0,3217.0,16107.0,14518.0,0.0,4763.0,0.0,0.0,4840.0,0.0,16107.0,16107.0,0.0,0.0,2430132.0,0.0,93.0,0.0,0.0,0.0,0.0,0.0,25,24000000.0,25000000.0,60983624.0,0.4115002806431914,3.217,0.1997268268454709,NA,NA,0.3280754924920788,0.3280754924920788,1.0,0.9013472403302912,NA,NA,1.000532892863433,404219.0,404219.0,404219.0,0.0,0.0,0.0,0.0,0.0,0.0,0.0,0.0,0.0,0.0,0.0,0.0
historical_frozen_i20m_h8_s7_state0_mac0,frozen,historical,final,8,7,i20m,0,0,25000000,25000000,25000004,16163.0,18266.0,0.0,0.0,0.0,1000000.0,3381.0,16162.0,18266.0,0.0,4611.0,0.0,0.0,4717.0,0.0,16163.0,16163.0,0.0,0.0,2444348.0,0.0,40.0,0.0,0.0,0.0,0.0,0.0,1,0.0,1000000.0,2444348.0,0.40910705022361793,3.381,0.20919440663284247,NA,NA,0.25243622030001095,0.25243622030001095,1.0,1.1301819081796807,NA,NA,0.9967803275147402,16163.0,16163.0,16163.0,0.0,0.0,0.0,0.0,0.0,0.0,0.0,0.0,0.0,0.0,0.0,0.0
historical_frozen_i20m_h8_s7_state0_mac0,frozen,historical,final,8,7,i20m,0,0,25000000,25000000,25000004,16124.0,18403.0,0.0,0.0,0.0,1000000.0,3403.0,16125.0,18403.0,0.0,4613.0,0.0,0.0,4709.0,0.0,16124.0,16124.0,0.0,0.0,2448802.0,0.0,82.0,0.0,0.0,0.0,0.0,0.0,2,1000000.0,2000000.0,4893150.0,0.4083629464530003,3.403,0.21103875968992247,NA,NA,0.2506656523392925,0.2506656523392925,1.0,1.1412713178294573,NA,NA,0.997024259209197,32287.0,32287.0,32287.0,0.0,0.0,0.0,0.0,0.0,0.0,0.0,0.0,0.0,0.0,0.0,0.0
historical_frozen_i20m_h8_s7_state0_mac0,frozen,historical,final,8,7,i20m,0,0,25000000,25000000,25000004,16133.0,18304.0,0.0,0.0,0.0,1000000.0,3398.0,16133.0,18304.0,0.0,4603.0,0.0,0.0,4700.0,0.0,16133.0,16133.0,0.0,0.0,2451493.0,0.0,110.0,0.0,0.0,0.0,0.0,0.0,3,2000000.0,3000000.0,7344643.0,0.4079146870906831,3.398,0.21062418645013326,NA,NA,0.2514750874125874,0.2514750874125874,1.0,1.1345688960515714,NA,NA,0.9961292975341965,48420.0,48420.0,48420.0,0.0,0.0,0.0,0.0,0.0,0.0,0.0,0.0,0.0,0.0,0.0,0.0
historical_frozen_i20m_h8_s7_state0_mac0,frozen,historical,final,8,7,i20m,0,0,25000000,25000000,25000004,16100.0,18391.0,0.0,0.0,0.0,1000000.0,3365.0,16100.0,18391.0,0.0,4638.0,0.0,0.0,4731.0,0.0,16100.0,16100.0,0.0,0.0,2455169.0,0.0,73.0,0.0,0.0,0.0,0.0,0.0,4,3000000.0,4000000.0,9799812.0,0.4073039371220474,3.365,0.20900621118012422,NA,NA,0.2521885704964385,0.2521885704964385,1.0,1.1422981366459628,NA,NA,0.9974083250480924,64520.0,64520.0,64520.0,0.0,0.0,0.0,0.0,0.0,0.0,0.0,0.0,0.0,0.0,0.0,0.0
historical_frozen_i20m_h8_s7_state0_mac0,frozen,historical,final,8,7,i20m,0,0,25000000,25000000,25000004,16178.0,18366.0,0.0,0.0,0.0,1000000.0,3427.0,16178.0,18366.0,0.0,4616.0,3.0,0.0,4741.0,0.0,16178.0,16178.0,0.0,0.0,2430721.0,0.0,137.0,0.0,0.0,0.0,0.0,0.0,5,4000000.0,5000000.0,12230533.0,0.41140056797962415,3.427,0.21183088144393622,NA,NA,0.2513339867145813,0.2513339867145813,0.9993505087681316,1.135245394980838,NA,NA,0.9979294209413586,80698.0,80698.0,80698.0,0.0,0.0,0.0,0.0,0.0,0.0,0.0,0.0,0.0,0.0,0.0,0.0
historical_frozen_i20m_h8_s7_state0_mac0,frozen,historical,final,8,7,i20m,0,0,25000000,25000000,25000004,16126.0,18289.0,0.0,0.0,0.0,1000000.0,3518.0,16126.0,18289.0,0.0,4571.0,0.0,0.0,4759.0,0.0,16126.0,16126.0,0.0,0.0,2337086.0,0.0,168.0,0.0,0.0,0.0,0.0,0.0,6,5000000.0,6000000.0,14567619.0,0.4278832700208721,3.518,0.2181570135185415,NA,NA,0.24993165290611843,0.24993165290611843,1.0,1.1341312166687336,NA,NA,0.9992922810713855,96824.0,96824.0,96824.0,0.0,0.0,0.0,0.0,0.0,0.0,0.0,0.0,0.0,0.0,0.0,0.0
historical_frozen_i20m_h8_s7_state0_mac0,frozen,historical,final,8,7,i20m,0,0,25000000,25000000,25000004,16178.0,18433.0,0.0,0.0,0.0,1000000.0,3449.0,16178.0,18433.0,0.0,4639.0,0.0,0.0,4806.0,0.0,16178.0,16178.0,0.0,0.0,2301897.0,0.0,163.0,0.0,0.0,0.0,0.0,0.0,7,6000000.0,7000000.0,16869516.0,0.43442430308567237,3.449,0.2131907528742737,NA,NA,0.2516682037649867,0.2516682037649867,1.0,1.1393868216095933,NA,NA,0.9996733129240795,113002.0,113002.0,113002.0,0.0,0.0,0.0,0.0,0.0,0.0,0.0,0.0,0.0,0.0,0.0,0.0
historical_frozen_i20m_h8_s7_state0_mac0,frozen,historical,final,8,7,i20m,0,0,25000000,25000000,25000004,16132.0,18245.0,0.0,0.0,0.0,1000000.0,3455.0,16132.0,18245.0,0.0,4562.0,0.0,0.0,4673.0,0.0,16132.0,16132.0,0.0,0.0,2291854.0,0.0,149.0,0.0,0.0,0.0,0.0,0.0,8,7000000.0,8000000.0,19161370.0,0.43632796853551753,3.455,0.21417059261095958,NA,NA,0.25004110715264455,0.25004110715264455,1.0,1.1309818993305232,NA,NA,0.9991024733687224,129134.0,129134.0,129134.0,0.0,0.0,0.0,0.0,0.0,0.0,0.0,0.0,0.0,0.0,0.0,0.0
historical_frozen_i20m_h8_s7_state0_mac0,frozen,historical,final,8,7,i20m,0,0,25000000,25000000,25000004,16161.0,18462.0,0.0,0.0,0.0,1000000.0,3454.0,16161.0,18462.0,0.0,4634.0,0.0,0.0,4793.0,0.0,16161.0,16161.0,0.0,0.0,2451140.0,0.0,129.0,0.0,0.0,0.0,0.0,0.0,9,8000000.0,9000000.0,21612510.0,0.407973432770058,3.454,0.213724398242683,NA,NA,0.2510020582818763,0.2510020582818763,1.0,1.142379803229998,NA,NA,0.9974334391344435,145295.0,145295.0,145295.0,0.0,0.0,0.0,0.0,0.0,0.0,0.0,0.0,0.0,0.0,0.0,0.0
historical_frozen_i20m_h8_s7_state0_mac0,frozen,historical,final,8,7,i20m,0,0,25000000,25000000,25000004,16148.0,18487.0,0.0,0.0,0.0,1000000.0,3403.0,16148.0,18487.0,0.0,4645.0,0.0,0.0,4807.0,0.0,16148.0,16148.0,0.0,0.0,2442577.0,0.0,156.0,0.0,0.0,0.0,0.0,0.0,10,9000000.0,10000000.0,24055087.0,0.40940367488926654,3.403,0.21073817190983404,NA,NA,0.25125764050413807,0.25125764050413807,1.0,1.1448476591528363,NA,NA,0.9977126616683937,161443.0,161443.0,161443.0,0.0,0.0,0.0,0.0,0.0,0.0,0.0,0.0,0.0,0.0,0.0,0.0
historical_frozen_i20m_h8_s7_state0_mac0,frozen,historical,final,8,7,i20m,0,0,25000000,25000000,25000004,16137.0,18408.0,0.0,0.0,0.0,1000000.0,3338.0,16137.0,18408.0,0.0,4677.0,0.0,0.0,4791.0,0.0,16137.0,16137.0,0.0,0.0,2434504.0,0.0,124.0,0.0,0.0,0.0,0.0,0.0,11,10000000.0,11000000.0,26489591.0,0.4107612885417317,3.338,0.2068538142157774,NA,NA,0.2540743155149935,0.2540743155149935,1.0,1.140732478155791,NA,NA,0.9986514706897175,177580.0,177580.0,177580.0,0.0,0.0,0.0,0.0,0.0,0.0,0.0,0.0,0.0,0.0,0.0,0.0
historical_frozen_i20m_h8_s7_state0_mac0,frozen,historical,final,8,7,i20m,0,0,25000000,25000000,25000004,16444.0,19253.0,0.0,0.0,0.0,1000000.0,3819.0,16444.0,19253.0,0.0,4824.0,43.0,0.0,5337.0,0.0,16444.0,16444.0,0.0,0.0,2527201.0,0.0,280.0,0.0,0.0,0.0,0.0,0.0,12,11000000.0,12000000.0,29016792.0,0.39569468356494003,3.819,0.2322427633179275,NA,NA,0.25055835454214925,0.25055835454214925,0.9911649886994042,1.1708221843833617,NA,NA,1.0120813500786048,194024.0,194024.0,194024.0,0.0,0.0,0.0,0.0,0.0,0.0,0.0,0.0,0.0,0.0,0.0,0.0
historical_frozen_i20m_h8_s7_state0_mac0,frozen,historical,final,8,7,i20m,0,0,25000000,25000000,25000004,16476.0,19229.0,0.0,0.0,0.0,1000000.0,3988.0,16476.0,19229.0,0.0,4773.0,32.0,0.0,5388.0,0.0,16476.0,16476.0,0.0,0.0,2561851.0,0.0,602.0,0.0,0.0,0.0,0.0,0.0,13,12000000.0,13000000.0,31578643.0,0.39034276388439454,3.988,0.24204904102937605,NA,NA,0.24821883613292423,0.24821883613292423,0.9933402705515089,1.1670915270696771,NA,NA,1.0121341951581102,210500.0,210500.0,210500.0,0.0,0.0,0.0,0.0,0.0,0.0,0.0,0.0,0.0,0.0,0.0,0.0
historical_frozen_i20m_h8_s7_state0_mac0,frozen,historical,final,8,7,i20m,0,0,25000000,25000000,25000004,16459.0,18714.0,0.0,0.0,0.0,1000000.0,4078.0,16459.0,18714.0,0.0,4966.0,11.0,0.0,5450.0,0.0,16459.0,16459.0,0.0,0.0,2614273.0,0.0,700.0,0.0,0.0,0.0,0.0,0.0,14,13000000.0,14000000.0,34192916.0,0.3825155215235746,4.078,0.24776717905097514,NA,NA,0.2653628299668697,0.2653628299668697,0.9977898332328712,1.1370071085728173,NA,NA,1.009661959558164,226959.0,226959.0,226959.0,0.0,0.0,0.0,0.0,0.0,0.0,0.0,0.0,0.0,0.0,0.0,0.0
historical_frozen_i20m_h8_s7_state0_mac0,frozen,historical,final,8,7,i20m,0,0,25000000,25000000,25000004,16095.0,17746.0,0.0,0.0,0.0,1000000.0,3341.0,16095.0,17746.0,0.0,4707.0,0.0,0.0,4862.0,0.0,16095.0,16095.0,0.0,0.0,2442290.0,0.0,192.0,0.0,0.0,0.0,0.0,0.0,15,14000000.0,15000000.0,36635206.0,0.40945178500505675,3.341,0.20757999378689035,NA,NA,0.26524287163304405,0.26524287163304405,1.0,1.102578440509475,NA,NA,1.001280355731711,243054.0,243054.0,243054.0,0.0,0.0,0.0,0.0,0.0,0.0,0.0,0.0,0.0,0.0,0.0,0.0
historical_frozen_i20m_h8_s7_state0_mac0,frozen,historical,final,8,7,i20m,0,0,25000000,25000000,25000004,16112.0,17874.0,0.0,0.0,0.0,1000000.0,3346.0,16112.0,17874.0,0.0,4681.0,0.0,0.0,4803.0,0.0,16112.0,16112.0,0.0,0.0,2445685.0,0.0,142.0,0.0,0.0,0.0,0.0,0.0,16,15000000.0,16000000.0,39080891.0,0.40888340076502083,3.346,0.2076713008937438,NA,NA,0.2618887769945172,0.2618887769945172,1.0,1.1093594836146972,NA,NA,1.000234699072039,259166.0,259166.0,259166.0,0.0,0.0,0.0,0.0,0.0,0.0,0.0,0.0,0.0,0.0,0.0,0.0
historical_frozen_i20m_h8_s7_state0_mac0,frozen,historical,final,8,7,i20m,0,0,25000000,25000000,25000004,16140.0,17925.0,0.0,0.0,0.0,1000000.0,3310.0,16140.0,17925.0,0.0,4727.0,2.0,0.0,4883.0,0.0,16140.0,16140.0,0.0,0.0,2439694.0,0.0,129.0,0.0,0.0,0.0,0.0,0.0,17,16000000.0,17000000.0,41520585.0,0.4098874694941251,3.31,0.20508054522924413,NA,NA,0.26370990237099023,0.26370990237099023,0.9995770776062592,1.1105947955390334,NA,NA,1.0012390898202808,275306.0,275306.0,275306.0,0.0,0.0,0.0,0.0,0.0,0.0,0.0,0.0,0.0,0.0,0.0,0.0
historical_frozen_i20m_h8_s7_state0_mac0,frozen,historical,final,8,7,i20m,0,0,25000000,25000000,25000004,16122.0,17876.0,0.0,0.0,0.0,1000000.0,3342.0,16122.0,17876.0,0.0,4702.0,0.0,0.0,4860.0,0.0,16122.0,16122.0,0.0,0.0,2454080.0,0.0,168.0,0.0,0.0,0.0,0.0,0.0,18,17000000.0,18000000.0,43974665.0,0.40748467857608556,3.342,0.20729438034983252,NA,NA,0.26303423584694563,0.26303423584694563,1.0,1.108795434809577,NA,NA,0.9991732135871692,291428.0,291428.0,291428.0,0.0,0.0,0.0,0.0,0.0,0.0,0.0,0.0,0.0,0.0,0.0,0.0
historical_frozen_i20m_h8_s7_state0_mac0,frozen,historical,final,8,7,i20m,0,0,25000000,25000000,25000004,16101.0,17704.0,0.0,0.0,0.0,1000000.0,3320.0,16101.0,17704.0,0.0,4680.0,0.0,0.0,4783.0,0.0,16101.0,16101.0,0.0,0.0,2445657.0,0.0,128.0,0.0,0.0,0.0,0.0,0.0,19,18000000.0,19000000.0,46420322.0,0.40888808201640703,3.32,0.20619837277187753,NA,NA,0.26434704021690014,0.26434704021690014,1.0,1.0995590336003975,NA,NA,0.9992713614378467,307529.0,307529.0,307529.0,0.0,0.0,0.0,0.0,0.0,0.0,0.0,0.0,0.0,0.0,0.0,0.0
historical_frozen_i20m_h8_s7_state0_mac0,frozen,historical,final,8,7,i20m,0,0,25000000,25000000,25000004,16119.0,17687.0,0.0,0.0,0.0,1000000.0,3410.0,16119.0,17687.0,0.0,4608.0,1.0,0.0,4715.0,0.0,16119.0,16119.0,0.0,0.0,2448682.0,0.0,94.0,0.0,0.0,0.0,0.0,0.0,20,19000000.0,20000000.0,48869004.0,0.4083829586691943,3.41,0.21155158508592345,NA,NA,0.26053033301294737,0.26053033301294737,0.999783033195921,1.0972765059867238,NA,NA,0.9971262091198448,323648.0,323648.0,323648.0,0.0,0.0,0.0,0.0,0.0,0.0,0.0,0.0,0.0,0.0,0.0,0.0
historical_frozen_i20m_h8_s7_state0_mac0,frozen,historical,final,8,7,i20m,0,0,25000000,25000000,25000004,16118.0,17829.0,0.0,0.0,0.0,1000000.0,3283.0,16118.0,17829.0,0.0,4742.0,0.0,0.0,4867.0,0.0,16118.0,16118.0,0.0,0.0,2430491.0,0.0,118.0,0.0,0.0,0.0,0.0,0.0,21,20000000.0,21000000.0,51299495.0,0.41143949926167184,3.283,0.20368532075939944,NA,NA,0.2659711705648101,0.2659711705648101,1.0,1.106154609753071,NA,NA,1.0000954539638287,339766.0,339766.0,339766.0,0.0,0.0,0.0,0.0,0.0,0.0,0.0,0.0,0.0,0.0,0.0,0.0
historical_frozen_i20m_h8_s7_state0_mac0,frozen,historical,final,8,7,i20m,0,0,25000000,25000000,25000004,16085.0,17800.0,0.0,0.0,0.0,1000000.0,3298.0,16084.0,17800.0,0.0,4736.0,0.0,0.0,4868.0,0.0,16085.0,16085.0,0.0,0.0,2447655.0,0.0,131.0,0.0,0.0,0.0,0.0,0.0,22,21000000.0,22000000.0,53747150.0,0.4085543101458335,3.298,0.20504849539915443,NA,NA,0.2660674157303371,0.2660674157303371,1.0,1.1066898781397663,NA,NA,1.0006320335177956,355851.0,355851.0,355851.0,0.0,0.0,0.0,0.0,0.0,0.0,0.0,0.0,0.0,0.0,0.0,0.0
historical_frozen_i20m_h8_s7_state0_mac0,frozen,historical,final,8,7,i20m,0,0,25000000,25000000,25000004,16131.0,17904.0,0.0,0.0,0.0,1000000.0,3324.0,16132.0,17904.0,0.0,4721.0,0.0,0.0,4875.0,0.0,16131.0,16131.0,0.0,0.0,2452062.0,0.0,142.0,0.0,0.0,0.0,0.0,0.0,23,22000000.0,23000000.0,56199212.0,0.4078200306517535,3.324,0.20605008678403175,NA,NA,0.2636840929401251,0.2636840929401251,1.0,1.1098437887428714,NA,NA,0.999869905410222,371982.0,371982.0,371982.0,0.0,0.0,0.0,0.0,0.0,0.0,0.0,0.0,0.0,0.0,0.0,0.0
historical_frozen_i20m_h8_s7_state0_mac0,frozen,historical,final,8,7,i20m,0,0,25000000,25000000,25000004,16130.0,17889.0,0.0,0.0,0.0,1000000.0,3383.0,16130.0,17889.0,0.0,4643.0,0.0,0.0,4773.0,0.0,16130.0,16130.0,0.0,0.0,2447899.0,0.0,146.0,0.0,0.0,0.0,0.0,0.0,24,23000000.0,24000000.0,58647111.0,0.40851358654911823,3.383,0.2097334159950403,NA,NA,0.2595449717703617,0.2595449717703617,1.0,1.1090514569125853,NA,NA,0.9984170098521221,388112.0,388112.0,388112.0,0.0,0.0,0.0,0.0,0.0,0.0,0.0,0.0,0.0,0.0,0.0,0.0
historical_frozen_i20m_h8_s7_state0_mac0,frozen,historical,final,8,7,i20m,0,0,25000000,25000000,25000004,16107.0,17646.0,0.0,0.0,0.0,1000000.0,3356.0,16107.0,17646.0,0.0,4624.0,1.0,0.0,4694.0,0.0,16107.0,16107.0,0.0,0.0,2439666.0,0.0,88.0,0.0,0.0,0.0,0.0,0.0,25,24000000.0,25000000.0,61086777.0,0.40989217376476944,3.356,0.20835661513627615,NA,NA,0.26204238921001927,0.26204238921001927,0.9997837837837837,1.0955485192773329,NA,NA,0.9969385153541509,404219.0,404219.0,404219.0,0.0,0.0,0.0,0.0,0.0,0.0,0.0,0.0,0.0,0.0,0.0,0.0
