run_id,arm,protocol,phase,hidden_size,seed,checkpoint,state_capacity,service_case,slice_origin_instructions,simulation_instructions,observed_trace_origin_records,event,start_instructions,enqueued,timely,late,unused,redundant_cache,redundant_inflight,pending,resident_unused,censored
cold_frozen_i1m_h16_s7_state0_mac0,frozen,cold,final,16,7,i1m,0,0,25000000,25000000,25000000,cohort,0,1922,784,0,8,834,295,0,1,1
cold_frozen_i1m_h16_s7_state0_mac0,frozen,cold,final,16,7,i1m,0,0,25000000,25000000,25000000,cohort,100000,1926,473,0,9,1279,164,0,1,1
cold_frozen_i1m_h16_s7_state0_mac0,frozen,cold,final,16,7,i1m,0,0,25000000,25000000,25000000,cohort,200000,1930,474,0,7,1286,163,0,0,0
cold_frozen_i1m_h16_s7_state0_mac0,frozen,cold,final,16,7,i1m,0,0,25000000,25000000,25000000,cohort,300000,1946,478,0,6,1297,165,0,0,0
cold_frozen_i1m_h16_s7_state0_mac0,frozen,cold,final,16,7,i1m,0,0,25000000,25000000,25000000,cohort,400000,1934,475,0,3,1296,160,0,0,0
cold_frozen_i1m_h16_s7_state0_mac0,frozen,cold,final,16,7,i1m,0,0,25000000,25000000,25000000,cohort,500000,1962,474,0,8,1315,165,0,0,0
cold_frozen_i1m_h16_s7_state0_mac0,frozen,cold,final,16,7,i1m,0,0,25000000,25000000,25000000,cohort,600000,1948,474,0,7,1303,164,0,0,0
cold_frozen_i1m_h16_s7_state0_mac0,frozen,cold,final,16,7,i1m,0,0,25000000,25000000,25000000,cohort,700000,1958,472,0,9,1310,167,0,0,0
cold_frozen_i1m_h16_s7_state0_mac0,frozen,cold,final,16,7,i1m,0,0,25000000,25000000,25000000,cohort,800000,1968,475,0,3,1331,159,0,0,0
cold_frozen_i1m_h16_s7_state0_mac0,frozen,cold,final,16,7,i1m,0,0,25000000,25000000,25000000,cohort,900000,1960,475,0,6,1311,168,0,0,0
cold_frozen_i1m_h16_s7_state0_mac0,frozen,cold,final,16,7,i1m,0,0,25000000,25000000,25000000,cohort,1000000,1952,476,0,3,1311,162,0,0,0
cold_frozen_i1m_h16_s7_state0_mac0,frozen,cold,final,16,7,i1m,0,0,25000000,25000000,25000000,cohort,1100000,1936,475,0,6,1292,163,0,0,0
cold_frozen_i1m_h16_s7_state0_mac0,frozen,cold,final,16,7,i1m,0,0,25000000,25000000,25000000,cohort,1200000,1956,471,0,11,1306,168,0,0,0
cold_frozen_i1m_h16_s7_state0_mac0,frozen,cold,final,16,7,i1m,0,0,25000000,25000000,25000000,cohort,1300000,1948,473,0,6,1305,164,0,0,0
cold_frozen_i1m_h16_s7_state0_mac0,frozen,cold,final,16,7,i1m,0,0,25000000,25000000,25000000,cohort,1400000,1968,476,0,5,1322,165,0,0,0
cold_frozen_i1m_h16_s7_state0_mac0,frozen,cold,final,16,7,i1m,0,0,25000000,25000000,25000000,cohort,1500000,1934,475,0,3,1296,160,0,0,0
cold_frozen_i1m_h16_s7_state0_mac0,frozen,cold,final,16,7,i1m,0,0,25000000,25000000,25000000,cohort,1600000,1858,453,0,13,1229,163,0,0,0
cold_frozen_i1m_h16_s7_state0_mac0,frozen,cold,final,16,7,i1m,0,0,25000000,25000000,25000000,cohort,1700000,1948,474,0,8,1300,166,0,0,0
cold_frozen_i1m_h16_s7_state0_mac0,frozen,cold,final,16,7,i1m,0,0,25000000,25000000,25000000,cohort,1800000,1944,471,0,9,1301,163,0,0,0
cold_frozen_i1m_h16_s7_state0_mac0,frozen,cold,final,16,7,i1m,0,0,25000000,25000000,25000000,cohort,1900000,1946,470,1,11,1294,170,0,0,0
cold_frozen_i1m_h16_s7_state0_mac0,frozen,cold,final,16,7,i1m,0,0,25000000,25000000,25000000,cohort,2000000,1928,476,0,1,1293,158,0,0,0
cold_frozen_i1m_h16_s7_state0_mac0,frozen,cold,final,16,7,i1m,0,0,25000000,25000000,25000000,cohort,2100000,1946,473,0,4,1303,166,0,0,0
cold_frozen_i1m_h16_s7_state0_mac0,frozen,cold,final,16,7,i1m,0,0,25000000,25000000,25000000,cohort,2200000,1940,473,0,3,1304,160,0,0,0
cold_frozen_i1m_h16_s7_state0_mac0,frozen,cold,final,16,7,i1m,0,0,25000000,25000000,25000000,cohort,2300000,1948,472,0,7,1304,165,0,0,0
cold_frozen_i1m_h16_s7_state0_mac0,frozen,cold,final,16,7,i1m,0,0,25000000,25000000,25000000,cohort,2400000,1930,463,0,10,1291,166,0,0,0
cold_frozen_i1m_h16_s7_state0_mac0,frozen,cold,final,16,7,i1m,0,0,25000000,25000000,25000000,cohort,2500000,1910,471,0,7,1267,165,0,0,0
cold_frozen_i1m_h16_s7_state0_mac0,frozen,cold,final,16,7,i1m,0,0,25000000,25000000,25000000,cohort,2600000,1970,472,0,19,1305,174,0,0,0
cold_frozen_i1m_h16_s7_state0_mac0,frozen,cold,final,16,7,i1m,0,0,25000000,25000000,25000000,cohort,2700000,1948,478,0,3,1300,167,0,0,0
cold_frozen_i1m_h16_s7_state0_mac0,frozen,cold,final,16,7,i1m,0,0,25000000,25000000,25000000,cohort,2800000,1950,471,0,5,1313,161,0,0,0
cold_frozen_i1m_h16_s7_state0_mac0,frozen,cold,final,16,7,i1m,0,0,25000000,25000000,25000000,cohort,2900000,1938,474,0,4,1291,169,0,0,0
cold_frozen_i1m_h16_s7_state0_mac0,frozen,cold,final,16,7,i1m,0,0,25000000,25000000,25000000,cohort,3000000,1942,475,0,4,1302,161,0,0,0
cold_frozen_i1m_h16_s7_state0_mac0,frozen,cold,final,16,7,i1m,0,0,25000000,25000000,25000000,cohort,3100000,1932,470,0,2,1297,163,0,0,0
cold_frozen_i1m_h16_s7_state0_mac0,frozen,cold,final,16,7,i1m,0,0,25000000,25000000,25000000,cohort,3200000,1952,476,0,5,1305,166,0,0,0
cold_frozen_i1m_h16_s7_state0_mac0,frozen,cold,final,16,7,i1m,0,0,25000000,25000000,25000000,cohort,3300000,1954,477,0,5,1306,166,0,0,0
cold_frozen_i1m_h16_s7_state0_mac0,frozen,cold,final,16,7,i1m,0,0,25000000,25000000,25000000,cohort,3400000,1930,472,0,4,1293,161,0,0,0
cold_frozen_i1m_h16_s7_state0_mac0,frozen,cold,final,16,7,i1m,0,0,25000000,25000000,25000000,cohort,3500000,1954,471,0,12,1301,170,0,0,0
cold_frozen_i1m_h16_s7_state0_mac0,frozen,cold,final,16,7,i1m,0,0,25000000,25000000,25000000,cohort,3600000,1928,468,0,21,1263,176,0,0,0
cold_frozen_i1m_h16_s7_state0_mac0,frozen,cold,final,16,7,i1m,0,0,25000000,25000000,25000000,cohort,3700000,1946,473,0,4,1302,167,0,0,0
cold_frozen_i1m_h16_s7_state0_mac0,frozen,cold,final,16,7,i1m,0,0,25000000,25000000,25000000,cohort,3800000,1960,473,0,11,1311,165,0,0,0
cold_frozen_i1m_h16_s7_state0_mac0,frozen,cold,final,16,7,i1m,0,0,25000000,25000000,25000000,cohort,3900000,1950,471,0,13,1298,168,0,0,0
cold_frozen_i1m_h16_s7_state0_mac0,frozen,cold,final,16,7,i1m,0,0,25000000,25000000,25000000,cohort,4000000,1964,471,0,20,1298,175,0,0,0
cold_frozen_i1m_h16_s7_state0_mac0,frozen,cold,final,16,7,i1m,0,0,25000000,25000000,25000000,cohort,4100000,1950,474,0,8,1302,166,0,0,0
cold_frozen_i1m_h16_s7_state0_mac0,frozen,cold,final,16,7,i1m,0,0,25000000,25000000,25000000,cohort,4200000,1972,469,0,12,1321,170,0,0,0
cold_frozen_i1m_h16_s7_state0_mac0,frozen,cold,final,16,7,i1m,0,0,25000000,25000000,25000000,cohort,4300000,1936,476,0,4,1294,162,0,0,0
cold_frozen_i1m_h16_s7_state0_mac0,frozen,cold,final,16,7,i1m,0,0,25000000,25000000,25000000,cohort,4400000,1958,472,0,8,1315,163,0,0,0
cold_frozen_i1m_h16_s7_state0_mac0,frozen,cold,final,16,7,i1m,0,0,25000000,25000000,25000000,cohort,4500000,1964,471,0,13,1313,167,0,0,0
cold_frozen_i1m_h16_s7_state0_mac0,frozen,cold,final,16,7,i1m,0,0,25000000,25000000,25000000,cohort,4600000,1956,475,0,8,1306,167,0,0,0
cold_frozen_i1m_h16_s7_state0_mac0,frozen,cold,final,16,7,i1m,0,0,25000000,25000000,25000000,cohort,4700000,1956,473,0,8,1304,171,0,0,0
cold_frozen_i1m_h16_s7_state0_mac0,frozen,cold,final,16,7,i1m,0,0,25000000,25000000,25000000,cohort,4800000,1942,476,0,4,1303,159,0,0,0
cold_frozen_i1m_h16_s7_state0_mac0,frozen,cold,final,16,7,i1m,0,0,25000000,25000000,25000000,cohort,4900000,1964,472,0,20,1293,179,0,0,0
cold_frozen_i1m_h16_s7_state0_mac0,frozen,cold,final,16,7,i1m,0,0,25000000,25000000,25000000,cohort,5000000,1918,467,0,18,1264,169,0,0,0
cold_frozen_i1m_h16_s7_state0_mac0,frozen,cold,final,16,7,i1m,0,0,25000000,25000000,25000000,cohort,5100000,1936,470,0,13,1282,171,0,0,0
cold_frozen_i1m_h16_s7_state0_mac0,frozen,cold,final,16,7,i1m,0,0,25000000,25000000,25000000,cohort,5200000,1966,470,0,21,1299,176,0,0,0
cold_frozen_i1m_h16_s7_state0_mac0,frozen,cold,final,16,7,i1m,0,0,25000000,25000000,25000000,cohort,5300000,1930,470,0,14,1277,169,0,0,0
cold_frozen_i1m_h16_s7_state0_mac0,frozen,cold,final,16,7,i1m,0,0,25000000,25000000,25000000,cohort,5400000,1964,468,0,24,1293,179,0,0,0
cold_frozen_i1m_h16_s7_state0_mac0,frozen,cold,final,16,7,i1m,0,0,25000000,25000000,25000000,cohort,5500000,1946,472,0,11,1293,170,0,0,0
cold_frozen_i1m_h16_s7_state0_mac0,frozen,cold,final,16,7,i1m,0,0,25000000,25000000,25000000,cohort,5600000,1966,471,0,20,1304,171,0,0,0
cold_frozen_i1m_h16_s7_state0_mac0,frozen,cold,final,16,7,i1m,0,0,25000000,25000000,25000000,cohort,5700000,1926,466,0,19,1266,175,0,0,0
cold_frozen_i1m_h16_s7_state0_mac0,frozen,cold,final,16,7,i1m,0,0,25000000,25000000,25000000,cohort,5800000,1930,469,0,19,1270,172,0,0,0
cold_frozen_i1m_h16_s7_state0_mac0,frozen,cold,final,16,7,i1m,0,0,25000000,25000000,25000000,cohort,5900000,1998,468,0,21,1336,173,0,0,0
cold_frozen_i1m_h16_s7_state0_mac0,frozen,cold,final,16,7,i1m,0,0,25000000,25000000,25000000,cohort,6000000,1934,473,0,8,1291,162,0,0,0
cold_frozen_i1m_h16_s7_state0_mac0,frozen,cold,final,16,7,i1m,0,0,25000000,25000000,25000000,cohort,6100000,1956,468,0,15,1297,176,0,0,0
cold_frozen_i1m_h16_s7_state0_mac0,frozen,cold,final,16,7,i1m,0,0,25000000,25000000,25000000,cohort,6200000,1944,474,0,8,1298,164,0,0,0
cold_frozen_i1m_h16_s7_state0_mac0,frozen,cold,final,16,7,i1m,0,0,25000000,25000000,25000000,cohort,6300000,1968,471,0,23,1297,177,0,0,0
cold_frozen_i1m_h16_s7_state0_mac0,frozen,cold,final,16,7,i1m,0,0,25000000,25000000,25000000,cohort,6400000,1938,477,0,16,1276,169,0,0,0
cold_frozen_i1m_h16_s7_state0_mac0,frozen,cold,final,16,7,i1m,0,0,25000000,25000000,25000000,cohort,6500000,1930,472,0,11,1278,169,0,0,0
cold_frozen_i1m_h16_s7_state0_mac0,frozen,cold,final,16,7,i1m,0,0,25000000,25000000,25000000,cohort,6600000,1968,469,0,18,1307,174,0,0,0
cold_frozen_i1m_h16_s7_state0_mac0,frozen,cold,final,16,7,i1m,0,0,25000000,25000000,25000000,cohort,6700000,1930,472,0,9,1284,165,0,0,0
cold_frozen_i1m_h16_s7_state0_mac0,frozen,cold,final,16,7,i1m,0,0,25000000,25000000,25000000,cohort,6800000,1958,469,0,15,1303,171,0,0,0
cold_frozen_i1m_h16_s7_state0_mac0,frozen,cold,final,16,7,i1m,0,0,25000000,25000000,25000000,cohort,6900000,1936,471,0,12,1283,170,0,0,0
cold_frozen_i1m_h16_s7_state0_mac0,frozen,cold,final,16,7,i1m,0,0,25000000,25000000,25000000,cohort,7000000,1932,478,0,3,1292,159,0,0,0
cold_frozen_i1m_h16_s7_state0_mac0,frozen,cold,final,16,7,i1m,0,0,25000000,25000000,25000000,cohort,7100000,1958,468,0,19,1299,172,0,0,0
cold_frozen_i1m_h16_s7_state0_mac0,frozen,cold,final,16,7,i1m,0,0,25000000,25000000,25000000,cohort,7200000,1948,474,0,11,1295,168,0,0,0
cold_frozen_i1m_h16_s7_state0_mac0,frozen,cold,final,16,7,i1m,0,0,25000000,25000000,25000000,cohort,7300000,1964,473,0,14,1306,171,0,0,0
cold_frozen_i1m_h16_s7_state0_mac0,frozen,cold,final,16,7,i1m,0,0,25000000,25000000,25000000,cohort,7400000,1938,471,0,12,1287,168,0,0,0
cold_frozen_i1m_h16_s7_state0_mac0,frozen,cold,final,16,7,i1m,0,0,25000000,25000000,25000000,cohort,7500000,1968,469,0,16,1305,178,0,0,0
cold_frozen_i1m_h16_s7_state0_mac0,frozen,cold,final,16,7,i1m,0,0,25000000,25000000,25000000,cohort,7600000,1940,476,0,3,1303,158,0,0,0
cold_frozen_i1m_h16_s7_state0_mac0,frozen,cold,final,16,7,i1m,0,0,25000000,25000000,25000000,cohort,7700000,1956,470,0,13,1305,168,0,0,0
cold_frozen_i1m_h16_s7_state0_mac0,frozen,cold,final,16,7,i1m,0,0,25000000,25000000,25000000,cohort,7800000,1960,471,0,22,1287,180,0,0,0
cold_frozen_i1m_h16_s7_state0_mac0,frozen,cold,final,16,7,i1m,0,0,25000000,25000000,25000000,cohort,7900000,1932,476,0,4,1292,160,0,0,0
cold_frozen_i1m_h16_s7_state0_mac0,frozen,cold,final,16,7,i1m,0,0,25000000,25000000,25000000,cohort,8000000,1976,468,0,25,1304,179,0,0,0
cold_frozen_i1m_h16_s7_state0_mac0,frozen,cold,final,16,7,i1m,0,0,25000000,25000000,25000000,cohort,8100000,1940,468,0,20,1279,173,0,0,0
cold_frozen_i1m_h16_s7_state0_mac0,frozen,cold,final,16,7,i1m,0,0,25000000,25000000,25000000,cohort,8200000,1984,475,0,15,1323,171,0,0,0
cold_frozen_i1m_h16_s7_state0_mac0,frozen,cold,final,16,7,i1m,0,0,25000000,25000000,25000000,cohort,8300000,1944,475,0,6,1302,161,0,0,0
cold_frozen_i1m_h16_s7_state0_mac0,frozen,cold,final,16,7,i1m,0,0,25000000,25000000,25000000,cohort,8400000,1964,476,0,10,1311,167,0,0,0
cold_frozen_i1m_h16_s7_state0_mac0,frozen,cold,final,16,7,i1m,0,0,25000000,25000000,25000000,cohort,8500000,1962,477,0,24,1282,179,0,0,0
cold_frozen_i1m_h16_s7_state0_mac0,frozen,cold,final,16,7,i1m,0,0,25000000,25000000,25000000,cohort,8600000,1930,473,0,9,1282,166,0,0,0
cold_frozen_i1m_h16_s7_state0_mac0,frozen,cold,final,16,7,i1m,0,0,25000000,25000000,25000000,cohort,8700000,1946,468,0,14,1297,167,0,0,0
cold_frozen_i1m_h16_s7_state0_mac0,frozen,cold,final,16,7,i1m,0,0,25000000,25000000,25000000,cohort,8800000,1896,463,0,8,1265,160,0,0,0
cold_frozen_i1m_h16_s7_state0_mac0,frozen,cold,final,16,7,i1m,0,0,25000000,25000000,25000000,cohort,8900000,1948,471,0,12,1299,166,0,0,0
cold_frozen_i1m_h16_s7_state0_mac0,frozen,cold,final,16,7,i1m,0,0,25000000,25000000,25000000,cohort,9000000,1950,470,0,9,1306,165,0,0,0
cold_frozen_i1m_h16_s7_state0_mac0,frozen,cold,final,16,7,i1m,0,0,25000000,25000000,25000000,cohort,9100000,1930,472,0,10,1283,165,0,0,0
cold_frozen_i1m_h16_s7_state0_mac0,frozen,cold,final,16,7,i1m,0,0,25000000,25000000,25000000,cohort,9200000,1958,473,0,14,1302,169,0,0,0
cold_frozen_i1m_h16_s7_state0_mac0,frozen,cold,final,16,7,i1m,0,0,25000000,25000000,25000000,cohort,9300000,1948,473,0,7,1304,164,0,0,0
cold_frozen_i1m_h16_s7_state0_mac0,frozen,cold,final,16,7,i1m,0,0,25000000,25000000,25000000,cohort,9400000,1954,472,0,5,1314,163,0,0,0
cold_frozen_i1m_h16_s7_state0_mac0,frozen,cold,final,16,7,i1m,0,0,25000000,25000000,25000000,cohort,9500000,1930,473,0,9,1284,164,0,0,0
cold_frozen_i1m_h16_s7_state0_mac0,frozen,cold,final,16,7,i1m,0,0,25000000,25000000,25000000,cohort,9600000,1958,466,1,16,1303,172,0,0,0
cold_frozen_i1m_h16_s7_state0_mac0,frozen,cold,final,16,7,i1m,0,0,25000000,25000000,25000000,cohort,9700000,1926,467,0,14,1278,167,0,0,0
cold_frozen_i1m_h16_s7_state0_mac0,frozen,cold,final,16,7,i1m,0,0,25000000,25000000,25000000,cohort,9800000,1910,467,0,10,1269,164,0,0,0
cold_frozen_i1m_h16_s7_state0_mac0,frozen,cold,final,16,7,i1m,0,0,25000000,25000000,25000000,cohort,9900000,1954,466,0,17,1299,172,0,0,0
cold_frozen_i1m_h16_s7_state0_mac0,frozen,cold,final,16,7,i1m,0,0,25000000,25000000,25000000,cohort,10000000,1934,474,0,8,1288,164,0,0,0
cold_frozen_i1m_h16_s7_state0_mac0,frozen,cold,final,16,7,i1m,0,0,25000000,25000000,25000000,cohort,10100000,1944,471,0,7,1300,166,0,0,0
cold_frozen_i1m_h16_s7_state0_mac0,frozen,cold,final,16,7,i1m,0,0,25000000,25000000,25000000,cohort,10200000,1924,472,0,6,1285,161,0,0,0
cold_frozen_i1m_h16_s7_state0_mac0,frozen,cold,final,16,7,i1m,0,0,25000000,25000000,25000000,cohort,10300000,1980,473,0,10,1331,166,0,0,0
cold_frozen_i1m_h16_s7_state0_mac0,frozen,cold,final,16,7,i1m,0,0,25000000,25000000,25000000,cohort,10400000,1934,473,1,5,1293,162,0,0,0
cold_frozen_i1m_h16_s7_state0_mac0,frozen,cold,final,16,7,i1m,0,0,25000000,25000000,25000000,cohort,10500000,1924,473,0,5,1284,162,0,0,0
cold_frozen_i1m_h16_s7_state0_mac0,frozen,cold,final,16,7,i1m,0,0,25000000,25000000,25000000,cohort,10600000,1946,464,1,17,1294,170,0,0,0
cold_frozen_i1m_h16_s7_state0_mac0,frozen,cold,final,16,7,i1m,0,0,25000000,25000000,25000000,cohort,10700000,1934,476,0,4,1291,163,0,0,0
cold_frozen_i1m_h16_s7_state0_mac0,frozen,cold,final,16,7,i1m,0,0,25000000,25000000,25000000,cohort,10800000,1946,462,0,15,1298,171,0,0,0
cold_frozen_i1m_h16_s7_state0_mac0,frozen,cold,final,16,7,i1m,0,0,25000000,25000000,25000000,cohort,10900000,1934,476,0,6,1288,164,0,0,0
cold_frozen_i1m_h16_s7_state0_mac0,frozen,cold,final,16,7,i1m,0,0,25000000,25000000,25000000,cohort,11000000,1948,466,0,14,1297,171,0,0,0
cold_frozen_i1m_h16_s7_state0_mac0,frozen,cold,final,16,7,i1m,0,0,25000000,25000000,25000000,cohort,11100000,1932,472,0,9,1284,167,0,0,0
cold_frozen_i1m_h16_s7_state0_mac0,frozen,cold,final,16,7,i1m,0,0,25000000,25000000,25000000,cohort,11200000,1944,464,0,10,1307,163,0,0,0
cold_frozen_i1m_h16_s7_state0_mac0,frozen,cold,final,16,7,i1m,0,0,25000000,25000000,25000000,cohort,11300000,1934,465,0,15,1286,168,0,0,0
cold_frozen_i1m_h16_s7_state0_mac0,frozen,cold,final,16,7,i1m,0,0,25000000,25000000,25000000,cohort,11400000,1906,459,2,25,1241,179,0,0,0
cold_frozen_i1m_h16_s7_state0_mac0,frozen,cold,final,16,7,i1m,0,0,25000000,25000000,25000000,cohort,11500000,1966,452,9,68,1215,222,0,0,0
cold_frozen_i1m_h16_s7_state0_mac0,frozen,cold,final,16,7,i1m,0,0,25000000,25000000,25000000,cohort,11600000,1940,472,0,17,1274,177,0,0,0
cold_frozen_i1m_h16_s7_state0_mac0,frozen,cold,final,16,7,i1m,0,0,25000000,25000000,25000000,cohort,11700000,1930,473,0,9,1282,166,0,0,0
cold_frozen_i1m_h16_s7_state0_mac0,frozen,cold,final,16,7,i1m,0,0,25000000,25000000,25000000,cohort,11800000,2268,546,26,94,1320,282,0,0,0
cold_frozen_i1m_h16_s7_state0_mac0,frozen,cold,final,16,7,i1m,0,0,25000000,25000000,25000000,cohort,11900000,2048,502,12,70,1215,249,0,0,0
cold_frozen_i1m_h16_s7_state0_mac0,frozen,cold,final,16,7,i1m,0,0,25000000,25000000,25000000,cohort,12000000,1968,474,3,39,1257,195,0,0,0
cold_frozen_i1m_h16_s7_state0_mac0,frozen,cold,final,16,7,i1m,0,0,25000000,25000000,25000000,cohort,12100000,2028,486,9,45,1277,211,0,0,0
cold_frozen_i1m_h16_s7_state0_mac0,frozen,cold,final,16,7,i1m,0,0,25000000,25000000,25000000,cohort,12200000,1930,473,0,9,1280,168,0,0,0
cold_frozen_i1m_h16_s7_state0_mac0,frozen,cold,final,16,7,i1m,0,0,25000000,25000000,25000000,cohort,12300000,1940,476,1,15,1272,176,0,0,0
cold_frozen_i1m_h16_s7_state0_mac0,frozen,cold,final,16,7,i1m,0,0,25000000,25000000,25000000,cohort,12400000,1972,478,2,22,1288,182,0,0,0
cold_frozen_i1m_h16_s7_state0_mac0,frozen,cold,final,16,7,i1m,0,0,25000000,25000000,25000000,cohort,12500000,1920,471,0,10,1274,165,0,0,0
cold_frozen_i1m_h16_s7_state0_mac0,frozen,cold,final,16,7,i1m,0,0,25000000,25000000,25000000,cohort,12600000,1894,436,13,83,1130,232,0,0,0
cold_frozen_i1m_h16_s7_state0_mac0,frozen,cold,final,16,7,i1m,0,0,25000000,25000000,25000000,cohort,12700000,2010,485,6,59,1239,221,0,0,0
cold_frozen_i1m_h16_s7_state0_mac0,frozen,cold,final,16,7,i1m,0,0,25000000,25000000,25000000,cohort,12800000,1886,459,3,40,1194,190,0,0,0
cold_frozen_i1m_h16_s7_state0_mac0,frozen,cold,final,16,7,i1m,0,0,25000000,25000000,25000000,cohort,12900000,1942,472,0,16,1282,172,0,0,0
cold_frozen_i1m_h16_s7_state0_mac0,frozen,cold,final,16,7,i1m,0,0,25000000,25000000,25000000,cohort,13000000,1926,471,0,9,1281,165,0,0,0
cold_frozen_i1m_h16_s7_state0_mac0,frozen,cold,final,16,7,i1m,0,0,25000000,25000000,25000000,cohort,13100000,1922,474,0,9,1273,166,0,0,0
cold_frozen_i1m_h16_s7_state0_mac0,frozen,cold,final,16,7,i1m,0,0,25000000,25000000,25000000,cohort,13200000,1900,453,9,79,1141,218,0,0,0
cold_frozen_i1m_h16_s7_state0_mac0,frozen,cold,final,16,7,i1m,0,0,25000000,25000000,25000000,cohort,13300000,1924,471,0,8,1279,166,0,0,0
cold_frozen_i1m_h16_s7_state0_mac0,frozen,cold,final,16,7,i1m,0,0,25000000,25000000,25000000,cohort,13400000,2340,800,0,145,961,424,0,10,10
cold_frozen_i1m_h16_s7_state0_mac0,frozen,cold,final,16,7,i1m,0,0,25000000,25000000,25000000,cohort,13500000,1936,462,0,16,1279,179,0,0,0
cold_frozen_i1m_h16_s7_state0_mac0,frozen,cold,final,16,7,i1m,0,0,25000000,25000000,25000000,cohort,13600000,1942,459,0,15,1291,177,0,0,0
cold_frozen_i1m_h16_s7_state0_mac0,frozen,cold,final,16,7,i1m,0,0,25000000,25000000,25000000,cohort,13700000,1954,477,0,31,1259,187,0,0,0
cold_frozen_i1m_h16_s7_state0_mac0,frozen,cold,final,16,7,i1m,0,0,25000000,25000000,25000000,cohort,13800000,1926,476,0,3,1288,159,0,0,0
cold_frozen_i1m_h16_s7_state0_mac0,frozen,cold,final,16,7,i1m,0,0,25000000,25000000,25000000,cohort,13900000,1966,468,0,24,1296,178,0,0,0
cold_frozen_i1m_h16_s7_state0_mac0,frozen,cold,final,16,7,i1m,0,0,25000000,25000000,25000000,cohort,14000000,1930,475,0,9,1280,166,0,0,0
cold_frozen_i1m_h16_s7_state0_mac0,frozen,cold,final,16,7,i1m,0,0,25000000,25000000,25000000,cohort,14100000,1914,469,0,26,1243,176,0,0,0
cold_frozen_i1m_h16_s7_state0_mac0,frozen,cold,final,16,7,i1m,0,0,25000000,25000000,25000000,cohort,14200000,1968,475,0,17,1303,173,0,0,0
cold_frozen_i1m_h16_s7_state0_mac0,frozen,cold,final,16,7,i1m,0,0,25000000,25000000,25000000,cohort,14300000,1924,473,0,5,1285,161,0,0,0
cold_frozen_i1m_h16_s7_state0_mac0,frozen,cold,final,16,7,i1m,0,0,25000000,25000000,25000000,cohort,14400000,1964,475,0,12,1304,173,0,0,0
cold_frozen_i1m_h16_s7_state0_mac0,frozen,cold,final,16,7,i1m,0,0,25000000,25000000,25000000,cohort,14500000,1924,474,0,5,1284,161,0,0,0
cold_frozen_i1m_h16_s7_state0_mac0,frozen,cold,final,16,7,i1m,0,0,25000000,25000000,25000000,cohort,14600000,1964,476,0,13,1304,171,0,0,0
cold_frozen_i1m_h16_s7_state0_mac0,frozen,cold,final,16,7,i1m,0,0,25000000,25000000,25000000,cohort,14700000,1938,473,0,11,1286,168,0,0,0
cold_frozen_i1m_h16_s7_state0_mac0,frozen,cold,final,16,7,i1m,0,0,25000000,25000000,25000000,cohort,14800000,1932,476,0,8,1288,160,0,0,0
cold_frozen_i1m_h16_s7_state0_mac0,frozen,cold,final,16,7,i1m,0,0,25000000,25000000,25000000,cohort,14900000,1964,472,0,20,1296,176,0,0,0
cold_frozen_i1m_h16_s7_state0_mac0,frozen,cold,final,16,7,i1m,0,0,25000000,25000000,25000000,cohort,15000000,1932,477,0,7,1284,164,0,0,0
cold_frozen_i1m_h16_s7_state0_mac0,frozen,cold,final,16,7,i1m,0,0,25000000,25000000,25000000,cohort,15100000,1948,464,0,30,1272,182,0,0,0
cold_frozen_i1m_h16_s7_state0_mac0,frozen,cold,final,16,7,i1m,0,0,25000000,25000000,25000000,cohort,15200000,1950,477,0,10,1293,170,0,0,0
cold_frozen_i1m_h16_s7_state0_mac0,frozen,cold,final,16,7,i1m,0,0,25000000,25000000,25000000,cohort,15300000,1976,474,0,7,1333,162,0,0,0
cold_frozen_i1m_h16_s7_state0_mac0,frozen,cold,final,16,7,i1m,0,0,25000000,25000000,25000000,cohort,15400000,1960,476,0,10,1308,166,0,0,0
cold_frozen_i1m_h16_s7_state0_mac0,frozen,cold,final,16,7,i1m,0,0,25000000,25000000,25000000,cohort,15500000,1938,475,0,6,1294,163,0,0,0
cold_frozen_i1m_h16_s7_state0_mac0,frozen,cold,final,16,7,i1m,0,0,25000000,25000000,25000000,cohort,15600000,1956,473,0,10,1310,163,0,0,0
cold_frozen_i1m_h16_s7_state0_mac0,frozen,cold,final,16,7,i1m,0,0,25000000,25000000,25000000,cohort,15700000,1930,473,0,6,1285,166,0,0,0
cold_frozen_i1m_h16_s7_state0_mac0,frozen,cold,final,16,7,i1m,0,0,25000000,25000000,25000000,cohort,15800000,1960,468,0,16,1303,173,0,0,0
cold_frozen_i1m_h16_s7_state0_mac0,frozen,cold,final,16,7,i1m,0,0,25000000,25000000,25000000,cohort,15900000,1942,474,0,10,1293,165,0,0,0
cold_frozen_i1m_h16_s7_state0_mac0,frozen,cold,final,16,7,i1m,0,0,25000000,25000000,25000000,cohort,16000000,1954,472,0,10,1303,169,0,0,0
cold_frozen_i1m_h16_s7_state0_mac0,frozen,cold,final,16,7,i1m,0,0,25000000,25000000,25000000,cohort,16100000,1956,477,0,10,1301,168,0,0,0
cold_frozen_i1m_h16_s7_state0_mac0,frozen,cold,final,16,7,i1m,0,0,25000000,25000000,25000000,cohort,16200000,1968,471,0,13,1313,171,0,0,0
cold_frozen_i1m_h16_s7_state0_mac0,frozen,cold,final,16,7,i1m,0,0,25000000,25000000,25000000,cohort,16300000,1932,477,0,3,1291,161,0,0,0
cold_frozen_i1m_h16_s7_state0_mac0,frozen,cold,final,16,7,i1m,0,0,25000000,25000000,25000000,cohort,16400000,1938,471,0,16,1278,173,0,0,0
cold_frozen_i1m_h16_s7_state0_mac0,frozen,cold,final,16,7,i1m,0,0,25000000,25000000,25000000,cohort,16500000,1954,474,0,15,1294,171,0,0,0
cold_frozen_i1m_h16_s7_state0_mac0,frozen,cold,final,16,7,i1m,0,0,25000000,25000000,25000000,cohort,16600000,1936,467,0,13,1288,168,0,0,0
cold_frozen_i1m_h16_s7_state0_mac0,frozen,cold,final,16,7,i1m,0,0,25000000,25000000,25000000,cohort,16700000,1958,473,0,13,1302,170,0,0,0
cold_frozen_i1m_h16_s7_state0_mac0,frozen,cold,final,16,7,i1m,0,0,25000000,25000000,25000000,cohort,16800000,1932,470,0,12,1281,169,0,0,0
cold_frozen_i1m_h16_s7_state0_mac0,frozen,cold,final,16,7,i1m,0,0,25000000,25000000,25000000,cohort,16900000,1966,472,0,17,1303,174,0,0,0
cold_frozen_i1m_h16_s7_state0_mac0,frozen,cold,final,16,7,i1m,0,0,25000000,25000000,25000000,cohort,17000000,1942,474,0,9,1296,163,0,0,0
cold_frozen_i1m_h16_s7_state0_mac0,frozen,cold,final,16,7,i1m,0,0,25000000,25000000,25000000,cohort,17100000,1924,472,0,17,1261,174,0,0,0
cold_frozen_i1m_h16_s7_state0_mac0,frozen,cold,final,16,7,i1m,0,0,25000000,25000000,25000000,cohort,17200000,1960,474,0,12,1305,169,0,0,0
cold_frozen_i1m_h16_s7_state0_mac0,frozen,cold,final,16,7,i1m,0,0,25000000,25000000,25000000,cohort,17300000,1950,473,0,8,1303,166,0,0,0
cold_frozen_i1m_h16_s7_state0_mac0,frozen,cold,final,16,7,i1m,0,0,25000000,25000000,25000000,cohort,17400000,1984,475,0,12,1328,169,0,0,0
cold_frozen_i1m_h16_s7_state0_mac0,frozen,cold,final,16,7,i1m,0,0,25000000,25000000,25000000,cohort,17500000,1938,475,0,9,1288,166,0,0,0
cold_frozen_i1m_h16_s7_state0_mac0,frozen,cold,final,16,7,i1m,0,0,25000000,25000000,25000000,cohort,17600000,1926,470,0,12,1277,167,0,0,0
cold_frozen_i1m_h16_s7_state0_mac0,frozen,cold,final,16,7,i1m,0,0,25000000,25000000,25000000,cohort,17700000,1956,474,0,12,1299,171,0,0,0
cold_frozen_i1m_h16_s7_state0_mac0,frozen,cold,final,16,7,i1m,0,0,25000000,25000000,25000000,cohort,17800000,1934,471,0,10,1287,166,0,0,0
cold_frozen_i1m_h16_s7_state0_mac0,frozen,cold,final,16,7,i1m,0,0,25000000,25000000,25000000,cohort,17900000,1978,473,0,12,1323,170,0,0,0
cold_frozen_i1m_h16_s7_state0_mac0,frozen,cold,final,16,7,i1m,0,0,25000000,25000000,25000000,cohort,18000000,1932,480,0,2,1286,164,0,0,0
cold_frozen_i1m_h16_s7_state0_mac0,frozen,cold,final,16,7,i1m,0,0,25000000,25000000,25000000,cohort,18100000,1960,473,0,10,1308,169,0,0,0
cold_frozen_i1m_h16_s7_state0_mac0,frozen,cold,final,16,7,i1m,0,0,25000000,25000000,25000000,cohort,18200000,1936,474,0,4,1297,161,0,0,0
cold_frozen_i1m_h16_s7_state0_mac0,frozen,cold,final,16,7,i1m,0,0,25000000,25000000,25000000,cohort,18300000,1950,473,0,11,1302,164,0,0,0
cold_frozen_i1m_h16_s7_state0_mac0,frozen,cold,final,16,7,i1m,0,0,25000000,25000000,25000000,cohort,18400000,1934,471,0,11,1284,168,0,0,0
cold_frozen_i1m_h16_s7_state0_mac0,frozen,cold,final,16,7,i1m,0,0,25000000,25000000,25000000,cohort,18500000,1938,474,0,12,1286,166,0,0,0
cold_frozen_i1m_h16_s7_state0_mac0,frozen,cold,final,16,7,i1m,0,0,25000000,25000000,25000000,cohort,18600000,1960,477,0,14,1294,175,0,0,0
cold_frozen_i1m_h16_s7_state0_mac0,frozen,cold,final,16,7,i1m,0,0,25000000,25000000,25000000,cohort,18700000,1932,474,0,2,1294,162,0,0,0
cold_frozen_i1m_h16_s7_state0_mac0,frozen,cold,final,16,7,i1m,0,0,25000000,25000000,25000000,cohort,18800000,2016,465,0,14,1368,169,0,0,0
cold_frozen_i1m_h16_s7_state0_mac0,frozen,cold,final,16,7,i1m,0,0,25000000,25000000,25000000,cohort,18900000,1930,474,0,4,1287,165,0,0,0
cold_frozen_i1m_h16_s7_state0_mac0,frozen,cold,final,16,7,i1m,0,0,25000000,25000000,25000000,cohort,19000000,1988,471,0,7,1341,169,0,0,0
cold_frozen_i1m_h16_s7_state0_mac0,frozen,cold,final,16,7,i1m,0,0,25000000,25000000,25000000,cohort,19100000,1944,473,0,10,1294,167,0,0,0
cold_frozen_i1m_h16_s7_state0_mac0,frozen,cold,final,16,7,i1m,0,0,25000000,25000000,25000000,cohort,19200000,1924,472,0,6,1282,164,0,0,0
cold_frozen_i1m_h16_s7_state0_mac0,frozen,cold,final,16,7,i1m,0,0,25000000,25000000,25000000,cohort,19300000,1966,469,0,14,1309,174,0,0,0
cold_frozen_i1m_h16_s7_state0_mac0,frozen,cold,final,16,7,i1m,0,0,25000000,25000000,25000000,cohort,19400000,1924,476,0,3,1285,160,0,0,0
cold_frozen_i1m_h16_s7_state0_mac0,frozen,cold,final,16,7,i1m,0,0,25000000,25000000,25000000,cohort,19500000,1958,469,0,19,1295,175,0,0,0
cold_frozen_i1m_h16_s7_state0_mac0,frozen,cold,final,16,7,i1m,0,0,25000000,25000000,25000000,cohort,19600000,1938,473,0,8,1291,166,0,0,0
cold_frozen_i1m_h16_s7_state0_mac0,frozen,cold,final,16,7,i1m,0,0,25000000,25000000,25000000,cohort,19700000,1970,471,0,17,1309,173,0,0,0
cold_frozen_i1m_h16_s7_state0_mac0,frozen,cold,final,16,7,i1m,0,0,25000000,25000000,25000000,cohort,19800000,1942,473,0,9,1291,169,0,0,0
cold_frozen_i1m_h16_s7_state0_mac0,frozen,cold,final,16,7,i1m,0,0,25000000,25000000,25000000,cohort,19900000,1930,471,0,11,1282,166,0,0,0
cold_frozen_i1m_h16_s7_state0_mac0,frozen,cold,final,16,7,i1m,0,0,25000000,25000000,25000000,cohort,20000000,1956,473,0,12,1301,170,0,0,0
cold_frozen_i1m_h16_s7_state0_mac0,frozen,cold,final,16,7,i1m,0,0,25000000,25000000,25000000,cohort,20100000,1936,475,0,9,1285,167,0,0,0
cold_frozen_i1m_h16_s7_state0_mac0,frozen,cold,final,16,7,i1m,0,0,25000000,25000000,25000000,cohort,20200000,1950,474,0,11,1296,169,0,0,0
cold_frozen_i1m_h16_s7_state0_mac0,frozen,cold,final,16,7,i1m,0,0,25000000,25000000,25000000,cohort,20300000,1924,474,0,4,1286,160,0,0,0
cold_frozen_i1m_h16_s7_state0_mac0,frozen,cold,final,16,7,i1m,0,0,25000000,25000000,25000000,cohort,20400000,1950,476,0,12,1292,170,0,0,0
cold_frozen_i1m_h16_s7_state0_mac0,frozen,cold,final,16,7,i1m,0,0,25000000,25000000,25000000,cohort,20500000,1930,475,0,8,1282,165,0,0,0
cold_frozen_i1m_h16_s7_state0_mac0,frozen,cold,final,16,7,i1m,0,0,25000000,25000000,25000000,cohort,20600000,1936,474,0,4,1296,162,0,0,0
cold_frozen_i1m_h16_s7_state0_mac0,frozen,cold,final,16,7,i1m,0,0,25000000,25000000,25000000,cohort,20700000,1952,471,0,14,1290,173,0,4,4
cold_frozen_i1m_h16_s7_state0_mac0,frozen,cold,final,16,7,i1m,0,0,25000000,25000000,25000000,cohort,20800000,1938,476,0,8,1289,165,0,0,0
cold_frozen_i1m_h16_s7_state0_mac0,frozen,cold,final,16,7,i1m,0,0,25000000,25000000,25000000,cohort,20900000,1966,469,0,13,1314,170,0,0,0
cold_frozen_i1m_h16_s7_state0_mac0,frozen,cold,final,16,7,i1m,0,0,25000000,25000000,25000000,cohort,21000000,1930,472,0,12,1276,170,0,0,0
cold_frozen_i1m_h16_s7_state0_mac0,frozen,cold,final,16,7,i1m,0,0,25000000,25000000,25000000,cohort,21100000,1964,474,0,10,1314,166,0,0,0
cold_frozen_i1m_h16_s7_state0_mac0,frozen,cold,final,16,7,i1m,0,0,25000000,25000000,25000000,cohort,21200000,1926,476,0,4,1286,160,0,0,0
cold_frozen_i1m_h16_s7_state0_mac0,frozen,cold,final,16,7,i1m,0,0,25000000,25000000,25000000,cohort,21300000,1920,469,0,10,1276,165,0,0,0
cold_frozen_i1m_h16_s7_state0_mac0,frozen,cold,final,16,7,i1m,0,0,25000000,25000000,25000000,cohort,21400000,1938,469,0,19,1273,177,0,0,0
cold_frozen_i1m_h16_s7_state0_mac0,frozen,cold,final,16,7,i1m,0,0,25000000,25000000,25000000,cohort,21500000,1926,473,0,5,1283,165,0,0,0
cold_frozen_i1m_h16_s7_state0_mac0,frozen,cold,final,16,7,i1m,0,0,25000000,25000000,25000000,cohort,21600000,1970,472,0,14,1312,172,0,0,0
cold_frozen_i1m_h16_s7_state0_mac0,frozen,cold,final,16,7,i1m,0,0,25000000,25000000,25000000,cohort,21700000,1938,474,0,11,1283,170,0,0,0
cold_frozen_i1m_h16_s7_state0_mac0,frozen,cold,final,16,7,i1m,0,0,25000000,25000000,25000000,cohort,21800000,1964,476,0,9,1311,168,0,0,0
cold_frozen_i1m_h16_s7_state0_mac0,frozen,cold,final,16,7,i1m,0,0,25000000,25000000,25000000,cohort,21900000,1946,474,0,6,1304,162,0,0,0
cold_frozen_i1m_h16_s7_state0_mac0,frozen,cold,final,16,7,i1m,0,0,25000000,25000000,25000000,cohort,22000000,1946,473,0,9,1297,167,0,0,0
cold_frozen_i1m_h16_s7_state0_mac0,frozen,cold,final,16,7,i1m,0,0,25000000,25000000,25000000,cohort,22100000,1964,472,0,14,1309,169,0,0,0
cold_frozen_i1m_h16_s7_state0_mac0,frozen,cold,final,16,7,i1m,0,0,25000000,25000000,25000000,cohort,22200000,1974,476,0,6,1332,160,0,0,0
cold_frozen_i1m_h16_s7_state0_mac0,frozen,cold,final,16,7,i1m,0,0,25000000,25000000,25000000,cohort,22300000,1976,472,0,17,1313,174,0,0,0
cold_frozen_i1m_h16_s7_state0_mac0,frozen,cold,final,16,7,i1m,0,0,25000000,25000000,25000000,cohort,22400000,1938,475,0,8,1290,165,0,0,0
cold_frozen_i1m_h16_s7_state0_mac0,frozen,cold,final,16,7,i1m,0,0,25000000,25000000,25000000,cohort,22500000,1968,473,0,27,1287,181,0,0,0
cold_frozen_i1m_h16_s7_state0_mac0,frozen,cold,final,16,7,i1m,0,0,25000000,25000000,25000000,cohort,22600000,1938,471,0,14,1284,169,0,0,0
cold_frozen_i1m_h16_s7_state0_mac0,frozen,cold,final,16,7,i1m,0,0,25000000,25000000,25000000,cohort,22700000,1960,475,0,9,1310,166,0,0,0
cold_frozen_i1m_h16_s7_state0_mac0,frozen,cold,final,16,7,i1m,0,0,25000000,25000000,25000000,cohort,22800000,1982,473,0,16,1318,175,0,0,0
cold_frozen_i1m_h16_s7_state0_mac0,frozen,cold,final,16,7,i1m,0,0,25000000,25000000,25000000,cohort,22900000,1948,475,0,7,1303,163,0,0,0
cold_frozen_i1m_h16_s7_state0_mac0,frozen,cold,final,16,7,i1m,0,0,25000000,25000000,25000000,cohort,23000000,1964,466,0,24,1295,179,0,0,0
cold_frozen_i1m_h16_s7_state0_mac0,frozen,cold,final,16,7,i1m,0,0,25000000,25000000,25000000,cohort,23100000,1944,474,0,14,1285,171,0,0,0
cold_frozen_i1m_h16_s7_state0_mac0,frozen,cold,final,16,7,i1m,0,0,25000000,25000000,25000000,cohort,23200000,2022,470,0,22,1356,174,0,0,0
cold_frozen_i1m_h16_s7_state0_mac0,frozen,cold,final,16,7,i1m,0,0,25000000,25000000,25000000,cohort,23300000,1956,473,0,13,1297,173,0,0,0
cold_frozen_i1m_h16_s7_state0_mac0,frozen,cold,final,16,7,i1m,0,0,25000000,25000000,25000000,cohort,23400000,1938,474,0,4,1296,164,0,0,0
cold_frozen_i1m_h16_s7_state0_mac0,frozen,cold,final,16,7,i1m,0,0,25000000,25000000,25000000,cohort,23500000,1972,471,0,14,1314,173,0,0,0
cold_frozen_i1m_h16_s7_state0_mac0,frozen,cold,final,16,7,i1m,0,0,25000000,25000000,25000000,cohort,23600000,1960,474,0,7,1314,165,0,0,0
cold_frozen_i1m_h16_s7_state0_mac0,frozen,cold,final,16,7,i1m,0,0,25000000,25000000,25000000,cohort,23700000,1962,472,0,15,1301,174,0,0,0
cold_frozen_i1m_h16_s7_state0_mac0,frozen,cold,final,16,7,i1m,0,0,25000000,25000000,25000000,cohort,23800000,1942,478,0,6,1293,165,0,0,0
cold_frozen_i1m_h16_s7_state0_mac0,frozen,cold,final,16,7,i1m,0,0,25000000,25000000,25000000,cohort,23900000,1960,466,0,18,1305,171,0,0,0
cold_frozen_i1m_h16_s7_state0_mac0,frozen,cold,final,16,7,i1m,0,0,25000000,25000000,25000000,cohort,24000000,1940,472,0,11,1291,166,0,0,0
cold_frozen_i1m_h16_s7_state0_mac0,frozen,cold,final,16,7,i1m,0,0,25000000,25000000,25000000,cohort,24100000,1938,476,0,5,1292,165,0,0,0
cold_frozen_i1m_h16_s7_state0_mac0,frozen,cold,final,16,7,i1m,0,0,25000000,25000000,25000000,cohort,24200000,1956,480,0,7,1304,165,0,0,0
cold_frozen_i1m_h16_s7_state0_mac0,frozen,cold,final,16,7,i1m,0,0,25000000,25000000,25000000,cohort,24300000,1936,475,0,4,1297,160,0,0,0
cold_frozen_i1m_h16_s7_state0_mac0,frozen,cold,final,16,7,i1m,0,0,25000000,25000000,25000000,cohort,24400000,1960,476,0,6,1311,165,0,2,2
cold_frozen_i1m_h16_s7_state0_mac0,frozen,cold,final,16,7,i1m,0,0,25000000,25000000,25000000,cohort,24500000,1934,474,0,5,1286,166,0,3,3
cold_frozen_i1m_h16_s7_state0_mac0,frozen,cold,final,16,7,i1m,0,0,25000000,25000000,25000000,cohort,24600000,1960,475,0,3,1303,170,0,9,9
cold_frozen_i1m_h16_s7_state0_mac0,frozen,cold,final,16,7,i1m,0,0,25000000,25000000,25000000,cohort,24700000,1928,475,0,1,1291,159,0,2,2
cold_frozen_i1m_h16_s7_state0_mac0,frozen,cold,final,16,7,i1m,0,0,25000000,25000000,25000000,cohort,24800000,1936,475,0,0,1294,162,0,5,5
cold_frozen_i1m_h16_s7_state0_mac0,frozen,cold,final,16,7,i1m,0,0,25000000,25000000,25000000,cohort,24900000,1960,472,0,0,1307,168,0,13,13
cold_frozen_i1m_h8_s7_state0_mac0,frozen,cold,final,8,7,i1m,0,0,25000000,25000000,25000000,cohort,0,1942,781,0,10,835,314,0,2,2
cold_frozen_i1m_h8_s7_state0_mac0,frozen,cold,final,8,7,i1m,0,0,25000000,25000000,25000000,cohort,100000,1922,472,0,9,1279,162,0,0,0
cold_frozen_i1m_h8_s7_state0_mac0,frozen,cold,final,8,7,i1m,0,0,25000000,25000000,25000000,cohort,200000,1922,472,0,5,1284,161,0,0,0
cold_frozen_i1m_h8_s7_state0_mac0,frozen,cold,final,8,7,i1m,0,0,25000000,25000000,25000000,cohort,300000,1944,478,0,7,1292,167,0,0,0
cold_frozen_i1m_h8_s7_state0_mac0,frozen,cold,final,8,7,i1m,0,0,25000000,25000000,25000000,cohort,400000,1932,475,0,3,1294,160,0,0,0
cold_frozen_i1m_h8_s7_state0_mac0,frozen,cold,final,8,7,i1m,0,0,25000000,25000000,25000000,cohort,500000,1958,474,0,8,1311,165,0,0,0
cold_frozen_i1m_h8_s7_state0_mac0,frozen,cold,final,8,7,i1m,0,0,25000000,25000000,25000000,cohort,600000,1948,474,0,7,1303,164,0,0,0
cold_frozen_i1m_h8_s7_state0_mac0,frozen,cold,final,8,7,i1m,0,0,25000000,25000000,25000000,cohort,700000,1959,472,0,9,1310,168,0,0,0
cold_frozen_i1m_h8_s7_state0_mac0,frozen,cold,final,8,7,i1m,0,0,25000000,25000000,25000000,cohort,800000,1968,475,0,3,1331,159,0,0,0
cold_frozen_i1m_h8_s7_state0_mac0,frozen,cold,final,8,7,i1m,0,0,25000000,25000000,25000000,cohort,900000,1948,474,0,3,1305,166,0,0,0
cold_frozen_i1m_h8_s7_state0_mac0,frozen,cold,final,8,7,i1m,0,0,25000000,25000000,25000000,cohort,1000000,1948,475,0,3,1309,161,0,0,0
cold_frozen_i1m_h8_s7_state0_mac0,frozen,cold,final,8,7,i1m,0,0,25000000,25000000,25000000,cohort,1100000,1930,474,0,5,1288,163,0,0,0
cold_frozen_i1m_h8_s7_state0_mac0,frozen,cold,final,8,7,i1m,0,0,25000000,25000000,25000000,cohort,1200000,1950,470,0,11,1301,168,0,0,0
cold_frozen_i1m_h8_s7_state0_mac0,frozen,cold,final,8,7,i1m,0,0,25000000,25000000,25000000,cohort,1300000,1946,473,0,6,1303,164,0,0,0
cold_frozen_i1m_h8_s7_state0_mac0,frozen,cold,final,8,7,i1m,0,0,25000000,25000000,25000000,cohort,1400000,1968,476,0,5,1322,165,0,0,0
cold_frozen_i1m_h8_s7_state0_mac0,frozen,cold,final,8,7,i1m,0,0,25000000,25000000,25000000,cohort,1500000,1934,475,0,3,1296,160,0,0,0
cold_frozen_i1m_h8_s7_state0_mac0,frozen,cold,final,8,7,i1m,0,0,25000000,25000000,25000000,cohort,1600000,1846,449,0,12,1226,159,0,0,0
cold_frozen_i1m_h8_s7_state0_mac0,frozen,cold,final,8,7,i1m,0,0,25000000,25000000,25000000,cohort,1700000,1940,472,0,6,1297,165,0,0,0
cold_frozen_i1m_h8_s7_state0_mac0,frozen,cold,final,8,7,i1m,0,0,25000000,25000000,25000000,cohort,1800000,1938,471,0,7,1297,163,0,0,0
cold_frozen_i1m_h8_s7_state0_mac0,frozen,cold,final,8,7,i1m,0,0,25000000,25000000,25000000,cohort,1900000,1932,469,0,7,1290,166,0,0,0
cold_frozen_i1m_h8_s7_state0_mac0,frozen,cold,final,8,7,i1m,0,0,25000000,25000000,25000000,cohort,2000000,1924,476,0,0,1290,158,0,0,0
cold_frozen_i1m_h8_s7_state0_mac0,frozen,cold,final,8,7,i1m,0,0,25000000,25000000,25000000,cohort,2100000,1936,471,0,3,1298,164,0,0,0
cold_frozen_i1m_h8_s7_state0_mac0,frozen,cold,final,8,7,i1m,0,0,25000000,25000000,25000000,cohort,2200000,1934,473,0,2,1300,159,0,0,0
cold_frozen_i1m_h8_s7_state0_mac0,frozen,cold,final,8,7,i1m,0,0,25000000,25000000,25000000,cohort,2300000,1940,472,0,5,1301,162,0,0,0
cold_frozen_i1m_h8_s7_state0_mac0,frozen,cold,final,8,7,i1m,0,0,25000000,25000000,25000000,cohort,2400000,1926,463,0,9,1289,165,0,0,0
cold_frozen_i1m_h8_s7_state0_mac0,frozen,cold,final,8,7,i1m,0,0,25000000,25000000,25000000,cohort,2500000,1912,472,0,8,1266,166,0,0,0
cold_frozen_i1m_h8_s7_state0_mac0,frozen,cold,final,8,7,i1m,0,0,25000000,25000000,25000000,cohort,2600000,1966,473,0,17,1304,172,0,0,0
cold_frozen_i1m_h8_s7_state0_mac0,frozen,cold,final,8,7,i1m,0,0,25000000,25000000,25000000,cohort,2700000,1948,478,0,3,1300,167,0,0,0
cold_frozen_i1m_h8_s7_state0_mac0,frozen,cold,final,8,7,i1m,0,0,25000000,25000000,25000000,cohort,2800000,1952,471,0,6,1314,161,0,0,0
cold_frozen_i1m_h8_s7_state0_mac0,frozen,cold,final,8,7,i1m,0,0,25000000,25000000,25000000,cohort,2900000,1942,474,0,6,1293,169,0,0,0
cold_frozen_i1m_h8_s7_state0_mac0,frozen,cold,final,8,7,i1m,0,0,25000000,25000000,25000000,cohort,3000000,1946,475,0,4,1304,163,0,0,0
cold_frozen_i1m_h8_s7_state0_mac0,frozen,cold,final,8,7,i1m,0,0,25000000,25000000,25000000,cohort,3100000,1934,470,0,2,1299,163,0,0,0
cold_frozen_i1m_h8_s7_state0_mac0,frozen,cold,final,8,7,i1m,0,0,25000000,25000000,25000000,cohort,3200000,1956,477,1,4,1308,166,0,0,0
cold_frozen_i1m_h8_s7_state0_mac0,frozen,cold,final,8,7,i1m,0,0,25000000,25000000,25000000,cohort,3300000,1958,477,0,5,1310,166,0,0,0
cold_frozen_i1m_h8_s7_state0_mac0,frozen,cold,final,8,7,i1m,0,0,25000000,25000000,25000000,cohort,3400000,1932,472,0,4,1295,161,0,0,0
cold_frozen_i1m_h8_s7_state0_mac0,frozen,cold,final,8,7,i1m,0,0,25000000,25000000,25000000,cohort,3500000,1960,470,0,14,1305,171,0,0,0
cold_frozen_i1m_h8_s7_state0_mac0,frozen,cold,final,8,7,i1m,0,0,25000000,25000000,25000000,cohort,3600000,1930,467,0,23,1262,178,0,0,0
cold_frozen_i1m_h8_s7_state0_mac0,frozen,cold,final,8,7,i1m,0,0,25000000,25000000,25000000,cohort,3700000,1946,473,0,4,1302,167,0,0,0
cold_frozen_i1m_h8_s7_state0_mac0,frozen,cold,final,8,7,i1m,0,0,25000000,25000000,25000000,cohort,3800000,1960,473,0,11,1311,165,0,0,0
cold_frozen_i1m_h8_s7_state0_mac0,frozen,cold,final,8,7,i1m,0,0,25000000,25000000,25000000,cohort,3900000,1948,471,0,12,1297,168,0,0,0
cold_frozen_i1m_h8_s7_state0_mac0,frozen,cold,final,8,7,i1m,0,0,25000000,25000000,25000000,cohort,4000000,1964,470,0,20,1299,175,0,0,0
cold_frozen_i1m_h8_s7_state0_mac0,frozen,cold,final,8,7,i1m,0,0,25000000,25000000,25000000,cohort,4100000,1948,474,0,8,1300,166,0,0,0
cold_frozen_i1m_h8_s7_state0_mac0,frozen,cold,final,8,7,i1m,0,0,25000000,25000000,25000000,cohort,4200000,1972,469,0,13,1319,171,0,0,0
cold_frozen_i1m_h8_s7_state0_mac0,frozen,cold,final,8,7,i1m,0,0,25000000,25000000,25000000,cohort,4300000,1936,476,0,4,1294,162,0,0,0
cold_frozen_i1m_h8_s7_state0_mac0,frozen,cold,final,8,7,i1m,0,0,25000000,25000000,25000000,cohort,4400000,1958,472,0,8,1315,163,0,0,0
cold_frozen_i1m_h8_s7_state0_mac0,frozen,cold,final,8,7,i1m,0,0,25000000,25000000,25000000,cohort,4500000,1964,471,0,13,1313,167,0,0,0
cold_frozen_i1m_h8_s7_state0_mac0,frozen,cold,final,8,7,i1m,0,0,25000000,25000000,25000000,cohort,4600000,1956,475,0,8,1306,167,0,0,0
cold_frozen_i1m_h8_s7_state0_mac0,frozen,cold,final,8,7,i1m,0,0,25000000,25000000,25000000,cohort,4700000,1956,473,0,8,1304,171,0,0,0
cold_frozen_i1m_h8_s7_state0_mac0,frozen,cold,final,8,7,i1m,0,0,25000000,25000000,25000000,cohort,4800000,1938,474,0,4,1301,159,0,0,0
cold_frozen_i1m_h8_s7_state0_mac0,frozen,cold,final,8,7,i1m,0,0,25000000,25000000,25000000,cohort,4900000,1940,466,1,15,1287,171,0,0,0
cold_frozen_i1m_h8_s7_state0_mac0,frozen,cold,final,8,7,i1m,0,0,25000000,25000000,25000000,cohort,5000000,1874,456,0,9,1250,159,0,0,0
cold_frozen_i1m_h8_s7_state0_mac0,frozen,cold,final,8,7,i1m,0,0,25000000,25000000,25000000,cohort,5100000,1932,469,0,12,1282,169,0,0,0
cold_frozen_i1m_h8_s7_state0_mac0,frozen,cold,final,8,7,i1m,0,0,25000000,25000000,25000000,cohort,5200000,1966,470,0,21,1298,177,0,0,0
cold_frozen_i1m_h8_s7_state0_mac0,frozen,cold,final,8,7,i1m,0,0,25000000,25000000,25000000,cohort,5300000,1930,471,0,14,1276,169,0,0,0
cold_frozen_i1m_h8_s7_state0_mac0,frozen,cold,final,8,7,i1m,0,0,25000000,25000000,25000000,cohort,5400000,1964,467,0,24,1294,179,0,0,0
cold_frozen_i1m_h8_s7_state0_mac0,frozen,cold,final,8,7,i1m,0,0,25000000,25000000,25000000,cohort,5500000,1946,472,0,11,1293,170,0,0,0
cold_frozen_i1m_h8_s7_state0_mac0,frozen,cold,final,8,7,i1m,0,0,25000000,25000000,25000000,cohort,5600000,1966,471,0,20,1304,171,0,0,0
cold_frozen_i1m_h8_s7_state0_mac0,frozen,cold,final,8,7,i1m,0,0,25000000,25000000,25000000,cohort,5700000,1926,468,0,16,1269,173,0,0,0
cold_frozen_i1m_h8_s7_state0_mac0,frozen,cold,final,8,7,i1m,0,0,25000000,25000000,25000000,cohort,5800000,1932,472,0,17,1273,170,0,0,0
cold_frozen_i1m_h8_s7_state0_mac0,frozen,cold,final,8,7,i1m,0,0,25000000,25000000,25000000,cohort,5900000,2002,469,0,21,1338,174,0,0,0
cold_frozen_i1m_h8_s7_state0_mac0,frozen,cold,final,8,7,i1m,0,0,25000000,25000000,25000000,cohort,6000000,1938,472,0,11,1291,164,0,0,0
cold_frozen_i1m_h8_s7_state0_mac0,frozen,cold,final,8,7,i1m,0,0,25000000,25000000,25000000,cohort,6100000,1958,469,0,13,1300,176,0,0,0
cold_frozen_i1m_h8_s7_state0_mac0,frozen,cold,final,8,7,i1m,0,0,25000000,25000000,25000000,cohort,6200000,1944,474,0,8,1296,166,0,0,0
cold_frozen_i1m_h8_s7_state0_mac0,frozen,cold,final,8,7,i1m,0,0,25000000,25000000,25000000,cohort,6300000,1968,472,0,23,1297,176,0,0,0
cold_frozen_i1m_h8_s7_state0_mac0,frozen,cold,final,8,7,i1m,0,0,25000000,25000000,25000000,cohort,6400000,1910,465,0,13,1266,166,0,0,0
cold_frozen_i1m_h8_s7_state0_mac0,frozen,cold,final,8,7,i1m,0,0,25000000,25000000,25000000,cohort,6500000,1928,471,0,11,1278,168,0,0,0
cold_frozen_i1m_h8_s7_state0_mac0,frozen,cold,final,8,7,i1m,0,0,25000000,25000000,25000000,cohort,6600000,1964,468,0,17,1305,174,0,0,0
cold_frozen_i1m_h8_s7_state0_mac0,frozen,cold,final,8,7,i1m,0,0,25000000,25000000,25000000,cohort,6700000,1928,471,0,9,1283,165,0,0,0
cold_frozen_i1m_h8_s7_state0_mac0,frozen,cold,final,8,7,i1m,0,0,25000000,25000000,25000000,cohort,6800000,1964,469,0,18,1303,174,0,0,0
cold_frozen_i1m_h8_s7_state0_mac0,frozen,cold,final,8,7,i1m,0,0,25000000,25000000,25000000,cohort,6900000,1940,471,0,14,1285,170,0,0,0
cold_frozen_i1m_h8_s7_state0_mac0,frozen,cold,final,8,7,i1m,0,0,25000000,25000000,25000000,cohort,7000000,1936,477,0,4,1294,161,0,0,0
cold_frozen_i1m_h8_s7_state0_mac0,frozen,cold,final,8,7,i1m,0,0,25000000,25000000,25000000,cohort,7100000,1966,468,0,20,1304,174,0,0,0
cold_frozen_i1m_h8_s7_state0_mac0,frozen,cold,final,8,7,i1m,0,0,25000000,25000000,25000000,cohort,7200000,1950,474,0,11,1296,169,0,0,0
cold_frozen_i1m_h8_s7_state0_mac0,frozen,cold,final,8,7,i1m,0,0,25000000,25000000,25000000,cohort,7300000,1964,473,0,14,1306,171,0,0,0
cold_frozen_i1m_h8_s7_state0_mac0,frozen,cold,final,8,7,i1m,0,0,25000000,25000000,25000000,cohort,7400000,1936,471,0,11,1287,167,0,0,0
cold_frozen_i1m_h8_s7_state0_mac0,frozen,cold,final,8,7,i1m,0,0,25000000,25000000,25000000,cohort,7500000,1968,469,0,16,1305,178,0,0,0
cold_frozen_i1m_h8_s7_state0_mac0,frozen,cold,final,8,7,i1m,0,0,25000000,25000000,25000000,cohort,7600000,1940,476,0,3,1303,158,0,0,0
cold_frozen_i1m_h8_s7_state0_mac0,frozen,cold,final,8,7,i1m,0,0,25000000,25000000,25000000,cohort,7700000,1958,471,0,13,1305,169,0,0,0
cold_frozen_i1m_h8_s7_state0_mac0,frozen,cold,final,8,7,i1m,0,0,25000000,25000000,25000000,cohort,7800000,1968,471,0,25,1291,181,0,0,0
cold_frozen_i1m_h8_s7_state0_mac0,frozen,cold,final,8,7,i1m,0,0,25000000,25000000,25000000,cohort,7900000,1934,476,0,4,1294,160,0,0,0
cold_frozen_i1m_h8_s7_state0_mac0,frozen,cold,final,8,7,i1m,0,0,25000000,25000000,25000000,cohort,8000000,1984,468,0,26,1311,179,0,0,0
cold_frozen_i1m_h8_s7_state0_mac0,frozen,cold,final,8,7,i1m,0,0,25000000,25000000,25000000,cohort,8100000,1948,471,0,19,1282,176,0,0,0
cold_frozen_i1m_h8_s7_state0_mac0,frozen,cold,final,8,7,i1m,0,0,25000000,25000000,25000000,cohort,8200000,1982,474,0,14,1325,169,0,0,0
cold_frozen_i1m_h8_s7_state0_mac0,frozen,cold,final,8,7,i1m,0,0,25000000,25000000,25000000,cohort,8300000,1942,476,0,4,1301,161,0,0,0
cold_frozen_i1m_h8_s7_state0_mac0,frozen,cold,final,8,7,i1m,0,0,25000000,25000000,25000000,cohort,8400000,1962,477,0,8,1312,165,0,0,0
cold_frozen_i1m_h8_s7_state0_mac0,frozen,cold,final,8,7,i1m,0,0,25000000,25000000,25000000,cohort,8500000,1920,460,0,22,1267,171,0,0,0
cold_frozen_i1m_h8_s7_state0_mac0,frozen,cold,final,8,7,i1m,0,0,25000000,25000000,25000000,cohort,8600000,1926,473,0,8,1280,165,0,0,0
cold_frozen_i1m_h8_s7_state0_mac0,frozen,cold,final,8,7,i1m,0,0,25000000,25000000,25000000,cohort,8700000,1940,468,0,12,1295,165,0,0,0
cold_frozen_i1m_h8_s7_state0_mac0,frozen,cold,final,8,7,i1m,0,0,25000000,25000000,25000000,cohort,8800000,1892,463,0,7,1263,159,0,0,0
cold_frozen_i1m_h8_s7_state0_mac0,frozen,cold,final,8,7,i1m,0,0,25000000,25000000,25000000,cohort,8900000,1942,471,0,11,1295,165,0,0,0
cold_frozen_i1m_h8_s7_state0_mac0,frozen,cold,final,8,7,i1m,0,0,25000000,25000000,25000000,cohort,9000000,1948,470,0,9,1304,165,0,0,0
cold_frozen_i1m_h8_s7_state0_mac0,frozen,cold,final,8,7,i1m,0,0,25000000,25000000,25000000,cohort,9100000,1932,472,0,11,1283,166,0,0,0
cold_frozen_i1m_h8_s7_state0_mac0,frozen,cold,final,8,7,i1m,0,0,25000000,25000000,25000000,cohort,9200000,1956,473,0,13,1301,169,0,0,0
cold_frozen_i1m_h8_s7_state0_mac0,frozen,cold,final,8,7,i1m,0,0,25000000,25000000,25000000,cohort,9300000,1946,472,0,7,1304,163,0,0,0
cold_frozen_i1m_h8_s7_state0_mac0,frozen,cold,final,8,7,i1m,0,0,25000000,25000000,25000000,cohort,9400000,1946,471,0,3,1308,164,0,0,0
cold_frozen_i1m_h8_s7_state0_mac0,frozen,cold,final,8,7,i1m,0,0,25000000,25000000,25000000,cohort,9500000,1924,473,0,7,1281,163,0,0,0
cold_frozen_i1m_h8_s7_state0_mac0,frozen,cold,final,8,7,i1m,0,0,25000000,25000000,25000000,cohort,9600000,1946,466,0,13,1297,170,0,0,0
cold_frozen_i1m_h8_s7_state0_mac0,frozen,cold,final,8,7,i1m,0,0,25000000,25000000,25000000,cohort,9700000,1922,467,0,13,1274,168,0,0,0
cold_frozen_i1m_h8_s7_state0_mac0,frozen,cold,final,8,7,i1m,0,0,25000000,25000000,25000000,cohort,9800000,1906,467,0,9,1266,164,0,0,0
cold_frozen_i1m_h8_s7_state0_mac0,frozen,cold,final,8,7,i1m,0,0,25000000,25000000,25000000,cohort,9900000,1950,466,0,17,1294,173,0,0,0
cold_frozen_i1m_h8_s7_state0_mac0,frozen,cold,final,8,7,i1m,0,0,25000000,25000000,25000000,cohort,10000000,1936,476,0,7,1287,166,0,0,0
cold_frozen_i1m_h8_s7_state0_mac0,frozen,cold,final,8,7,i1m,0,0,25000000,25000000,25000000,cohort,10100000,1946,472,0,7,1300,167,0,0,0
cold_frozen_i1m_h8_s7_state0_mac0,frozen,cold,final,8,7,i1m,0,0,25000000,25000000,25000000,cohort,10200000,1928,474,0,6,1285,163,0,0,0
cold_frozen_i1m_h8_s7_state0_mac0,frozen,cold,final,8,7,i1m,0,0,25000000,25000000,25000000,cohort,10300000,1982,473,0,10,1332,167,0,0,0
cold_frozen_i1m_h8_s7_state0_mac0,frozen,cold,final,8,7,i1m,0,0,25000000,25000000,25000000,cohort,10400000,1932,473,0,5,1292,162,0,0,0
cold_frozen_i1m_h8_s7_state0_mac0,frozen,cold,final,8,7,i1m,0,0,25000000,25000000,25000000,cohort,10500000,1922,473,0,4,1283,162,0,0,0
cold_frozen_i1m_h8_s7_state0_mac0,frozen,cold,final,8,7,i1m,0,0,25000000,25000000,25000000,cohort,10600000,1944,464,1,16,1294,169,0,0,0
cold_frozen_i1m_h8_s7_state0_mac0,frozen,cold,final,8,7,i1m,0,0,25000000,25000000,25000000,cohort,10700000,1932,476,0,5,1289,162,0,0,0
cold_frozen_i1m_h8_s7_state0_mac0,frozen,cold,final,8,7,i1m,0,0,25000000,25000000,25000000,cohort,10800000,1942,462,0,14,1297,169,0,0,0
cold_frozen_i1m_h8_s7_state0_mac0,frozen,cold,final,8,7,i1m,0,0,25000000,25000000,25000000,cohort,10900000,1932,475,0,6,1288,163,0,0,0
cold_frozen_i1m_h8_s7_state0_mac0,frozen,cold,final,8,7,i1m,0,0,25000000,25000000,25000000,cohort,11000000,1946,466,0,15,1293,172,0,0,0
cold_frozen_i1m_h8_s7_state0_mac0,frozen,cold,final,8,7,i1m,0,0,25000000,25000000,25000000,cohort,11100000,1932,473,0,8,1284,167,0,0,0
cold_frozen_i1m_h8_s7_state0_mac0,frozen,cold,final,8,7,i1m,0,0,25000000,25000000,25000000,cohort,11200000,1940,464,0,9,1304,163,0,0,0
cold_frozen_i1m_h8_s7_state0_mac0,frozen,cold,final,8,7,i1m,0,0,25000000,25000000,25000000,cohort,11300000,1944,466,0,19,1286,173,0,0,0
cold_frozen_i1m_h8_s7_state0_mac0,frozen,cold,final,8,7,i1m,0,0,25000000,25000000,25000000,cohort,11400000,1888,454,0,24,1234,176,0,0,0
cold_frozen_i1m_h8_s7_state0_mac0,frozen,cold,final,8,7,i1m,0,0,25000000,25000000,25000000,cohort,11500000,1842,431,0,37,1198,176,0,0,0
cold_frozen_i1m_h8_s7_state0_mac0,frozen,cold,final,8,7,i1m,0,0,25000000,25000000,25000000,cohort,11600000,1920,468,0,12,1268,172,0,0,0
cold_frozen_i1m_h8_s7_state0_mac0,frozen,cold,final,8,7,i1m,0,0,25000000,25000000,25000000,cohort,11700000,1926,473,0,8,1280,165,0,0,0
cold_frozen_i1m_h8_s7_state0_mac0,frozen,cold,final,8,7,i1m,0,0,25000000,25000000,25000000,cohort,11800000,1934,443,4,54,1226,207,0,0,0
cold_frozen_i1m_h8_s7_state0_mac0,frozen,cold,final,8,7,i1m,0,0,25000000,25000000,25000000,cohort,11900000,1904,463,8,44,1185,204,0,0,0
cold_frozen_i1m_h8_s7_state0_mac0,frozen,cold,final,8,7,i1m,0,0,25000000,25000000,25000000,cohort,12000000,1876,455,0,16,1242,163,0,0,0
cold_frozen_i1m_h8_s7_state0_mac0,frozen,cold,final,8,7,i1m,0,0,25000000,25000000,25000000,cohort,12100000,1886,450,0,21,1246,169,0,0,0
cold_frozen_i1m_h8_s7_state0_mac0,frozen,cold,final,8,7,i1m,0,0,25000000,25000000,25000000,cohort,12200000,1926,472,0,9,1277,168,0,0,0
cold_frozen_i1m_h8_s7_state0_mac0,frozen,cold,final,8,7,i1m,0,0,25000000,25000000,25000000,cohort,12300000,1902,464,0,11,1261,166,0,0,0
cold_frozen_i1m_h8_s7_state0_mac0,frozen,cold,final,8,7,i1m,0,0,25000000,25000000,25000000,cohort,12400000,1928,466,0,16,1275,171,0,0,0
cold_frozen_i1m_h8_s7_state0_mac0,frozen,cold,final,8,7,i1m,0,0,25000000,25000000,25000000,cohort,12500000,1916,471,0,9,1272,164,0,0,0
cold_frozen_i1m_h8_s7_state0_mac0,frozen,cold,final,8,7,i1m,0,0,25000000,25000000,25000000,cohort,12600000,1802,415,2,69,1111,205,0,0,0
cold_frozen_i1m_h8_s7_state0_mac0,frozen,cold,final,8,7,i1m,0,0,25000000,25000000,25000000,cohort,12700000,1980,474,3,57,1230,216,0,0,0
cold_frozen_i1m_h8_s7_state0_mac0,frozen,cold,final,8,7,i1m,0,0,25000000,25000000,25000000,cohort,12800000,1822,444,0,26,1181,171,0,0,0
cold_frozen_i1m_h8_s7_state0_mac0,frozen,cold,final,8,7,i1m,0,0,25000000,25000000,25000000,cohort,12900000,1936,472,0,13,1281,170,0,0,0
cold_frozen_i1m_h8_s7_state0_mac0,frozen,cold,final,8,7,i1m,0,0,25000000,25000000,25000000,cohort,13000000,1920,471,0,6,1280,163,0,0,0
cold_frozen_i1m_h8_s7_state0_mac0,frozen,cold,final,8,7,i1m,0,0,25000000,25000000,25000000,cohort,13100000,1916,474,0,6,1272,164,0,0,0
cold_frozen_i1m_h8_s7_state0_mac0,frozen,cold,final,8,7,i1m,0,0,25000000,25000000,25000000,cohort,13200000,1886,444,5,86,1127,224,0,0,0
cold_frozen_i1m_h8_s7_state0_mac0,frozen,cold,final,8,7,i1m,0,0,25000000,25000000,25000000,cohort,13300000,1920,471,0,7,1277,165,0,0,0
cold_frozen_i1m_h8_s7_state0_mac0,frozen,cold,final,8,7,i1m,0,0,25000000,25000000,25000000,cohort,13400000,2335,795,0,146,952,432,0,10,10
cold_frozen_i1m_h8_s7_state0_mac0,frozen,cold,final,8,7,i1m,0,0,25000000,25000000,25000000,cohort,13500000,1924,459,0,14,1276,175,0,0,0
cold_frozen_i1m_h8_s7_state0_mac0,frozen,cold,final,8,7,i1m,0,0,25000000,25000000,25000000,cohort,13600000,1938,459,0,14,1288,177,0,0,0
cold_frozen_i1m_h8_s7_state0_mac0,frozen,cold,final,8,7,i1m,0,0,25000000,25000000,25000000,cohort,13700000,1916,465,0,25,1245,181,0,0,0
cold_frozen_i1m_h8_s7_state0_mac0,frozen,cold,final,8,7,i1m,0,0,25000000,25000000,25000000,cohort,13800000,1926,476,0,3,1288,159,0,0,0
cold_frozen_i1m_h8_s7_state0_mac0,frozen,cold,final,8,7,i1m,0,0,25000000,25000000,25000000,cohort,13900000,1966,468,0,24,1296,178,0,0,0
cold_frozen_i1m_h8_s7_state0_mac0,frozen,cold,final,8,7,i1m,0,0,25000000,25000000,25000000,cohort,14000000,1930,475,0,9,1280,166,0,0,0
cold_frozen_i1m_h8_s7_state0_mac0,frozen,cold,final,8,7,i1m,0,0,25000000,25000000,25000000,cohort,14100000,1914,469,0,26,1243,176,0,0,0
cold_frozen_i1m_h8_s7_state0_mac0,frozen,cold,final,8,7,i1m,0,0,25000000,25000000,25000000,cohort,14200000,1968,475,0,17,1303,173,0,0,0
cold_frozen_i1m_h8_s7_state0_mac0,frozen,cold,final,8,7,i1m,0,0,25000000,25000000,25000000,cohort,14300000,1924,473,0,5,1285,161,0,0,0
cold_frozen_i1m_h8_s7_state0_mac0,frozen,cold,final,8,7,i1m,0,0,25000000,25000000,25000000,cohort,14400000,1964,475,0,12,1304,173,0,0,0
cold_frozen_i1m_h8_s7_state0_mac0,frozen,cold,final,8,7,i1m,0,0,25000000,25000000,25000000,cohort,14500000,1924,474,0,5,1284,161,0,0,0
cold_frozen_i1m_h8_s7_state0_mac0,frozen,cold,final,8,7,i1m,0,0,25000000,25000000,25000000,cohort,14600000,1964,476,0,13,1304,171,0,0,0
cold_frozen_i1m_h8_s7_state0_mac0,frozen,cold,final,8,7,i1m,0,0,25000000,25000000,25000000,cohort,14700000,1936,473,0,10,1286,167,0,0,0
cold_frozen_i1m_h8_s7_state0_mac0,frozen,cold,final,8,7,i1m,0,0,25000000,25000000,25000000,cohort,14800000,1930,476,0,7,1288,159,0,0,0
cold_frozen_i1m_h8_s7_state0_mac0,frozen,cold,final,8,7,i1m,0,0,25000000,25000000,25000000,cohort,14900000,1962,472,0,19,1295,176,0,0,0
cold_frozen_i1m_h8_s7_state0_mac0,frozen,cold,final,8,7,i1m,0,0,25000000,25000000,25000000,cohort,15000000,1932,477,0,7,1284,164,0,0,0
cold_frozen_i1m_h8_s7_state0_mac0,frozen,cold,final,8,7,i1m,0,0,25000000,25000000,25000000,cohort,15100000,1948,464,0,30,1272,182,0,0,0
cold_frozen_i1m_h8_s7_state0_mac0,frozen,cold,final,8,7,i1m,0,0,25000000,25000000,25000000,cohort,15200000,1950,477,0,10,1293,170,0,0,0
cold_frozen_i1m_h8_s7_state0_mac0,frozen,cold,final,8,7,i1m,0,0,25000000,25000000,25000000,cohort,15300000,1976,474,0,7,1333,162,0,0,0
cold_frozen_i1m_h8_s7_state0_mac0,frozen,cold,final,8,7,i1m,0,0,25000000,25000000,25000000,cohort,15400000,1960,476,0,10,1308,166,0,0,0
cold_frozen_i1m_h8_s7_state0_mac0,frozen,cold,final,8,7,i1m,0,0,25000000,25000000,25000000,cohort,15500000,1938,475,0,6,1294,163,0,0,0
cold_frozen_i1m_h8_s7_state0_mac0,frozen,cold,final,8,7,i1m,0,0,25000000,25000000,25000000,cohort,15600000,1956,473,0,10,1310,163,0,0,0
cold_frozen_i1m_h8_s7_state0_mac0,frozen,cold,final,8,7,i1m,0,0,25000000,25000000,25000000,cohort,15700000,1930,473,0,6,1285,166,0,0,0
cold_frozen_i1m_h8_s7_state0_mac0,frozen,cold,final,8,7,i1m,0,0,25000000,25000000,25000000,cohort,15800000,1956,468,0,14,1302,172,0,0,0
cold_frozen_i1m_h8_s7_state0_mac0,frozen,cold,final,8,7,i1m,0,0,25000000,25000000,25000000,cohort,15900000,1936,474,0,8,1291,163,0,0,0
cold_frozen_i1m_h8_s7_state0_mac0,frozen,cold,final,8,7,i1m,0,0,25000000,25000000,25000000,cohort,16000000,1942,470,0,8,1298,166,0,0,0
cold_frozen_i1m_h8_s7_state0_mac0,frozen,cold,final,8,7,i1m,0,0,25000000,25000000,25000000,cohort,16100000,1946,474,0,9,1297,166,0,0,0
cold_frozen_i1m_h8_s7_state0_mac0,frozen,cold,final,8,7,i1m,0,0,25000000,25000000,25000000,cohort,16200000,1958,471,0,10,1308,169,0,0,0
cold_frozen_i1m_h8_s7_state0_mac0,frozen,cold,final,8,7,i1m,0,0,25000000,25000000,25000000,cohort,16300000,1928,477,0,2,1289,160,0,0,0
cold_frozen_i1m_h8_s7_state0_mac0,frozen,cold,final,8,7,i1m,0,0,25000000,25000000,25000000,cohort,16400000,1918,467,0,11,1273,167,0,0,0
cold_frozen_i1m_h8_s7_state0_mac0,frozen,cold,final,8,7,i1m,0,0,25000000,25000000,25000000,cohort,16500000,1936,472,0,10,1287,167,0,0,0
cold_frozen_i1m_h8_s7_state0_mac0,frozen,cold,final,8,7,i1m,0,0,25000000,25000000,25000000,cohort,16600000,1930,467,0,11,1285,167,0,0,0
cold_frozen_i1m_h8_s7_state0_mac0,frozen,cold,final,8,7,i1m,0,0,25000000,25000000,25000000,cohort,16700000,1944,471,0,10,1297,166,0,0,0
cold_frozen_i1m_h8_s7_state0_mac0,frozen,cold,final,8,7,i1m,0,0,25000000,25000000,25000000,cohort,16800000,1922,469,0,9,1277,167,0,0,0
cold_frozen_i1m_h8_s7_state0_mac0,frozen,cold,final,8,7,i1m,0,0,25000000,25000000,25000000,cohort,16900000,1948,468,0,14,1297,169,0,0,0
cold_frozen_i1m_h8_s7_state0_mac0,frozen,cold,final,8,7,i1m,0,0,25000000,25000000,25000000,cohort,17000000,1930,471,0,7,1290,162,0,0,0
cold_frozen_i1m_h8_s7_state0_mac0,frozen,cold,final,8,7,i1m,0,0,25000000,25000000,25000000,cohort,17100000,1888,464,0,8,1252,164,0,0,0
cold_frozen_i1m_h8_s7_state0_mac0,frozen,cold,final,8,7,i1m,0,0,25000000,25000000,25000000,cohort,17200000,1944,473,0,8,1298,165,0,0,0
cold_frozen_i1m_h8_s7_state0_mac0,frozen,cold,final,8,7,i1m,0,0,25000000,25000000,25000000,cohort,17300000,1938,471,0,5,1299,163,0,0,0
cold_frozen_i1m_h8_s7_state0_mac0,frozen,cold,final,8,7,i1m,0,0,25000000,25000000,25000000,cohort,17400000,1960,470,0,8,1318,164,0,0,0
cold_frozen_i1m_h8_s7_state0_mac0,frozen,cold,final,8,7,i1m,0,0,25000000,25000000,25000000,cohort,17500000,1928,474,0,6,1285,163,0,0,0
cold_frozen_i1m_h8_s7_state0_mac0,frozen,cold,final,8,7,i1m,0,0,25000000,25000000,25000000,cohort,17600000,1910,467,0,8,1273,162,0,0,0
cold_frozen_i1m_h8_s7_state0_mac0,frozen,cold,final,8,7,i1m,0,0,25000000,25000000,25000000,cohort,17700000,1946,473,0,10,1294,169,0,0,0
cold_frozen_i1m_h8_s7_state0_mac0,frozen,cold,final,8,7,i1m,0,0,25000000,25000000,25000000,cohort,17800000,1926,470,0,8,1284,164,0,0,0
cold_frozen_i1m_h8_s7_state0_mac0,frozen,cold,final,8,7,i1m,0,0,25000000,25000000,25000000,cohort,17900000,1960,472,0,6,1318,164,0,0,0
cold_frozen_i1m_h8_s7_state0_mac0,frozen,cold,final,8,7,i1m,0,0,25000000,25000000,25000000,cohort,18000000,1926,480,0,2,1282,162,0,0,0
cold_frozen_i1m_h8_s7_state0_mac0,frozen,cold,final,8,7,i1m,0,0,25000000,25000000,25000000,cohort,18100000,1944,471,0,9,1299,165,0,0,0
cold_frozen_i1m_h8_s7_state0_mac0,frozen,cold,final,8,7,i1m,0,0,25000000,25000000,25000000,cohort,18200000,1930,473,0,3,1294,160,0,0,0
cold_frozen_i1m_h8_s7_state0_mac0,frozen,cold,final,8,7,i1m,0,0,25000000,25000000,25000000,cohort,18300000,1938,472,0,8,1296,162,0,0,0
cold_frozen_i1m_h8_s7_state0_mac0,frozen,cold,final,8,7,i1m,0,0,25000000,25000000,25000000,cohort,18400000,1930,471,0,10,1281,168,0,0,0
cold_frozen_i1m_h8_s7_state0_mac0,frozen,cold,final,8,7,i1m,0,0,25000000,25000000,25000000,cohort,18500000,1936,474,0,12,1284,166,0,0,0
cold_frozen_i1m_h8_s7_state0_mac0,frozen,cold,final,8,7,i1m,0,0,25000000,25000000,25000000,cohort,18600000,1958,477,0,14,1292,175,0,0,0
cold_frozen_i1m_h8_s7_state0_mac0,frozen,cold,final,8,7,i1m,0,0,25000000,25000000,25000000,cohort,18700000,1932,474,0,2,1294,162,0,0,0
cold_frozen_i1m_h8_s7_state0_mac0,frozen,cold,final,8,7,i1m,0,0,25000000,25000000,25000000,cohort,18800000,2016,465,0,14,1368,169,0,0,0
cold_frozen_i1m_h8_s7_state0_mac0,frozen,cold,final,8,7,i1m,0,0,25000000,25000000,25000000,cohort,18900000,1930,474,0,4,1287,165,0,0,0
cold_frozen_i1m_h8_s7_state0_mac0,frozen,cold,final,8,7,i1m,0,0,25000000,25000000,25000000,cohort,19000000,1990,471,0,8,1342,169,0,0,0
cold_frozen_i1m_h8_s7_state0_mac0,frozen,cold,final,8,7,i1m,0,0,25000000,25000000,25000000,cohort,19100000,1948,474,0,10,1296,168,0,0,0
cold_frozen_i1m_h8_s7_state0_mac0,frozen,cold,final,8,7,i1m,0,0,25000000,25000000,25000000,cohort,19200000,1926,473,0,6,1283,164,0,0,0
cold_frozen_i1m_h8_s7_state0_mac0,frozen,cold,final,8,7,i1m,0,0,25000000,25000000,25000000,cohort,19300000,1972,469,0,15,1314,174,0,0,0
cold_frozen_i1m_h8_s7_state0_mac0,frozen,cold,final,8,7,i1m,0,0,25000000,25000000,25000000,cohort,19400000,1926,476,0,4,1286,160,0,0,0
cold_frozen_i1m_h8_s7_state0_mac0,frozen,cold,final,8,7,i1m,0,0,25000000,25000000,25000000,cohort,19500000,1970,470,0,22,1300,178,0,0,0
cold_frozen_i1m_h8_s7_state0_mac0,frozen,cold,final,8,7,i1m,0,0,25000000,25000000,25000000,cohort,19600000,1934,472,0,7,1292,163,0,0,0
cold_frozen_i1m_h8_s7_state0_mac0,frozen,cold,final,8,7,i1m,0,0,25000000,25000000,25000000,cohort,19700000,1954,467,0,15,1303,169,0,0,0
cold_frozen_i1m_h8_s7_state0_mac0,frozen,cold,final,8,7,i1m,0,0,25000000,25000000,25000000,cohort,19800000,1934,471,0,8,1288,167,0,0,0
cold_frozen_i1m_h8_s7_state0_mac0,frozen,cold,final,8,7,i1m,0,0,25000000,25000000,25000000,cohort,19900000,1918,469,0,8,1278,163,0,0,0
cold_frozen_i1m_h8_s7_state0_mac0,frozen,cold,final,8,7,i1m,0,0,25000000,25000000,25000000,cohort,20000000,1950,473,0,11,1298,168,0,0,0
cold_frozen_i1m_h8_s7_state0_mac0,frozen,cold,final,8,7,i1m,0,0,25000000,25000000,25000000,cohort,20100000,1936,475,0,9,1285,167,0,0,0
cold_frozen_i1m_h8_s7_state0_mac0,frozen,cold,final,8,7,i1m,0,0,25000000,25000000,25000000,cohort,20200000,1950,474,0,11,1296,169,0,0,0
cold_frozen_i1m_h8_s7_state0_mac0,frozen,cold,final,8,7,i1m,0,0,25000000,25000000,25000000,cohort,20300000,1924,474,0,4,1286,160,0,0,0
cold_frozen_i1m_h8_s7_state0_mac0,frozen,cold,final,8,7,i1m,0,0,25000000,25000000,25000000,cohort,20400000,1950,476,0,12,1292,170,0,0,0
cold_frozen_i1m_h8_s7_state0_mac0,frozen,cold,final,8,7,i1m,0,0,25000000,25000000,25000000,cohort,20500000,1930,475,0,8,1282,165,0,0,0
cold_frozen_i1m_h8_s7_state0_mac0,frozen,cold,final,8,7,i1m,0,0,25000000,25000000,25000000,cohort,20600000,1936,474,0,4,1296,162,0,0,0
cold_frozen_i1m_h8_s7_state0_mac0,frozen,cold,final,8,7,i1m,0,0,25000000,25000000,25000000,cohort,20700000,1952,471,0,15,1290,173,0,3,3
cold_frozen_i1m_h8_s7_state0_mac0,frozen,cold,final,8,7,i1m,0,0,25000000,25000000,25000000,cohort,20800000,1938,476,0,8,1289,165,0,0,0
cold_frozen_i1m_h8_s7_state0_mac0,frozen,cold,final,8,7,i1m,0,0,25000000,25000000,25000000,cohort,20900000,1966,469,0,13,1314,170,0,0,0
cold_frozen_i1m_h8_s7_state0_mac0,frozen,cold,final,8,7,i1m,0,0,25000000,25000000,25000000,cohort,21000000,1920,469,0,10,1274,167,0,0,0
cold_frozen_i1m_h8_s7_state0_mac0,frozen,cold,final,8,7,i1m,0,0,25000000,25000000,25000000,cohort,21100000,1956,473,0,9,1311,163,0,0,0
cold_frozen_i1m_h8_s7_state0_mac0,frozen,cold,final,8,7,i1m,0,0,25000000,25000000,25000000,cohort,21200000,1922,477,0,3,1281,161,0,0,0
cold_frozen_i1m_h8_s7_state0_mac0,frozen,cold,final,8,7,i1m,0,0,25000000,25000000,25000000,cohort,21300000,1900,465,0,6,1269,160,0,0,0
cold_frozen_i1m_h8_s7_state0_mac0,frozen,cold,final,8,7,i1m,0,0,25000000,25000000,25000000,cohort,21400000,1926,467,0,17,1267,175,0,0,0
cold_frozen_i1m_h8_s7_state0_mac0,frozen,cold,final,8,7,i1m,0,0,25000000,25000000,25000000,cohort,21500000,1924,473,0,5,1282,164,0,0,0
cold_frozen_i1m_h8_s7_state0_mac0,frozen,cold,final,8,7,i1m,0,0,25000000,25000000,25000000,cohort,21600000,1966,472,0,14,1309,171,0,0,0
cold_frozen_i1m_h8_s7_state0_mac0,frozen,cold,final,8,7,i1m,0,0,25000000,25000000,25000000,cohort,21700000,1938,474,0,11,1283,170,0,0,0
cold_frozen_i1m_h8_s7_state0_mac0,frozen,cold,final,8,7,i1m,0,0,25000000,25000000,25000000,cohort,21800000,1960,476,0,9,1309,166,0,0,0
cold_frozen_i1m_h8_s7_state0_mac0,frozen,cold,final,8,7,i1m,0,0,25000000,25000000,25000000,cohort,21900000,1944,474,0,6,1302,162,0,0,0
cold_frozen_i1m_h8_s7_state0_mac0,frozen,cold,final,8,7,i1m,0,0,25000000,25000000,25000000,cohort,22000000,1942,473,0,9,1294,166,0,0,0
cold_frozen_i1m_h8_s7_state0_mac0,frozen,cold,final,8,7,i1m,0,0,25000000,25000000,25000000,cohort,22100000,1956,472,0,14,1302,168,0,0,0
cold_frozen_i1m_h8_s7_state0_mac0,frozen,cold,final,8,7,i1m,0,0,25000000,25000000,25000000,cohort,22200000,1970,476,0,6,1328,160,0,0,0
cold_frozen_i1m_h8_s7_state0_mac0,frozen,cold,final,8,7,i1m,0,0,25000000,25000000,25000000,cohort,22300000,1968,472,0,16,1308,172,0,0,0
cold_frozen_i1m_h8_s7_state0_mac0,frozen,cold,final,8,7,i1m,0,0,25000000,25000000,25000000,cohort,22400000,1934,475,0,8,1287,164,0,0,0
cold_frozen_i1m_h8_s7_state0_mac0,frozen,cold,final,8,7,i1m,0,0,25000000,25000000,25000000,cohort,22500000,1970,473,0,28,1288,180,0,1,1
cold_frozen_i1m_h8_s7_state0_mac0,frozen,cold,final,8,7,i1m,0,0,25000000,25000000,25000000,cohort,22600000,1938,471,0,13,1286,168,0,0,0
cold_frozen_i1m_h8_s7_state0_mac0,frozen,cold,final,8,7,i1m,0,0,25000000,25000000,25000000,cohort,22700000,1958,475,0,8,1310,165,0,0,0
cold_frozen_i1m_h8_s7_state0_mac0,frozen,cold,final,8,7,i1m,0,0,25000000,25000000,25000000,cohort,22800000,1980,472,0,16,1319,173,0,0,0
cold_frozen_i1m_h8_s7_state0_mac0,frozen,cold,final,8,7,i1m,0,0,25000000,25000000,25000000,cohort,22900000,1948,475,0,6,1305,162,0,0,0
cold_frozen_i1m_h8_s7_state0_mac0,frozen,cold,final,8,7,i1m,0,0,25000000,25000000,25000000,cohort,23000000,1958,466,0,21,1296,175,0,0,0
cold_frozen_i1m_h8_s7_state0_mac0,frozen,cold,final,8,7,i1m,0,0,25000000,25000000,25000000,cohort,23100000,1940,474,0,12,1285,169,0,0,0
cold_frozen_i1m_h8_s7_state0_mac0,frozen,cold,final,8,7,i1m,0,0,25000000,25000000,25000000,cohort,23200000,2018,470,0,21,1355,172,0,0,0
cold_frozen_i1m_h8_s7_state0_mac0,frozen,cold,final,8,7,i1m,0,0,25000000,25000000,25000000,cohort,23300000,1954,473,0,12,1297,172,0,0,0
cold_frozen_i1m_h8_s7_state0_mac0,frozen,cold,final,8,7,i1m,0,0,25000000,25000000,25000000,cohort,23400000,1936,474,0,3,1296,163,0,0,0
cold_frozen_i1m_h8_s7_state0_mac0,frozen,cold,final,8,7,i1m,0,0,25000000,25000000,25000000,cohort,23500000,1974,470,0,17,1314,173,0,0,0
cold_frozen_i1m_h8_s7_state0_mac0,frozen,cold,final,8,7,i1m,0,0,25000000,25000000,25000000,cohort,23600000,1962,474,0,7,1315,166,0,0,0
cold_frozen_i1m_h8_s7_state0_mac0,frozen,cold,final,8,7,i1m,0,0,25000000,25000000,25000000,cohort,23700000,1964,472,0,14,1305,173,0,0,0
cold_frozen_i1m_h8_s7_state0_mac0,frozen,cold,final,8,7,i1m,0,0,25000000,25000000,25000000,cohort,23800000,1944,477,0,7,1295,165,0,0,0
cold_frozen_i1m_h8_s7_state0_mac0,frozen,cold,final,8,7,i1m,0,0,25000000,25000000,25000000,cohort,23900000,1966,466,0,18,1310,172,0,0,0
cold_frozen_i1m_h8_s7_state0_mac0,frozen,cold,final,8,7,i1m,0,0,25000000,25000000,25000000,cohort,24000000,1938,472,0,10,1291,165,0,0,0
cold_frozen_i1m_h8_s7_state0_mac0,frozen,cold,final,8,7,i1m,0,0,25000000,25000000,25000000,cohort,24100000,1936,475,0,5,1292,164,0,0,0
cold_frozen_i1m_h8_s7_state0_mac0,frozen,cold,final,8,7,i1m,0,0,25000000,25000000,25000000,cohort,24200000,1952,480,0,6,1301,165,0,0,0
cold_frozen_i1m_h8_s7_state0_mac0,frozen,cold,final,8,7,i1m,0,0,25000000,25000000,25000000,cohort,24300000,1934,475,0,3,1297,159,0,0,0
cold_frozen_i1m_h8_s7_state0_mac0,frozen,cold,final,8,7,i1m,0,0,25000000,25000000,25000000,cohort,24400000,1956,475,0,6,1309,164,0,2,2
cold_frozen_i1m_h8_s7_state0_mac0,frozen,cold,final,8,7,i1m,0,0,25000000,25000000,25000000,cohort,24500000,1932,474,0,4,1286,165,0,3,3
cold_frozen_i1m_h8_s7_state0_mac0,frozen,cold,final,8,7,i1m,0,0,25000000,25000000,25000000,cohort,24600000,1956,474,0,2,1302,169,0,9,9
cold_frozen_i1m_h8_s7_state0_mac0,frozen,cold,final,8,7,i1m,0,0,25000000,25000000,25000000,cohort,24700000,1926,475,0,1,1291,158,0,1,1
cold_frozen_i1m_h8_s7_state0_mac0,frozen,cold,final,8,7,i1m,0,0,25000000,25000000,25000000,cohort,24800000,1934,475,0,0,1293,162,0,4,4
cold_frozen_i1m_h8_s7_state0_mac0,frozen,cold,final,8,7,i1m,0,0,25000000,25000000,25000000,cohort,24900000,1950,472,0,0,1304,164,0,10,10
cold_frozen_i1m_h8_s7_state64_mac0,frozen,cold,final,8,7,i1m,64,0,25000000,25000000,25000000,cohort,0,1942,781,0,10,835,314,0,2,2
cold_frozen_i1m_h8_s7_state64_mac0,frozen,cold,final,8,7,i1m,64,0,25000000,25000000,25000000,cohort,100000,1922,472,0,9,1279,162,0,0,0
cold_frozen_i1m_h8_s7_state64_mac0,frozen,cold,final,8,7,i1m,64,0,25000000,25000000,25000000,cohort,200000,1922,472,0,5,1284,161,0,0,0
cold_frozen_i1m_h8_s7_state64_mac0,frozen,cold,final,8,7,i1m,64,0,25000000,25000000,25000000,cohort,300000,1944,478,0,7,1292,167,0,0,0
cold_frozen_i1m_h8_s7_state64_mac0,frozen,cold,final,8,7,i1m,64,0,25000000,25000000,25000000,cohort,400000,1932,475,0,3,1294,160,0,0,0
cold_frozen_i1m_h8_s7_state64_mac0,frozen,cold,final,8,7,i1m,64,0,25000000,25000000,25000000,cohort,500000,1958,474,0,8,1311,165,0,0,0
cold_frozen_i1m_h8_s7_state64_mac0,frozen,cold,final,8,7,i1m,64,0,25000000,25000000,25000000,cohort,600000,1948,474,0,7,1303,164,0,0,0
cold_frozen_i1m_h8_s7_state64_mac0,frozen,cold,final,8,7,i1m,64,0,25000000,25000000,25000000,cohort,700000,1959,472,0,9,1310,168,0,0,0
cold_frozen_i1m_h8_s7_state64_mac0,frozen,cold,final,8,7,i1m,64,0,25000000,25000000,25000000,cohort,800000,1968,475,0,3,1331,159,0,0,0
cold_frozen_i1m_h8_s7_state64_mac0,frozen,cold,final,8,7,i1m,64,0,25000000,25000000,25000000,cohort,900000,1948,474,0,3,1305,166,0,0,0
cold_frozen_i1m_h8_s7_state64_mac0,frozen,cold,final,8,7,i1m,64,0,25000000,25000000,25000000,cohort,1000000,1948,475,0,3,1309,161,0,0,0
cold_frozen_i1m_h8_s7_state64_mac0,frozen,cold,final,8,7,i1m,64,0,25000000,25000000,25000000,cohort,1100000,1930,474,0,5,1288,163,0,0,0
cold_frozen_i1m_h8_s7_state64_mac0,frozen,cold,final,8,7,i1m,64,0,25000000,25000000,25000000,cohort,1200000,1950,470,0,11,1301,168,0,0,0
cold_frozen_i1m_h8_s7_state64_mac0,frozen,cold,final,8,7,i1m,64,0,25000000,25000000,25000000,cohort,1300000,1946,473,0,6,1303,164,0,0,0
cold_frozen_i1m_h8_s7_state64_mac0,frozen,cold,final,8,7,i1m,64,0,25000000,25000000,25000000,cohort,1400000,1968,476,0,5,1322,165,0,0,0
cold_frozen_i1m_h8_s7_state64_mac0,frozen,cold,final,8,7,i1m,64,0,25000000,25000000,25000000,cohort,1500000,1934,475,0,3,1296,160,0,0,0
cold_frozen_i1m_h8_s7_state64_mac0,frozen,cold,final,8,7,i1m,64,0,25000000,25000000,25000000,cohort,1600000,1846,449,0,12,1226,159,0,0,0
cold_frozen_i1m_h8_s7_state64_mac0,frozen,cold,final,8,7,i1m,64,0,25000000,25000000,25000000,cohort,1700000,1940,472,0,6,1297,165,0,0,0
cold_frozen_i1m_h8_s7_state64_mac0,frozen,cold,final,8,7,i1m,64,0,25000000,25000000,25000000,cohort,1800000,1938,471,0,7,1297,163,0,0,0
cold_frozen_i1m_h8_s7_state64_mac0,frozen,cold,final,8,7,i1m,64,0,25000000,25000000,25000000,cohort,1900000,1932,469,0,7,1290,166,0,0,0
cold_frozen_i1m_h8_s7_state64_mac0,frozen,cold,final,8,7,i1m,64,0,25000000,25000000,25000000,cohort,2000000,1924,476,0,0,1290,158,0,0,0
cold_frozen_i1m_h8_s7_state64_mac0,frozen,cold,final,8,7,i1m,64,0,25000000,25000000,25000000,cohort,2100000,1936,471,0,3,1298,164,0,0,0
cold_frozen_i1m_h8_s7_state64_mac0,frozen,cold,final,8,7,i1m,64,0,25000000,25000000,25000000,cohort,2200000,1934,473,0,2,1300,159,0,0,0
cold_frozen_i1m_h8_s7_state64_mac0,frozen,cold,final,8,7,i1m,64,0,25000000,25000000,25000000,cohort,2300000,1940,472,0,5,1301,162,0,0,0
cold_frozen_i1m_h8_s7_state64_mac0,frozen,cold,final,8,7,i1m,64,0,25000000,25000000,25000000,cohort,2400000,1926,463,0,9,1289,165,0,0,0
cold_frozen_i1m_h8_s7_state64_mac0,frozen,cold,final,8,7,i1m,64,0,25000000,25000000,25000000,cohort,2500000,1912,472,0,8,1266,166,0,0,0
cold_frozen_i1m_h8_s7_state64_mac0,frozen,cold,final,8,7,i1m,64,0,25000000,25000000,25000000,cohort,2600000,1966,473,0,17,1304,172,0,0,0
cold_frozen_i1m_h8_s7_state64_mac0,frozen,cold,final,8,7,i1m,64,0,25000000,25000000,25000000,cohort,2700000,1948,478,0,3,1300,167,0,0,0
cold_frozen_i1m_h8_s7_state64_mac0,frozen,cold,final,8,7,i1m,64,0,25000000,25000000,25000000,cohort,2800000,1952,471,0,6,1314,161,0,0,0
cold_frozen_i1m_h8_s7_state64_mac0,frozen,cold,final,8,7,i1m,64,0,25000000,25000000,25000000,cohort,2900000,1942,474,0,6,1293,169,0,0,0
cold_frozen_i1m_h8_s7_state64_mac0,frozen,cold,final,8,7,i1m,64,0,25000000,25000000,25000000,cohort,3000000,1946,475,0,4,1304,163,0,0,0
cold_frozen_i1m_h8_s7_state64_mac0,frozen,cold,final,8,7,i1m,64,0,25000000,25000000,25000000,cohort,3100000,1934,470,0,2,1299,163,0,0,0
cold_frozen_i1m_h8_s7_state64_mac0,frozen,cold,final,8,7,i1m,64,0,25000000,25000000,25000000,cohort,3200000,1956,477,1,4,1308,166,0,0,0
cold_frozen_i1m_h8_s7_state64_mac0,frozen,cold,final,8,7,i1m,64,0,25000000,25000000,25000000,cohort,3300000,1958,477,0,5,1310,166,0,0,0
cold_frozen_i1m_h8_s7_state64_mac0,frozen,cold,final,8,7,i1m,64,0,25000000,25000000,25000000,cohort,3400000,1932,472,0,4,1295,161,0,0,0
cold_frozen_i1m_h8_s7_state64_mac0,frozen,cold,final,8,7,i1m,64,0,25000000,25000000,25000000,cohort,3500000,1960,470,0,14,1305,171,0,0,0
cold_frozen_i1m_h8_s7_state64_mac0,frozen,cold,final,8,7,i1m,64,0,25000000,25000000,25000000,cohort,3600000,1930,467,0,23,1262,178,0,0,0
cold_frozen_i1m_h8_s7_state64_mac0,frozen,cold,final,8,7,i1m,64,0,25000000,25000000,25000000,cohort,3700000,1946,473,0,4,1302,167,0,0,0
cold_frozen_i1m_h8_s7_state64_mac0,frozen,cold,final,8,7,i1m,64,0,25000000,25000000,25000000,cohort,3800000,1960,473,0,11,1311,165,0,0,0
cold_frozen_i1m_h8_s7_state64_mac0,frozen,cold,final,8,7,i1m,64,0,25000000,25000000,25000000,cohort,3900000,1948,471,0,12,1297,168,0,0,0
cold_frozen_i1m_h8_s7_state64_mac0,frozen,cold,final,8,7,i1m,64,0,25000000,25000000,25000000,cohort,4000000,1964,470,0,20,1299,175,0,0,0
cold_frozen_i1m_h8_s7_state64_mac0,frozen,cold,final,8,7,i1m,64,0,25000000,25000000,25000000,cohort,4100000,1948,474,0,8,1300,166,0,0,0
cold_frozen_i1m_h8_s7_state64_mac0,frozen,cold,final,8,7,i1m,64,0,25000000,25000000,25000000,cohort,4200000,1972,469,0,13,1319,171,0,0,0
cold_frozen_i1m_h8_s7_state64_mac0,frozen,cold,final,8,7,i1m,64,0,25000000,25000000,25000000,cohort,4300000,1936,476,0,4,1294,162,0,0,0
cold_frozen_i1m_h8_s7_state64_mac0,frozen,cold,final,8,7,i1m,64,0,25000000,25000000,25000000,cohort,4400000,1958,472,0,8,1315,163,0,0,0
cold_frozen_i1m_h8_s7_state64_mac0,frozen,cold,final,8,7,i1m,64,0,25000000,25000000,25000000,cohort,4500000,1964,471,0,13,1313,167,0,0,0
cold_frozen_i1m_h8_s7_state64_mac0,frozen,cold,final,8,7,i1m,64,0,25000000,25000000,25000000,cohort,4600000,1956,475,0,8,1306,167,0,0,0
cold_frozen_i1m_h8_s7_state64_mac0,frozen,cold,final,8,7,i1m,64,0,25000000,25000000,25000000,cohort,4700000,1956,473,0,8,1304,171,0,0,0
cold_frozen_i1m_h8_s7_state64_mac0,frozen,cold,final,8,7,i1m,64,0,25000000,25000000,25000000,cohort,4800000,1938,474,0,4,1301,159,0,0,0
cold_frozen_i1m_h8_s7_state64_mac0,frozen,cold,final,8,7,i1m,64,0,25000000,25000000,25000000,cohort,4900000,1940,466,1,15,1287,171,0,0,0
cold_frozen_i1m_h8_s7_state64_mac0,frozen,cold,final,8,7,i1m,64,0,25000000,25000000,25000000,cohort,5000000,1874,456,0,9,1250,159,0,0,0
cold_frozen_i1m_h8_s7_state64_mac0,frozen,cold,final,8,7,i1m,64,0,25000000,25000000,25000000,cohort,5100000,1932,469,0,12,1282,169,0,0,0
cold_frozen_i1m_h8_s7_state64_mac0,frozen,cold,final,8,7,i1m,64,0,25000000,25000000,25000000,cohort,5200000,1966,470,0,21,1298,177,0,0,0
cold_frozen_i1m_h8_s7_state64_mac0,frozen,cold,final,8,7,i1m,64,0,25000000,25000000,25000000,cohort,5300000,1930,471,0,14,1276,169,0,0,0
cold_frozen_i1m_h8_s7_state64_mac0,frozen,cold,final,8,7,i1m,64,0,25000000,25000000,25000000,cohort,5400000,1964,467,0,24,1294,179,0,0,0
cold_frozen_i1m_h8_s7_state64_mac0,frozen,cold,final,8,7,i1m,64,0,25000000,25000000,25000000,cohort,5500000,1946,472,0,11,1293,170,0,0,0
cold_frozen_i1m_h8_s7_state64_mac0,frozen,cold,final,8,7,i1m,64,0,25000000,25000000,25000000,cohort,5600000,1966,471,0,20,1304,171,0,0,0
cold_frozen_i1m_h8_s7_state64_mac0,frozen,cold,final,8,7,i1m,64,0,25000000,25000000,25000000,cohort,5700000,1926,468,0,16,1269,173,0,0,0
cold_frozen_i1m_h8_s7_state64_mac0,frozen,cold,final,8,7,i1m,64,0,25000000,25000000,25000000,cohort,5800000,1932,472,0,17,1273,170,0,0,0
cold_frozen_i1m_h8_s7_state64_mac0,frozen,cold,final,8,7,i1m,64,0,25000000,25000000,25000000,cohort,5900000,2002,469,0,21,1338,174,0,0,0
cold_frozen_i1m_h8_s7_state64_mac0,frozen,cold,final,8,7,i1m,64,0,25000000,25000000,25000000,cohort,6000000,1938,472,0,11,1291,164,0,0,0
cold_frozen_i1m_h8_s7_state64_mac0,frozen,cold,final,8,7,i1m,64,0,25000000,25000000,25000000,cohort,6100000,1958,469,0,13,1300,176,0,0,0
cold_frozen_i1m_h8_s7_state64_mac0,frozen,cold,final,8,7,i1m,64,0,25000000,25000000,25000000,cohort,6200000,1944,474,0,8,1296,166,0,0,0
cold_frozen_i1m_h8_s7_state64_mac0,frozen,cold,final,8,7,i1m,64,0,25000000,25000000,25000000,cohort,6300000,1968,472,0,23,1297,176,0,0,0
cold_frozen_i1m_h8_s7_state64_mac0,frozen,cold,final,8,7,i1m,64,0,25000000,25000000,25000000,cohort,6400000,1910,465,0,13,1266,166,0,0,0
cold_frozen_i1m_h8_s7_state64_mac0,frozen,cold,final,8,7,i1m,64,0,25000000,25000000,25000000,cohort,6500000,1928,471,0,11,1278,168,0,0,0
cold_frozen_i1m_h8_s7_state64_mac0,frozen,cold,final,8,7,i1m,64,0,25000000,25000000,25000000,cohort,6600000,1964,468,0,17,1305,174,0,0,0
cold_frozen_i1m_h8_s7_state64_mac0,frozen,cold,final,8,7,i1m,64,0,25000000,25000000,25000000,cohort,6700000,1928,471,0,9,1283,165,0,0,0
cold_frozen_i1m_h8_s7_state64_mac0,frozen,cold,final,8,7,i1m,64,0,25000000,25000000,25000000,cohort,6800000,1964,469,0,18,1303,174,0,0,0
cold_frozen_i1m_h8_s7_state64_mac0,frozen,cold,final,8,7,i1m,64,0,25000000,25000000,25000000,cohort,6900000,1940,471,0,14,1285,170,0,0,0
cold_frozen_i1m_h8_s7_state64_mac0,frozen,cold,final,8,7,i1m,64,0,25000000,25000000,25000000,cohort,7000000,1936,477,0,4,1294,161,0,0,0
cold_frozen_i1m_h8_s7_state64_mac0,frozen,cold,final,8,7,i1m,64,0,25000000,25000000,25000000,cohort,7100000,1966,468,0,20,1304,174,0,0,0
cold_frozen_i1m_h8_s7_state64_mac0,frozen,cold,final,8,7,i1m,64,0,25000000,25000000,25000000,cohort,7200000,1950,474,0,11,1296,169,0,0,0
cold_frozen_i1m_h8_s7_state64_mac0,frozen,cold,final,8,7,i1m,64,0,25000000,25000000,25000000,cohort,7300000,1964,473,0,14,1306,171,0,0,0
cold_frozen_i1m_h8_s7_state64_mac0,frozen,cold,final,8,7,i1m,64,0,25000000,25000000,25000000,cohort,7400000,1936,471,0,11,1287,167,0,0,0
cold_frozen_i1m_h8_s7_state64_mac0,frozen,cold,final,8,7,i1m,64,0,25000000,25000000,25000000,cohort,7500000,1968,469,0,16,1305,178,0,0,0
cold_frozen_i1m_h8_s7_state64_mac0,frozen,cold,final,8,7,i1m,64,0,25000000,25000000,25000000,cohort,7600000,1940,476,0,3,1303,158,0,0,0
cold_frozen_i1m_h8_s7_state64_mac0,frozen,cold,final,8,7,i1m,64,0,25000000,25000000,25000000,cohort,7700000,1958,471,0,13,1305,169,0,0,0
cold_frozen_i1m_h8_s7_state64_mac0,frozen,cold,final,8,7,i1m,64,0,25000000,25000000,25000000,cohort,7800000,1968,471,0,25,1291,181,0,0,0
cold_frozen_i1m_h8_s7_state64_mac0,frozen,cold,final,8,7,i1m,64,0,25000000,25000000,25000000,cohort,7900000,1934,476,0,4,1294,160,0,0,0
cold_frozen_i1m_h8_s7_state64_mac0,frozen,cold,final,8,7,i1m,64,0,25000000,25000000,25000000,cohort,8000000,1984,468,0,26,1311,179,0,0,0
cold_frozen_i1m_h8_s7_state64_mac0,frozen,cold,final,8,7,i1m,64,0,25000000,25000000,25000000,cohort,8100000,1948,471,0,19,1282,176,0,0,0
cold_frozen_i1m_h8_s7_state64_mac0,frozen,cold,final,8,7,i1m,64,0,25000000,25000000,25000000,cohort,8200000,1982,474,0,14,1325,169,0,0,0
cold_frozen_i1m_h8_s7_state64_mac0,frozen,cold,final,8,7,i1m,64,0,25000000,25000000,25000000,cohort,8300000,1942,476,0,4,1301,161,0,0,0
cold_frozen_i1m_h8_s7_state64_mac0,frozen,cold,final,8,7,i1m,64,0,25000000,25000000,25000000,cohort,8400000,1962,477,0,8,1312,165,0,0,0
cold_frozen_i1m_h8_s7_state64_mac0,frozen,cold,final,8,7,i1m,64,0,25000000,25000000,25000000,cohort,8500000,1920,460,0,22,1267,171,0,0,0
cold_frozen_i1m_h8_s7_state64_mac0,frozen,cold,final,8,7,i1m,64,0,25000000,25000000,25000000,cohort,8600000,1926,473,0,8,1280,165,0,0,0
cold_frozen_i1m_h8_s7_state64_mac0,frozen,cold,final,8,7,i1m,64,0,25000000,25000000,25000000,cohort,8700000,1940,468,0,12,1295,165,0,0,0
cold_frozen_i1m_h8_s7_state64_mac0,frozen,cold,final,8,7,i1m,64,0,25000000,25000000,25000000,cohort,8800000,1892,463,0,7,1263,159,0,0,0
cold_frozen_i1m_h8_s7_state64_mac0,frozen,cold,final,8,7,i1m,64,0,25000000,25000000,25000000,cohort,8900000,1942,471,0,11,1295,165,0,0,0
cold_frozen_i1m_h8_s7_state64_mac0,frozen,cold,final,8,7,i1m,64,0,25000000,25000000,25000000,cohort,9000000,1948,470,0,9,1304,165,0,0,0
cold_frozen_i1m_h8_s7_state64_mac0,frozen,cold,final,8,7,i1m,64,0,25000000,25000000,25000000,cohort,9100000,1932,472,0,11,1283,166,0,0,0
cold_frozen_i1m_h8_s7_state64_mac0,frozen,cold,final,8,7,i1m,64,0,25000000,25000000,25000000,cohort,9200000,1956,473,0,13,1301,169,0,0,0
cold_frozen_i1m_h8_s7_state64_mac0,frozen,cold,final,8,7,i1m,64,0,25000000,25000000,25000000,cohort,9300000,1946,472,0,7,1304,163,0,0,0
cold_frozen_i1m_h8_s7_state64_mac0,frozen,cold,final,8,7,i1m,64,0,25000000,25000000,25000000,cohort,9400000,1946,471,0,3,1308,164,0,0,0
cold_frozen_i1m_h8_s7_state64_mac0,frozen,cold,final,8,7,i1m,64,0,25000000,25000000,25000000,cohort,9500000,1924,473,0,7,1281,163,0,0,0
cold_frozen_i1m_h8_s7_state64_mac0,frozen,cold,final,8,7,i1m,64,0,25000000,25000000,25000000,cohort,9600000,1946,466,0,13,1297,170,0,0,0
cold_frozen_i1m_h8_s7_state64_mac0,frozen,cold,final,8,7,i1m,64,0,25000000,25000000,25000000,cohort,9700000,1922,467,0,13,1274,168,0,0,0
cold_frozen_i1m_h8_s7_state64_mac0,frozen,cold,final,8,7,i1m,64,0,25000000,25000000,25000000,cohort,9800000,1906,467,0,9,1266,164,0,0,0
cold_frozen_i1m_h8_s7_state64_mac0,frozen,cold,final,8,7,i1m,64,0,25000000,25000000,25000000,cohort,9900000,1950,466,0,17,1294,173,0,0,0
cold_frozen_i1m_h8_s7_state64_mac0,frozen,cold,final,8,7,i1m,64,0,25000000,25000000,25000000,cohort,10000000,1936,476,0,7,1287,166,0,0,0
cold_frozen_i1m_h8_s7_state64_mac0,frozen,cold,final,8,7,i1m,64,0,25000000,25000000,25000000,cohort,10100000,1946,472,0,7,1300,167,0,0,0
cold_frozen_i1m_h8_s7_state64_mac0,frozen,cold,final,8,7,i1m,64,0,25000000,25000000,25000000,cohort,10200000,1928,474,0,6,1285,163,0,0,0
cold_frozen_i1m_h8_s7_state64_mac0,frozen,cold,final,8,7,i1m,64,0,25000000,25000000,25000000,cohort,10300000,1982,473,0,10,1332,167,0,0,0
cold_frozen_i1m_h8_s7_state64_mac0,frozen,cold,final,8,7,i1m,64,0,25000000,25000000,25000000,cohort,10400000,1932,473,0,5,1292,162,0,0,0
cold_frozen_i1m_h8_s7_state64_mac0,frozen,cold,final,8,7,i1m,64,0,25000000,25000000,25000000,cohort,10500000,1922,473,0,4,1283,162,0,0,0
cold_frozen_i1m_h8_s7_state64_mac0,frozen,cold,final,8,7,i1m,64,0,25000000,25000000,25000000,cohort,10600000,1944,464,1,16,1294,169,0,0,0
cold_frozen_i1m_h8_s7_state64_mac0,frozen,cold,final,8,7,i1m,64,0,25000000,25000000,25000000,cohort,10700000,1932,476,0,5,1289,162,0,0,0
cold_frozen_i1m_h8_s7_state64_mac0,frozen,cold,final,8,7,i1m,64,0,25000000,25000000,25000000,cohort,10800000,1942,462,0,14,1297,169,0,0,0
cold_frozen_i1m_h8_s7_state64_mac0,frozen,cold,final,8,7,i1m,64,0,25000000,25000000,25000000,cohort,10900000,1932,475,0,6,1288,163,0,0,0
cold_frozen_i1m_h8_s7_state64_mac0,frozen,cold,final,8,7,i1m,64,0,25000000,25000000,25000000,cohort,11000000,1946,466,0,15,1293,172,0,0,0
cold_frozen_i1m_h8_s7_state64_mac0,frozen,cold,final,8,7,i1m,64,0,25000000,25000000,25000000,cohort,11100000,1932,473,0,8,1284,167,0,0,0
cold_frozen_i1m_h8_s7_state64_mac0,frozen,cold,final,8,7,i1m,64,0,25000000,25000000,25000000,cohort,11200000,1940,464,0,9,1304,163,0,0,0
cold_frozen_i1m_h8_s7_state64_mac0,frozen,cold,final,8,7,i1m,64,0,25000000,25000000,25000000,cohort,11300000,1944,466,0,19,1286,173,0,0,0
cold_frozen_i1m_h8_s7_state64_mac0,frozen,cold,final,8,7,i1m,64,0,25000000,25000000,25000000,cohort,11400000,1888,454,0,24,1234,176,0,0,0
cold_frozen_i1m_h8_s7_state64_mac0,frozen,cold,final,8,7,i1m,64,0,25000000,25000000,25000000,cohort,11500000,1842,431,0,37,1198,176,0,0,0
cold_frozen_i1m_h8_s7_state64_mac0,frozen,cold,final,8,7,i1m,64,0,25000000,25000000,25000000,cohort,11600000,1920,468,0,12,1268,172,0,0,0
cold_frozen_i1m_h8_s7_state64_mac0,frozen,cold,final,8,7,i1m,64,0,25000000,25000000,25000000,cohort,11700000,1926,473,0,8,1280,165,0,0,0
cold_frozen_i1m_h8_s7_state64_mac0,frozen,cold,final,8,7,i1m,64,0,25000000,25000000,25000000,cohort,11800000,1934,443,4,54,1226,207,0,0,0
cold_frozen_i1m_h8_s7_state64_mac0,frozen,cold,final,8,7,i1m,64,0,25000000,25000000,25000000,cohort,11900000,1904,463,8,44,1185,204,0,0,0
cold_frozen_i1m_h8_s7_state64_mac0,frozen,cold,final,8,7,i1m,64,0,25000000,25000000,25000000,cohort,12000000,1876,455,0,16,1242,163,0,0,0
cold_frozen_i1m_h8_s7_state64_mac0,frozen,cold,final,8,7,i1m,64,0,25000000,25000000,25000000,cohort,12100000,1886,450,0,21,1246,169,0,0,0
cold_frozen_i1m_h8_s7_state64_mac0,frozen,cold,final,8,7,i1m,64,0,25000000,25000000,25000000,cohort,12200000,1926,472,0,9,1277,168,0,0,0
cold_frozen_i1m_h8_s7_state64_mac0,frozen,cold,final,8,7,i1m,64,0,25000000,25000000,25000000,cohort,12300000,1902,464,0,11,1261,166,0,0,0
cold_frozen_i1m_h8_s7_state64_mac0,frozen,cold,final,8,7,i1m,64,0,25000000,25000000,25000000,cohort,12400000,1928,466,0,16,1275,171,0,0,0
cold_frozen_i1m_h8_s7_state64_mac0,frozen,cold,final,8,7,i1m,64,0,25000000,25000000,25000000,cohort,12500000,1916,471,0,9,1272,164,0,0,0
cold_frozen_i1m_h8_s7_state64_mac0,frozen,cold,final,8,7,i1m,64,0,25000000,25000000,25000000,cohort,12600000,1802,415,2,69,1111,205,0,0,0
cold_frozen_i1m_h8_s7_state64_mac0,frozen,cold,final,8,7,i1m,64,0,25000000,25000000,25000000,cohort,12700000,1980,474,3,57,1230,216,0,0,0
cold_frozen_i1m_h8_s7_state64_mac0,frozen,cold,final,8,7,i1m,64,0,25000000,25000000,25000000,cohort,12800000,1822,444,0,26,1181,171,0,0,0
cold_frozen_i1m_h8_s7_state64_mac0,frozen,cold,final,8,7,i1m,64,0,25000000,25000000,25000000,cohort,12900000,1936,472,0,13,1281,170,0,0,0
cold_frozen_i1m_h8_s7_state64_mac0,frozen,cold,final,8,7,i1m,64,0,25000000,25000000,25000000,cohort,13000000,1920,471,0,6,1280,163,0,0,0
cold_frozen_i1m_h8_s7_state64_mac0,frozen,cold,final,8,7,i1m,64,0,25000000,25000000,25000000,cohort,13100000,1916,474,0,6,1272,164,0,0,0
cold_frozen_i1m_h8_s7_state64_mac0,frozen,cold,final,8,7,i1m,64,0,25000000,25000000,25000000,cohort,13200000,1886,444,5,86,1127,224,0,0,0
cold_frozen_i1m_h8_s7_state64_mac0,frozen,cold,final,8,7,i1m,64,0,25000000,25000000,25000000,cohort,13300000,1920,471,0,7,1277,165,0,0,0
cold_frozen_i1m_h8_s7_state64_mac0,frozen,cold,final,8,7,i1m,64,0,25000000,25000000,25000000,cohort,13400000,2334,795,0,145,952,432,0,10,10
cold_frozen_i1m_h8_s7_state64_mac0,frozen,cold,final,8,7,i1m,64,0,25000000,25000000,25000000,cohort,13500000,1924,459,0,14,1276,175,0,0,0
cold_frozen_i1m_h8_s7_state64_mac0,frozen,cold,final,8,7,i1m,64,0,25000000,25000000,25000000,cohort,13600000,1938,459,0,14,1288,177,0,0,0
cold_frozen_i1m_h8_s7_state64_mac0,frozen,cold,final,8,7,i1m,64,0,25000000,25000000,25000000,cohort,13700000,1914,465,0,25,1243,181,0,0,0
cold_frozen_i1m_h8_s7_state64_mac0,frozen,cold,final,8,7,i1m,64,0,25000000,25000000,25000000,cohort,13800000,1926,476,0,3,1288,159,0,0,0
cold_frozen_i1m_h8_s7_state64_mac0,frozen,cold,final,8,7,i1m,64,0,25000000,25000000,25000000,cohort,13900000,1966,468,0,24,1296,178,0,0,0
cold_frozen_i1m_h8_s7_state64_mac0,frozen,cold,final,8,7,i1m,64,0,25000000,25000000,25000000,cohort,14000000,1930,475,0,9,1280,166,0,0,0
cold_frozen_i1m_h8_s7_state64_mac0,frozen,cold,final,8,7,i1m,64,0,25000000,25000000,25000000,cohort,14100000,1912,469,0,25,1242,176,0,0,0
cold_frozen_i1m_h8_s7_state64_mac0,frozen,cold,final,8,7,i1m,64,0,25000000,25000000,25000000,cohort,14200000,1968,475,0,17,1303,173,0,0,0
cold_frozen_i1m_h8_s7_state64_mac0,frozen,cold,final,8,7,i1m,64,0,25000000,25000000,25000000,cohort,14300000,1924,473,0,5,1285,161,0,0,0
cold_frozen_i1m_h8_s7_state64_mac0,frozen,cold,final,8,7,i1m,64,0,25000000,25000000,25000000,cohort,14400000,1964,475,0,12,1304,173,0,0,0
cold_frozen_i1m_h8_s7_state64_mac0,frozen,cold,final,8,7,i1m,64,0,25000000,25000000,25000000,cohort,14500000,1924,474,0,5,1284,161,0,0,0
cold_frozen_i1m_h8_s7_state64_mac0,frozen,cold,final,8,7,i1m,64,0,25000000,25000000,25000000,cohort,14600000,1964,476,0,13,1304,171,0,0,0
cold_frozen_i1m_h8_s7_state64_mac0,frozen,cold,final,8,7,i1m,64,0,25000000,25000000,25000000,cohort,14700000,1936,473,0,10,1286,167,0,0,0
cold_frozen_i1m_h8_s7_state64_mac0,frozen,cold,final,8,7,i1m,64,0,25000000,25000000,25000000,cohort,14800000,1930,476,0,7,1288,159,0,0,0
cold_frozen_i1m_h8_s7_state64_mac0,frozen,cold,final,8,7,i1m,64,0,25000000,25000000,25000000,cohort,14900000,1962,472,0,19,1295,176,0,0,0
cold_frozen_i1m_h8_s7_state64_mac0,frozen,cold,final,8,7,i1m,64,0,25000000,25000000,25000000,cohort,15000000,1930,475,0,7,1285,163,0,0,0
cold_frozen_i1m_h8_s7_state64_mac0,frozen,cold,final,8,7,i1m,64,0,25000000,25000000,25000000,cohort,15100000,1948,464,0,30,1271,183,0,0,0
cold_frozen_i1m_h8_s7_state64_mac0,frozen,cold,final,8,7,i1m,64,0,25000000,25000000,25000000,cohort,15200000,1950,477,0,10,1293,170,0,0,0
cold_frozen_i1m_h8_s7_state64_mac0,frozen,cold,final,8,7,i1m,64,0,25000000,25000000,25000000,cohort,15300000,1976,474,0,7,1333,162,0,0,0
cold_frozen_i1m_h8_s7_state64_mac0,frozen,cold,final,8,7,i1m,64,0,25000000,25000000,25000000,cohort,15400000,1960,476,0,10,1308,166,0,0,0
cold_frozen_i1m_h8_s7_state64_mac0,frozen,cold,final,8,7,i1m,64,0,25000000,25000000,25000000,cohort,15500000,1938,475,0,6,1294,163,0,0,0
cold_frozen_i1m_h8_s7_state64_mac0,frozen,cold,final,8,7,i1m,64,0,25000000,25000000,25000000,cohort,15600000,1956,473,0,10,1310,163,0,0,0
cold_frozen_i1m_h8_s7_state64_mac0,frozen,cold,final,8,7,i1m,64,0,25000000,25000000,25000000,cohort,15700000,1930,473,0,6,1285,166,0,0,0
cold_frozen_i1m_h8_s7_state64_mac0,frozen,cold,final,8,7,i1m,64,0,25000000,25000000,25000000,cohort,15800000,1956,468,0,14,1302,172,0,0,0
cold_frozen_i1m_h8_s7_state64_mac0,frozen,cold,final,8,7,i1m,64,0,25000000,25000000,25000000,cohort,15900000,1936,474,0,8,1291,163,0,0,0
cold_frozen_i1m_h8_s7_state64_mac0,frozen,cold,final,8,7,i1m,64,0,25000000,25000000,25000000,cohort,16000000,1942,470,0,8,1298,166,0,0,0
cold_frozen_i1m_h8_s7_state64_mac0,frozen,cold,final,8,7,i1m,64,0,25000000,25000000,25000000,cohort,16100000,1944,474,0,8,1297,165,0,0,0
cold_frozen_i1m_h8_s7_state64_mac0,frozen,cold,final,8,7,i1m,64,0,25000000,25000000,25000000,cohort,16200000,1958,471,0,10,1308,169,0,0,0
cold_frozen_i1m_h8_s7_state64_mac0,frozen,cold,final,8,7,i1m,64,0,25000000,25000000,25000000,cohort,16300000,1928,477,0,2,1289,160,0,0,0
cold_frozen_i1m_h8_s7_state64_mac0,frozen,cold,final,8,7,i1m,64,0,25000000,25000000,25000000,cohort,16400000,1916,467,0,11,1271,167,0,0,0
cold_frozen_i1m_h8_s7_state64_mac0,frozen,cold,final,8,7,i1m,64,0,25000000,25000000,25000000,cohort,16500000,1936,472,0,10,1287,167,0,0,0
cold_frozen_i1m_h8_s7_state64_mac0,frozen,cold,final,8,7,i1m,64,0,25000000,25000000,25000000,cohort,16600000,1928,467,0,11,1283,167,0,0,0
cold_frozen_i1m_h8_s7_state64_mac0,frozen,cold,final,8,7,i1m,64,0,25000000,25000000,25000000,cohort,16700000,1942,471,0,9,1297,165,0,0,0
cold_frozen_i1m_h8_s7_state64_mac0,frozen,cold,final,8,7,i1m,64,0,25000000,25000000,25000000,cohort,16800000,1922,469,0,10,1276,167,0,0,0
cold_frozen_i1m_h8_s7_state64_mac0,frozen,cold,final,8,7,i1m,64,0,25000000,25000000,25000000,cohort,16900000,1948,468,0,14,1297,169,0,0,0
cold_frozen_i1m_h8_s7_state64_mac0,frozen,cold,final,8,7,i1m,64,0,25000000,25000000,25000000,cohort,17000000,1930,471,0,7,1290,162,0,0,0
cold_frozen_i1m_h8_s7_state64_mac0,frozen,cold,final,8,7,i1m,64,0,25000000,25000000,25000000,cohort,17100000,1886,464,0,7,1252,163,0,0,0
cold_frozen_i1m_h8_s7_state64_mac0,frozen,cold,final,8,7,i1m,64,0,25000000,25000000,25000000,cohort,17200000,1944,473,0,9,1297,165,0,0,0
cold_frozen_i1m_h8_s7_state64_mac0,frozen,cold,final,8,7,i1m,64,0,25000000,25000000,25000000,cohort,17300000,1938,471,0,5,1299,163,0,0,0
cold_frozen_i1m_h8_s7_state64_mac0,frozen,cold,final,8,7,i1m,64,0,25000000,25000000,25000000,cohort,17400000,1960,470,0,8,1318,164,0,0,0
cold_frozen_i1m_h8_s7_state64_mac0,frozen,cold,final,8,7,i1m,64,0,25000000,25000000,25000000,cohort,17500000,1926,473,0,6,1285,162,0,0,0
cold_frozen_i1m_h8_s7_state64_mac0,frozen,cold,final,8,7,i1m,64,0,25000000,25000000,25000000,cohort,17600000,1910,467,0,8,1272,163,0,0,0
cold_frozen_i1m_h8_s7_state64_mac0,frozen,cold,final,8,7,i1m,64,0,25000000,25000000,25000000,cohort,17700000,1944,473,0,10,1292,169,0,0,0
cold_frozen_i1m_h8_s7_state64_mac0,frozen,cold,final,8,7,i1m,64,0,25000000,25000000,25000000,cohort,17800000,1926,470,0,8,1284,164,0,0,0
cold_frozen_i1m_h8_s7_state64_mac0,frozen,cold,final,8,7,i1m,64,0,25000000,25000000,25000000,cohort,17900000,1960,472,0,6,1318,164,0,0,0
cold_frozen_i1m_h8_s7_state64_mac0,frozen,cold,final,8,7,i1m,64,0,25000000,25000000,25000000,cohort,18000000,1926,480,0,2,1282,162,0,0,0
cold_frozen_i1m_h8_s7_state64_mac0,frozen,cold,final,8,7,i1m,64,0,25000000,25000000,25000000,cohort,18100000,1944,471,0,9,1299,165,0,0,0
cold_frozen_i1m_h8_s7_state64_mac0,frozen,cold,final,8,7,i1m,64,0,25000000,25000000,25000000,cohort,18200000,1930,473,0,3,1294,160,0,0,0
cold_frozen_i1m_h8_s7_state64_mac0,frozen,cold,final,8,7,i1m,64,0,25000000,25000000,25000000,cohort,18300000,1938,472,0,8,1296,162,0,0,0
cold_frozen_i1m_h8_s7_state64_mac0,frozen,cold,final,8,7,i1m,64,0,25000000,25000000,25000000,cohort,18400000,1930,471,0,10,1281,168,0,0,0
cold_frozen_i1m_h8_s7_state64_mac0,frozen,cold,final,8,7,i1m,64,0,25000000,25000000,25000000,cohort,18500000,1936,474,0,12,1284,166,0,0,0
cold_frozen_i1m_h8_s7_state64_mac0,frozen,cold,final,8,7,i1m,64,0,25000000,25000000,25000000,cohort,18600000,1958,477,0,14,1292,175,0,0,0
cold_frozen_i1m_h8_s7_state64_mac0,frozen,cold,final,8,7,i1m,64,0,25000000,25000000,25000000,cohort,18700000,1932,474,0,2,1294,162,0,0,0
cold_frozen_i1m_h8_s7_state64_mac0,frozen,cold,final,8,7,i1m,64,0,25000000,25000000,25000000,cohort,18800000,2016,465,0,14,1368,169,0,0,0
cold_frozen_i1m_h8_s7_state64_mac0,frozen,cold,final,8,7,i1m,64,0,25000000,25000000,25000000,cohort,18900000,1930,474,0,4,1287,165,0,0,0
cold_frozen_i1m_h8_s7_state64_mac0,frozen,cold,final,8,7,i1m,64,0,25000000,25000000,25000000,cohort,19000000,1990,471,0,8,1342,169,0,0,0
cold_frozen_i1m_h8_s7_state64_mac0,frozen,cold,final,8,7,i1m,64,0,25000000,25000000,25000000,cohort,19100000,1948,474,0,10,1296,168,0,0,0
cold_frozen_i1m_h8_s7_state64_mac0,frozen,cold,final,8,7,i1m,64,0,25000000,25000000,25000000,cohort,19200000,1926,473,0,6,1283,164,0,0,0
cold_frozen_i1m_h8_s7_state64_mac0,frozen,cold,final,8,7,i1m,64,0,25000000,25000000,25000000,cohort,19300000,1972,469,0,15,1314,174,0,0,0
cold_frozen_i1m_h8_s7_state64_mac0,frozen,cold,final,8,7,i1m,64,0,25000000,25000000,25000000,cohort,19400000,1926,476,0,4,1286,160,0,0,0
cold_frozen_i1m_h8_s7_state64_mac0,frozen,cold,final,8,7,i1m,64,0,25000000,25000000,25000000,cohort,19500000,1970,470,0,22,1300,178,0,0,0
cold_frozen_i1m_h8_s7_state64_mac0,frozen,cold,final,8,7,i1m,64,0,25000000,25000000,25000000,cohort,19600000,1934,472,0,7,1292,163,0,0,0
cold_frozen_i1m_h8_s7_state64_mac0,frozen,cold,final,8,7,i1m,64,0,25000000,25000000,25000000,cohort,19700000,1954,467,0,15,1303,169,0,0,0
cold_frozen_i1m_h8_s7_state64_mac0,frozen,cold,final,8,7,i1m,64,0,25000000,25000000,25000000,cohort,19800000,1934,471,0,8,1288,167,0,0,0
cold_frozen_i1m_h8_s7_state64_mac0,frozen,cold,final,8,7,i1m,64,0,25000000,25000000,25000000,cohort,19900000,1918,469,0,8,1278,163,0,0,0
cold_frozen_i1m_h8_s7_state64_mac0,frozen,cold,final,8,7,i1m,64,0,25000000,25000000,25000000,cohort,20000000,1950,473,0,11,1298,168,0,0,0
cold_frozen_i1m_h8_s7_state64_mac0,frozen,cold,final,8,7,i1m,64,0,25000000,25000000,25000000,cohort,20100000,1936,475,0,9,1285,167,0,0,0
cold_frozen_i1m_h8_s7_state64_mac0,frozen,cold,final,8,7,i1m,64,0,25000000,25000000,25000000,cohort,20200000,1950,474,0,11,1296,169,0,0,0
cold_frozen_i1m_h8_s7_state64_mac0,frozen,cold,final,8,7,i1m,64,0,25000000,25000000,25000000,cohort,20300000,1924,474,0,4,1286,160,0,0,0
cold_frozen_i1m_h8_s7_state64_mac0,frozen,cold,final,8,7,i1m,64,0,25000000,25000000,25000000,cohort,20400000,1950,476,0,12,1292,170,0,0,0
cold_frozen_i1m_h8_s7_state64_mac0,frozen,cold,final,8,7,i1m,64,0,25000000,25000000,25000000,cohort,20500000,1930,475,0,8,1282,165,0,0,0
cold_frozen_i1m_h8_s7_state64_mac0,frozen,cold,final,8,7,i1m,64,0,25000000,25000000,25000000,cohort,20600000,1936,474,0,4,1296,162,0,0,0
cold_frozen_i1m_h8_s7_state64_mac0,frozen,cold,final,8,7,i1m,64,0,25000000,25000000,25000000,cohort,20700000,1952,471,0,15,1290,173,0,3,3
cold_frozen_i1m_h8_s7_state64_mac0,frozen,cold,final,8,7,i1m,64,0,25000000,25000000,25000000,cohort,20800000,1938,476,0,8,1289,165,0,0,0
cold_frozen_i1m_h8_s7_state64_mac0,frozen,cold,final,8,7,i1m,64,0,25000000,25000000,25000000,cohort,20900000,1966,469,0,13,1314,170,0,0,0
cold_frozen_i1m_h8_s7_state64_mac0,frozen,cold,final,8,7,i1m,64,0,25000000,25000000,25000000,cohort,21000000,1920,469,0,10,1274,167,0,0,0
cold_frozen_i1m_h8_s7_state64_mac0,frozen,cold,final,8,7,i1m,64,0,25000000,25000000,25000000,cohort,21100000,1956,473,0,9,1311,163,0,0,0
cold_frozen_i1m_h8_s7_state64_mac0,frozen,cold,final,8,7,i1m,64,0,25000000,25000000,25000000,cohort,21200000,1922,477,0,3,1281,161,0,0,0
cold_frozen_i1m_h8_s7_state64_mac0,frozen,cold,final,8,7,i1m,64,0,25000000,25000000,25000000,cohort,21300000,1900,465,0,6,1269,160,0,0,0
cold_frozen_i1m_h8_s7_state64_mac0,frozen,cold,final,8,7,i1m,64,0,25000000,25000000,25000000,cohort,21400000,1926,467,0,17,1267,175,0,0,0
cold_frozen_i1m_h8_s7_state64_mac0,frozen,cold,final,8,7,i1m,64,0,25000000,25000000,25000000,cohort,21500000,1924,473,0,5,1282,164,0,0,0
cold_frozen_i1m_h8_s7_state64_mac0,frozen,cold,final,8,7,i1m,64,0,25000000,25000000,25000000,cohort,21600000,1966,472,0,14,1309,171,0,0,0
cold_frozen_i1m_h8_s7_state64_mac0,frozen,cold,final,8,7,i1m,64,0,25000000,25000000,25000000,cohort,21700000,1938,474,0,11,1283,170,0,0,0
cold_frozen_i1m_h8_s7_state64_mac0,frozen,cold,final,8,7,i1m,64,0,25000000,25000000,25000000,cohort,21800000,1960,476,0,9,1309,166,0,0,0
cold_frozen_i1m_h8_s7_state64_mac0,frozen,cold,final,8,7,i1m,64,0,25000000,25000000,25000000,cohort,21900000,1944,474,0,6,1302,162,0,0,0
cold_frozen_i1m_h8_s7_state64_mac0,frozen,cold,final,8,7,i1m,64,0,25000000,25000000,25000000,cohort,22000000,1942,473,0,9,1294,166,0,0,0
cold_frozen_i1m_h8_s7_state64_mac0,frozen,cold,final,8,7,i1m,64,0,25000000,25000000,25000000,cohort,22100000,1956,472,0,14,1302,168,0,0,0
cold_frozen_i1m_h8_s7_state64_mac0,frozen,cold,final,8,7,i1m,64,0,25000000,25000000,25000000,cohort,22200000,1970,476,0,6,1328,160,0,0,0
cold_frozen_i1m_h8_s7_state64_mac0,frozen,cold,final,8,7,i1m,64,0,25000000,25000000,25000000,cohort,22300000,1968,472,0,16,1308,172,0,0,0
cold_frozen_i1m_h8_s7_state64_mac0,frozen,cold,final,8,7,i1m,64,0,25000000,25000000,25000000,cohort,22400000,1934,475,0,8,1287,164,0,0,0
cold_frozen_i1m_h8_s7_state64_mac0,frozen,cold,final,8,7,i1m,64,0,25000000,25000000,25000000,cohort,22500000,1970,473,0,28,1288,180,0,1,1
cold_frozen_i1m_h8_s7_state64_mac0,frozen,cold,final,8,7,i1m,64,0,25000000,25000000,25000000,cohort,22600000,1938,471,0,13,1286,168,0,0,0
cold_frozen_i1m_h8_s7_state64_mac0,frozen,cold,final,8,7,i1m,64,0,25000000,25000000,25000000,cohort,22700000,1958,475,0,8,1310,165,0,0,0
cold_frozen_i1m_h8_s7_state64_mac0,frozen,cold,final,8,7,i1m,64,0,25000000,25000000,25000000,cohort,22800000,1980,472,0,16,1319,173,0,0,0
cold_frozen_i1m_h8_s7_state64_mac0,frozen,cold,final,8,7,i1m,64,0,25000000,25000000,25000000,cohort,22900000,1948,475,0,6,1305,162,0,0,0
cold_frozen_i1m_h8_s7_state64_mac0,frozen,cold,final,8,7,i1m,64,0,25000000,25000000,25000000,cohort,23000000,1958,466,0,21,1296,175,0,0,0
cold_frozen_i1m_h8_s7_state64_mac0,frozen,cold,final,8,7,i1m,64,0,25000000,25000000,25000000,cohort,23100000,1940,474,0,12,1285,169,0,0,0
cold_frozen_i1m_h8_s7_state64_mac0,frozen,cold,final,8,7,i1m,64,0,25000000,25000000,25000000,cohort,23200000,2018,470,0,21,1355,172,0,0,0
cold_frozen_i1m_h8_s7_state64_mac0,frozen,cold,final,8,7,i1m,64,0,25000000,25000000,25000000,cohort,23300000,1954,473,0,12,1297,172,0,0,0
cold_frozen_i1m_h8_s7_state64_mac0,frozen,cold,final,8,7,i1m,64,0,25000000,25000000,25000000,cohort,23400000,1936,474,0,3,1296,163,0,0,0
cold_frozen_i1m_h8_s7_state64_mac0,frozen,cold,final,8,7,i1m,64,0,25000000,25000000,25000000,cohort,23500000,1974,470,0,17,1314,173,0,0,0
cold_frozen_i1m_h8_s7_state64_mac0,frozen,cold,final,8,7,i1m,64,0,25000000,25000000,25000000,cohort,23600000,1962,474,0,7,1315,166,0,0,0
cold_frozen_i1m_h8_s7_state64_mac0,frozen,cold,final,8,7,i1m,64,0,25000000,25000000,25000000,cohort,23700000,1964,472,0,14,1305,173,0,0,0
cold_frozen_i1m_h8_s7_state64_mac0,frozen,cold,final,8,7,i1m,64,0,25000000,25000000,25000000,cohort,23800000,1944,477,0,7,1295,165,0,0,0
cold_frozen_i1m_h8_s7_state64_mac0,frozen,cold,final,8,7,i1m,64,0,25000000,25000000,25000000,cohort,23900000,1966,466,0,18,1310,172,0,0,0
cold_frozen_i1m_h8_s7_state64_mac0,frozen,cold,final,8,7,i1m,64,0,25000000,25000000,25000000,cohort,24000000,1938,472,0,10,1291,165,0,0,0
cold_frozen_i1m_h8_s7_state64_mac0,frozen,cold,final,8,7,i1m,64,0,25000000,25000000,25000000,cohort,24100000,1936,475,0,5,1292,164,0,0,0
cold_frozen_i1m_h8_s7_state64_mac0,frozen,cold,final,8,7,i1m,64,0,25000000,25000000,25000000,cohort,24200000,1952,480,0,6,1301,165,0,0,0
cold_frozen_i1m_h8_s7_state64_mac0,frozen,cold,final,8,7,i1m,64,0,25000000,25000000,25000000,cohort,24300000,1934,475,0,3,1297,159,0,0,0
cold_frozen_i1m_h8_s7_state64_mac0,frozen,cold,final,8,7,i1m,64,0,25000000,25000000,25000000,cohort,24400000,1956,475,0,6,1309,164,0,2,2
cold_frozen_i1m_h8_s7_state64_mac0,frozen,cold,final,8,7,i1m,64,0,25000000,25000000,25000000,cohort,24500000,1932,474,0,4,1286,165,0,3,3
cold_frozen_i1m_h8_s7_state64_mac0,frozen,cold,final,8,7,i1m,64,0,25000000,25000000,25000000,cohort,24600000,1956,474,0,2,1302,169,0,9,9
cold_frozen_i1m_h8_s7_state64_mac0,frozen,cold,final,8,7,i1m,64,0,25000000,25000000,25000000,cohort,24700000,1926,475,0,1,1291,158,0,1,1
cold_frozen_i1m_h8_s7_state64_mac0,frozen,cold,final,8,7,i1m,64,0,25000000,25000000,25000000,cohort,24800000,1934,475,0,0,1293,162,0,4,4
cold_frozen_i1m_h8_s7_state64_mac0,frozen,cold,final,8,7,i1m,64,0,25000000,25000000,25000000,cohort,24900000,1950,472,0,0,1304,164,0,10,10
cold_frozen_i1m_h8_s7_state64_mac16,frozen,cold,final,8,7,i1m,64,16,25000000,25000000,25000000,cohort,0,775,9,0,6,760,0,0,0,0
cold_frozen_i1m_h8_s7_state64_mac16,frozen,cold,final,8,7,i1m,64,16,25000000,25000000,25000000,cohort,100000,691,6,0,3,682,0,0,0,0
cold_frozen_i1m_h8_s7_state64_mac16,frozen,cold,final,8,7,i1m,64,16,25000000,25000000,25000000,cohort,200000,700,4,0,0,696,0,0,0,0
cold_frozen_i1m_h8_s7_state64_mac16,frozen,cold,final,8,7,i1m,64,16,25000000,25000000,25000000,cohort,300000,696,3,0,1,692,0,0,0,0
cold_frozen_i1m_h8_s7_state64_mac16,frozen,cold,final,8,7,i1m,64,16,25000000,25000000,25000000,cohort,400000,665,7,0,1,657,0,0,0,0
cold_frozen_i1m_h8_s7_state64_mac16,frozen,cold,final,8,7,i1m,64,16,25000000,25000000,25000000,cohort,500000,710,5,0,3,702,0,0,0,0
cold_frozen_i1m_h8_s7_state64_mac16,frozen,cold,final,8,7,i1m,64,16,25000000,25000000,25000000,cohort,600000,650,6,0,4,640,0,0,0,0
cold_frozen_i1m_h8_s7_state64_mac16,frozen,cold,final,8,7,i1m,64,16,25000000,25000000,25000000,cohort,700000,664,8,0,5,651,0,0,0,0
cold_frozen_i1m_h8_s7_state64_mac16,frozen,cold,final,8,7,i1m,64,16,25000000,25000000,25000000,cohort,800000,656,4,0,5,647,0,0,0,0
cold_frozen_i1m_h8_s7_state64_mac16,frozen,cold,final,8,7,i1m,64,16,25000000,25000000,25000000,cohort,900000,673,5,1,1,666,0,0,0,0
cold_frozen_i1m_h8_s7_state64_mac16,frozen,cold,final,8,7,i1m,64,16,25000000,25000000,25000000,cohort,1000000,666,6,0,0,660,0,0,0,0
cold_frozen_i1m_h8_s7_state64_mac16,frozen,cold,final,8,7,i1m,64,16,25000000,25000000,25000000,cohort,1100000,664,6,0,2,656,0,0,0,0
cold_frozen_i1m_h8_s7_state64_mac16,frozen,cold,final,8,7,i1m,64,16,25000000,25000000,25000000,cohort,1200000,672,4,0,7,661,0,0,0,0
cold_frozen_i1m_h8_s7_state64_mac16,frozen,cold,final,8,7,i1m,64,16,25000000,25000000,25000000,cohort,1300000,698,1,0,0,697,0,0,0,0
cold_frozen_i1m_h8_s7_state64_mac16,frozen,cold,final,8,7,i1m,64,16,25000000,25000000,25000000,cohort,1400000,702,4,0,0,698,0,0,0,0
cold_frozen_i1m_h8_s7_state64_mac16,frozen,cold,final,8,7,i1m,64,16,25000000,25000000,25000000,cohort,1500000,666,6,0,3,657,0,0,0,0
cold_frozen_i1m_h8_s7_state64_mac16,frozen,cold,final,8,7,i1m,64,16,25000000,25000000,25000000,cohort,1600000,635,2,0,3,630,0,0,0,0
cold_frozen_i1m_h8_s7_state64_mac16,frozen,cold,final,8,7,i1m,64,16,25000000,25000000,25000000,cohort,1700000,658,6,0,3,649,0,0,0,0
cold_frozen_i1m_h8_s7_state64_mac16,frozen,cold,final,8,7,i1m,64,16,25000000,25000000,25000000,cohort,1800000,684,4,0,4,676,0,0,0,0
cold_frozen_i1m_h8_s7_state64_mac16,frozen,cold,final,8,7,i1m,64,16,25000000,25000000,25000000,cohort,1900000,664,7,0,5,652,0,0,0,0
cold_frozen_i1m_h8_s7_state64_mac16,frozen,cold,final,8,7,i1m,64,16,25000000,25000000,25000000,cohort,2000000,670,6,0,1,663,0,0,0,0
cold_frozen_i1m_h8_s7_state64_mac16,frozen,cold,final,8,7,i1m,64,16,25000000,25000000,25000000,cohort,2100000,662,4,0,0,658,0,0,0,0
cold_frozen_i1m_h8_s7_state64_mac16,frozen,cold,final,8,7,i1m,64,16,25000000,25000000,25000000,cohort,2200000,698,4,0,2,692,0,0,0,0
cold_frozen_i1m_h8_s7_state64_mac16,frozen,cold,final,8,7,i1m,64,16,25000000,25000000,25000000,cohort,2300000,712,5,0,2,705,0,0,0,0
cold_frozen_i1m_h8_s7_state64_mac16,frozen,cold,final,8,7,i1m,64,16,25000000,25000000,25000000,cohort,2400000,672,6,0,3,663,0,0,0,0
cold_frozen_i1m_h8_s7_state64_mac16,frozen,cold,final,8,7,i1m,64,16,25000000,25000000,25000000,cohort,2500000,686,8,0,5,673,0,0,0,0
cold_frozen_i1m_h8_s7_state64_mac16,frozen,cold,final,8,7,i1m,64,16,25000000,25000000,25000000,cohort,2600000,678,11,0,8,659,0,0,0,0
cold_frozen_i1m_h8_s7_state64_mac16,frozen,cold,final,8,7,i1m,64,16,25000000,25000000,25000000,cohort,2700000,690,4,0,3,683,0,0,0,0
cold_frozen_i1m_h8_s7_state64_mac16,frozen,cold,final,8,7,i1m,64,16,25000000,25000000,25000000,cohort,2800000,598,4,0,4,590,0,0,0,0
cold_frozen_i1m_h8_s7_state64_mac16,frozen,cold,final,8,7,i1m,64,16,25000000,25000000,25000000,cohort,2900000,676,5,0,4,667,0,0,0,0
cold_frozen_i1m_h8_s7_state64_mac16,frozen,cold,final,8,7,i1m,64,16,25000000,25000000,25000000,cohort,3000000,688,6,0,3,679,0,0,0,0
cold_frozen_i1m_h8_s7_state64_mac16,frozen,cold,final,8,7,i1m,64,16,25000000,25000000,25000000,cohort,3100000,648,4,0,4,640,0,0,0,0
cold_frozen_i1m_h8_s7_state64_mac16,frozen,cold,final,8,7,i1m,64,16,25000000,25000000,25000000,cohort,3200000,702,4,0,2,696,0,0,0,0
cold_frozen_i1m_h8_s7_state64_mac16,frozen,cold,final,8,7,i1m,64,16,25000000,25000000,25000000,cohort,3300000,706,6,0,1,699,0,0,0,0
cold_frozen_i1m_h8_s7_state64_mac16,frozen,cold,final,8,7,i1m,64,16,25000000,25000000,25000000,cohort,3400000,638,6,0,1,631,0,0,0,0
cold_frozen_i1m_h8_s7_state64_mac16,frozen,cold,final,8,7,i1m,64,16,25000000,25000000,25000000,cohort,3500000,655,6,0,3,646,0,0,0,0
cold_frozen_i1m_h8_s7_state64_mac16,frozen,cold,final,8,7,i1m,64,16,25000000,25000000,25000000,cohort,3600000,704,3,0,17,684,0,0,0,0
cold_frozen_i1m_h8_s7_state64_mac16,frozen,cold,final,8,7,i1m,64,16,25000000,25000000,25000000,cohort,3700000,714,3,0,2,709,0,0,0,0
cold_frozen_i1m_h8_s7_state64_mac16,frozen,cold,final,8,7,i1m,64,16,25000000,25000000,25000000,cohort,3800000,702,6,0,3,693,0,0,0,0
cold_frozen_i1m_h8_s7_state64_mac16,frozen,cold,final,8,7,i1m,64,16,25000000,25000000,25000000,cohort,3900000,706,6,0,10,690,0,0,0,0
cold_frozen_i1m_h8_s7_state64_mac16,frozen,cold,final,8,7,i1m,64,16,25000000,25000000,25000000,cohort,4000000,644,5,0,13,626,0,0,0,0
cold_frozen_i1m_h8_s7_state64_mac16,frozen,cold,final,8,7,i1m,64,16,25000000,25000000,25000000,cohort,4100000,704,3,0,3,698,0,0,0,0
cold_frozen_i1m_h8_s7_state64_mac16,frozen,cold,final,8,7,i1m,64,16,25000000,25000000,25000000,cohort,4200000,690,6,0,9,675,0,0,0,0
cold_frozen_i1m_h8_s7_state64_mac16,frozen,cold,final,8,7,i1m,64,16,25000000,25000000,25000000,cohort,4300000,672,6,0,2,664,0,0,0,0
cold_frozen_i1m_h8_s7_state64_mac16,frozen,cold,final,8,7,i1m,64,16,25000000,25000000,25000000,cohort,4400000,660,5,0,2,653,0,0,0,0
cold_frozen_i1m_h8_s7_state64_mac16,frozen,cold,final,8,7,i1m,64,16,25000000,25000000,25000000,cohort,4500000,706,5,0,9,692,0,0,0,0
cold_frozen_i1m_h8_s7_state64_mac16,frozen,cold,final,8,7,i1m,64,16,25000000,25000000,25000000,cohort,4600000,656,4,0,5,647,0,0,0,0
cold_frozen_i1m_h8_s7_state64_mac16,frozen,cold,final,8,7,i1m,64,16,25000000,25000000,25000000,cohort,4700000,634,3,0,2,629,0,0,0,0
cold_frozen_i1m_h8_s7_state64_mac16,frozen,cold,final,8,7,i1m,64,16,25000000,25000000,25000000,cohort,4800000,646,7,0,2,637,0,0,0,0
cold_frozen_i1m_h8_s7_state64_mac16,frozen,cold,final,8,7,i1m,64,16,25000000,25000000,25000000,cohort,4900000,688,4,0,9,675,0,0,0,0
cold_frozen_i1m_h8_s7_state64_mac16,frozen,cold,final,8,7,i1m,64,16,25000000,25000000,25000000,cohort,5000000,646,7,0,7,632,0,0,0,0
cold_frozen_i1m_h8_s7_state64_mac16,frozen,cold,final,8,7,i1m,64,16,25000000,25000000,25000000,cohort,5100000,622,5,0,6,611,0,0,0,0
cold_frozen_i1m_h8_s7_state64_mac16,frozen,cold,final,8,7,i1m,64,16,25000000,25000000,25000000,cohort,5200000,672,7,0,9,656,0,0,0,0
cold_frozen_i1m_h8_s7_state64_mac16,frozen,cold,final,8,7,i1m,64,16,25000000,25000000,25000000,cohort,5300000,686,3,0,8,675,0,0,0,0
cold_frozen_i1m_h8_s7_state64_mac16,frozen,cold,final,8,7,i1m,64,16,25000000,25000000,25000000,cohort,5400000,712,7,0,9,696,0,0,0,0
cold_frozen_i1m_h8_s7_state64_mac16,frozen,cold,final,8,7,i1m,64,16,25000000,25000000,25000000,cohort,5500000,712,8,0,6,698,0,0,0,0
cold_frozen_i1m_h8_s7_state64_mac16,frozen,cold,final,8,7,i1m,64,16,25000000,25000000,25000000,cohort,5600000,698,6,0,12,680,0,0,0,0
cold_frozen_i1m_h8_s7_state64_mac16,frozen,cold,final,8,7,i1m,64,16,25000000,25000000,25000000,cohort,5700000,642,6,0,10,626,0,0,0,0
cold_frozen_i1m_h8_s7_state64_mac16,frozen,cold,final,8,7,i1m,64,16,25000000,25000000,25000000,cohort,5800000,628,6,0,14,608,0,0,0,0
cold_frozen_i1m_h8_s7_state64_mac16,frozen,cold,final,8,7,i1m,64,16,25000000,25000000,25000000,cohort,5900000,654,7,0,10,637,0,0,0,0
cold_frozen_i1m_h8_s7_state64_mac16,frozen,cold,final,8,7,i1m,64,16,25000000,25000000,25000000,cohort,6000000,664,7,0,5,652,0,0,0,0
cold_frozen_i1m_h8_s7_state64_mac16,frozen,cold,final,8,7,i1m,64,16,25000000,25000000,25000000,cohort,6100000,680,4,0,6,670,0,0,0,0
cold_frozen_i1m_h8_s7_state64_mac16,frozen,cold,final,8,7,i1m,64,16,25000000,25000000,25000000,cohort,6200000,682,4,0,3,675,0,0,0,0
cold_frozen_i1m_h8_s7_state64_mac16,frozen,cold,final,8,7,i1m,64,16,25000000,25000000,25000000,cohort,6300000,700,5,0,8,687,0,0,0,0
cold_frozen_i1m_h8_s7_state64_mac16,frozen,cold,final,8,7,i1m,64,16,25000000,25000000,25000000,cohort,6400000,632,5,0,12,615,0,0,0,0
cold_frozen_i1m_h8_s7_state64_mac16,frozen,cold,final,8,7,i1m,64,16,25000000,25000000,25000000,cohort,6500000,652,3,0,6,643,0,0,0,0
cold_frozen_i1m_h8_s7_state64_mac16,frozen,cold,final,8,7,i1m,64,16,25000000,25000000,25000000,cohort,6600000,666,2,0,7,657,0,0,0,0
cold_frozen_i1m_h8_s7_state64_mac16,frozen,cold,final,8,7,i1m,64,16,25000000,25000000,25000000,cohort,6700000,564,5,0,1,558,0,0,0,0
cold_frozen_i1m_h8_s7_state64_mac16,frozen,cold,final,8,7,i1m,64,16,25000000,25000000,25000000,cohort,6800000,596,4,0,10,582,0,0,0,0
cold_frozen_i1m_h8_s7_state64_mac16,frozen,cold,final,8,7,i1m,64,16,25000000,25000000,25000000,cohort,6900000,618,4,0,4,610,0,0,0,0
cold_frozen_i1m_h8_s7_state64_mac16,frozen,cold,final,8,7,i1m,64,16,25000000,25000000,25000000,cohort,7000000,682,4,0,1,677,0,0,0,0
cold_frozen_i1m_h8_s7_state64_mac16,frozen,cold,final,8,7,i1m,64,16,25000000,25000000,25000000,cohort,7100000,670,9,0,12,649,0,0,0,0
cold_frozen_i1m_h8_s7_state64_mac16,frozen,cold,final,8,7,i1m,64,16,25000000,25000000,25000000,cohort,7200000,674,4,0,5,665,0,0,0,0
cold_frozen_i1m_h8_s7_state64_mac16,frozen,cold,final,8,7,i1m,64,16,25000000,25000000,25000000,cohort,7300000,674,8,0,6,660,0,0,0,0
cold_frozen_i1m_h8_s7_state64_mac16,frozen,cold,final,8,7,i1m,64,16,25000000,25000000,25000000,cohort,7400000,626,3,0,7,616,0,0,0,0
cold_frozen_i1m_h8_s7_state64_mac16,frozen,cold,final,8,7,i1m,64,16,25000000,25000000,25000000,cohort,7500000,642,7,0,5,630,0,0,0,0
cold_frozen_i1m_h8_s7_state64_mac16,frozen,cold,final,8,7,i1m,64,16,25000000,25000000,25000000,cohort,7600000,612,4,0,5,603,0,0,0,0
cold_frozen_i1m_h8_s7_state64_mac16,frozen,cold,final,8,7,i1m,64,16,25000000,25000000,25000000,cohort,7700000,682,5,0,2,675,0,0,0,0
cold_frozen_i1m_h8_s7_state64_mac16,frozen,cold,final,8,7,i1m,64,16,25000000,25000000,25000000,cohort,7800000,688,10,0,11,667,0,0,0,0
cold_frozen_i1m_h8_s7_state64_mac16,frozen,cold,final,8,7,i1m,64,16,25000000,25000000,25000000,cohort,7900000,666,4,0,0,662,0,0,0,0
cold_frozen_i1m_h8_s7_state64_mac16,frozen,cold,final,8,7,i1m,64,16,25000000,25000000,25000000,cohort,8000000,620,6,0,11,603,0,0,0,0
cold_frozen_i1m_h8_s7_state64_mac16,frozen,cold,final,8,7,i1m,64,16,25000000,25000000,25000000,cohort,8100000,684,7,0,10,667,0,0,0,0
cold_frozen_i1m_h8_s7_state64_mac16,frozen,cold,final,8,7,i1m,64,16,25000000,25000000,25000000,cohort,8200000,668,6,0,6,656,0,0,0,0
cold_frozen_i1m_h8_s7_state64_mac16,frozen,cold,final,8,7,i1m,64,16,25000000,25000000,25000000,cohort,8300000,718,4,0,3,711,0,0,0,0
cold_frozen_i1m_h8_s7_state64_mac16,frozen,cold,final,8,7,i1m,64,16,25000000,25000000,25000000,cohort,8400000,652,5,0,4,643,0,0,0,0
cold_frozen_i1m_h8_s7_state64_mac16,frozen,cold,final,8,7,i1m,64,16,25000000,25000000,25000000,cohort,8500000,628,8,0,11,609,0,0,0,0
cold_frozen_i1m_h8_s7_state64_mac16,frozen,cold,final,8,7,i1m,64,16,25000000,25000000,25000000,cohort,8600000,640,4,0,3,633,0,0,0,0
cold_frozen_i1m_h8_s7_state64_mac16,frozen,cold,final,8,7,i1m,64,16,25000000,25000000,25000000,cohort,8700000,654,3,0,5,646,0,0,0,0
cold_frozen_i1m_h8_s7_state64_mac16,frozen,cold,final,8,7,i1m,64,16,25000000,25000000,25000000,cohort,8800000,632,6,0,5,621,0,0,0,0
cold_frozen_i1m_h8_s7_state64_mac16,frozen,cold,final,8,7,i1m,64,16,25000000,25000000,25000000,cohort,8900000,686,4,0,6,676,0,0,0,0
cold_frozen_i1m_h8_s7_state64_mac16,frozen,cold,final,8,7,i1m,64,16,25000000,25000000,25000000,cohort,9000000,716,2,0,5,709,0,0,0,0
cold_frozen_i1m_h8_s7_state64_mac16,frozen,cold,final,8,7,i1m,64,16,25000000,25000000,25000000,cohort,9100000,592,3,0,6,583,0,0,0,0
cold_frozen_i1m_h8_s7_state64_mac16,frozen,cold,final,8,7,i1m,64,16,25000000,25000000,25000000,cohort,9200000,678,3,0,4,671,0,0,0,0
cold_frozen_i1m_h8_s7_state64_mac16,frozen,cold,final,8,7,i1m,64,16,25000000,25000000,25000000,cohort,9300000,736,6,0,2,728,0,0,0,0
cold_frozen_i1m_h8_s7_state64_mac16,frozen,cold,final,8,7,i1m,64,16,25000000,25000000,25000000,cohort,9400000,654,6,0,1,647,0,0,0,0
cold_frozen_i1m_h8_s7_state64_mac16,frozen,cold,final,8,7,i1m,64,16,25000000,25000000,25000000,cohort,9500000,634,5,0,2,627,0,0,0,0
cold_frozen_i1m_h8_s7_state64_mac16,frozen,cold,final,8,7,i1m,64,16,25000000,25000000,25000000,cohort,9600000,700,5,0,4,691,0,0,0,0
cold_frozen_i1m_h8_s7_state64_mac16,frozen,cold,final,8,7,i1m,64,16,25000000,25000000,25000000,cohort,9700000,696,3,0,8,685,0,0,0,0
cold_frozen_i1m_h8_s7_state64_mac16,frozen,cold,final,8,7,i1m,64,16,25000000,25000000,25000000,cohort,9800000,662,5,0,7,650,0,0,0,0
cold_frozen_i1m_h8_s7_state64_mac16,frozen,cold,final,8,7,i1m,64,16,25000000,25000000,25000000,cohort,9900000,640,7,0,2,631,0,0,0,0
cold_frozen_i1m_h8_s7_state64_mac16,frozen,cold,final,8,7,i1m,64,16,25000000,25000000,25000000,cohort,10000000,666,1,0,3,662,0,0,0,0
cold_frozen_i1m_h8_s7_state64_mac16,frozen,cold,final,8,7,i1m,64,16,25000000,25000000,25000000,cohort,10100000,632,4,0,1,627,0,0,0,0
cold_frozen_i1m_h8_s7_state64_mac16,frozen,cold,final,8,7,i1m,64,16,25000000,25000000,25000000,cohort,10200000,692,3,0,3,686,0,0,0,0
cold_frozen_i1m_h8_s7_state64_mac16,frozen,cold,final,8,7,i1m,64,16,25000000,25000000,25000000,cohort,10300000,694,8,0,4,682,0,0,0,0
cold_frozen_i1m_h8_s7_state64_mac16,frozen,cold,final,8,7,i1m,64,16,25000000,25000000,25000000,cohort,10400000,608,6,0,3,599,0,0,0,0
cold_frozen_i1m_h8_s7_state64_mac16,frozen,cold,final,8,7,i1m,64,16,25000000,25000000,25000000,cohort,10500000,652,3,0,2,647,0,0,0,0
cold_frozen_i1m_h8_s7_state64_mac16,frozen,cold,final,8,7,i1m,64,16,25000000,25000000,25000000,cohort,10600000,652,5,0,5,642,0,0,0,0
cold_frozen_i1m_h8_s7_state64_mac16,frozen,cold,final,8,7,i1m,64,16,25000000,25000000,25000000,cohort,10700000,668,8,0,1,659,0,0,0,0
cold_frozen_i1m_h8_s7_state64_mac16,frozen,cold,final,8,7,i1m,64,16,25000000,25000000,25000000,cohort,10800000,674,7,0,6,661,0,0,0,0
cold_frozen_i1m_h8_s7_state64_mac16,frozen,cold,final,8,7,i1m,64,16,25000000,25000000,25000000,cohort,10900000,642,3,0,2,637,0,0,0,0
cold_frozen_i1m_h8_s7_state64_mac16,frozen,cold,final,8,7,i1m,64,16,25000000,25000000,25000000,cohort,11000000,676,3,0,6,667,0,0,0,0
cold_frozen_i1m_h8_s7_state64_mac16,frozen,cold,final,8,7,i1m,64,16,25000000,25000000,25000000,cohort,11100000,644,5,0,1,638,0,0,0,0
cold_frozen_i1m_h8_s7_state64_mac16,frozen,cold,final,8,7,i1m,64,16,25000000,25000000,25000000,cohort,11200000,656,6,0,9,641,0,0,0,0
cold_frozen_i1m_h8_s7_state64_mac16,frozen,cold,final,8,7,i1m,64,16,25000000,25000000,25000000,cohort,11300000,700,3,0,10,687,0,0,0,0
cold_frozen_i1m_h8_s7_state64_mac16,frozen,cold,final,8,7,i1m,64,16,25000000,25000000,25000000,cohort,11400000,668,2,0,23,643,0,0,0,0
cold_frozen_i1m_h8_s7_state64_mac16,frozen,cold,final,8,7,i1m,64,16,25000000,25000000,25000000,cohort,11500000,620,5,0,24,591,0,0,0,0
cold_frozen_i1m_h8_s7_state64_mac16,frozen,cold,final,8,7,i1m,64,16,25000000,25000000,25000000,cohort,11600000,694,5,0,7,682,0,0,0,0
cold_frozen_i1m_h8_s7_state64_mac16,frozen,cold,final,8,7,i1m,64,16,25000000,25000000,25000000,cohort,11700000,674,2,0,3,669,0,0,0,0
cold_frozen_i1m_h8_s7_state64_mac16,frozen,cold,final,8,7,i1m,64,16,25000000,25000000,25000000,cohort,11800000,696,7,0,30,659,0,0,0,0
cold_frozen_i1m_h8_s7_state64_mac16,frozen,cold,final,8,7,i1m,64,16,25000000,25000000,25000000,cohort,11900000,700,6,0,35,659,0,0,0,0
cold_frozen_i1m_h8_s7_state64_mac16,frozen,cold,final,8,7,i1m,64,16,25000000,25000000,25000000,cohort,12000000,640,7,0,10,623,0,0,0,0
cold_frozen_i1m_h8_s7_state64_mac16,frozen,cold,final,8,7,i1m,64,16,25000000,25000000,25000000,cohort,12100000,624,6,0,10,608,0,0,0,0
cold_frozen_i1m_h8_s7_state64_mac16,frozen,cold,final,8,7,i1m,64,16,25000000,25000000,25000000,cohort,12200000,692,3,0,4,685,0,0,0,0
cold_frozen_i1m_h8_s7_state64_mac16,frozen,cold,final,8,7,i1m,64,16,25000000,25000000,25000000,cohort,12300000,656,2,0,10,644,0,0,0,0
cold_frozen_i1m_h8_s7_state64_mac16,frozen,cold,final,8,7,i1m,64,16,25000000,25000000,25000000,cohort,12400000,646,3,0,5,638,0,0,0,0
cold_frozen_i1m_h8_s7_state64_mac16,frozen,cold,final,8,7,i1m,64,16,25000000,25000000,25000000,cohort,12500000,664,7,0,7,650,0,0,0,0
cold_frozen_i1m_h8_s7_state64_mac16,frozen,cold,final,8,7,i1m,64,16,25000000,25000000,25000000,cohort,12600000,690,6,1,42,640,1,0,0,0
cold_frozen_i1m_h8_s7_state64_mac16,frozen,cold,final,8,7,i1m,64,16,25000000,25000000,25000000,cohort,12700000,744,5,0,39,700,0,0,0,0
cold_frozen_i1m_h8_s7_state64_mac16,frozen,cold,final,8,7,i1m,64,16,25000000,25000000,25000000,cohort,12800000,634,9,0,20,605,0,0,0,0
cold_frozen_i1m_h8_s7_state64_mac16,frozen,cold,final,8,7,i1m,64,16,25000000,25000000,25000000,cohort,12900000,672,7,0,2,663,0,0,0,0
cold_frozen_i1m_h8_s7_state64_mac16,frozen,cold,final,8,7,i1m,64,16,25000000,25000000,25000000,cohort,13000000,698,3,0,2,693,0,0,0,0
cold_frozen_i1m_h8_s7_state64_mac16,frozen,cold,final,8,7,i1m,64,16,25000000,25000000,25000000,cohort,13100000,672,3,0,6,663,0,0,0,0
cold_frozen_i1m_h8_s7_state64_mac16,frozen,cold,final,8,7,i1m,64,16,25000000,25000000,25000000,cohort,13200000,744,9,0,43,692,0,0,0,0
cold_frozen_i1m_h8_s7_state64_mac16,frozen,cold,final,8,7,i1m,64,16,25000000,25000000,25000000,cohort,13300000,650,6,0,3,641,0,0,0,0
cold_frozen_i1m_h8_s7_state64_mac16,frozen,cold,final,8,7,i1m,64,16,25000000,25000000,25000000,cohort,13400000,971,7,0,95,869,0,0,0,0
cold_frozen_i1m_h8_s7_state64_mac16,frozen,cold,final,8,7,i1m,64,16,25000000,25000000,25000000,cohort,13500000,650,1,0,10,639,0,0,0,0
cold_frozen_i1m_h8_s7_state64_mac16,frozen,cold,final,8,7,i1m,64,16,25000000,25000000,25000000,cohort,13600000,616,0,0,9,607,0,0,0,0
cold_frozen_i1m_h8_s7_state64_mac16,frozen,cold,final,8,7,i1m,64,16,25000000,25000000,25000000,cohort,13700000,682,7,0,20,655,0,0,0,0
cold_frozen_i1m_h8_s7_state64_mac16,frozen,cold,final,8,7,i1m,64,16,25000000,25000000,25000000,cohort,13800000,616,4,0,1,611,0,0,0,0
cold_frozen_i1m_h8_s7_state64_mac16,frozen,cold,final,8,7,i1m,64,16,25000000,25000000,25000000,cohort,13900000,688,7,0,16,665,0,0,0,0
cold_frozen_i1m_h8_s7_state64_mac16,frozen,cold,final,8,7,i1m,64,16,25000000,25000000,25000000,cohort,14000000,658,8,0,7,643,0,0,0,0
cold_frozen_i1m_h8_s7_state64_mac16,frozen,cold,final,8,7,i1m,64,16,25000000,25000000,25000000,cohort,14100000,666,6,0,19,641,0,0,0,0
cold_frozen_i1m_h8_s7_state64_mac16,frozen,cold,final,8,7,i1m,64,16,25000000,25000000,25000000,cohort,14200000,732,4,0,9,719,0,0,0,0
cold_frozen_i1m_h8_s7_state64_mac16,frozen,cold,final,8,7,i1m,64,16,25000000,25000000,25000000,cohort,14300000,684,3,0,2,679,0,0,0,0
cold_frozen_i1m_h8_s7_state64_mac16,frozen,cold,final,8,7,i1m,64,16,25000000,25000000,25000000,cohort,14400000,674,7,0,7,659,0,0,1,1
cold_frozen_i1m_h8_s7_state64_mac16,frozen,cold,final,8,7,i1m,64,16,25000000,25000000,25000000,cohort,14500000,668,7,0,4,657,0,0,0,0
cold_frozen_i1m_h8_s7_state64_mac16,frozen,cold,final,8,7,i1m,64,16,25000000,25000000,25000000,cohort,14600000,656,6,0,7,643,0,0,0,0
cold_frozen_i1m_h8_s7_state64_mac16,frozen,cold,final,8,7,i1m,64,16,25000000,25000000,25000000,cohort,14700000,708,6,0,6,696,0,0,0,0
cold_frozen_i1m_h8_s7_state64_mac16,frozen,cold,final,8,7,i1m,64,16,25000000,25000000,25000000,cohort,14800000,676,7,0,4,665,0,0,0,0
cold_frozen_i1m_h8_s7_state64_mac16,frozen,cold,final,8,7,i1m,64,16,25000000,25000000,25000000,cohort,14900000,628,5,0,7,616,0,0,0,0
cold_frozen_i1m_h8_s7_state64_mac16,frozen,cold,final,8,7,i1m,64,16,25000000,25000000,25000000,cohort,15000000,648,7,0,4,637,0,0,0,0
cold_frozen_i1m_h8_s7_state64_mac16,frozen,cold,final,8,7,i1m,64,16,25000000,25000000,25000000,cohort,15100000,732,5,0,20,707,0,0,0,0
cold_frozen_i1m_h8_s7_state64_mac16,frozen,cold,final,8,7,i1m,64,16,25000000,25000000,25000000,cohort,15200000,644,7,0,6,631,0,0,0,0
cold_frozen_i1m_h8_s7_state64_mac16,frozen,cold,final,8,7,i1m,64,16,25000000,25000000,25000000,cohort,15300000,656,7,0,2,647,0,0,0,0
cold_frozen_i1m_h8_s7_state64_mac16,frozen,cold,final,8,7,i1m,64,16,25000000,25000000,25000000,cohort,15400000,612,4,0,4,604,0,0,0,0
cold_frozen_i1m_h8_s7_state64_mac16,frozen,cold,final,8,7,i1m,64,16,25000000,25000000,25000000,cohort,15500000,676,6,0,6,664,0,0,0,0
cold_frozen_i1m_h8_s7_state64_mac16,frozen,cold,final,8,7,i1m,64,16,25000000,25000000,25000000,cohort,15600000,656,6,0,5,645,0,0,0,0
cold_frozen_i1m_h8_s7_state64_mac16,frozen,cold,final,8,7,i1m,64,16,25000000,25000000,25000000,cohort,15700000,650,7,0,2,641,0,0,0,0
cold_frozen_i1m_h8_s7_state64_mac16,frozen,cold,final,8,7,i1m,64,16,25000000,25000000,25000000,cohort,15800000,637,8,0,8,620,1,0,0,0
cold_frozen_i1m_h8_s7_state64_mac16,frozen,cold,final,8,7,i1m,64,16,25000000,25000000,25000000,cohort,15900000,649,2,0,7,640,0,0,0,0
cold_frozen_i1m_h8_s7_state64_mac16,frozen,cold,final,8,7,i1m,64,16,25000000,25000000,25000000,cohort,16000000,666,7,0,6,653,0,0,0,0
cold_frozen_i1m_h8_s7_state64_mac16,frozen,cold,final,8,7,i1m,64,16,25000000,25000000,25000000,cohort,16100000,674,6,0,6,662,0,0,0,0
cold_frozen_i1m_h8_s7_state64_mac16,frozen,cold,final,8,7,i1m,64,16,25000000,25000000,25000000,cohort,16200000,696,7,0,5,684,0,0,0,0
cold_frozen_i1m_h8_s7_state64_mac16,frozen,cold,final,8,7,i1m,64,16,25000000,25000000,25000000,cohort,16300000,660,9,0,1,650,0,0,0,0
cold_frozen_i1m_h8_s7_state64_mac16,frozen,cold,final,8,7,i1m,64,16,25000000,25000000,25000000,cohort,16400000,652,4,0,8,640,0,0,0,0
cold_frozen_i1m_h8_s7_state64_mac16,frozen,cold,final,8,7,i1m,64,16,25000000,25000000,25000000,cohort,16500000,638,7,0,5,626,0,0,0,0
cold_frozen_i1m_h8_s7_state64_mac16,frozen,cold,final,8,7,i1m,64,16,25000000,25000000,25000000,cohort,16600000,654,2,0,5,647,0,0,0,0
cold_frozen_i1m_h8_s7_state64_mac16,frozen,cold,final,8,7,i1m,64,16,25000000,25000000,25000000,cohort,16700000,664,6,0,5,653,0,0,0,0
cold_frozen_i1m_h8_s7_state64_mac16,frozen,cold,final,8,7,i1m,64,16,25000000,25000000,25000000,cohort,16800000,664,4,0,6,654,0,0,0,0
cold_frozen_i1m_h8_s7_state64_mac16,frozen,cold,final,8,7,i1m,64,16,25000000,25000000,25000000,cohort,16900000,628,1,0,7,620,0,0,0,0
cold_frozen_i1m_h8_s7_state64_mac16,frozen,cold,final,8,7,i1m,64,16,25000000,25000000,25000000,cohort,17000000,602,4,0,4,594,0,0,0,0
cold_frozen_i1m_h8_s7_state64_mac16,frozen,cold,final,8,7,i1m,64,16,25000000,25000000,25000000,cohort,17100000,650,4,0,6,640,0,0,0,0
cold_frozen_i1m_h8_s7_state64_mac16,frozen,cold,final,8,7,i1m,64,16,25000000,25000000,25000000,cohort,17200000,624,1,0,3,620,0,0,0,0
cold_frozen_i1m_h8_s7_state64_mac16,frozen,cold,final,8,7,i1m,64,16,25000000,25000000,25000000,cohort,17300000,696,4,0,3,689,0,0,0,0
cold_frozen_i1m_h8_s7_state64_mac16,frozen,cold,final,8,7,i1m,64,16,25000000,25000000,25000000,cohort,17400000,698,4,0,8,686,0,0,0,0
cold_frozen_i1m_h8_s7_state64_mac16,frozen,cold,final,8,7,i1m,64,16,25000000,25000000,25000000,cohort,17500000,644,4,0,5,635,0,0,0,0
cold_frozen_i1m_h8_s7_state64_mac16,frozen,cold,final,8,7,i1m,64,16,25000000,25000000,25000000,cohort,17600000,648,4,0,3,641,0,0,0,0
cold_frozen_i1m_h8_s7_state64_mac16,frozen,cold,final,8,7,i1m,64,16,25000000,25000000,25000000,cohort,17700000,640,6,0,7,627,0,0,0,0
cold_frozen_i1m_h8_s7_state64_mac16,frozen,cold,final,8,7,i1m,64,16,25000000,25000000,25000000,cohort,17800000,654,5,0,2,647,0,0,0,0
cold_frozen_i1m_h8_s7_state64_mac16,frozen,cold,final,8,7,i1m,64,16,25000000,25000000,25000000,cohort,17900000,684,4,0,8,672,0,0,0,0
cold_frozen_i1m_h8_s7_state64_mac16,frozen,cold,final,8,7,i1m,64,16,25000000,25000000,25000000,cohort,18000000,674,8,0,1,665,0,0,0,0
cold_frozen_i1m_h8_s7_state64_mac16,frozen,cold,final,8,7,i1m,64,16,25000000,25000000,25000000,cohort,18100000,712,8,0,6,698,0,0,0,0
cold_frozen_i1m_h8_s7_state64_mac16,frozen,cold,final,8,7,i1m,64,16,25000000,25000000,25000000,cohort,18200000,600,5,0,2,593,0,0,0,0
cold_frozen_i1m_h8_s7_state64_mac16,frozen,cold,final,8,7,i1m,64,16,25000000,25000000,25000000,cohort,18300000,672,3,0,2,667,0,0,0,0
cold_frozen_i1m_h8_s7_state64_mac16,frozen,cold,final,8,7,i1m,64,16,25000000,25000000,25000000,cohort,18400000,660,8,0,2,650,0,0,0,0
cold_frozen_i1m_h8_s7_state64_mac16,frozen,cold,final,8,7,i1m,64,16,25000000,25000000,25000000,cohort,18500000,638,4,0,5,629,0,0,0,0
cold_frozen_i1m_h8_s7_state64_mac16,frozen,cold,final,8,7,i1m,64,16,25000000,25000000,25000000,cohort,18600000,668,4,0,11,653,0,0,0,0
cold_frozen_i1m_h8_s7_state64_mac16,frozen,cold,final,8,7,i1m,64,16,25000000,25000000,25000000,cohort,18700000,634,6,0,3,625,0,0,0,0
cold_frozen_i1m_h8_s7_state64_mac16,frozen,cold,final,8,7,i1m,64,16,25000000,25000000,25000000,cohort,18800000,682,7,0,5,670,0,0,0,0
cold_frozen_i1m_h8_s7_state64_mac16,frozen,cold,final,8,7,i1m,64,16,25000000,25000000,25000000,cohort,18900000,654,3,0,2,649,0,0,0,0
cold_frozen_i1m_h8_s7_state64_mac16,frozen,cold,final,8,7,i1m,64,16,25000000,25000000,25000000,cohort,19000000,674,5,0,2,667,0,0,0,0
cold_frozen_i1m_h8_s7_state64_mac16,frozen,cold,final,8,7,i1m,64,16,25000000,25000000,25000000,cohort,19100000,614,7,0,7,600,0,0,0,0
cold_frozen_i1m_h8_s7_state64_mac16,frozen,cold,final,8,7,i1m,64,16,25000000,25000000,25000000,cohort,19200000,688,6,0,2,680,0,0,0,0
cold_frozen_i1m_h8_s7_state64_mac16,frozen,cold,final,8,7,i1m,64,16,25000000,25000000,25000000,cohort,19300000,648,3,0,5,640,0,0,0,0
cold_frozen_i1m_h8_s7_state64_mac16,frozen,cold,final,8,7,i1m,64,16,25000000,25000000,25000000,cohort,19400000,642,6,0,0,636,0,0,0,0
cold_frozen_i1m_h8_s7_state64_mac16,frozen,cold,final,8,7,i1m,64,16,25000000,25000000,25000000,cohort,19500000,704,6,0,18,680,0,0,0,0
cold_frozen_i1m_h8_s7_state64_mac16,frozen,cold,final,8,7,i1m,64,16,25000000,25000000,25000000,cohort,19600000,650,6,0,2,642,0,0,0,0
cold_frozen_i1m_h8_s7_state64_mac16,frozen,cold,final,8,7,i1m,64,16,25000000,25000000,25000000,cohort,19700000,680,6,0,4,670,0,0,0,0
cold_frozen_i1m_h8_s7_state64_mac16,frozen,cold,final,8,7,i1m,64,16,25000000,25000000,25000000,cohort,19800000,682,4,0,8,670,0,0,0,0
cold_frozen_i1m_h8_s7_state64_mac16,frozen,cold,final,8,7,i1m,64,16,25000000,25000000,25000000,cohort,19900000,650,7,0,4,639,0,0,0,0
cold_frozen_i1m_h8_s7_state64_mac16,frozen,cold,final,8,7,i1m,64,16,25000000,25000000,25000000,cohort,20000000,636,7,0,6,623,0,0,0,0
cold_frozen_i1m_h8_s7_state64_mac16,frozen,cold,final,8,7,i1m,64,16,25000000,25000000,25000000,cohort,20100000,602,11,0,5,586,0,0,0,0
cold_frozen_i1m_h8_s7_state64_mac16,frozen,cold,final,8,7,i1m,64,16,25000000,25000000,25000000,cohort,20200000,708,8,0,2,698,0,0,0,0
cold_frozen_i1m_h8_s7_state64_mac16,frozen,cold,final,8,7,i1m,64,16,25000000,25000000,25000000,cohort,20300000,690,2,0,1,687,0,0,0,0
cold_frozen_i1m_h8_s7_state64_mac16,frozen,cold,final,8,7,i1m,64,16,25000000,25000000,25000000,cohort,20400000,668,2,0,6,660,0,0,0,0
cold_frozen_i1m_h8_s7_state64_mac16,frozen,cold,final,8,7,i1m,64,16,25000000,25000000,25000000,cohort,20500000,696,4,0,2,690,0,0,0,0
cold_frozen_i1m_h8_s7_state64_mac16,frozen,cold,final,8,7,i1m,64,16,25000000,25000000,25000000,cohort,20600000,680,7,0,2,671,0,0,0,0
cold_frozen_i1m_h8_s7_state64_mac16,frozen,cold,final,8,7,i1m,64,16,25000000,25000000,25000000,cohort,20700000,610,5,0,9,596,0,0,0,0
cold_frozen_i1m_h8_s7_state64_mac16,frozen,cold,final,8,7,i1m,64,16,25000000,25000000,25000000,cohort,20800000,640,3,0,6,631,0,0,0,0
cold_frozen_i1m_h8_s7_state64_mac16,frozen,cold,final,8,7,i1m,64,16,25000000,25000000,25000000,cohort,20900000,694,4,0,7,683,0,0,0,0
cold_frozen_i1m_h8_s7_state64_mac16,frozen,cold,final,8,7,i1m,64,16,25000000,25000000,25000000,cohort,21000000,624,3,0,9,612,0,0,0,0
cold_frozen_i1m_h8_s7_state64_mac16,frozen,cold,final,8,7,i1m,64,16,25000000,25000000,25000000,cohort,21100000,677,5,0,3,669,0,0,0,0
cold_frozen_i1m_h8_s7_state64_mac16,frozen,cold,final,8,7,i1m,64,16,25000000,25000000,25000000,cohort,21200000,650,4,0,1,645,0,0,0,0
cold_frozen_i1m_h8_s7_state64_mac16,frozen,cold,final,8,7,i1m,64,16,25000000,25000000,25000000,cohort,21300000,644,8,0,7,629,0,0,0,0
cold_frozen_i1m_h8_s7_state64_mac16,frozen,cold,final,8,7,i1m,64,16,25000000,25000000,25000000,cohort,21400000,648,5,0,13,630,0,0,0,0
cold_frozen_i1m_h8_s7_state64_mac16,frozen,cold,final,8,7,i1m,64,16,25000000,25000000,25000000,cohort,21500000,666,8,0,3,655,0,0,0,0
cold_frozen_i1m_h8_s7_state64_mac16,frozen,cold,final,8,7,i1m,64,16,25000000,25000000,25000000,cohort,21600000,714,6,0,7,701,0,0,0,0
cold_frozen_i1m_h8_s7_state64_mac16,frozen,cold,final,8,7,i1m,64,16,25000000,25000000,25000000,cohort,21700000,694,6,0,8,680,0,0,0,0
cold_frozen_i1m_h8_s7_state64_mac16,frozen,cold,final,8,7,i1m,64,16,25000000,25000000,25000000,cohort,21800000,642,6,0,4,631,0,0,1,1
cold_frozen_i1m_h8_s7_state64_mac16,frozen,cold,final,8,7,i1m,64,16,25000000,25000000,25000000,cohort,21900000,700,3,0,4,693,0,0,0,0
cold_frozen_i1m_h8_s7_state64_mac16,frozen,cold,final,8,7,i1m,64,16,25000000,25000000,25000000,cohort,22000000,680,4,0,3,673,0,0,0,0
cold_frozen_i1m_h8_s7_state64_mac16,frozen,cold,final,8,7,i1m,64,16,25000000,25000000,25000000,cohort,22100000,704,5,0,8,691,0,0,0,0
cold_frozen_i1m_h8_s7_state64_mac16,frozen,cold,final,8,7,i1m,64,16,25000000,25000000,25000000,cohort,22200000,668,3,0,2,663,0,0,0,0
cold_frozen_i1m_h8_s7_state64_mac16,frozen,cold,final,8,7,i1m,64,16,25000000,25000000,25000000,cohort,22300000,636,7,0,11,618,0,0,0,0
cold_frozen_i1m_h8_s7_state64_mac16,frozen,cold,final,8,7,i1m,64,16,25000000,25000000,25000000,cohort,22400000,638,10,0,3,625,0,0,0,0
cold_frozen_i1m_h8_s7_state64_mac16,frozen,cold,final,8,7,i1m,64,16,25000000,25000000,25000000,cohort,22500000,692,8,0,15,669,0,0,0,0
cold_frozen_i1m_h8_s7_state64_mac16,frozen,cold,final,8,7,i1m,64,16,25000000,25000000,25000000,cohort,22600000,646,6,0,8,632,0,0,0,0
cold_frozen_i1m_h8_s7_state64_mac16,frozen,cold,final,8,7,i1m,64,16,25000000,25000000,25000000,cohort,22700000,616,5,0,2,609,0,0,0,0
cold_frozen_i1m_h8_s7_state64_mac16,frozen,cold,final,8,7,i1m,64,16,25000000,25000000,25000000,cohort,22800000,738,6,0,6,726,0,0,0,0
cold_frozen_i1m_h8_s7_state64_mac16,frozen,cold,final,8,7,i1m,64,16,25000000,25000000,25000000,cohort,22900000,680,6,0,4,670,0,0,0,0
cold_frozen_i1m_h8_s7_state64_mac16,frozen,cold,final,8,7,i1m,64,16,25000000,25000000,25000000,cohort,23000000,710,9,0,6,695,0,0,0,0
cold_frozen_i1m_h8_s7_state64_mac16,frozen,cold,final,8,7,i1m,64,16,25000000,25000000,25000000,cohort,23100000,688,6,0,9,673,0,0,0,0
cold_frozen_i1m_h8_s7_state64_mac16,frozen,cold,final,8,7,i1m,64,16,25000000,25000000,25000000,cohort,23200000,686,3,0,12,671,0,0,0,0
cold_frozen_i1m_h8_s7_state64_mac16,frozen,cold,final,8,7,i1m,64,16,25000000,25000000,25000000,cohort,23300000,720,3,0,10,707,0,0,0,0
cold_frozen_i1m_h8_s7_state64_mac16,frozen,cold,final,8,7,i1m,64,16,25000000,25000000,25000000,cohort,23400000,576,1,0,2,573,0,0,0,0
cold_frozen_i1m_h8_s7_state64_mac16,frozen,cold,final,8,7,i1m,64,16,25000000,25000000,25000000,cohort,23500000,660,5,0,5,650,0,0,0,0
cold_frozen_i1m_h8_s7_state64_mac16,frozen,cold,final,8,7,i1m,64,16,25000000,25000000,25000000,cohort,23600000,682,7,0,1,674,0,0,0,0
cold_frozen_i1m_h8_s7_state64_mac16,frozen,cold,final,8,7,i1m,64,16,25000000,25000000,25000000,cohort,23700000,632,5,0,5,622,0,0,0,0
cold_frozen_i1m_h8_s7_state64_mac16,frozen,cold,final,8,7,i1m,64,16,25000000,25000000,25000000,cohort,23800000,702,7,0,5,690,0,0,0,0
cold_frozen_i1m_h8_s7_state64_mac16,frozen,cold,final,8,7,i1m,64,16,25000000,25000000,25000000,cohort,23900000,694,4,0,9,681,0,0,0,0
cold_frozen_i1m_h8_s7_state64_mac16,frozen,cold,final,8,7,i1m,64,16,25000000,25000000,25000000,cohort,24000000,590,6,0,5,578,0,0,1,1
cold_frozen_i1m_h8_s7_state64_mac16,frozen,cold,final,8,7,i1m,64,16,25000000,25000000,25000000,cohort,24100000,592,8,0,2,581,0,0,1,1
cold_frozen_i1m_h8_s7_state64_mac16,frozen,cold,final,8,7,i1m,64,16,25000000,25000000,25000000,cohort,24200000,640,4,0,3,633,0,0,0,0
cold_frozen_i1m_h8_s7_state64_mac16,frozen,cold,final,8,7,i1m,64,16,25000000,25000000,25000000,cohort,24300000,618,6,0,0,611,0,0,1,1
cold_frozen_i1m_h8_s7_state64_mac16,frozen,cold,final,8,7,i1m,64,16,25000000,25000000,25000000,cohort,24400000,580,7,0,1,571,0,0,1,1
cold_frozen_i1m_h8_s7_state64_mac16,frozen,cold,final,8,7,i1m,64,16,25000000,25000000,25000000,cohort,24500000,666,6,0,0,657,0,0,3,3
cold_frozen_i1m_h8_s7_state64_mac16,frozen,cold,final,8,7,i1m,64,16,25000000,25000000,25000000,cohort,24600000,630,5,0,1,620,0,0,4,4
cold_frozen_i1m_h8_s7_state64_mac16,frozen,cold,final,8,7,i1m,64,16,25000000,25000000,25000000,cohort,24700000,634,4,0,0,630,0,0,0,0
cold_frozen_i1m_h8_s7_state64_mac16,frozen,cold,final,8,7,i1m,64,16,25000000,25000000,25000000,cohort,24800000,608,6,0,0,601,0,0,1,1
cold_frozen_i1m_h8_s7_state64_mac16,frozen,cold,final,8,7,i1m,64,16,25000000,25000000,25000000,cohort,24900000,622,5,0,0,615,0,0,2,2
cold_frozen_i1m_h8_s7_state64_mac4,frozen,cold,final,8,7,i1m,64,4,25000000,25000000,25000000,cohort,0,411,3,0,4,404,0,0,0,0
cold_frozen_i1m_h8_s7_state64_mac4,frozen,cold,final,8,7,i1m,64,4,25000000,25000000,25000000,cohort,100000,401,1,0,3,397,0,0,0,0
cold_frozen_i1m_h8_s7_state64_mac4,frozen,cold,final,8,7,i1m,64,4,25000000,25000000,25000000,cohort,200000,370,2,0,0,368,0,0,0,0
cold_frozen_i1m_h8_s7_state64_mac4,frozen,cold,final,8,7,i1m,64,4,25000000,25000000,25000000,cohort,300000,376,2,0,2,372,0,0,0,0
cold_frozen_i1m_h8_s7_state64_mac4,frozen,cold,final,8,7,i1m,64,4,25000000,25000000,25000000,cohort,400000,368,3,0,1,364,0,0,0,0
cold_frozen_i1m_h8_s7_state64_mac4,frozen,cold,final,8,7,i1m,64,4,25000000,25000000,25000000,cohort,500000,404,1,0,0,402,1,0,0,0
cold_frozen_i1m_h8_s7_state64_mac4,frozen,cold,final,8,7,i1m,64,4,25000000,25000000,25000000,cohort,600000,368,1,0,2,365,0,0,0,0
cold_frozen_i1m_h8_s7_state64_mac4,frozen,cold,final,8,7,i1m,64,4,25000000,25000000,25000000,cohort,700000,358,0,0,0,358,0,0,0,0
cold_frozen_i1m_h8_s7_state64_mac4,frozen,cold,final,8,7,i1m,64,4,25000000,25000000,25000000,cohort,800000,330,2,0,3,325,0,0,0,0
cold_frozen_i1m_h8_s7_state64_mac4,frozen,cold,final,8,7,i1m,64,4,25000000,25000000,25000000,cohort,900000,356,3,0,3,350,0,0,0,0
cold_frozen_i1m_h8_s7_state64_mac4,frozen,cold,final,8,7,i1m,64,4,25000000,25000000,25000000,cohort,1000000,363,1,0,1,361,0,0,0,0
cold_frozen_i1m_h8_s7_state64_mac4,frozen,cold,final,8,7,i1m,64,4,25000000,25000000,25000000,cohort,1100000,370,2,0,1,367,0,0,0,0
cold_frozen_i1m_h8_s7_state64_mac4,frozen,cold,final,8,7,i1m,64,4,25000000,25000000,25000000,cohort,1200000,383,0,0,3,380,0,0,0,0
cold_frozen_i1m_h8_s7_state64_mac4,frozen,cold,final,8,7,i1m,64,4,25000000,25000000,25000000,cohort,1300000,384,0,0,1,383,0,0,0,0
cold_frozen_i1m_h8_s7_state64_mac4,frozen,cold,final,8,7,i1m,64,4,25000000,25000000,25000000,cohort,1400000,402,2,0,3,397,0,0,0,0
cold_frozen_i1m_h8_s7_state64_mac4,frozen,cold,final,8,7,i1m,64,4,25000000,25000000,25000000,cohort,1500000,368,1,0,0,367,0,0,0,0
cold_frozen_i1m_h8_s7_state64_mac4,frozen,cold,final,8,7,i1m,64,4,25000000,25000000,25000000,cohort,1600000,364,1,0,4,359,0,0,0,0
cold_frozen_i1m_h8_s7_state64_mac4,frozen,cold,final,8,7,i1m,64,4,25000000,25000000,25000000,cohort,1700000,370,2,0,3,365,0,0,0,0
cold_frozen_i1m_h8_s7_state64_mac4,frozen,cold,final,8,7,i1m,64,4,25000000,25000000,25000000,cohort,1800000,396,4,0,5,387,0,0,0,0
cold_frozen_i1m_h8_s7_state64_mac4,frozen,cold,final,8,7,i1m,64,4,25000000,25000000,25000000,cohort,1900000,354,3,0,4,347,0,0,0,0
cold_frozen_i1m_h8_s7_state64_mac4,frozen,cold,final,8,7,i1m,64,4,25000000,25000000,25000000,cohort,2000000,381,3,0,3,375,0,0,0,0
cold_frozen_i1m_h8_s7_state64_mac4,frozen,cold,final,8,7,i1m,64,4,25000000,25000000,25000000,cohort,2100000,362,0,0,2,360,0,0,0,0
cold_frozen_i1m_h8_s7_state64_mac4,frozen,cold,final,8,7,i1m,64,4,25000000,25000000,25000000,cohort,2200000,380,2,0,2,376,0,0,0,0
cold_frozen_i1m_h8_s7_state64_mac4,frozen,cold,final,8,7,i1m,64,4,25000000,25000000,25000000,cohort,2300000,410,2,0,1,407,0,0,0,0
cold_frozen_i1m_h8_s7_state64_mac4,frozen,cold,final,8,7,i1m,64,4,25000000,25000000,25000000,cohort,2400000,368,3,0,3,362,0,0,0,0
cold_frozen_i1m_h8_s7_state64_mac4,frozen,cold,final,8,7,i1m,64,4,25000000,25000000,25000000,cohort,2500000,376,1,0,1,374,0,0,0,0
cold_frozen_i1m_h8_s7_state64_mac4,frozen,cold,final,8,7,i1m,64,4,25000000,25000000,25000000,cohort,2600000,380,4,0,5,371,0,0,0,0
cold_frozen_i1m_h8_s7_state64_mac4,frozen,cold,final,8,7,i1m,64,4,25000000,25000000,25000000,cohort,2700000,386,1,0,1,384,0,0,0,0
cold_frozen_i1m_h8_s7_state64_mac4,frozen,cold,final,8,7,i1m,64,4,25000000,25000000,25000000,cohort,2800000,330,0,0,4,326,0,0,0,0
cold_frozen_i1m_h8_s7_state64_mac4,frozen,cold,final,8,7,i1m,64,4,25000000,25000000,25000000,cohort,2900000,396,4,0,5,387,0,0,0,0
cold_frozen_i1m_h8_s7_state64_mac4,frozen,cold,final,8,7,i1m,64,4,25000000,25000000,25000000,cohort,3000000,376,1,0,2,373,0,0,0,0
cold_frozen_i1m_h8_s7_state64_mac4,frozen,cold,final,8,7,i1m,64,4,25000000,25000000,25000000,cohort,3100000,370,2,0,3,365,0,0,0,0
cold_frozen_i1m_h8_s7_state64_mac4,frozen,cold,final,8,7,i1m,64,4,25000000,25000000,25000000,cohort,3200000,397,3,0,3,391,0,0,0,0
cold_frozen_i1m_h8_s7_state64_mac4,frozen,cold,final,8,7,i1m,64,4,25000000,25000000,25000000,cohort,3300000,382,3,0,3,376,0,0,0,0
cold_frozen_i1m_h8_s7_state64_mac4,frozen,cold,final,8,7,i1m,64,4,25000000,25000000,25000000,cohort,3400000,360,3,0,0,357,0,0,0,0
cold_frozen_i1m_h8_s7_state64_mac4,frozen,cold,final,8,7,i1m,64,4,25000000,25000000,25000000,cohort,3500000,374,2,1,2,369,0,0,0,0
cold_frozen_i1m_h8_s7_state64_mac4,frozen,cold,final,8,7,i1m,64,4,25000000,25000000,25000000,cohort,3600000,388,2,0,16,370,0,0,0,0
cold_frozen_i1m_h8_s7_state64_mac4,frozen,cold,final,8,7,i1m,64,4,25000000,25000000,25000000,cohort,3700000,380,0,0,2,378,0,0,0,0
cold_frozen_i1m_h8_s7_state64_mac4,frozen,cold,final,8,7,i1m,64,4,25000000,25000000,25000000,cohort,3800000,374,2,0,3,369,0,0,0,0
cold_frozen_i1m_h8_s7_state64_mac4,frozen,cold,final,8,7,i1m,64,4,25000000,25000000,25000000,cohort,3900000,382,5,0,9,368,0,0,0,0
cold_frozen_i1m_h8_s7_state64_mac4,frozen,cold,final,8,7,i1m,64,4,25000000,25000000,25000000,cohort,4000000,340,1,0,10,329,0,0,0,0
cold_frozen_i1m_h8_s7_state64_mac4,frozen,cold,final,8,7,i1m,64,4,25000000,25000000,25000000,cohort,4100000,390,1,0,1,388,0,0,0,0
cold_frozen_i1m_h8_s7_state64_mac4,frozen,cold,final,8,7,i1m,64,4,25000000,25000000,25000000,cohort,4200000,366,4,0,2,360,0,0,0,0
cold_frozen_i1m_h8_s7_state64_mac4,frozen,cold,final,8,7,i1m,64,4,25000000,25000000,25000000,cohort,4300000,354,3,0,3,348,0,0,0,0
cold_frozen_i1m_h8_s7_state64_mac4,frozen,cold,final,8,7,i1m,64,4,25000000,25000000,25000000,cohort,4400000,382,3,0,1,378,0,0,0,0
cold_frozen_i1m_h8_s7_state64_mac4,frozen,cold,final,8,7,i1m,64,4,25000000,25000000,25000000,cohort,4500000,392,3,0,6,383,0,0,0,0
cold_frozen_i1m_h8_s7_state64_mac4,frozen,cold,final,8,7,i1m,64,4,25000000,25000000,25000000,cohort,4600000,354,0,0,5,349,0,0,0,0
cold_frozen_i1m_h8_s7_state64_mac4,frozen,cold,final,8,7,i1m,64,4,25000000,25000000,25000000,cohort,4700000,358,1,0,1,356,0,0,0,0
cold_frozen_i1m_h8_s7_state64_mac4,frozen,cold,final,8,7,i1m,64,4,25000000,25000000,25000000,cohort,4800000,350,3,0,3,344,0,0,0,0
cold_frozen_i1m_h8_s7_state64_mac4,frozen,cold,final,8,7,i1m,64,4,25000000,25000000,25000000,cohort,4900000,386,3,0,6,377,0,0,0,0
cold_frozen_i1m_h8_s7_state64_mac4,frozen,cold,final,8,7,i1m,64,4,25000000,25000000,25000000,cohort,5000000,372,1,0,5,366,0,0,0,0
cold_frozen_i1m_h8_s7_state64_mac4,frozen,cold,final,8,7,i1m,64,4,25000000,25000000,25000000,cohort,5100000,372,3,0,8,361,0,0,0,0
cold_frozen_i1m_h8_s7_state64_mac4,frozen,cold,final,8,7,i1m,64,4,25000000,25000000,25000000,cohort,5200000,386,3,0,7,376,0,0,0,0
cold_frozen_i1m_h8_s7_state64_mac4,frozen,cold,final,8,7,i1m,64,4,25000000,25000000,25000000,cohort,5300000,380,1,0,7,372,0,0,0,0
cold_frozen_i1m_h8_s7_state64_mac4,frozen,cold,final,8,7,i1m,64,4,25000000,25000000,25000000,cohort,5400000,404,3,0,10,391,0,0,0,0
cold_frozen_i1m_h8_s7_state64_mac4,frozen,cold,final,8,7,i1m,64,4,25000000,25000000,25000000,cohort,5500000,404,2,0,3,399,0,0,0,0
cold_frozen_i1m_h8_s7_state64_mac4,frozen,cold,final,8,7,i1m,64,4,25000000,25000000,25000000,cohort,5600000,368,3,0,7,358,0,0,0,0
cold_frozen_i1m_h8_s7_state64_mac4,frozen,cold,final,8,7,i1m,64,4,25000000,25000000,25000000,cohort,5700000,346,0,0,10,336,0,0,0,0
cold_frozen_i1m_h8_s7_state64_mac4,frozen,cold,final,8,7,i1m,64,4,25000000,25000000,25000000,cohort,5800000,368,2,0,8,358,0,0,0,0
cold_frozen_i1m_h8_s7_state64_mac4,frozen,cold,final,8,7,i1m,64,4,25000000,25000000,25000000,cohort,5900000,360,2,0,6,352,0,0,0,0
cold_frozen_i1m_h8_s7_state64_mac4,frozen,cold,final,8,7,i1m,64,4,25000000,25000000,25000000,cohort,6000000,362,1,0,3,358,0,0,0,0
cold_frozen_i1m_h8_s7_state64_mac4,frozen,cold,final,8,7,i1m,64,4,25000000,25000000,25000000,cohort,6100000,364,2,0,4,358,0,0,0,0
cold_frozen_i1m_h8_s7_state64_mac4,frozen,cold,final,8,7,i1m,64,4,25000000,25000000,25000000,cohort,6200000,368,3,0,4,361,0,0,0,0
cold_frozen_i1m_h8_s7_state64_mac4,frozen,cold,final,8,7,i1m,64,4,25000000,25000000,25000000,cohort,6300000,394,4,0,4,386,0,0,0,0
cold_frozen_i1m_h8_s7_state64_mac4,frozen,cold,final,8,7,i1m,64,4,25000000,25000000,25000000,cohort,6400000,340,2,0,7,331,0,0,0,0
cold_frozen_i1m_h8_s7_state64_mac4,frozen,cold,final,8,7,i1m,64,4,25000000,25000000,25000000,cohort,6500000,374,1,0,7,366,0,0,0,0
cold_frozen_i1m_h8_s7_state64_mac4,frozen,cold,final,8,7,i1m,64,4,25000000,25000000,25000000,cohort,6600000,378,3,1,6,368,0,0,0,0
cold_frozen_i1m_h8_s7_state64_mac4,frozen,cold,final,8,7,i1m,64,4,25000000,25000000,25000000,cohort,6700000,322,3,0,2,317,0,0,0,0
cold_frozen_i1m_h8_s7_state64_mac4,frozen,cold,final,8,7,i1m,64,4,25000000,25000000,25000000,cohort,6800000,324,1,0,4,319,0,0,0,0
cold_frozen_i1m_h8_s7_state64_mac4,frozen,cold,final,8,7,i1m,64,4,25000000,25000000,25000000,cohort,6900000,344,2,0,4,338,0,0,0,0
cold_frozen_i1m_h8_s7_state64_mac4,frozen,cold,final,8,7,i1m,64,4,25000000,25000000,25000000,cohort,7000000,372,2,0,0,370,0,0,0,0
cold_frozen_i1m_h8_s7_state64_mac4,frozen,cold,final,8,7,i1m,64,4,25000000,25000000,25000000,cohort,7100000,378,4,0,5,369,0,0,0,0
cold_frozen_i1m_h8_s7_state64_mac4,frozen,cold,final,8,7,i1m,64,4,25000000,25000000,25000000,cohort,7200000,380,4,0,5,371,0,0,0,0
cold_frozen_i1m_h8_s7_state64_mac4,frozen,cold,final,8,7,i1m,64,4,25000000,25000000,25000000,cohort,7300000,396,4,0,5,387,0,0,0,0
cold_frozen_i1m_h8_s7_state64_mac4,frozen,cold,final,8,7,i1m,64,4,25000000,25000000,25000000,cohort,7400000,354,1,0,4,349,0,0,0,0
cold_frozen_i1m_h8_s7_state64_mac4,frozen,cold,final,8,7,i1m,64,4,25000000,25000000,25000000,cohort,7500000,372,2,0,5,365,0,0,0,0
cold_frozen_i1m_h8_s7_state64_mac4,frozen,cold,final,8,7,i1m,64,4,25000000,25000000,25000000,cohort,7600000,368,0,0,2,366,0,0,0,0
cold_frozen_i1m_h8_s7_state64_mac4,frozen,cold,final,8,7,i1m,64,4,25000000,25000000,25000000,cohort,7700000,380,1,0,2,377,0,0,0,0
cold_frozen_i1m_h8_s7_state64_mac4,frozen,cold,final,8,7,i1m,64,4,25000000,25000000,25000000,cohort,7800000,346,4,0,4,338,0,0,0,0
cold_frozen_i1m_h8_s7_state64_mac4,frozen,cold,final,8,7,i1m,64,4,25000000,25000000,25000000,cohort,7900000,366,1,0,0,365,0,0,0,0
cold_frozen_i1m_h8_s7_state64_mac4,frozen,cold,final,8,7,i1m,64,4,25000000,25000000,25000000,cohort,8000000,370,0,0,5,365,0,0,0,0
cold_frozen_i1m_h8_s7_state64_mac4,frozen,cold,final,8,7,i1m,64,4,25000000,25000000,25000000,cohort,8100000,390,7,0,11,372,0,0,0,0
cold_frozen_i1m_h8_s7_state64_mac4,frozen,cold,final,8,7,i1m,64,4,25000000,25000000,25000000,cohort,8200000,374,3,0,3,368,0,0,0,0
cold_frozen_i1m_h8_s7_state64_mac4,frozen,cold,final,8,7,i1m,64,4,25000000,25000000,25000000,cohort,8300000,418,0,0,2,416,0,0,0,0
cold_frozen_i1m_h8_s7_state64_mac4,frozen,cold,final,8,7,i1m,64,4,25000000,25000000,25000000,cohort,8400000,380,1,0,1,378,0,0,0,0
cold_frozen_i1m_h8_s7_state64_mac4,frozen,cold,final,8,7,i1m,64,4,25000000,25000000,25000000,cohort,8500000,354,3,0,8,343,0,0,0,0
cold_frozen_i1m_h8_s7_state64_mac4,frozen,cold,final,8,7,i1m,64,4,25000000,25000000,25000000,cohort,8600000,324,1,0,2,321,0,0,0,0
cold_frozen_i1m_h8_s7_state64_mac4,frozen,cold,final,8,7,i1m,64,4,25000000,25000000,25000000,cohort,8700000,354,4,0,2,348,0,0,0,0
cold_frozen_i1m_h8_s7_state64_mac4,frozen,cold,final,8,7,i1m,64,4,25000000,25000000,25000000,cohort,8800000,356,3,0,2,351,0,0,0,0
cold_frozen_i1m_h8_s7_state64_mac4,frozen,cold,final,8,7,i1m,64,4,25000000,25000000,25000000,cohort,8900000,364,3,0,1,360,0,0,0,0
cold_frozen_i1m_h8_s7_state64_mac4,frozen,cold,final,8,7,i1m,64,4,25000000,25000000,25000000,cohort,9000000,364,3,0,3,358,0,0,0,0
cold_frozen_i1m_h8_s7_state64_mac4,frozen,cold,final,8,7,i1m,64,4,25000000,25000000,25000000,cohort,9100000,336,5,0,6,325,0,0,0,0
cold_frozen_i1m_h8_s7_state64_mac4,frozen,cold,final,8,7,i1m,64,4,25000000,25000000,25000000,cohort,9200000,378,1,0,6,371,0,0,0,0
cold_frozen_i1m_h8_s7_state64_mac4,frozen,cold,final,8,7,i1m,64,4,25000000,25000000,25000000,cohort,9300000,398,2,0,4,392,0,0,0,0
cold_frozen_i1m_h8_s7_state64_mac4,frozen,cold,final,8,7,i1m,64,4,25000000,25000000,25000000,cohort,9400000,390,2,0,3,385,0,0,0,0
cold_frozen_i1m_h8_s7_state64_mac4,frozen,cold,final,8,7,i1m,64,4,25000000,25000000,25000000,cohort,9500000,340,0,0,3,337,0,0,0,0
cold_frozen_i1m_h8_s7_state64_mac4,frozen,cold,final,8,7,i1m,64,4,25000000,25000000,25000000,cohort,9600000,392,0,0,2,390,0,0,0,0
cold_frozen_i1m_h8_s7_state64_mac4,frozen,cold,final,8,7,i1m,64,4,25000000,25000000,25000000,cohort,9700000,424,1,0,7,416,0,0,0,0
cold_frozen_i1m_h8_s7_state64_mac4,frozen,cold,final,8,7,i1m,64,4,25000000,25000000,25000000,cohort,9800000,370,1,0,2,367,0,0,0,0
cold_frozen_i1m_h8_s7_state64_mac4,frozen,cold,final,8,7,i1m,64,4,25000000,25000000,25000000,cohort,9900000,346,3,0,5,338,0,0,0,0
cold_frozen_i1m_h8_s7_state64_mac4,frozen,cold,final,8,7,i1m,64,4,25000000,25000000,25000000,cohort,10000000,354,1,0,3,350,0,0,0,0
cold_frozen_i1m_h8_s7_state64_mac4,frozen,cold,final,8,7,i1m,64,4,25000000,25000000,25000000,cohort,10100000,342,2,0,4,336,0,0,0,0
cold_frozen_i1m_h8_s7_state64_mac4,frozen,cold,final,8,7,i1m,64,4,25000000,25000000,25000000,cohort,10200000,388,2,0,0,386,0,0,0,0
cold_frozen_i1m_h8_s7_state64_mac4,frozen,cold,final,8,7,i1m,64,4,25000000,25000000,25000000,cohort,10300000,362,1,0,2,359,0,0,0,0
cold_frozen_i1m_h8_s7_state64_mac4,frozen,cold,final,8,7,i1m,64,4,25000000,25000000,25000000,cohort,10400000,320,1,0,2,317,0,0,0,0
cold_frozen_i1m_h8_s7_state64_mac4,frozen,cold,final,8,7,i1m,64,4,25000000,25000000,25000000,cohort,10500000,348,3,0,2,343,0,0,0,0
cold_frozen_i1m_h8_s7_state64_mac4,frozen,cold,final,8,7,i1m,64,4,25000000,25000000,25000000,cohort,10600000,358,1,0,4,353,0,0,0,0
cold_frozen_i1m_h8_s7_state64_mac4,frozen,cold,final,8,7,i1m,64,4,25000000,25000000,25000000,cohort,10700000,352,2,0,3,347,0,0,0,0
cold_frozen_i1m_h8_s7_state64_mac4,frozen,cold,final,8,7,i1m,64,4,25000000,25000000,25000000,cohort,10800000,382,1,0,2,379,0,0,0,0
cold_frozen_i1m_h8_s7_state64_mac4,frozen,cold,final,8,7,i1m,64,4,25000000,25000000,25000000,cohort,10900000,368,2,0,3,363,0,0,0,0
cold_frozen_i1m_h8_s7_state64_mac4,frozen,cold,final,8,7,i1m,64,4,25000000,25000000,25000000,cohort,11000000,336,2,0,4,330,0,0,0,0
cold_frozen_i1m_h8_s7_state64_mac4,frozen,cold,final,8,7,i1m,64,4,25000000,25000000,25000000,cohort,11100000,362,1,0,1,360,0,0,0,0
cold_frozen_i1m_h8_s7_state64_mac4,frozen,cold,final,8,7,i1m,64,4,25000000,25000000,25000000,cohort,11200000,382,0,0,3,379,0,0,0,0
cold_frozen_i1m_h8_s7_state64_mac4,frozen,cold,final,8,7,i1m,64,4,25000000,25000000,25000000,cohort,11300000,368,3,1,7,357,0,0,0,0
cold_frozen_i1m_h8_s7_state64_mac4,frozen,cold,final,8,7,i1m,64,4,25000000,25000000,25000000,cohort,11400000,374,4,0,7,363,0,0,0,0
cold_frozen_i1m_h8_s7_state64_mac4,frozen,cold,final,8,7,i1m,64,4,25000000,25000000,25000000,cohort,11500000,344,0,0,14,330,0,0,0,0
cold_frozen_i1m_h8_s7_state64_mac4,frozen,cold,final,8,7,i1m,64,4,25000000,25000000,25000000,cohort,11600000,344,3,0,5,336,0,0,0,0
cold_frozen_i1m_h8_s7_state64_mac4,frozen,cold,final,8,7,i1m,64,4,25000000,25000000,25000000,cohort,11700000,400,1,0,3,396,0,0,0,0
cold_frozen_i1m_h8_s7_state64_mac4,frozen,cold,final,8,7,i1m,64,4,25000000,25000000,25000000,cohort,11800000,360,1,0,15,344,0,0,0,0
cold_frozen_i1m_h8_s7_state64_mac4,frozen,cold,final,8,7,i1m,64,4,25000000,25000000,25000000,cohort,11900000,364,3,0,10,351,0,0,0,0
cold_frozen_i1m_h8_s7_state64_mac4,frozen,cold,final,8,7,i1m,64,4,25000000,25000000,25000000,cohort,12000000,342,2,0,9,331,0,0,0,0
cold_frozen_i1m_h8_s7_state64_mac4,frozen,cold,final,8,7,i1m,64,4,25000000,25000000,25000000,cohort,12100000,362,1,0,9,352,0,0,0,0
cold_frozen_i1m_h8_s7_state64_mac4,frozen,cold,final,8,7,i1m,64,4,25000000,25000000,25000000,cohort,12200000,368,4,0,4,360,0,0,0,0
cold_frozen_i1m_h8_s7_state64_mac4,frozen,cold,final,8,7,i1m,64,4,25000000,25000000,25000000,cohort,12300000,354,2,0,1,351,0,0,0,0
cold_frozen_i1m_h8_s7_state64_mac4,frozen,cold,final,8,7,i1m,64,4,25000000,25000000,25000000,cohort,12400000,374,0,0,3,371,0,0,0,0
cold_frozen_i1m_h8_s7_state64_mac4,frozen,cold,final,8,7,i1m,64,4,25000000,25000000,25000000,cohort,12500000,394,2,0,2,390,0,0,0,0
cold_frozen_i1m_h8_s7_state64_mac4,frozen,cold,final,8,7,i1m,64,4,25000000,25000000,25000000,cohort,12600000,392,0,0,23,369,0,0,0,0
cold_frozen_i1m_h8_s7_state64_mac4,frozen,cold,final,8,7,i1m,64,4,25000000,25000000,25000000,cohort,12700000,404,1,0,25,378,0,0,0,0
cold_frozen_i1m_h8_s7_state64_mac4,frozen,cold,final,8,7,i1m,64,4,25000000,25000000,25000000,cohort,12800000,354,4,0,10,340,0,0,0,0
cold_frozen_i1m_h8_s7_state64_mac4,frozen,cold,final,8,7,i1m,64,4,25000000,25000000,25000000,cohort,12900000,404,2,0,2,400,0,0,0,0
cold_frozen_i1m_h8_s7_state64_mac4,frozen,cold,final,8,7,i1m,64,4,25000000,25000000,25000000,cohort,13000000,358,1,0,3,354,0,0,0,0
cold_frozen_i1m_h8_s7_state64_mac4,frozen,cold,final,8,7,i1m,64,4,25000000,25000000,25000000,cohort,13100000,372,2,0,1,369,0,0,0,0
cold_frozen_i1m_h8_s7_state64_mac4,frozen,cold,final,8,7,i1m,64,4,25000000,25000000,25000000,cohort,13200000,396,2,0,19,375,0,0,0,0
cold_frozen_i1m_h8_s7_state64_mac4,frozen,cold,final,8,7,i1m,64,4,25000000,25000000,25000000,cohort,13300000,386,2,0,3,381,0,0,0,0
cold_frozen_i1m_h8_s7_state64_mac4,frozen,cold,final,8,7,i1m,64,4,25000000,25000000,25000000,cohort,13400000,550,3,0,50,497,0,0,0,0
cold_frozen_i1m_h8_s7_state64_mac4,frozen,cold,final,8,7,i1m,64,4,25000000,25000000,25000000,cohort,13500000,346,1,0,8,337,0,0,0,0
cold_frozen_i1m_h8_s7_state64_mac4,frozen,cold,final,8,7,i1m,64,4,25000000,25000000,25000000,cohort,13600000,340,0,0,5,335,0,0,0,0
cold_frozen_i1m_h8_s7_state64_mac4,frozen,cold,final,8,7,i1m,64,4,25000000,25000000,25000000,cohort,13700000,404,4,0,12,388,0,0,0,0
cold_frozen_i1m_h8_s7_state64_mac4,frozen,cold,final,8,7,i1m,64,4,25000000,25000000,25000000,cohort,13800000,326,2,0,1,323,0,0,0,0
cold_frozen_i1m_h8_s7_state64_mac4,frozen,cold,final,8,7,i1m,64,4,25000000,25000000,25000000,cohort,13900000,392,3,0,10,379,0,0,0,0
cold_frozen_i1m_h8_s7_state64_mac4,frozen,cold,final,8,7,i1m,64,4,25000000,25000000,25000000,cohort,14000000,366,1,0,3,362,0,0,0,0
cold_frozen_i1m_h8_s7_state64_mac4,frozen,cold,final,8,7,i1m,64,4,25000000,25000000,25000000,cohort,14100000,354,0,0,10,344,0,0,0,0
cold_frozen_i1m_h8_s7_state64_mac4,frozen,cold,final,8,7,i1m,64,4,25000000,25000000,25000000,cohort,14200000,402,2,0,2,398,0,0,0,0
cold_frozen_i1m_h8_s7_state64_mac4,frozen,cold,final,8,7,i1m,64,4,25000000,25000000,25000000,cohort,14300000,370,2,0,2,366,0,0,0,0
cold_frozen_i1m_h8_s7_state64_mac4,frozen,cold,final,8,7,i1m,64,4,25000000,25000000,25000000,cohort,14400000,376,2,0,6,368,0,0,0,0
cold_frozen_i1m_h8_s7_state64_mac4,frozen,cold,final,8,7,i1m,64,4,25000000,25000000,25000000,cohort,14500000,354,3,0,3,348,0,0,0,0
cold_frozen_i1m_h8_s7_state64_mac4,frozen,cold,final,8,7,i1m,64,4,25000000,25000000,25000000,cohort,14600000,364,4,0,2,358,0,0,0,0
cold_frozen_i1m_h8_s7_state64_mac4,frozen,cold,final,8,7,i1m,64,4,25000000,25000000,25000000,cohort,14700000,388,2,0,3,383,0,0,0,0
cold_frozen_i1m_h8_s7_state64_mac4,frozen,cold,final,8,7,i1m,64,4,25000000,25000000,25000000,cohort,14800000,376,5,0,3,368,0,0,0,0
cold_frozen_i1m_h8_s7_state64_mac4,frozen,cold,final,8,7,i1m,64,4,25000000,25000000,25000000,cohort,14900000,360,4,0,7,349,0,0,0,0
cold_frozen_i1m_h8_s7_state64_mac4,frozen,cold,final,8,7,i1m,64,4,25000000,25000000,25000000,cohort,15000000,350,3,0,4,343,0,0,0,0
cold_frozen_i1m_h8_s7_state64_mac4,frozen,cold,final,8,7,i1m,64,4,25000000,25000000,25000000,cohort,15100000,404,4,0,9,391,0,0,0,0
cold_frozen_i1m_h8_s7_state64_mac4,frozen,cold,final,8,7,i1m,64,4,25000000,25000000,25000000,cohort,15200000,344,0,0,1,343,0,0,0,0
cold_frozen_i1m_h8_s7_state64_mac4,frozen,cold,final,8,7,i1m,64,4,25000000,25000000,25000000,cohort,15300000,380,7,0,2,371,0,0,0,0
cold_frozen_i1m_h8_s7_state64_mac4,frozen,cold,final,8,7,i1m,64,4,25000000,25000000,25000000,cohort,15400000,344,5,0,4,335,0,0,0,0
cold_frozen_i1m_h8_s7_state64_mac4,frozen,cold,final,8,7,i1m,64,4,25000000,25000000,25000000,cohort,15500000,386,3,0,4,379,0,0,0,0
cold_frozen_i1m_h8_s7_state64_mac4,frozen,cold,final,8,7,i1m,64,4,25000000,25000000,25000000,cohort,15600000,350,1,0,3,346,0,0,0,0
cold_frozen_i1m_h8_s7_state64_mac4,frozen,cold,final,8,7,i1m,64,4,25000000,25000000,25000000,cohort,15700000,368,2,0,1,365,0,0,0,0
cold_frozen_i1m_h8_s7_state64_mac4,frozen,cold,final,8,7,i1m,64,4,25000000,25000000,25000000,cohort,15800000,342,3,0,4,335,0,0,0,0
cold_frozen_i1m_h8_s7_state64_mac4,frozen,cold,final,8,7,i1m,64,4,25000000,25000000,25000000,cohort,15900000,354,0,0,2,352,0,0,0,0
cold_frozen_i1m_h8_s7_state64_mac4,frozen,cold,final,8,7,i1m,64,4,25000000,25000000,25000000,cohort,16000000,360,2,0,2,356,0,0,0,0
cold_frozen_i1m_h8_s7_state64_mac4,frozen,cold,final,8,7,i1m,64,4,25000000,25000000,25000000,cohort,16100000,366,3,0,2,361,0,0,0,0
cold_frozen_i1m_h8_s7_state64_mac4,frozen,cold,final,8,7,i1m,64,4,25000000,25000000,25000000,cohort,16200000,384,2,0,3,379,0,0,0,0
cold_frozen_i1m_h8_s7_state64_mac4,frozen,cold,final,8,7,i1m,64,4,25000000,25000000,25000000,cohort,16300000,394,2,0,2,390,0,0,0,0
cold_frozen_i1m_h8_s7_state64_mac4,frozen,cold,final,8,7,i1m,64,4,25000000,25000000,25000000,cohort,16400000,364,1,0,8,355,0,0,0,0
cold_frozen_i1m_h8_s7_state64_mac4,frozen,cold,final,8,7,i1m,64,4,25000000,25000000,25000000,cohort,16500000,352,3,0,4,345,0,0,0,0
cold_frozen_i1m_h8_s7_state64_mac4,frozen,cold,final,8,7,i1m,64,4,25000000,25000000,25000000,cohort,16600000,384,3,0,4,377,0,0,0,0
cold_frozen_i1m_h8_s7_state64_mac4,frozen,cold,final,8,7,i1m,64,4,25000000,25000000,25000000,cohort,16700000,356,3,0,1,352,0,0,0,0
cold_frozen_i1m_h8_s7_state64_mac4,frozen,cold,final,8,7,i1m,64,4,25000000,25000000,25000000,cohort,16800000,350,3,0,4,343,0,0,0,0
cold_frozen_i1m_h8_s7_state64_mac4,frozen,cold,final,8,7,i1m,64,4,25000000,25000000,25000000,cohort,16900000,336,1,0,3,332,0,0,0,0
cold_frozen_i1m_h8_s7_state64_mac4,frozen,cold,final,8,7,i1m,64,4,25000000,25000000,25000000,cohort,17000000,288,2,0,6,280,0,0,0,0
cold_frozen_i1m_h8_s7_state64_mac4,frozen,cold,final,8,7,i1m,64,4,25000000,25000000,25000000,cohort,17100000,352,1,0,2,348,1,0,0,0
cold_frozen_i1m_h8_s7_state64_mac4,frozen,cold,final,8,7,i1m,64,4,25000000,25000000,25000000,cohort,17200000,358,1,0,4,353,0,0,0,0
cold_frozen_i1m_h8_s7_state64_mac4,frozen,cold,final,8,7,i1m,64,4,25000000,25000000,25000000,cohort,17300000,378,2,0,3,373,0,0,0,0
cold_frozen_i1m_h8_s7_state64_mac4,frozen,cold,final,8,7,i1m,64,4,25000000,25000000,25000000,cohort,17400000,378,1,0,5,372,0,0,0,0
cold_frozen_i1m_h8_s7_state64_mac4,frozen,cold,final,8,7,i1m,64,4,25000000,25000000,25000000,cohort,17500000,382,1,0,6,375,0,0,0,0
cold_frozen_i1m_h8_s7_state64_mac4,frozen,cold,final,8,7,i1m,64,4,25000000,25000000,25000000,cohort,17600000,366,2,0,2,362,0,0,0,0
cold_frozen_i1m_h8_s7_state64_mac4,frozen,cold,final,8,7,i1m,64,4,25000000,25000000,25000000,cohort,17700000,368,1,0,2,365,0,0,0,0
cold_frozen_i1m_h8_s7_state64_mac4,frozen,cold,final,8,7,i1m,64,4,25000000,25000000,25000000,cohort,17800000,376,1,0,2,373,0,0,0,0
cold_frozen_i1m_h8_s7_state64_mac4,frozen,cold,final,8,7,i1m,64,4,25000000,25000000,25000000,cohort,17900000,374,2,0,3,369,0,0,0,0
cold_frozen_i1m_h8_s7_state64_mac4,frozen,cold,final,8,7,i1m,64,4,25000000,25000000,25000000,cohort,18000000,366,4,0,1,361,0,0,0,0
cold_frozen_i1m_h8_s7_state64_mac4,frozen,cold,final,8,7,i1m,64,4,25000000,25000000,25000000,cohort,18100000,388,3,1,2,382,0,0,0,0
cold_frozen_i1m_h8_s7_state64_mac4,frozen,cold,final,8,7,i1m,64,4,25000000,25000000,25000000,cohort,18200000,320,1,0,5,314,0,0,0,0
cold_frozen_i1m_h8_s7_state64_mac4,frozen,cold,final,8,7,i1m,64,4,25000000,25000000,25000000,cohort,18300000,388,2,0,2,384,0,0,0,0
cold_frozen_i1m_h8_s7_state64_mac4,frozen,cold,final,8,7,i1m,64,4,25000000,25000000,25000000,cohort,18400000,342,4,0,3,335,0,0,0,0
cold_frozen_i1m_h8_s7_state64_mac4,frozen,cold,final,8,7,i1m,64,4,25000000,25000000,25000000,cohort,18500000,340,2,0,4,334,0,0,0,0
cold_frozen_i1m_h8_s7_state64_mac4,frozen,cold,final,8,7,i1m,64,4,25000000,25000000,25000000,cohort,18600000,378,2,0,8,368,0,0,0,0
cold_frozen_i1m_h8_s7_state64_mac4,frozen,cold,final,8,7,i1m,64,4,25000000,25000000,25000000,cohort,18700000,334,4,0,3,327,0,0,0,0
cold_frozen_i1m_h8_s7_state64_mac4,frozen,cold,final,8,7,i1m,64,4,25000000,25000000,25000000,cohort,18800000,360,3,1,5,351,0,0,0,0
cold_frozen_i1m_h8_s7_state64_mac4,frozen,cold,final,8,7,i1m,64,4,25000000,25000000,25000000,cohort,18900000,354,1,0,2,350,1,0,0,0
cold_frozen_i1m_h8_s7_state64_mac4,frozen,cold,final,8,7,i1m,64,4,25000000,25000000,25000000,cohort,19000000,370,1,0,1,368,0,0,0,0
cold_frozen_i1m_h8_s7_state64_mac4,frozen,cold,final,8,7,i1m,64,4,25000000,25000000,25000000,cohort,19100000,336,2,0,1,333,0,0,0,0
cold_frozen_i1m_h8_s7_state64_mac4,frozen,cold,final,8,7,i1m,64,4,25000000,25000000,25000000,cohort,19200000,372,0,0,2,370,0,0,0,0
cold_frozen_i1m_h8_s7_state64_mac4,frozen,cold,final,8,7,i1m,64,4,25000000,25000000,25000000,cohort,19300000,356,2,0,6,348,0,0,0,0
cold_frozen_i1m_h8_s7_state64_mac4,frozen,cold,final,8,7,i1m,64,4,25000000,25000000,25000000,cohort,19400000,358,3,0,2,353,0,0,0,0
cold_frozen_i1m_h8_s7_state64_mac4,frozen,cold,final,8,7,i1m,64,4,25000000,25000000,25000000,cohort,19500000,416,6,0,8,402,0,0,0,0
cold_frozen_i1m_h8_s7_state64_mac4,frozen,cold,final,8,7,i1m,64,4,25000000,25000000,25000000,cohort,19600000,386,0,0,3,383,0,0,0,0
cold_frozen_i1m_h8_s7_state64_mac4,frozen,cold,final,8,7,i1m,64,4,25000000,25000000,25000000,cohort,19700000,392,2,0,4,386,0,0,0,0
cold_frozen_i1m_h8_s7_state64_mac4,frozen,cold,final,8,7,i1m,64,4,25000000,25000000,25000000,cohort,19800000,392,4,0,4,384,0,0,0,0
cold_frozen_i1m_h8_s7_state64_mac4,frozen,cold,final,8,7,i1m,64,4,25000000,25000000,25000000,cohort,19900000,380,1,0,4,375,0,0,0,0
cold_frozen_i1m_h8_s7_state64_mac4,frozen,cold,final,8,7,i1m,64,4,25000000,25000000,25000000,cohort,20000000,356,1,0,2,353,0,0,0,0
cold_frozen_i1m_h8_s7_state64_mac4,frozen,cold,final,8,7,i1m,64,4,25000000,25000000,25000000,cohort,20100000,311,2,0,4,305,0,0,0,0
cold_frozen_i1m_h8_s7_state64_mac4,frozen,cold,final,8,7,i1m,64,4,25000000,25000000,25000000,cohort,20200000,360,6,0,2,352,0,0,0,0
cold_frozen_i1m_h8_s7_state64_mac4,frozen,cold,final,8,7,i1m,64,4,25000000,25000000,25000000,cohort,20300000,358,1,0,2,355,0,0,0,0
cold_frozen_i1m_h8_s7_state64_mac4,frozen,cold,final,8,7,i1m,64,4,25000000,25000000,25000000,cohort,20400000,360,3,0,2,355,0,0,0,0
cold_frozen_i1m_h8_s7_state64_mac4,frozen,cold,final,8,7,i1m,64,4,25000000,25000000,25000000,cohort,20500000,390,0,1,4,385,0,0,0,0
cold_frozen_i1m_h8_s7_state64_mac4,frozen,cold,final,8,7,i1m,64,4,25000000,25000000,25000000,cohort,20600000,328,1,0,2,325,0,0,0,0
cold_frozen_i1m_h8_s7_state64_mac4,frozen,cold,final,8,7,i1m,64,4,25000000,25000000,25000000,cohort,20700000,346,3,0,7,336,0,0,0,0
cold_frozen_i1m_h8_s7_state64_mac4,frozen,cold,final,8,7,i1m,64,4,25000000,25000000,25000000,cohort,20800000,354,0,0,6,348,0,0,0,0
cold_frozen_i1m_h8_s7_state64_mac4,frozen,cold,final,8,7,i1m,64,4,25000000,25000000,25000000,cohort,20900000,366,3,0,6,357,0,0,0,0
cold_frozen_i1m_h8_s7_state64_mac4,frozen,cold,final,8,7,i1m,64,4,25000000,25000000,25000000,cohort,21000000,318,4,0,1,313,0,0,0,0
cold_frozen_i1m_h8_s7_state64_mac4,frozen,cold,final,8,7,i1m,64,4,25000000,25000000,25000000,cohort,21100000,346,4,0,2,340,0,0,0,0
cold_frozen_i1m_h8_s7_state64_mac4,frozen,cold,final,8,7,i1m,64,4,25000000,25000000,25000000,cohort,21200000,352,3,0,2,347,0,0,0,0
cold_frozen_i1m_h8_s7_state64_mac4,frozen,cold,final,8,7,i1m,64,4,25000000,25000000,25000000,cohort,21300000,352,1,0,5,346,0,0,0,0
cold_frozen_i1m_h8_s7_state64_mac4,frozen,cold,final,8,7,i1m,64,4,25000000,25000000,25000000,cohort,21400000,356,0,0,8,347,0,0,1,1
cold_frozen_i1m_h8_s7_state64_mac4,frozen,cold,final,8,7,i1m,64,4,25000000,25000000,25000000,cohort,21500000,398,2,0,2,394,0,0,0,0
cold_frozen_i1m_h8_s7_state64_mac4,frozen,cold,final,8,7,i1m,64,4,25000000,25000000,25000000,cohort,21600000,388,5,0,3,380,0,0,0,0
cold_frozen_i1m_h8_s7_state64_mac4,frozen,cold,final,8,7,i1m,64,4,25000000,25000000,25000000,cohort,21700000,390,5,0,3,382,0,0,0,0
cold_frozen_i1m_h8_s7_state64_mac4,frozen,cold,final,8,7,i1m,64,4,25000000,25000000,25000000,cohort,21800000,362,1,0,2,359,0,0,0,0
cold_frozen_i1m_h8_s7_state64_mac4,frozen,cold,final,8,7,i1m,64,4,25000000,25000000,25000000,cohort,21900000,372,5,0,5,362,0,0,0,0
cold_frozen_i1m_h8_s7_state64_mac4,frozen,cold,final,8,7,i1m,64,4,25000000,25000000,25000000,cohort,22000000,370,2,0,4,364,0,0,0,0
cold_frozen_i1m_h8_s7_state64_mac4,frozen,cold,final,8,7,i1m,64,4,25000000,25000000,25000000,cohort,22100000,388,1,0,6,381,0,0,0,0
cold_frozen_i1m_h8_s7_state64_mac4,frozen,cold,final,8,7,i1m,64,4,25000000,25000000,25000000,cohort,22200000,396,4,0,1,391,0,0,0,0
cold_frozen_i1m_h8_s7_state64_mac4,frozen,cold,final,8,7,i1m,64,4,25000000,25000000,25000000,cohort,22300000,378,2,0,6,369,1,0,0,0
cold_frozen_i1m_h8_s7_state64_mac4,frozen,cold,final,8,7,i1m,64,4,25000000,25000000,25000000,cohort,22400000,350,2,0,2,346,0,0,0,0
cold_frozen_i1m_h8_s7_state64_mac4,frozen,cold,final,8,7,i1m,64,4,25000000,25000000,25000000,cohort,22500000,376,1,0,8,367,0,0,0,0
cold_frozen_i1m_h8_s7_state64_mac4,frozen,cold,final,8,7,i1m,64,4,25000000,25000000,25000000,cohort,22600000,344,3,0,9,332,0,0,0,0
cold_frozen_i1m_h8_s7_state64_mac4,frozen,cold,final,8,7,i1m,64,4,25000000,25000000,25000000,cohort,22700000,340,1,0,2,337,0,0,0,0
cold_frozen_i1m_h8_s7_state64_mac4,frozen,cold,final,8,7,i1m,64,4,25000000,25000000,25000000,cohort,22800000,404,2,0,6,396,0,0,0,0
cold_frozen_i1m_h8_s7_state64_mac4,frozen,cold,final,8,7,i1m,64,4,25000000,25000000,25000000,cohort,22900000,398,2,0,3,393,0,0,0,0
cold_frozen_i1m_h8_s7_state64_mac4,frozen,cold,final,8,7,i1m,64,4,25000000,25000000,25000000,cohort,23000000,384,1,0,9,374,0,0,0,0
cold_frozen_i1m_h8_s7_state64_mac4,frozen,cold,final,8,7,i1m,64,4,25000000,25000000,25000000,cohort,23100000,380,1,0,8,371,0,0,0,0
cold_frozen_i1m_h8_s7_state64_mac4,frozen,cold,final,8,7,i1m,64,4,25000000,25000000,25000000,cohort,23200000,374,1,0,7,366,0,0,0,0
cold_frozen_i1m_h8_s7_state64_mac4,frozen,cold,final,8,7,i1m,64,4,25000000,25000000,25000000,cohort,23300000,386,2,0,7,377,0,0,0,0
cold_frozen_i1m_h8_s7_state64_mac4,frozen,cold,final,8,7,i1m,64,4,25000000,25000000,25000000,cohort,23400000,326,2,0,3,321,0,0,0,0
cold_frozen_i1m_h8_s7_state64_mac4,frozen,cold,final,8,7,i1m,64,4,25000000,25000000,25000000,cohort,23500000,372,2,0,6,364,0,0,0,0
cold_frozen_i1m_h8_s7_state64_mac4,frozen,cold,final,8,7,i1m,64,4,25000000,25000000,25000000,cohort,23600000,355,4,0,4,347,0,0,0,0
cold_frozen_i1m_h8_s7_state64_mac4,frozen,cold,final,8,7,i1m,64,4,25000000,25000000,25000000,cohort,23700000,338,1,0,4,333,0,0,0,0
cold_frozen_i1m_h8_s7_state64_mac4,frozen,cold,final,8,7,i1m,64,4,25000000,25000000,25000000,cohort,23800000,384,2,0,1,381,0,0,0,0
cold_frozen_i1m_h8_s7_state64_mac4,frozen,cold,final,8,7,i1m,64,4,25000000,25000000,25000000,cohort,23900000,364,1,0,6,357,0,0,0,0
cold_frozen_i1m_h8_s7_state64_mac4,frozen,cold,final,8,7,i1m,64,4,25000000,25000000,25000000,cohort,24000000,284,3,0,5,276,0,0,0,0
cold_frozen_i1m_h8_s7_state64_mac4,frozen,cold,final,8,7,i1m,64,4,25000000,25000000,25000000,cohort,24100000,302,2,0,2,298,0,0,0,0
cold_frozen_i1m_h8_s7_state64_mac4,frozen,cold,final,8,7,i1m,64,4,25000000,25000000,25000000,cohort,24200000,344,5,0,1,338,0,0,0,0
cold_frozen_i1m_h8_s7_state64_mac4,frozen,cold,final,8,7,i1m,64,4,25000000,25000000,25000000,cohort,24300000,352,3,0,2,346,0,0,1,1
cold_frozen_i1m_h8_s7_state64_mac4,frozen,cold,final,8,7,i1m,64,4,25000000,25000000,25000000,cohort,24400000,334,1,0,2,331,0,0,0,0
cold_frozen_i1m_h8_s7_state64_mac4,frozen,cold,final,8,7,i1m,64,4,25000000,25000000,25000000,cohort,24500000,346,2,0,3,340,0,0,1,1
cold_frozen_i1m_h8_s7_state64_mac4,frozen,cold,final,8,7,i1m,64,4,25000000,25000000,25000000,cohort,24600000,358,0,0,0,356,0,0,2,2
cold_frozen_i1m_h8_s7_state64_mac4,frozen,cold,final,8,7,i1m,64,4,25000000,25000000,25000000,cohort,24700000,338,1,0,0,337,0,0,0,0
cold_frozen_i1m_h8_s7_state64_mac4,frozen,cold,final,8,7,i1m,64,4,25000000,25000000,25000000,cohort,24800000,342,3,0,0,337,0,0,2,2
cold_frozen_i1m_h8_s7_state64_mac4,frozen,cold,final,8,7,i1m,64,4,25000000,25000000,25000000,cohort,24900000,352,3,0,0,346,0,0,3,3
cold_frozen_i20m_h16_s7_state0_mac0,frozen,cold,final,16,7,i20m,0,0,25000000,25000000,25000000,cohort,0,1359,599,0,16,491,251,0,2,2
cold_frozen_i20m_h16_s7_state0_mac0,frozen,cold,final,16,7,i20m,0,0,25000000,25000000,25000000,cohort,100000,1551,472,0,13,901,165,0,0,0
cold_frozen_i20m_h16_s7_state0_mac0,frozen,cold,final,16,7,i20m,0,0,25000000,25000000,25000000,cohort,200000,1500,475,0,4,859,162,0,0,0
cold_frozen_i20m_h16_s7_state0_mac0,frozen,cold,final,16,7,i20m,0,0,25000000,25000000,25000000,cohort,300000,1521,477,0,7,871,166,0,0,0
cold_frozen_i20m_h16_s7_state0_mac0,frozen,cold,final,16,7,i20m,0,0,25000000,25000000,25000000,cohort,400000,1519,475,0,3,880,161,0,0,0
cold_frozen_i20m_h16_s7_state0_mac0,frozen,cold,final,16,7,i20m,0,0,25000000,25000000,25000000,cohort,500000,1466,475,0,11,814,166,0,0,0
cold_frozen_i20m_h16_s7_state0_mac0,frozen,cold,final,16,7,i20m,0,0,25000000,25000000,25000000,cohort,600000,1554,474,0,10,905,165,0,0,0
cold_frozen_i20m_h16_s7_state0_mac0,frozen,cold,final,16,7,i20m,0,0,25000000,25000000,25000000,cohort,700000,1474,474,0,13,815,172,0,0,0
cold_frozen_i20m_h16_s7_state0_mac0,frozen,cold,final,16,7,i20m,0,0,25000000,25000000,25000000,cohort,800000,1636,475,0,5,996,160,0,0,0
cold_frozen_i20m_h16_s7_state0_mac0,frozen,cold,final,16,7,i20m,0,0,25000000,25000000,25000000,cohort,900000,1498,476,0,8,845,169,0,0,0
cold_frozen_i20m_h16_s7_state0_mac0,frozen,cold,final,16,7,i20m,0,0,25000000,25000000,25000000,cohort,1000000,1577,476,0,3,936,162,0,0,0
cold_frozen_i20m_h16_s7_state0_mac0,frozen,cold,final,16,7,i20m,0,0,25000000,25000000,25000000,cohort,1100000,1527,476,0,7,879,165,0,0,0
cold_frozen_i20m_h16_s7_state0_mac0,frozen,cold,final,16,7,i20m,0,0,25000000,25000000,25000000,cohort,1200000,1512,471,0,14,858,169,0,0,0
cold_frozen_i20m_h16_s7_state0_mac0,frozen,cold,final,16,7,i20m,0,0,25000000,25000000,25000000,cohort,1300000,1571,474,0,9,923,165,0,0,0
cold_frozen_i20m_h16_s7_state0_mac0,frozen,cold,final,16,7,i20m,0,0,25000000,25000000,25000000,cohort,1400000,1510,476,0,7,861,166,0,0,0
cold_frozen_i20m_h16_s7_state0_mac0,frozen,cold,final,16,7,i20m,0,0,25000000,25000000,25000000,cohort,1500000,1566,475,0,4,927,160,0,0,0
cold_frozen_i20m_h16_s7_state0_mac0,frozen,cold,final,16,7,i20m,0,0,25000000,25000000,25000000,cohort,1600000,1487,471,0,29,807,180,0,0,0
cold_frozen_i20m_h16_s7_state0_mac0,frozen,cold,final,16,7,i20m,0,0,25000000,25000000,25000000,cohort,1700000,1539,475,0,10,886,168,0,0,0
cold_frozen_i20m_h16_s7_state0_mac0,frozen,cold,final,16,7,i20m,0,0,25000000,25000000,25000000,cohort,1800000,1548,473,0,10,899,166,0,0,0
cold_frozen_i20m_h16_s7_state0_mac0,frozen,cold,final,16,7,i20m,0,0,25000000,25000000,25000000,cohort,1900000,1482,471,0,16,821,174,0,0,0
cold_frozen_i20m_h16_s7_state0_mac0,frozen,cold,final,16,7,i20m,0,0,25000000,25000000,25000000,cohort,2000000,1559,478,0,3,918,160,0,0,0
cold_frozen_i20m_h16_s7_state0_mac0,frozen,cold,final,16,7,i20m,0,0,25000000,25000000,25000000,cohort,2100000,1484,474,0,9,833,168,0,0,0
cold_frozen_i20m_h16_s7_state0_mac0,frozen,cold,final,16,7,i20m,0,0,25000000,25000000,25000000,cohort,2200000,1605,474,0,8,960,163,0,0,0
cold_frozen_i20m_h16_s7_state0_mac0,frozen,cold,final,16,7,i20m,0,0,25000000,25000000,25000000,cohort,2300000,1507,474,0,13,848,172,0,0,0
cold_frozen_i20m_h16_s7_state0_mac0,frozen,cold,final,16,7,i20m,0,0,25000000,25000000,25000000,cohort,2400000,1559,464,0,15,911,169,0,0,0
cold_frozen_i20m_h16_s7_state0_mac0,frozen,cold,final,16,7,i20m,0,0,25000000,25000000,25000000,cohort,2500000,1568,475,0,16,905,172,0,0,0
cold_frozen_i20m_h16_s7_state0_mac0,frozen,cold,final,16,7,i20m,0,0,25000000,25000000,25000000,cohort,2600000,1573,474,0,22,900,177,0,0,0
cold_frozen_i20m_h16_s7_state0_mac0,frozen,cold,final,16,7,i20m,0,0,25000000,25000000,25000000,cohort,2700000,1586,479,0,3,936,168,0,0,0
cold_frozen_i20m_h16_s7_state0_mac0,frozen,cold,final,16,7,i20m,0,0,25000000,25000000,25000000,cohort,2800000,1460,471,0,6,822,161,0,0,0
cold_frozen_i20m_h16_s7_state0_mac0,frozen,cold,final,16,7,i20m,0,0,25000000,25000000,25000000,cohort,2900000,1597,475,0,5,947,170,0,0,0
cold_frozen_i20m_h16_s7_state0_mac0,frozen,cold,final,16,7,i20m,0,0,25000000,25000000,25000000,cohort,3000000,1538,476,0,5,895,161,0,1,1
cold_frozen_i20m_h16_s7_state0_mac0,frozen,cold,final,16,7,i20m,0,0,25000000,25000000,25000000,cohort,3100000,1513,470,0,3,877,163,0,0,0
cold_frozen_i20m_h16_s7_state0_mac0,frozen,cold,final,16,7,i20m,0,0,25000000,25000000,25000000,cohort,3200000,1546,476,0,7,897,166,0,0,0
cold_frozen_i20m_h16_s7_state0_mac0,frozen,cold,final,16,7,i20m,0,0,25000000,25000000,25000000,cohort,3300000,1539,477,0,8,888,166,0,0,0
cold_frozen_i20m_h16_s7_state0_mac0,frozen,cold,final,16,7,i20m,0,0,25000000,25000000,25000000,cohort,3400000,1527,472,0,6,888,161,0,0,0
cold_frozen_i20m_h16_s7_state0_mac0,frozen,cold,final,16,7,i20m,0,0,25000000,25000000,25000000,cohort,3500000,1486,471,0,16,825,174,0,0,0
cold_frozen_i20m_h16_s7_state0_mac0,frozen,cold,final,16,7,i20m,0,0,25000000,25000000,25000000,cohort,3600000,1610,467,0,25,939,179,0,0,0
cold_frozen_i20m_h16_s7_state0_mac0,frozen,cold,final,16,7,i20m,0,0,25000000,25000000,25000000,cohort,3700000,1518,473,0,5,872,168,0,0,0
cold_frozen_i20m_h16_s7_state0_mac0,frozen,cold,final,16,7,i20m,0,0,25000000,25000000,25000000,cohort,3800000,1563,473,0,15,908,167,0,0,0
cold_frozen_i20m_h16_s7_state0_mac0,frozen,cold,final,16,7,i20m,0,0,25000000,25000000,25000000,cohort,3900000,1564,471,0,16,907,170,0,0,0
cold_frozen_i20m_h16_s7_state0_mac0,frozen,cold,final,16,7,i20m,0,0,25000000,25000000,25000000,cohort,4000000,1542,471,0,25,866,180,0,0,0
cold_frozen_i20m_h16_s7_state0_mac0,frozen,cold,final,16,7,i20m,0,0,25000000,25000000,25000000,cohort,4100000,1585,474,0,10,933,168,0,0,0
cold_frozen_i20m_h16_s7_state0_mac0,frozen,cold,final,16,7,i20m,0,0,25000000,25000000,25000000,cohort,4200000,1533,470,0,16,873,174,0,0,0
cold_frozen_i20m_h16_s7_state0_mac0,frozen,cold,final,16,7,i20m,0,0,25000000,25000000,25000000,cohort,4300000,1566,476,0,6,921,163,0,0,0
cold_frozen_i20m_h16_s7_state0_mac0,frozen,cold,final,16,7,i20m,0,0,25000000,25000000,25000000,cohort,4400000,1536,472,0,9,892,163,0,0,0
cold_frozen_i20m_h16_s7_state0_mac0,frozen,cold,final,16,7,i20m,0,0,25000000,25000000,25000000,cohort,4500000,1549,471,0,14,895,169,0,0,0
cold_frozen_i20m_h16_s7_state0_mac0,frozen,cold,final,16,7,i20m,0,0,25000000,25000000,25000000,cohort,4600000,1562,475,0,11,906,170,0,0,0
cold_frozen_i20m_h16_s7_state0_mac0,frozen,cold,final,16,7,i20m,0,0,25000000,25000000,25000000,cohort,4700000,1535,473,0,11,878,173,0,0,0
cold_frozen_i20m_h16_s7_state0_mac0,frozen,cold,final,16,7,i20m,0,0,25000000,25000000,25000000,cohort,4800000,1556,476,0,6,914,160,0,0,0
cold_frozen_i20m_h16_s7_state0_mac0,frozen,cold,final,16,7,i20m,0,0,25000000,25000000,25000000,cohort,4900000,1490,472,0,25,809,184,0,0,0
cold_frozen_i20m_h16_s7_state0_mac0,frozen,cold,final,16,7,i20m,0,0,25000000,25000000,25000000,cohort,5000000,1568,468,0,20,909,171,0,0,0
cold_frozen_i20m_h16_s7_state0_mac0,frozen,cold,final,16,7,i20m,0,0,25000000,25000000,25000000,cohort,5100000,1521,470,0,18,860,173,0,0,0
cold_frozen_i20m_h16_s7_state0_mac0,frozen,cold,final,16,7,i20m,0,0,25000000,25000000,25000000,cohort,5200000,1545,470,0,26,869,180,0,0,0
cold_frozen_i20m_h16_s7_state0_mac0,frozen,cold,final,16,7,i20m,0,0,25000000,25000000,25000000,cohort,5300000,1583,471,0,18,924,170,0,0,0
cold_frozen_i20m_h16_s7_state0_mac0,frozen,cold,final,16,7,i20m,0,0,25000000,25000000,25000000,cohort,5400000,1531,468,0,28,852,183,0,0,0
cold_frozen_i20m_h16_s7_state0_mac0,frozen,cold,final,16,7,i20m,0,0,25000000,25000000,25000000,cohort,5500000,1571,472,0,14,914,171,0,0,0
cold_frozen_i20m_h16_s7_state0_mac0,frozen,cold,final,16,7,i20m,0,0,25000000,25000000,25000000,cohort,5600000,1506,471,0,23,836,176,0,0,0
cold_frozen_i20m_h16_s7_state0_mac0,frozen,cold,final,16,7,i20m,0,0,25000000,25000000,25000000,cohort,5700000,1573,466,0,23,907,177,0,0,0
cold_frozen_i20m_h16_s7_state0_mac0,frozen,cold,final,16,7,i20m,0,0,25000000,25000000,25000000,cohort,5800000,1521,469,0,21,857,174,0,0,0
cold_frozen_i20m_h16_s7_state0_mac0,frozen,cold,final,16,7,i20m,0,0,25000000,25000000,25000000,cohort,5900000,1547,468,0,24,880,175,0,0,0
cold_frozen_i20m_h16_s7_state0_mac0,frozen,cold,final,16,7,i20m,0,0,25000000,25000000,25000000,cohort,6000000,1575,473,0,10,928,164,0,0,0
cold_frozen_i20m_h16_s7_state0_mac0,frozen,cold,final,16,7,i20m,0,0,25000000,25000000,25000000,cohort,6100000,1467,470,0,18,799,180,0,0,0
cold_frozen_i20m_h16_s7_state0_mac0,frozen,cold,final,16,7,i20m,0,0,25000000,25000000,25000000,cohort,6200000,1620,474,0,11,970,165,0,0,0
cold_frozen_i20m_h16_s7_state0_mac0,frozen,cold,final,16,7,i20m,0,0,25000000,25000000,25000000,cohort,6300000,1516,471,0,27,836,182,0,0,0
cold_frozen_i20m_h16_s7_state0_mac0,frozen,cold,final,16,7,i20m,0,0,25000000,25000000,25000000,cohort,6400000,1533,477,0,19,866,171,0,0,0
cold_frozen_i20m_h16_s7_state0_mac0,frozen,cold,final,16,7,i20m,0,0,25000000,25000000,25000000,cohort,6500000,1581,474,0,15,918,174,0,0,0
cold_frozen_i20m_h16_s7_state0_mac0,frozen,cold,final,16,7,i20m,0,0,25000000,25000000,25000000,cohort,6600000,1520,477,0,21,843,179,0,0,0
cold_frozen_i20m_h16_s7_state0_mac0,frozen,cold,final,16,7,i20m,0,0,25000000,25000000,25000000,cohort,6700000,1557,475,0,14,901,167,0,0,0
cold_frozen_i20m_h16_s7_state0_mac0,frozen,cold,final,16,7,i20m,0,0,25000000,25000000,25000000,cohort,6800000,1493,471,0,21,823,178,0,0,0
cold_frozen_i20m_h16_s7_state0_mac0,frozen,cold,final,16,7,i20m,0,0,25000000,25000000,25000000,cohort,6900000,1592,472,0,16,932,172,0,0,0
cold_frozen_i20m_h16_s7_state0_mac0,frozen,cold,final,16,7,i20m,0,0,25000000,25000000,25000000,cohort,7000000,1539,477,0,6,895,161,0,0,0
cold_frozen_i20m_h16_s7_state0_mac0,frozen,cold,final,16,7,i20m,0,0,25000000,25000000,25000000,cohort,7100000,1537,468,0,22,874,173,0,0,0
cold_frozen_i20m_h16_s7_state0_mac0,frozen,cold,final,16,7,i20m,0,0,25000000,25000000,25000000,cohort,7200000,1579,474,0,13,922,170,0,0,0
cold_frozen_i20m_h16_s7_state0_mac0,frozen,cold,final,16,7,i20m,0,0,25000000,25000000,25000000,cohort,7300000,1486,473,0,17,823,173,0,0,0
cold_frozen_i20m_h16_s7_state0_mac0,frozen,cold,final,16,7,i20m,0,0,25000000,25000000,25000000,cohort,7400000,1560,471,0,13,908,168,0,0,0
cold_frozen_i20m_h16_s7_state0_mac0,frozen,cold,final,16,7,i20m,0,0,25000000,25000000,25000000,cohort,7500000,1523,469,0,17,859,178,0,0,0
cold_frozen_i20m_h16_s7_state0_mac0,frozen,cold,final,16,7,i20m,0,0,25000000,25000000,25000000,cohort,7600000,1577,476,0,3,940,158,0,0,0
cold_frozen_i20m_h16_s7_state0_mac0,frozen,cold,final,16,7,i20m,0,0,25000000,25000000,25000000,cohort,7700000,1482,470,0,13,831,168,0,0,0
cold_frozen_i20m_h16_s7_state0_mac0,frozen,cold,final,16,7,i20m,0,0,25000000,25000000,25000000,cohort,7800000,1538,471,0,23,864,180,0,0,0
cold_frozen_i20m_h16_s7_state0_mac0,frozen,cold,final,16,7,i20m,0,0,25000000,25000000,25000000,cohort,7900000,1550,476,0,4,910,160,0,0,0
cold_frozen_i20m_h16_s7_state0_mac0,frozen,cold,final,16,7,i20m,0,0,25000000,25000000,25000000,cohort,8000000,1507,468,0,28,832,179,0,0,0
cold_frozen_i20m_h16_s7_state0_mac0,frozen,cold,final,16,7,i20m,0,0,25000000,25000000,25000000,cohort,8100000,1563,468,0,19,903,173,0,0,0
cold_frozen_i20m_h16_s7_state0_mac0,frozen,cold,final,16,7,i20m,0,0,25000000,25000000,25000000,cohort,8200000,1514,475,0,15,853,171,0,0,0
cold_frozen_i20m_h16_s7_state0_mac0,frozen,cold,final,16,7,i20m,0,0,25000000,25000000,25000000,cohort,8300000,1596,475,0,8,952,161,0,0,0
cold_frozen_i20m_h16_s7_state0_mac0,frozen,cold,final,16,7,i20m,0,0,25000000,25000000,25000000,cohort,8400000,1510,476,0,10,857,167,0,0,0
cold_frozen_i20m_h16_s7_state0_mac0,frozen,cold,final,16,7,i20m,0,0,25000000,25000000,25000000,cohort,8500000,1563,480,0,32,865,186,0,0,0
cold_frozen_i20m_h16_s7_state0_mac0,frozen,cold,final,16,7,i20m,0,0,25000000,25000000,25000000,cohort,8600000,1558,477,0,11,902,168,0,0,0
cold_frozen_i20m_h16_s7_state0_mac0,frozen,cold,final,16,7,i20m,0,0,25000000,25000000,25000000,cohort,8700000,1527,476,1,24,852,174,0,0,0
cold_frozen_i20m_h16_s7_state0_mac0,frozen,cold,final,16,7,i20m,0,0,25000000,25000000,25000000,cohort,8800000,1571,473,0,16,911,171,0,0,0
cold_frozen_i20m_h16_s7_state0_mac0,frozen,cold,final,16,7,i20m,0,0,25000000,25000000,25000000,cohort,8900000,1497,472,0,15,840,170,0,0,0
cold_frozen_i20m_h16_s7_state0_mac0,frozen,cold,final,16,7,i20m,0,0,25000000,25000000,25000000,cohort,9000000,1580,472,0,13,926,169,0,0,0
cold_frozen_i20m_h16_s7_state0_mac0,frozen,cold,final,16,7,i20m,0,0,25000000,25000000,25000000,cohort,9100000,1503,473,0,15,845,170,0,0,0
cold_frozen_i20m_h16_s7_state0_mac0,frozen,cold,final,16,7,i20m,0,0,25000000,25000000,25000000,cohort,9200000,1508,473,0,20,840,175,0,0,0
cold_frozen_i20m_h16_s7_state0_mac0,frozen,cold,final,16,7,i20m,0,0,25000000,25000000,25000000,cohort,9300000,1586,473,0,10,936,167,0,0,0
cold_frozen_i20m_h16_s7_state0_mac0,frozen,cold,final,16,7,i20m,0,0,25000000,25000000,25000000,cohort,9400000,1507,473,0,7,861,166,0,0,0
cold_frozen_i20m_h16_s7_state0_mac0,frozen,cold,final,16,7,i20m,0,0,25000000,25000000,25000000,cohort,9500000,1604,477,0,13,946,168,0,0,0
cold_frozen_i20m_h16_s7_state0_mac0,frozen,cold,final,16,7,i20m,0,0,25000000,25000000,25000000,cohort,9600000,1543,471,0,22,871,179,0,0,0
cold_frozen_i20m_h16_s7_state0_mac0,frozen,cold,final,16,7,i20m,0,0,25000000,25000000,25000000,cohort,9700000,1594,469,0,18,935,172,0,0,0
cold_frozen_i20m_h16_s7_state0_mac0,frozen,cold,final,16,7,i20m,0,0,25000000,25000000,25000000,cohort,9800000,1511,471,0,20,847,173,0,0,0
cold_frozen_i20m_h16_s7_state0_mac0,frozen,cold,final,16,7,i20m,0,0,25000000,25000000,25000000,cohort,9900000,1539,471,0,23,864,181,0,0,0
cold_frozen_i20m_h16_s7_state0_mac0,frozen,cold,final,16,7,i20m,0,0,25000000,25000000,25000000,cohort,10000000,1584,477,0,9,931,167,0,0,0
cold_frozen_i20m_h16_s7_state0_mac0,frozen,cold,final,16,7,i20m,0,0,25000000,25000000,25000000,cohort,10100000,1473,473,0,13,816,171,0,0,0
cold_frozen_i20m_h16_s7_state0_mac0,frozen,cold,final,16,7,i20m,0,0,25000000,25000000,25000000,cohort,10200000,1584,476,0,8,936,164,0,0,0
cold_frozen_i20m_h16_s7_state0_mac0,frozen,cold,final,16,7,i20m,0,0,25000000,25000000,25000000,cohort,10300000,1528,474,0,15,869,170,0,0,0
cold_frozen_i20m_h16_s7_state0_mac0,frozen,cold,final,16,7,i20m,0,0,25000000,25000000,25000000,cohort,10400000,1581,475,0,9,934,163,0,0,0
cold_frozen_i20m_h16_s7_state0_mac0,frozen,cold,final,16,7,i20m,0,0,25000000,25000000,25000000,cohort,10500000,1545,477,0,5,898,165,0,0,0
cold_frozen_i20m_h16_s7_state0_mac0,frozen,cold,final,16,7,i20m,0,0,25000000,25000000,25000000,cohort,10600000,1531,469,0,24,861,177,0,0,0
cold_frozen_i20m_h16_s7_state0_mac0,frozen,cold,final,16,7,i20m,0,0,25000000,25000000,25000000,cohort,10700000,1567,475,0,7,920,165,0,0,0
cold_frozen_i20m_h16_s7_state0_mac0,frozen,cold,final,16,7,i20m,0,0,25000000,25000000,25000000,cohort,10800000,1502,467,0,21,836,178,0,0,0
cold_frozen_i20m_h16_s7_state0_mac0,frozen,cold,final,16,7,i20m,0,0,25000000,25000000,25000000,cohort,10900000,1542,478,0,8,891,165,0,0,0
cold_frozen_i20m_h16_s7_state0_mac0,frozen,cold,final,16,7,i20m,0,0,25000000,25000000,25000000,cohort,11000000,1507,468,0,18,847,174,0,0,0
cold_frozen_i20m_h16_s7_state0_mac0,frozen,cold,final,16,7,i20m,0,0,25000000,25000000,25000000,cohort,11100000,1553,473,0,15,894,171,0,0,0
cold_frozen_i20m_h16_s7_state0_mac0,frozen,cold,final,16,7,i20m,0,0,25000000,25000000,25000000,cohort,11200000,1590,470,0,20,924,176,0,0,0
cold_frozen_i20m_h16_s7_state0_mac0,frozen,cold,final,16,7,i20m,0,0,25000000,25000000,25000000,cohort,11300000,1544,471,0,27,867,179,0,0,0
cold_frozen_i20m_h16_s7_state0_mac0,frozen,cold,final,16,7,i20m,0,0,25000000,25000000,25000000,cohort,11400000,1638,479,3,41,923,192,0,0,0
cold_frozen_i20m_h16_s7_state0_mac0,frozen,cold,final,16,7,i20m,0,0,25000000,25000000,25000000,cohort,11500000,1672,461,3,108,854,246,0,0,0
cold_frozen_i20m_h16_s7_state0_mac0,frozen,cold,final,16,7,i20m,0,0,25000000,25000000,25000000,cohort,11600000,1546,473,0,21,870,182,0,0,0
cold_frozen_i20m_h16_s7_state0_mac0,frozen,cold,final,16,7,i20m,0,0,25000000,25000000,25000000,cohort,11700000,1539,473,0,14,884,168,0,0,0
cold_frozen_i20m_h16_s7_state0_mac0,frozen,cold,final,16,7,i20m,0,0,25000000,25000000,25000000,cohort,11800000,2153,602,31,161,1055,304,0,0,0
cold_frozen_i20m_h16_s7_state0_mac0,frozen,cold,final,16,7,i20m,0,0,25000000,25000000,25000000,cohort,11900000,1898,526,14,125,962,271,0,0,0
cold_frozen_i20m_h16_s7_state0_mac0,frozen,cold,final,16,7,i20m,0,0,25000000,25000000,25000000,cohort,12000000,1647,483,2,64,888,210,0,0,0
cold_frozen_i20m_h16_s7_state0_mac0,frozen,cold,final,16,7,i20m,0,0,25000000,25000000,25000000,cohort,12100000,1689,496,11,83,867,232,0,0,0
cold_frozen_i20m_h16_s7_state0_mac0,frozen,cold,final,16,7,i20m,0,0,25000000,25000000,25000000,cohort,12200000,1603,473,0,12,948,170,0,0,0
cold_frozen_i20m_h16_s7_state0_mac0,frozen,cold,final,16,7,i20m,0,0,25000000,25000000,25000000,cohort,12300000,1557,472,2,33,863,187,0,0,0
cold_frozen_i20m_h16_s7_state0_mac0,frozen,cold,final,16,7,i20m,0,0,25000000,25000000,25000000,cohort,12400000,1574,483,1,33,870,187,0,0,0
cold_frozen_i20m_h16_s7_state0_mac0,frozen,cold,final,16,7,i20m,0,0,25000000,25000000,25000000,cohort,12500000,1539,471,0,12,890,166,0,0,0
cold_frozen_i20m_h16_s7_state0_mac0,frozen,cold,final,16,7,i20m,0,0,25000000,25000000,25000000,cohort,12600000,1769,486,15,155,822,291,0,0,0
cold_frozen_i20m_h16_s7_state0_mac0,frozen,cold,final,16,7,i20m,0,0,25000000,25000000,25000000,cohort,12700000,1647,491,8,83,828,237,0,0,0
cold_frozen_i20m_h16_s7_state0_mac0,frozen,cold,final,16,7,i20m,0,0,25000000,25000000,25000000,cohort,12800000,1783,482,7,131,883,280,0,0,0
cold_frozen_i20m_h16_s7_state0_mac0,frozen,cold,final,16,7,i20m,0,0,25000000,25000000,25000000,cohort,12900000,1504,473,0,21,832,178,0,0,0
cold_frozen_i20m_h16_s7_state0_mac0,frozen,cold,final,16,7,i20m,0,0,25000000,25000000,25000000,cohort,13000000,1548,473,0,11,896,168,0,0,0
cold_frozen_i20m_h16_s7_state0_mac0,frozen,cold,final,16,7,i20m,0,0,25000000,25000000,25000000,cohort,13100000,1530,475,0,11,876,168,0,0,0
cold_frozen_i20m_h16_s7_state0_mac0,frozen,cold,final,16,7,i20m,0,0,25000000,25000000,25000000,cohort,13200000,1682,470,10,146,782,274,0,0,0
cold_frozen_i20m_h16_s7_state0_mac0,frozen,cold,final,16,7,i20m,0,0,25000000,25000000,25000000,cohort,13300000,1541,471,0,9,894,167,0,0,0
cold_frozen_i20m_h16_s7_state0_mac0,frozen,cold,final,16,7,i20m,0,0,25000000,25000000,25000000,cohort,13400000,2164,784,0,149,785,437,0,9,9
cold_frozen_i20m_h16_s7_state0_mac0,frozen,cold,final,16,7,i20m,0,0,25000000,25000000,25000000,cohort,13500000,1919,462,0,18,1258,181,0,0,0
cold_frozen_i20m_h16_s7_state0_mac0,frozen,cold,final,16,7,i20m,0,0,25000000,25000000,25000000,cohort,13600000,1923,459,0,17,1269,178,0,0,0
cold_frozen_i20m_h16_s7_state0_mac0,frozen,cold,final,16,7,i20m,0,0,25000000,25000000,25000000,cohort,13700000,1931,477,0,35,1228,191,0,0,0
cold_frozen_i20m_h16_s7_state0_mac0,frozen,cold,final,16,7,i20m,0,0,25000000,25000000,25000000,cohort,13800000,1905,476,0,4,1265,160,0,0,0
cold_frozen_i20m_h16_s7_state0_mac0,frozen,cold,final,16,7,i20m,0,0,25000000,25000000,25000000,cohort,13900000,1951,469,0,28,1272,182,0,0,0
cold_frozen_i20m_h16_s7_state0_mac0,frozen,cold,final,16,7,i20m,0,0,25000000,25000000,25000000,cohort,14000000,1921,475,0,12,1266,168,0,0,0
cold_frozen_i20m_h16_s7_state0_mac0,frozen,cold,final,16,7,i20m,0,0,25000000,25000000,25000000,cohort,14100000,1903,469,0,28,1228,178,0,0,0
cold_frozen_i20m_h16_s7_state0_mac0,frozen,cold,final,16,7,i20m,0,0,25000000,25000000,25000000,cohort,14200000,1941,476,0,20,1268,177,0,0,0
cold_frozen_i20m_h16_s7_state0_mac0,frozen,cold,final,16,7,i20m,0,0,25000000,25000000,25000000,cohort,14300000,1896,473,0,6,1255,162,0,0,0
cold_frozen_i20m_h16_s7_state0_mac0,frozen,cold,final,16,7,i20m,0,0,25000000,25000000,25000000,cohort,14400000,1939,476,0,14,1274,175,0,0,0
cold_frozen_i20m_h16_s7_state0_mac0,frozen,cold,final,16,7,i20m,0,0,25000000,25000000,25000000,cohort,14500000,1893,474,0,5,1253,161,0,0,0
cold_frozen_i20m_h16_s7_state0_mac0,frozen,cold,final,16,7,i20m,0,0,25000000,25000000,25000000,cohort,14600000,1935,476,0,18,1267,174,0,0,0
cold_frozen_i20m_h16_s7_state0_mac0,frozen,cold,final,16,7,i20m,0,0,25000000,25000000,25000000,cohort,14700000,1937,474,0,12,1280,171,0,0,0
cold_frozen_i20m_h16_s7_state0_mac0,frozen,cold,final,16,7,i20m,0,0,25000000,25000000,25000000,cohort,14800000,1933,476,0,10,1286,161,0,0,0
cold_frozen_i20m_h16_s7_state0_mac0,frozen,cold,final,16,7,i20m,0,0,25000000,25000000,25000000,cohort,14900000,1936,472,0,23,1259,182,0,0,0
cold_frozen_i20m_h16_s7_state0_mac0,frozen,cold,final,16,7,i20m,0,0,25000000,25000000,25000000,cohort,15000000,1928,477,0,9,1275,167,0,0,0
cold_frozen_i20m_h16_s7_state0_mac0,frozen,cold,final,16,7,i20m,0,0,25000000,25000000,25000000,cohort,15100000,1918,465,0,36,1223,194,0,0,0
cold_frozen_i20m_h16_s7_state0_mac0,frozen,cold,final,16,7,i20m,0,0,25000000,25000000,25000000,cohort,15200000,1929,478,0,11,1266,174,0,0,0
cold_frozen_i20m_h16_s7_state0_mac0,frozen,cold,final,16,7,i20m,0,0,25000000,25000000,25000000,cohort,15300000,1941,474,0,7,1296,164,0,0,0
cold_frozen_i20m_h16_s7_state0_mac0,frozen,cold,final,16,7,i20m,0,0,25000000,25000000,25000000,cohort,15400000,1948,476,0,12,1292,168,0,0,0
cold_frozen_i20m_h16_s7_state0_mac0,frozen,cold,final,16,7,i20m,0,0,25000000,25000000,25000000,cohort,15500000,1921,477,0,6,1273,165,0,0,0
cold_frozen_i20m_h16_s7_state0_mac0,frozen,cold,final,16,7,i20m,0,0,25000000,25000000,25000000,cohort,15600000,1913,473,0,13,1264,163,0,0,0
cold_frozen_i20m_h16_s7_state0_mac0,frozen,cold,final,16,7,i20m,0,0,25000000,25000000,25000000,cohort,15700000,1902,473,0,9,1252,168,0,0,0
cold_frozen_i20m_h16_s7_state0_mac0,frozen,cold,final,16,7,i20m,0,0,25000000,25000000,25000000,cohort,15800000,1925,468,0,21,1258,178,0,0,0
cold_frozen_i20m_h16_s7_state0_mac0,frozen,cold,final,16,7,i20m,0,0,25000000,25000000,25000000,cohort,15900000,1936,474,0,13,1281,168,0,0,0
cold_frozen_i20m_h16_s7_state0_mac0,frozen,cold,final,16,7,i20m,0,0,25000000,25000000,25000000,cohort,16000000,1927,472,0,13,1270,172,0,0,0
cold_frozen_i20m_h16_s7_state0_mac0,frozen,cold,final,16,7,i20m,0,0,25000000,25000000,25000000,cohort,16100000,1941,477,0,13,1280,171,0,0,0
cold_frozen_i20m_h16_s7_state0_mac0,frozen,cold,final,16,7,i20m,0,0,25000000,25000000,25000000,cohort,16200000,1966,471,0,16,1305,174,0,0,0
cold_frozen_i20m_h16_s7_state0_mac0,frozen,cold,final,16,7,i20m,0,0,25000000,25000000,25000000,cohort,16300000,1891,477,0,5,1247,162,0,0,0
cold_frozen_i20m_h16_s7_state0_mac0,frozen,cold,final,16,7,i20m,0,0,25000000,25000000,25000000,cohort,16400000,1918,471,0,20,1250,177,0,0,0
cold_frozen_i20m_h16_s7_state0_mac0,frozen,cold,final,16,7,i20m,0,0,25000000,25000000,25000000,cohort,16500000,1925,474,0,18,1259,174,0,0,0
cold_frozen_i20m_h16_s7_state0_mac0,frozen,cold,final,16,7,i20m,0,0,25000000,25000000,25000000,cohort,16600000,1912,467,0,15,1260,170,0,0,0
cold_frozen_i20m_h16_s7_state0_mac0,frozen,cold,final,16,7,i20m,0,0,25000000,25000000,25000000,cohort,16700000,1904,473,0,17,1240,174,0,0,0
cold_frozen_i20m_h16_s7_state0_mac0,frozen,cold,final,16,7,i20m,0,0,25000000,25000000,25000000,cohort,16800000,1916,470,0,15,1260,171,0,0,0
cold_frozen_i20m_h16_s7_state0_mac0,frozen,cold,final,16,7,i20m,0,0,25000000,25000000,25000000,cohort,16900000,1950,472,0,21,1279,178,0,0,0
cold_frozen_i20m_h16_s7_state0_mac0,frozen,cold,final,16,7,i20m,0,0,25000000,25000000,25000000,cohort,17000000,1902,474,0,10,1254,164,0,0,0
cold_frozen_i20m_h16_s7_state0_mac0,frozen,cold,final,16,7,i20m,0,0,25000000,25000000,25000000,cohort,17100000,1920,473,0,19,1252,176,0,0,0
cold_frozen_i20m_h16_s7_state0_mac0,frozen,cold,final,16,7,i20m,0,0,25000000,25000000,25000000,cohort,17200000,1933,475,0,14,1272,172,0,0,0
cold_frozen_i20m_h16_s7_state0_mac0,frozen,cold,final,16,7,i20m,0,0,25000000,25000000,25000000,cohort,17300000,1942,473,0,9,1293,167,0,0,0
cold_frozen_i20m_h16_s7_state0_mac0,frozen,cold,final,16,7,i20m,0,0,25000000,25000000,25000000,cohort,17400000,1944,476,0,17,1278,173,0,0,0
cold_frozen_i20m_h16_s7_state0_mac0,frozen,cold,final,16,7,i20m,0,0,25000000,25000000,25000000,cohort,17500000,1915,475,0,12,1260,168,0,0,0
cold_frozen_i20m_h16_s7_state0_mac0,frozen,cold,final,16,7,i20m,0,0,25000000,25000000,25000000,cohort,17600000,1920,471,0,16,1261,172,0,0,0
cold_frozen_i20m_h16_s7_state0_mac0,frozen,cold,final,16,7,i20m,0,0,25000000,25000000,25000000,cohort,17700000,1922,474,0,18,1254,176,0,0,0
cold_frozen_i20m_h16_s7_state0_mac0,frozen,cold,final,16,7,i20m,0,0,25000000,25000000,25000000,cohort,17800000,1914,471,0,13,1261,169,0,0,0
cold_frozen_i20m_h16_s7_state0_mac0,frozen,cold,final,16,7,i20m,0,0,25000000,25000000,25000000,cohort,17900000,1969,474,0,17,1303,175,0,0,0
cold_frozen_i20m_h16_s7_state0_mac0,frozen,cold,final,16,7,i20m,0,0,25000000,25000000,25000000,cohort,18000000,1912,480,0,3,1264,165,0,0,0
cold_frozen_i20m_h16_s7_state0_mac0,frozen,cold,final,16,7,i20m,0,0,25000000,25000000,25000000,cohort,18100000,1919,474,0,11,1263,171,0,0,0
cold_frozen_i20m_h16_s7_state0_mac0,frozen,cold,final,16,7,i20m,0,0,25000000,25000000,25000000,cohort,18200000,1936,474,0,7,1292,163,0,0,0
cold_frozen_i20m_h16_s7_state0_mac0,frozen,cold,final,16,7,i20m,0,0,25000000,25000000,25000000,cohort,18300000,1934,474,0,15,1277,168,0,0,0
cold_frozen_i20m_h16_s7_state0_mac0,frozen,cold,final,16,7,i20m,0,0,25000000,25000000,25000000,cohort,18400000,1903,472,0,13,1247,171,0,0,0
cold_frozen_i20m_h16_s7_state0_mac0,frozen,cold,final,16,7,i20m,0,0,25000000,25000000,25000000,cohort,18500000,1926,475,0,14,1269,168,0,0,0
cold_frozen_i20m_h16_s7_state0_mac0,frozen,cold,final,16,7,i20m,0,0,25000000,25000000,25000000,cohort,18600000,1949,479,0,18,1274,178,0,0,0
cold_frozen_i20m_h16_s7_state0_mac0,frozen,cold,final,16,7,i20m,0,0,25000000,25000000,25000000,cohort,18700000,1915,474,0,6,1271,164,0,0,0
cold_frozen_i20m_h16_s7_state0_mac0,frozen,cold,final,16,7,i20m,0,0,25000000,25000000,25000000,cohort,18800000,1991,465,0,17,1338,171,0,0,0
cold_frozen_i20m_h16_s7_state0_mac0,frozen,cold,final,16,7,i20m,0,0,25000000,25000000,25000000,cohort,18900000,1907,474,0,6,1260,167,0,0,0
cold_frozen_i20m_h16_s7_state0_mac0,frozen,cold,final,16,7,i20m,0,0,25000000,25000000,25000000,cohort,19000000,1986,471,0,10,1334,171,0,0,0
cold_frozen_i20m_h16_s7_state0_mac0,frozen,cold,final,16,7,i20m,0,0,25000000,25000000,25000000,cohort,19100000,1905,474,0,13,1247,171,0,0,0
cold_frozen_i20m_h16_s7_state0_mac0,frozen,cold,final,16,7,i20m,0,0,25000000,25000000,25000000,cohort,19200000,1920,472,0,7,1276,165,0,0,0
cold_frozen_i20m_h16_s7_state0_mac0,frozen,cold,final,16,7,i20m,0,0,25000000,25000000,25000000,cohort,19300000,1939,470,0,18,1272,179,0,0,0
cold_frozen_i20m_h16_s7_state0_mac0,frozen,cold,final,16,7,i20m,0,0,25000000,25000000,25000000,cohort,19400000,1907,476,0,6,1264,161,0,0,0
cold_frozen_i20m_h16_s7_state0_mac0,frozen,cold,final,16,7,i20m,0,0,25000000,25000000,25000000,cohort,19500000,1949,473,0,25,1269,182,0,0,0
cold_frozen_i20m_h16_s7_state0_mac0,frozen,cold,final,16,7,i20m,0,0,25000000,25000000,25000000,cohort,19600000,1921,473,0,10,1271,167,0,0,0
cold_frozen_i20m_h16_s7_state0_mac0,frozen,cold,final,16,7,i20m,0,0,25000000,25000000,25000000,cohort,19700000,1970,473,0,21,1299,177,0,0,0
cold_frozen_i20m_h16_s7_state0_mac0,frozen,cold,final,16,7,i20m,0,0,25000000,25000000,25000000,cohort,19800000,1929,473,0,13,1270,173,0,0,0
cold_frozen_i20m_h16_s7_state0_mac0,frozen,cold,final,16,7,i20m,0,0,25000000,25000000,25000000,cohort,19900000,1912,471,0,14,1259,168,0,0,0
cold_frozen_i20m_h16_s7_state0_mac0,frozen,cold,final,16,7,i20m,0,0,25000000,25000000,25000000,cohort,20000000,1943,474,0,14,1282,173,0,0,0
cold_frozen_i20m_h16_s7_state0_mac0,frozen,cold,final,16,7,i20m,0,0,25000000,25000000,25000000,cohort,20100000,1924,475,0,14,1265,170,0,0,0
cold_frozen_i20m_h16_s7_state0_mac0,frozen,cold,final,16,7,i20m,0,0,25000000,25000000,25000000,cohort,20200000,1915,475,0,13,1255,172,0,0,0
cold_frozen_i20m_h16_s7_state0_mac0,frozen,cold,final,16,7,i20m,0,0,25000000,25000000,25000000,cohort,20300000,1899,474,0,6,1257,162,0,0,0
cold_frozen_i20m_h16_s7_state0_mac0,frozen,cold,final,16,7,i20m,0,0,25000000,25000000,25000000,cohort,20400000,1921,476,0,17,1253,175,0,0,0
cold_frozen_i20m_h16_s7_state0_mac0,frozen,cold,final,16,7,i20m,0,0,25000000,25000000,25000000,cohort,20500000,1895,475,0,10,1243,167,0,0,0
cold_frozen_i20m_h16_s7_state0_mac0,frozen,cold,final,16,7,i20m,0,0,25000000,25000000,25000000,cohort,20600000,1930,474,0,5,1288,163,0,0,0
cold_frozen_i20m_h16_s7_state0_mac0,frozen,cold,final,16,7,i20m,0,0,25000000,25000000,25000000,cohort,20700000,1921,472,0,18,1247,179,0,5,5
cold_frozen_i20m_h16_s7_state0_mac0,frozen,cold,final,16,7,i20m,0,0,25000000,25000000,25000000,cohort,20800000,1917,477,0,10,1263,167,0,0,0
cold_frozen_i20m_h16_s7_state0_mac0,frozen,cold,final,16,7,i20m,0,0,25000000,25000000,25000000,cohort,20900000,1945,470,0,16,1285,174,0,0,0
cold_frozen_i20m_h16_s7_state0_mac0,frozen,cold,final,16,7,i20m,0,0,25000000,25000000,25000000,cohort,21000000,1932,475,0,17,1265,175,0,0,0
cold_frozen_i20m_h16_s7_state0_mac0,frozen,cold,final,16,7,i20m,0,0,25000000,25000000,25000000,cohort,21100000,1928,475,0,13,1271,169,0,0,0
cold_frozen_i20m_h16_s7_state0_mac0,frozen,cold,final,16,7,i20m,0,0,25000000,25000000,25000000,cohort,21200000,1907,476,0,4,1267,160,0,0,0
cold_frozen_i20m_h16_s7_state0_mac0,frozen,cold,final,16,7,i20m,0,0,25000000,25000000,25000000,cohort,21300000,1934,472,0,18,1271,173,0,0,0
cold_frozen_i20m_h16_s7_state0_mac0,frozen,cold,final,16,7,i20m,0,0,25000000,25000000,25000000,cohort,21400000,1921,468,0,24,1249,180,0,0,0
cold_frozen_i20m_h16_s7_state0_mac0,frozen,cold,final,16,7,i20m,0,0,25000000,25000000,25000000,cohort,21500000,1902,473,0,7,1255,167,0,0,0
cold_frozen_i20m_h16_s7_state0_mac0,frozen,cold,final,16,7,i20m,0,0,25000000,25000000,25000000,cohort,21600000,1953,472,0,17,1289,175,0,0,0
cold_frozen_i20m_h16_s7_state0_mac0,frozen,cold,final,16,7,i20m,0,0,25000000,25000000,25000000,cohort,21700000,1923,475,0,15,1258,175,0,0,0
cold_frozen_i20m_h16_s7_state0_mac0,frozen,cold,final,16,7,i20m,0,0,25000000,25000000,25000000,cohort,21800000,1942,479,0,12,1278,173,0,0,0
cold_frozen_i20m_h16_s7_state0_mac0,frozen,cold,final,16,7,i20m,0,0,25000000,25000000,25000000,cohort,21900000,1909,474,0,7,1265,163,0,0,0
cold_frozen_i20m_h16_s7_state0_mac0,frozen,cold,final,16,7,i20m,0,0,25000000,25000000,25000000,cohort,22000000,1924,473,0,11,1271,169,0,0,0
cold_frozen_i20m_h16_s7_state0_mac0,frozen,cold,final,16,7,i20m,0,0,25000000,25000000,25000000,cohort,22100000,1931,472,0,18,1270,171,0,0,0
cold_frozen_i20m_h16_s7_state0_mac0,frozen,cold,final,16,7,i20m,0,0,25000000,25000000,25000000,cohort,22200000,1970,476,0,9,1324,161,0,0,0
cold_frozen_i20m_h16_s7_state0_mac0,frozen,cold,final,16,7,i20m,0,0,25000000,25000000,25000000,cohort,22300000,1949,473,0,22,1274,180,0,0,0
cold_frozen_i20m_h16_s7_state0_mac0,frozen,cold,final,16,7,i20m,0,0,25000000,25000000,25000000,cohort,22400000,1918,475,0,9,1269,165,0,0,0
cold_frozen_i20m_h16_s7_state0_mac0,frozen,cold,final,16,7,i20m,0,0,25000000,25000000,25000000,cohort,22500000,1974,473,0,33,1282,186,0,0,0
cold_frozen_i20m_h16_s7_state0_mac0,frozen,cold,final,16,7,i20m,0,0,25000000,25000000,25000000,cohort,22600000,1909,472,0,17,1248,172,0,0,0
cold_frozen_i20m_h16_s7_state0_mac0,frozen,cold,final,16,7,i20m,0,0,25000000,25000000,25000000,cohort,22700000,1943,476,0,11,1287,169,0,0,0
cold_frozen_i20m_h16_s7_state0_mac0,frozen,cold,final,16,7,i20m,0,0,25000000,25000000,25000000,cohort,22800000,1965,473,0,21,1293,178,0,0,0
cold_frozen_i20m_h16_s7_state0_mac0,frozen,cold,final,16,7,i20m,0,0,25000000,25000000,25000000,cohort,22900000,1930,475,0,7,1285,163,0,0,0
cold_frozen_i20m_h16_s7_state0_mac0,frozen,cold,final,16,7,i20m,0,0,25000000,25000000,25000000,cohort,23000000,1949,469,0,25,1273,182,0,0,0
cold_frozen_i20m_h16_s7_state0_mac0,frozen,cold,final,16,7,i20m,0,0,25000000,25000000,25000000,cohort,23100000,1937,476,0,17,1271,173,0,0,0
cold_frozen_i20m_h16_s7_state0_mac0,frozen,cold,final,16,7,i20m,0,0,25000000,25000000,25000000,cohort,23200000,2010,470,0,23,1341,176,0,0,0
cold_frozen_i20m_h16_s7_state0_mac0,frozen,cold,final,16,7,i20m,0,0,25000000,25000000,25000000,cohort,23300000,1921,473,0,14,1261,173,0,0,0
cold_frozen_i20m_h16_s7_state0_mac0,frozen,cold,final,16,7,i20m,0,0,25000000,25000000,25000000,cohort,23400000,1916,474,0,4,1274,164,0,0,0
cold_frozen_i20m_h16_s7_state0_mac0,frozen,cold,final,16,7,i20m,0,0,25000000,25000000,25000000,cohort,23500000,1935,471,0,15,1275,174,0,0,0
cold_frozen_i20m_h16_s7_state0_mac0,frozen,cold,final,16,7,i20m,0,0,25000000,25000000,25000000,cohort,23600000,1934,474,0,9,1285,166,0,0,0
cold_frozen_i20m_h16_s7_state0_mac0,frozen,cold,final,16,7,i20m,0,0,25000000,25000000,25000000,cohort,23700000,1919,472,0,16,1256,175,0,0,0
cold_frozen_i20m_h16_s7_state0_mac0,frozen,cold,final,16,7,i20m,0,0,25000000,25000000,25000000,cohort,23800000,1927,478,0,7,1276,166,0,0,0
cold_frozen_i20m_h16_s7_state0_mac0,frozen,cold,final,16,7,i20m,0,0,25000000,25000000,25000000,cohort,23900000,1950,466,0,19,1293,172,0,0,0
cold_frozen_i20m_h16_s7_state0_mac0,frozen,cold,final,16,7,i20m,0,0,25000000,25000000,25000000,cohort,24000000,1903,474,0,11,1251,167,0,0,0
cold_frozen_i20m_h16_s7_state0_mac0,frozen,cold,final,16,7,i20m,0,0,25000000,25000000,25000000,cohort,24100000,1919,476,0,5,1272,165,0,1,1
cold_frozen_i20m_h16_s7_state0_mac0,frozen,cold,final,16,7,i20m,0,0,25000000,25000000,25000000,cohort,24200000,1921,481,0,7,1267,166,0,0,0
cold_frozen_i20m_h16_s7_state0_mac0,frozen,cold,final,16,7,i20m,0,0,25000000,25000000,25000000,cohort,24300000,1912,475,0,4,1273,160,0,0,0
cold_frozen_i20m_h16_s7_state0_mac0,frozen,cold,final,16,7,i20m,0,0,25000000,25000000,25000000,cohort,24400000,1918,476,0,7,1268,165,0,2,2
cold_frozen_i20m_h16_s7_state0_mac0,frozen,cold,final,16,7,i20m,0,0,25000000,25000000,25000000,cohort,24500000,1919,474,0,5,1270,166,0,4,4
cold_frozen_i20m_h16_s7_state0_mac0,frozen,cold,final,16,7,i20m,0,0,25000000,25000000,25000000,cohort,24600000,1902,477,0,3,1242,171,0,9,9
cold_frozen_i20m_h16_s7_state0_mac0,frozen,cold,final,16,7,i20m,0,0,25000000,25000000,25000000,cohort,24700000,1915,475,0,1,1278,159,0,2,2
cold_frozen_i20m_h16_s7_state0_mac0,frozen,cold,final,16,7,i20m,0,0,25000000,25000000,25000000,cohort,24800000,1918,475,0,0,1276,162,0,5,5
cold_frozen_i20m_h16_s7_state0_mac0,frozen,cold,final,16,7,i20m,0,0,25000000,25000000,25000000,cohort,24900000,1923,472,0,0,1269,168,0,14,14
cold_frozen_i20m_h8_s7_state0_mac0,frozen,cold,final,8,7,i20m,0,0,25000000,25000000,25000000,cohort,0,1721,711,0,7,706,296,0,1,1
cold_frozen_i20m_h8_s7_state0_mac0,frozen,cold,final,8,7,i20m,0,0,25000000,25000000,25000000,cohort,100000,1759,466,0,8,1116,169,0,0,0
cold_frozen_i20m_h8_s7_state0_mac0,frozen,cold,final,8,7,i20m,0,0,25000000,25000000,25000000,cohort,200000,1742,463,0,2,1107,170,0,0,0
cold_frozen_i20m_h8_s7_state0_mac0,frozen,cold,final,8,7,i20m,0,0,25000000,25000000,25000000,cohort,300000,1797,467,2,7,1149,172,0,0,0
cold_frozen_i20m_h8_s7_state0_mac0,frozen,cold,final,8,7,i20m,0,0,25000000,25000000,25000000,cohort,400000,1759,470,0,1,1123,165,0,0,0
cold_frozen_i20m_h8_s7_state0_mac0,frozen,cold,final,8,7,i20m,0,0,25000000,25000000,25000000,cohort,500000,1800,473,0,9,1152,166,0,0,0
cold_frozen_i20m_h8_s7_state0_mac0,frozen,cold,final,8,7,i20m,0,0,25000000,25000000,25000000,cohort,600000,1775,452,1,8,1136,177,0,1,1
cold_frozen_i20m_h8_s7_state0_mac0,frozen,cold,final,8,7,i20m,0,0,25000000,25000000,25000000,cohort,700000,1764,467,1,11,1110,175,0,0,0
cold_frozen_i20m_h8_s7_state0_mac0,frozen,cold,final,8,7,i20m,0,0,25000000,25000000,25000000,cohort,800000,1810,475,0,3,1171,161,0,0,0
cold_frozen_i20m_h8_s7_state0_mac0,frozen,cold,final,8,7,i20m,0,0,25000000,25000000,25000000,cohort,900000,1785,473,0,8,1134,170,0,0,0
cold_frozen_i20m_h8_s7_state0_mac0,frozen,cold,final,8,7,i20m,0,0,25000000,25000000,25000000,cohort,1000000,1777,463,0,2,1143,169,0,0,0
cold_frozen_i20m_h8_s7_state0_mac0,frozen,cold,final,8,7,i20m,0,0,25000000,25000000,25000000,cohort,1100000,1750,461,0,7,1106,176,0,0,0
cold_frozen_i20m_h8_s7_state0_mac0,frozen,cold,final,8,7,i20m,0,0,25000000,25000000,25000000,cohort,1200000,1798,461,0,12,1150,175,0,0,0
cold_frozen_i20m_h8_s7_state0_mac0,frozen,cold,final,8,7,i20m,0,0,25000000,25000000,25000000,cohort,1300000,1773,461,0,7,1134,171,0,0,0
cold_frozen_i20m_h8_s7_state0_mac0,frozen,cold,final,8,7,i20m,0,0,25000000,25000000,25000000,cohort,1400000,1800,468,0,6,1153,173,0,0,0
cold_frozen_i20m_h8_s7_state0_mac0,frozen,cold,final,8,7,i20m,0,0,25000000,25000000,25000000,cohort,1500000,1766,453,0,3,1134,176,0,0,0
cold_frozen_i20m_h8_s7_state0_mac0,frozen,cold,final,8,7,i20m,0,0,25000000,25000000,25000000,cohort,1600000,1771,447,0,26,1095,203,0,0,0
cold_frozen_i20m_h8_s7_state0_mac0,frozen,cold,final,8,7,i20m,0,0,25000000,25000000,25000000,cohort,1700000,1788,451,0,8,1145,184,0,0,0
cold_frozen_i20m_h8_s7_state0_mac0,frozen,cold,final,8,7,i20m,0,0,25000000,25000000,25000000,cohort,1800000,1770,456,0,9,1129,176,0,0,0
cold_frozen_i20m_h8_s7_state0_mac0,frozen,cold,final,8,7,i20m,0,0,25000000,25000000,25000000,cohort,1900000,1794,460,1,12,1139,182,0,0,0
cold_frozen_i20m_h8_s7_state0_mac0,frozen,cold,final,8,7,i20m,0,0,25000000,25000000,25000000,cohort,2000000,1776,463,0,2,1142,169,0,0,0
cold_frozen_i20m_h8_s7_state0_mac0,frozen,cold,final,8,7,i20m,0,0,25000000,25000000,25000000,cohort,2100000,1768,462,0,6,1124,176,0,0,0
cold_frozen_i20m_h8_s7_state0_mac0,frozen,cold,final,8,7,i20m,0,0,25000000,25000000,25000000,cohort,2200000,1779,462,0,5,1140,172,0,0,0
cold_frozen_i20m_h8_s7_state0_mac0,frozen,cold,final,8,7,i20m,0,0,25000000,25000000,25000000,cohort,2300000,1780,461,0,13,1126,180,0,0,0
cold_frozen_i20m_h8_s7_state0_mac0,frozen,cold,final,8,7,i20m,0,0,25000000,25000000,25000000,cohort,2400000,1785,463,0,9,1143,170,0,0,0
cold_frozen_i20m_h8_s7_state0_mac0,frozen,cold,final,8,7,i20m,0,0,25000000,25000000,25000000,cohort,2500000,1760,472,0,17,1095,176,0,0,0
cold_frozen_i20m_h8_s7_state0_mac0,frozen,cold,final,8,7,i20m,0,0,25000000,25000000,25000000,cohort,2600000,1807,462,0,18,1143,184,0,0,0
cold_frozen_i20m_h8_s7_state0_mac0,frozen,cold,final,8,7,i20m,0,0,25000000,25000000,25000000,cohort,2700000,1747,453,0,2,1105,187,0,0,0
cold_frozen_i20m_h8_s7_state0_mac0,frozen,cold,final,8,7,i20m,0,0,25000000,25000000,25000000,cohort,2800000,1795,468,0,4,1159,164,0,0,0
cold_frozen_i20m_h8_s7_state0_mac0,frozen,cold,final,8,7,i20m,0,0,25000000,25000000,25000000,cohort,2900000,1791,474,0,4,1141,172,0,0,0
cold_frozen_i20m_h8_s7_state0_mac0,frozen,cold,final,8,7,i20m,0,0,25000000,25000000,25000000,cohort,3000000,1768,476,0,5,1125,162,0,0,0
cold_frozen_i20m_h8_s7_state0_mac0,frozen,cold,final,8,7,i20m,0,0,25000000,25000000,25000000,cohort,3100000,1783,461,0,1,1153,168,0,0,0
cold_frozen_i20m_h8_s7_state0_mac0,frozen,cold,final,8,7,i20m,0,0,25000000,25000000,25000000,cohort,3200000,1769,462,0,3,1130,174,0,0,0
cold_frozen_i20m_h8_s7_state0_mac0,frozen,cold,final,8,7,i20m,0,0,25000000,25000000,25000000,cohort,3300000,1774,462,0,6,1132,174,0,0,0
cold_frozen_i20m_h8_s7_state0_mac0,frozen,cold,final,8,7,i20m,0,0,25000000,25000000,25000000,cohort,3400000,1760,446,0,5,1128,181,0,0,0
cold_frozen_i20m_h8_s7_state0_mac0,frozen,cold,final,8,7,i20m,0,0,25000000,25000000,25000000,cohort,3500000,1789,450,0,13,1135,191,0,0,0
cold_frozen_i20m_h8_s7_state0_mac0,frozen,cold,final,8,7,i20m,0,0,25000000,25000000,25000000,cohort,3600000,1770,448,0,22,1101,199,0,0,0
cold_frozen_i20m_h8_s7_state0_mac0,frozen,cold,final,8,7,i20m,0,0,25000000,25000000,25000000,cohort,3700000,1771,458,0,6,1129,178,0,0,0
cold_frozen_i20m_h8_s7_state0_mac0,frozen,cold,final,8,7,i20m,0,0,25000000,25000000,25000000,cohort,3800000,1790,455,0,10,1143,182,0,0,0
cold_frozen_i20m_h8_s7_state0_mac0,frozen,cold,final,8,7,i20m,0,0,25000000,25000000,25000000,cohort,3900000,1754,458,0,13,1105,178,0,0,0
cold_frozen_i20m_h8_s7_state0_mac0,frozen,cold,final,8,7,i20m,0,0,25000000,25000000,25000000,cohort,4000000,1817,460,0,23,1140,194,0,0,0
cold_frozen_i20m_h8_s7_state0_mac0,frozen,cold,final,8,7,i20m,0,0,25000000,25000000,25000000,cohort,4100000,1770,460,0,11,1121,178,0,0,0
cold_frozen_i20m_h8_s7_state0_mac0,frozen,cold,final,8,7,i20m,0,0,25000000,25000000,25000000,cohort,4200000,1807,456,0,19,1145,187,0,0,0
cold_frozen_i20m_h8_s7_state0_mac0,frozen,cold,final,8,7,i20m,0,0,25000000,25000000,25000000,cohort,4300000,1781,458,0,4,1142,177,0,0,0
cold_frozen_i20m_h8_s7_state0_mac0,frozen,cold,final,8,7,i20m,0,0,25000000,25000000,25000000,cohort,4400000,1788,456,0,7,1150,175,0,0,0
cold_frozen_i20m_h8_s7_state0_mac0,frozen,cold,final,8,7,i20m,0,0,25000000,25000000,25000000,cohort,4500000,1804,460,0,11,1157,176,0,0,0
cold_frozen_i20m_h8_s7_state0_mac0,frozen,cold,final,8,7,i20m,0,0,25000000,25000000,25000000,cohort,4600000,1794,457,0,8,1149,180,0,0,0
cold_frozen_i20m_h8_s7_state0_mac0,frozen,cold,final,8,7,i20m,0,0,25000000,25000000,25000000,cohort,4700000,1789,462,0,8,1139,180,0,0,0
cold_frozen_i20m_h8_s7_state0_mac0,frozen,cold,final,8,7,i20m,0,0,25000000,25000000,25000000,cohort,4800000,1771,463,0,3,1135,170,0,0,0
cold_frozen_i20m_h8_s7_state0_mac0,frozen,cold,final,8,7,i20m,0,0,25000000,25000000,25000000,cohort,4900000,1793,459,0,23,1118,193,0,0,0
cold_frozen_i20m_h8_s7_state0_mac0,frozen,cold,final,8,7,i20m,0,0,25000000,25000000,25000000,cohort,5000000,1771,456,0,19,1110,186,0,0,0
cold_frozen_i20m_h8_s7_state0_mac0,frozen,cold,final,8,7,i20m,0,0,25000000,25000000,25000000,cohort,5100000,1780,463,0,16,1118,183,0,0,0
cold_frozen_i20m_h8_s7_state0_mac0,frozen,cold,final,8,7,i20m,0,0,25000000,25000000,25000000,cohort,5200000,1823,468,0,26,1145,184,0,0,0
cold_frozen_i20m_h8_s7_state0_mac0,frozen,cold,final,8,7,i20m,0,0,25000000,25000000,25000000,cohort,5300000,1755,467,0,15,1100,173,0,0,0
cold_frozen_i20m_h8_s7_state0_mac0,frozen,cold,final,8,7,i20m,0,0,25000000,25000000,25000000,cohort,5400000,1818,468,0,29,1134,187,0,0,0
cold_frozen_i20m_h8_s7_state0_mac0,frozen,cold,final,8,7,i20m,0,0,25000000,25000000,25000000,cohort,5500000,1776,467,0,13,1122,174,0,0,0
cold_frozen_i20m_h8_s7_state0_mac0,frozen,cold,final,8,7,i20m,0,0,25000000,25000000,25000000,cohort,5600000,1811,470,0,24,1138,179,0,0,0
cold_frozen_i20m_h8_s7_state0_mac0,frozen,cold,final,8,7,i20m,0,0,25000000,25000000,25000000,cohort,5700000,1791,466,0,22,1120,183,0,0,0
cold_frozen_i20m_h8_s7_state0_mac0,frozen,cold,final,8,7,i20m,0,0,25000000,25000000,25000000,cohort,5800000,1785,470,0,22,1117,176,0,0,0
cold_frozen_i20m_h8_s7_state0_mac0,frozen,cold,final,8,7,i20m,0,0,25000000,25000000,25000000,cohort,5900000,1825,460,0,21,1161,183,0,0,0
cold_frozen_i20m_h8_s7_state0_mac0,frozen,cold,final,8,7,i20m,0,0,25000000,25000000,25000000,cohort,6000000,1744,453,0,10,1104,177,0,0,0
cold_frozen_i20m_h8_s7_state0_mac0,frozen,cold,final,8,7,i20m,0,0,25000000,25000000,25000000,cohort,6100000,1756,432,0,15,1109,200,0,0,0
cold_frozen_i20m_h8_s7_state0_mac0,frozen,cold,final,8,7,i20m,0,0,25000000,25000000,25000000,cohort,6200000,1772,448,0,7,1136,181,0,0,0
cold_frozen_i20m_h8_s7_state0_mac0,frozen,cold,final,8,7,i20m,0,0,25000000,25000000,25000000,cohort,6300000,1814,461,0,26,1136,191,0,0,0
cold_frozen_i20m_h8_s7_state0_mac0,frozen,cold,final,8,7,i20m,0,0,25000000,25000000,25000000,cohort,6400000,1782,464,0,16,1121,181,0,0,0
cold_frozen_i20m_h8_s7_state0_mac0,frozen,cold,final,8,7,i20m,0,0,25000000,25000000,25000000,cohort,6500000,1760,467,0,15,1100,178,0,0,0
cold_frozen_i20m_h8_s7_state0_mac0,frozen,cold,final,8,7,i20m,0,0,25000000,25000000,25000000,cohort,6600000,1832,477,0,21,1155,179,0,0,0
cold_frozen_i20m_h8_s7_state0_mac0,frozen,cold,final,8,7,i20m,0,0,25000000,25000000,25000000,cohort,6700000,1807,475,0,12,1153,167,0,0,0
cold_frozen_i20m_h8_s7_state0_mac0,frozen,cold,final,8,7,i20m,0,0,25000000,25000000,25000000,cohort,6800000,1830,464,0,22,1160,184,0,0,0
cold_frozen_i20m_h8_s7_state0_mac0,frozen,cold,final,8,7,i20m,0,0,25000000,25000000,25000000,cohort,6900000,1780,470,0,12,1123,175,0,0,0
cold_frozen_i20m_h8_s7_state0_mac0,frozen,cold,final,8,7,i20m,0,0,25000000,25000000,25000000,cohort,7000000,1765,476,0,3,1124,162,0,0,0
cold_frozen_i20m_h8_s7_state0_mac0,frozen,cold,final,8,7,i20m,0,0,25000000,25000000,25000000,cohort,7100000,1824,466,0,21,1161,176,0,0,0
cold_frozen_i20m_h8_s7_state0_mac0,frozen,cold,final,8,7,i20m,0,0,25000000,25000000,25000000,cohort,7200000,1795,472,0,12,1139,172,0,0,0
cold_frozen_i20m_h8_s7_state0_mac0,frozen,cold,final,8,7,i20m,0,0,25000000,25000000,25000000,cohort,7300000,1803,473,0,16,1141,173,0,0,0
cold_frozen_i20m_h8_s7_state0_mac0,frozen,cold,final,8,7,i20m,0,0,25000000,25000000,25000000,cohort,7400000,1765,464,0,10,1118,173,0,0,0
cold_frozen_i20m_h8_s7_state0_mac0,frozen,cold,final,8,7,i20m,0,0,25000000,25000000,25000000,cohort,7500000,1783,460,0,15,1122,186,0,0,0
cold_frozen_i20m_h8_s7_state0_mac0,frozen,cold,final,8,7,i20m,0,0,25000000,25000000,25000000,cohort,7600000,1786,468,0,3,1152,163,0,0,0
cold_frozen_i20m_h8_s7_state0_mac0,frozen,cold,final,8,7,i20m,0,0,25000000,25000000,25000000,cohort,7700000,1792,464,0,15,1138,175,0,0,0
cold_frozen_i20m_h8_s7_state0_mac0,frozen,cold,final,8,7,i20m,0,0,25000000,25000000,25000000,cohort,7800000,1801,465,0,22,1127,187,0,0,0
cold_frozen_i20m_h8_s7_state0_mac0,frozen,cold,final,8,7,i20m,0,0,25000000,25000000,25000000,cohort,7900000,1760,469,0,3,1121,167,0,0,0
cold_frozen_i20m_h8_s7_state0_mac0,frozen,cold,final,8,7,i20m,0,0,25000000,25000000,25000000,cohort,8000000,1802,461,0,23,1135,183,0,0,0
cold_frozen_i20m_h8_s7_state0_mac0,frozen,cold,final,8,7,i20m,0,0,25000000,25000000,25000000,cohort,8100000,1781,464,0,16,1123,178,0,0,0
cold_frozen_i20m_h8_s7_state0_mac0,frozen,cold,final,8,7,i20m,0,0,25000000,25000000,25000000,cohort,8200000,1800,467,0,14,1144,175,0,0,0
cold_frozen_i20m_h8_s7_state0_mac0,frozen,cold,final,8,7,i20m,0,0,25000000,25000000,25000000,cohort,8300000,1788,475,0,4,1148,161,0,0,0
cold_frozen_i20m_h8_s7_state0_mac0,frozen,cold,final,8,7,i20m,0,0,25000000,25000000,25000000,cohort,8400000,1801,476,0,10,1148,167,0,0,0
cold_frozen_i20m_h8_s7_state0_mac0,frozen,cold,final,8,7,i20m,0,0,25000000,25000000,25000000,cohort,8500000,1834,482,0,30,1130,192,0,0,0
cold_frozen_i20m_h8_s7_state0_mac0,frozen,cold,final,8,7,i20m,0,0,25000000,25000000,25000000,cohort,8600000,1788,474,0,10,1132,172,0,0,0
cold_frozen_i20m_h8_s7_state0_mac0,frozen,cold,final,8,7,i20m,0,0,25000000,25000000,25000000,cohort,8700000,1809,473,1,22,1134,179,0,0,0
cold_frozen_i20m_h8_s7_state0_mac0,frozen,cold,final,8,7,i20m,0,0,25000000,25000000,25000000,cohort,8800000,1779,475,0,17,1110,177,0,0,0
cold_frozen_i20m_h8_s7_state0_mac0,frozen,cold,final,8,7,i20m,0,0,25000000,25000000,25000000,cohort,8900000,1823,472,0,17,1162,172,0,0,0
cold_frozen_i20m_h8_s7_state0_mac0,frozen,cold,final,8,7,i20m,0,0,25000000,25000000,25000000,cohort,9000000,1788,472,0,14,1131,171,0,0,0
cold_frozen_i20m_h8_s7_state0_mac0,frozen,cold,final,8,7,i20m,0,0,25000000,25000000,25000000,cohort,9100000,1804,473,0,16,1142,173,0,0,0
cold_frozen_i20m_h8_s7_state0_mac0,frozen,cold,final,8,7,i20m,0,0,25000000,25000000,25000000,cohort,9200000,1845,475,0,22,1167,181,0,0,0
cold_frozen_i20m_h8_s7_state0_mac0,frozen,cold,final,8,7,i20m,0,0,25000000,25000000,25000000,cohort,9300000,1784,474,0,11,1130,169,0,0,0
cold_frozen_i20m_h8_s7_state0_mac0,frozen,cold,final,8,7,i20m,0,0,25000000,25000000,25000000,cohort,9400000,1824,474,0,6,1177,167,0,0,0
cold_frozen_i20m_h8_s7_state0_mac0,frozen,cold,final,8,7,i20m,0,0,25000000,25000000,25000000,cohort,9500000,1774,478,0,12,1114,170,0,0,0
cold_frozen_i20m_h8_s7_state0_mac0,frozen,cold,final,8,7,i20m,0,0,25000000,25000000,25000000,cohort,9600000,1818,472,0,22,1145,179,0,0,0
cold_frozen_i20m_h8_s7_state0_mac0,frozen,cold,final,8,7,i20m,0,0,25000000,25000000,25000000,cohort,9700000,1769,469,0,19,1108,173,0,0,0
cold_frozen_i20m_h8_s7_state0_mac0,frozen,cold,final,8,7,i20m,0,0,25000000,25000000,25000000,cohort,9800000,1787,471,0,23,1114,179,0,0,0
cold_frozen_i20m_h8_s7_state0_mac0,frozen,cold,final,8,7,i20m,0,0,25000000,25000000,25000000,cohort,9900000,1839,471,0,22,1158,188,0,0,0
cold_frozen_i20m_h8_s7_state0_mac0,frozen,cold,final,8,7,i20m,0,0,25000000,25000000,25000000,cohort,10000000,1788,477,0,9,1134,168,0,0,0
cold_frozen_i20m_h8_s7_state0_mac0,frozen,cold,final,8,7,i20m,0,0,25000000,25000000,25000000,cohort,10100000,1806,472,0,12,1150,172,0,0,0
cold_frozen_i20m_h8_s7_state0_mac0,frozen,cold,final,8,7,i20m,0,0,25000000,25000000,25000000,cohort,10200000,1780,475,0,7,1132,166,0,0,0
cold_frozen_i20m_h8_s7_state0_mac0,frozen,cold,final,8,7,i20m,0,0,25000000,25000000,25000000,cohort,10300000,1814,474,0,11,1160,169,0,0,0
cold_frozen_i20m_h8_s7_state0_mac0,frozen,cold,final,8,7,i20m,0,0,25000000,25000000,25000000,cohort,10400000,1764,476,0,7,1118,163,0,0,0
cold_frozen_i20m_h8_s7_state0_mac0,frozen,cold,final,8,7,i20m,0,0,25000000,25000000,25000000,cohort,10500000,1770,478,0,7,1120,165,0,0,0
cold_frozen_i20m_h8_s7_state0_mac0,frozen,cold,final,8,7,i20m,0,0,25000000,25000000,25000000,cohort,10600000,1820,466,0,26,1148,180,0,0,0
cold_frozen_i20m_h8_s7_state0_mac0,frozen,cold,final,8,7,i20m,0,0,25000000,25000000,25000000,cohort,10700000,1781,473,0,8,1133,167,0,0,0
cold_frozen_i20m_h8_s7_state0_mac0,frozen,cold,final,8,7,i20m,0,0,25000000,25000000,25000000,cohort,10800000,1816,467,0,25,1142,182,0,0,0
cold_frozen_i20m_h8_s7_state0_mac0,frozen,cold,final,8,7,i20m,0,0,25000000,25000000,25000000,cohort,10900000,1780,477,0,9,1127,167,0,0,0
cold_frozen_i20m_h8_s7_state0_mac0,frozen,cold,final,8,7,i20m,0,0,25000000,25000000,25000000,cohort,11000000,1813,468,0,20,1148,177,0,0,0
cold_frozen_i20m_h8_s7_state0_mac0,frozen,cold,final,8,7,i20m,0,0,25000000,25000000,25000000,cohort,11100000,1807,472,0,15,1145,175,0,0,0
cold_frozen_i20m_h8_s7_state0_mac0,frozen,cold,final,8,7,i20m,0,0,25000000,25000000,25000000,cohort,11200000,1815,468,0,22,1145,180,0,0,0
cold_frozen_i20m_h8_s7_state0_mac0,frozen,cold,final,8,7,i20m,0,0,25000000,25000000,25000000,cohort,11300000,1809,471,0,23,1133,182,0,0,0
cold_frozen_i20m_h8_s7_state0_mac0,frozen,cold,final,8,7,i20m,0,0,25000000,25000000,25000000,cohort,11400000,1825,476,2,44,1097,206,0,0,0
cold_frozen_i20m_h8_s7_state0_mac0,frozen,cold,final,8,7,i20m,0,0,25000000,25000000,25000000,cohort,11500000,1897,459,4,107,1071,256,0,0,0
cold_frozen_i20m_h8_s7_state0_mac0,frozen,cold,final,8,7,i20m,0,0,25000000,25000000,25000000,cohort,11600000,1776,470,0,18,1108,180,0,0,0
cold_frozen_i20m_h8_s7_state0_mac0,frozen,cold,final,8,7,i20m,0,0,25000000,25000000,25000000,cohort,11700000,1747,472,0,12,1094,169,0,0,0
cold_frozen_i20m_h8_s7_state0_mac0,frozen,cold,final,8,7,i20m,0,0,25000000,25000000,25000000,cohort,11800000,2197,551,24,119,1174,329,0,0,0
cold_frozen_i20m_h8_s7_state0_mac0,frozen,cold,final,8,7,i20m,0,0,25000000,25000000,25000000,cohort,11900000,1981,503,13,107,1068,290,0,0,0
cold_frozen_i20m_h8_s7_state0_mac0,frozen,cold,final,8,7,i20m,0,0,25000000,25000000,25000000,cohort,12000000,1839,470,3,56,1094,216,0,0,0
cold_frozen_i20m_h8_s7_state0_mac0,frozen,cold,final,8,7,i20m,0,0,25000000,25000000,25000000,cohort,12100000,1910,481,10,57,1132,230,0,0,0
cold_frozen_i20m_h8_s7_state0_mac0,frozen,cold,final,8,7,i20m,0,0,25000000,25000000,25000000,cohort,12200000,1766,466,0,9,1116,175,0,0,0
cold_frozen_i20m_h8_s7_state0_mac0,frozen,cold,final,8,7,i20m,0,0,25000000,25000000,25000000,cohort,12300000,1802,473,2,24,1121,182,0,0,0
cold_frozen_i20m_h8_s7_state0_mac0,frozen,cold,final,8,7,i20m,0,0,25000000,25000000,25000000,cohort,12400000,1842,476,1,24,1150,191,0,0,0
cold_frozen_i20m_h8_s7_state0_mac0,frozen,cold,final,8,7,i20m,0,0,25000000,25000000,25000000,cohort,12500000,1747,461,0,12,1097,177,0,0,0
cold_frozen_i20m_h8_s7_state0_mac0,frozen,cold,final,8,7,i20m,0,0,25000000,25000000,25000000,cohort,12600000,2053,473,13,182,1032,353,0,0,0
cold_frozen_i20m_h8_s7_state0_mac0,frozen,cold,final,8,7,i20m,0,0,25000000,25000000,25000000,cohort,12700000,1928,476,6,78,1107,261,0,0,0
cold_frozen_i20m_h8_s7_state0_mac0,frozen,cold,final,8,7,i20m,0,0,25000000,25000000,25000000,cohort,12800000,2030,506,2,124,1098,300,0,0,0
cold_frozen_i20m_h8_s7_state0_mac0,frozen,cold,final,8,7,i20m,0,0,25000000,25000000,25000000,cohort,12900000,1807,471,0,22,1133,181,0,0,0
cold_frozen_i20m_h8_s7_state0_mac0,frozen,cold,final,8,7,i20m,0,0,25000000,25000000,25000000,cohort,13000000,1786,474,0,11,1132,169,0,0,0
cold_frozen_i20m_h8_s7_state0_mac0,frozen,cold,final,8,7,i20m,0,0,25000000,25000000,25000000,cohort,13100000,1742,472,0,11,1089,170,0,0,0
cold_frozen_i20m_h8_s7_state0_mac0,frozen,cold,final,8,7,i20m,0,0,25000000,25000000,25000000,cohort,13200000,1987,462,8,170,1017,330,0,0,0
cold_frozen_i20m_h8_s7_state0_mac0,frozen,cold,final,8,7,i20m,0,0,25000000,25000000,25000000,cohort,13300000,1796,471,0,9,1149,167,0,0,0
cold_frozen_i20m_h8_s7_state0_mac0,frozen,cold,final,8,7,i20m,0,0,25000000,25000000,25000000,cohort,13400000,2224,745,0,158,871,442,0,8,8
cold_frozen_i20m_h8_s7_state0_mac0,frozen,cold,final,8,7,i20m,0,0,25000000,25000000,25000000,cohort,13500000,1852,463,0,22,1182,183,0,2,2
cold_frozen_i20m_h8_s7_state0_mac0,frozen,cold,final,8,7,i20m,0,0,25000000,25000000,25000000,cohort,13600000,1858,459,0,17,1204,178,0,0,0
cold_frozen_i20m_h8_s7_state0_mac0,frozen,cold,final,8,7,i20m,0,0,25000000,25000000,25000000,cohort,13700000,1917,484,0,36,1202,195,0,0,0
cold_frozen_i20m_h8_s7_state0_mac0,frozen,cold,final,8,7,i20m,0,0,25000000,25000000,25000000,cohort,13800000,1836,476,0,5,1195,160,0,0,0
cold_frozen_i20m_h8_s7_state0_mac0,frozen,cold,final,8,7,i20m,0,0,25000000,25000000,25000000,cohort,13900000,1884,469,0,35,1194,186,0,0,0
cold_frozen_i20m_h8_s7_state0_mac0,frozen,cold,final,8,7,i20m,0,0,25000000,25000000,25000000,cohort,14000000,1832,475,0,15,1173,169,0,0,0
cold_frozen_i20m_h8_s7_state0_mac0,frozen,cold,final,8,7,i20m,0,0,25000000,25000000,25000000,cohort,14100000,1878,478,0,35,1178,187,0,0,0
cold_frozen_i20m_h8_s7_state0_mac0,frozen,cold,final,8,7,i20m,0,0,25000000,25000000,25000000,cohort,14200000,1882,477,0,19,1209,177,0,0,0
cold_frozen_i20m_h8_s7_state0_mac0,frozen,cold,final,8,7,i20m,0,0,25000000,25000000,25000000,cohort,14300000,1829,472,0,7,1188,162,0,0,0
cold_frozen_i20m_h8_s7_state0_mac0,frozen,cold,final,8,7,i20m,0,0,25000000,25000000,25000000,cohort,14400000,1881,477,0,15,1214,175,0,0,0
cold_frozen_i20m_h8_s7_state0_mac0,frozen,cold,final,8,7,i20m,0,0,25000000,25000000,25000000,cohort,14500000,1836,475,0,6,1194,161,0,0,0
cold_frozen_i20m_h8_s7_state0_mac0,frozen,cold,final,8,7,i20m,0,0,25000000,25000000,25000000,cohort,14600000,1877,476,0,17,1210,174,0,0,0
cold_frozen_i20m_h8_s7_state0_mac0,frozen,cold,final,8,7,i20m,0,0,25000000,25000000,25000000,cohort,14700000,1855,474,0,12,1200,169,0,0,0
cold_frozen_i20m_h8_s7_state0_mac0,frozen,cold,final,8,7,i20m,0,0,25000000,25000000,25000000,cohort,14800000,1820,476,0,10,1174,160,0,0,0
cold_frozen_i20m_h8_s7_state0_mac0,frozen,cold,final,8,7,i20m,0,0,25000000,25000000,25000000,cohort,14900000,1900,472,0,26,1219,183,0,0,0
cold_frozen_i20m_h8_s7_state0_mac0,frozen,cold,final,8,7,i20m,0,0,25000000,25000000,25000000,cohort,15000000,1848,477,0,10,1194,167,0,0,0
cold_frozen_i20m_h8_s7_state0_mac0,frozen,cold,final,8,7,i20m,0,0,25000000,25000000,25000000,cohort,15100000,1890,466,0,42,1188,194,0,0,0
cold_frozen_i20m_h8_s7_state0_mac0,frozen,cold,final,8,7,i20m,0,0,25000000,25000000,25000000,cohort,15200000,1869,479,0,14,1201,175,0,0,0
cold_frozen_i20m_h8_s7_state0_mac0,frozen,cold,final,8,7,i20m,0,0,25000000,25000000,25000000,cohort,15300000,1895,469,0,6,1253,167,0,0,0
cold_frozen_i20m_h8_s7_state0_mac0,frozen,cold,final,8,7,i20m,0,0,25000000,25000000,25000000,cohort,15400000,1892,473,0,11,1237,171,0,0,0
cold_frozen_i20m_h8_s7_state0_mac0,frozen,cold,final,8,7,i20m,0,0,25000000,25000000,25000000,cohort,15500000,1847,475,0,6,1201,165,0,0,0
cold_frozen_i20m_h8_s7_state0_mac0,frozen,cold,final,8,7,i20m,0,0,25000000,25000000,25000000,cohort,15600000,1877,469,0,13,1228,167,0,0,0
cold_frozen_i20m_h8_s7_state0_mac0,frozen,cold,final,8,7,i20m,0,0,25000000,25000000,25000000,cohort,15700000,1847,471,0,9,1197,170,0,0,0
cold_frozen_i20m_h8_s7_state0_mac0,frozen,cold,final,8,7,i20m,0,0,25000000,25000000,25000000,cohort,15800000,1893,467,0,20,1228,178,0,0,0
cold_frozen_i20m_h8_s7_state0_mac0,frozen,cold,final,8,7,i20m,0,0,25000000,25000000,25000000,cohort,15900000,1848,474,0,14,1192,168,0,0,0
cold_frozen_i20m_h8_s7_state0_mac0,frozen,cold,final,8,7,i20m,0,0,25000000,25000000,25000000,cohort,16000000,1863,462,0,12,1210,179,0,0,0
cold_frozen_i20m_h8_s7_state0_mac0,frozen,cold,final,8,7,i20m,0,0,25000000,25000000,25000000,cohort,16100000,1834,469,0,11,1179,175,0,0,0
cold_frozen_i20m_h8_s7_state0_mac0,frozen,cold,final,8,7,i20m,0,0,25000000,25000000,25000000,cohort,16200000,1869,464,0,20,1206,179,0,0,0
cold_frozen_i20m_h8_s7_state0_mac0,frozen,cold,final,8,7,i20m,0,0,25000000,25000000,25000000,cohort,16300000,1840,473,0,4,1198,165,0,0,0
cold_frozen_i20m_h8_s7_state0_mac0,frozen,cold,final,8,7,i20m,0,0,25000000,25000000,25000000,cohort,16400000,1861,466,0,20,1191,184,0,0,0
cold_frozen_i20m_h8_s7_state0_mac0,frozen,cold,final,8,7,i20m,0,0,25000000,25000000,25000000,cohort,16500000,1862,470,0,19,1195,178,0,0,0
cold_frozen_i20m_h8_s7_state0_mac0,frozen,cold,final,8,7,i20m,0,0,25000000,25000000,25000000,cohort,16600000,1851,466,0,15,1198,172,0,0,0
cold_frozen_i20m_h8_s7_state0_mac0,frozen,cold,final,8,7,i20m,0,0,25000000,25000000,25000000,cohort,16700000,1854,461,0,14,1195,184,0,0,0
cold_frozen_i20m_h8_s7_state0_mac0,frozen,cold,final,8,7,i20m,0,0,25000000,25000000,25000000,cohort,16800000,1836,460,0,8,1192,176,0,0,0
cold_frozen_i20m_h8_s7_state0_mac0,frozen,cold,final,8,7,i20m,0,0,25000000,25000000,25000000,cohort,16900000,1898,470,0,19,1227,182,0,0,0
cold_frozen_i20m_h8_s7_state0_mac0,frozen,cold,final,8,7,i20m,0,0,25000000,25000000,25000000,cohort,17000000,1838,467,0,12,1191,168,0,0,0
cold_frozen_i20m_h8_s7_state0_mac0,frozen,cold,final,8,7,i20m,0,0,25000000,25000000,25000000,cohort,17100000,1827,467,0,18,1163,179,0,0,0
cold_frozen_i20m_h8_s7_state0_mac0,frozen,cold,final,8,7,i20m,0,0,25000000,25000000,25000000,cohort,17200000,1882,472,1,12,1224,173,0,0,0
cold_frozen_i20m_h8_s7_state0_mac0,frozen,cold,final,8,7,i20m,0,0,25000000,25000000,25000000,cohort,17300000,1862,473,0,7,1214,168,0,0,0
cold_frozen_i20m_h8_s7_state0_mac0,frozen,cold,final,8,7,i20m,0,0,25000000,25000000,25000000,cohort,17400000,1888,476,0,17,1222,173,0,0,0
cold_frozen_i20m_h8_s7_state0_mac0,frozen,cold,final,8,7,i20m,0,0,25000000,25000000,25000000,cohort,17500000,1875,475,0,12,1220,168,0,0,0
cold_frozen_i20m_h8_s7_state0_mac0,frozen,cold,final,8,7,i20m,0,0,25000000,25000000,25000000,cohort,17600000,1866,471,0,15,1207,173,0,0,0
cold_frozen_i20m_h8_s7_state0_mac0,frozen,cold,final,8,7,i20m,0,0,25000000,25000000,25000000,cohort,17700000,1862,474,0,22,1190,176,0,0,0
cold_frozen_i20m_h8_s7_state0_mac0,frozen,cold,final,8,7,i20m,0,0,25000000,25000000,25000000,cohort,17800000,1862,471,0,14,1208,169,0,0,0
cold_frozen_i20m_h8_s7_state0_mac0,frozen,cold,final,8,7,i20m,0,0,25000000,25000000,25000000,cohort,17900000,1891,474,0,17,1225,175,0,0,0
cold_frozen_i20m_h8_s7_state0_mac0,frozen,cold,final,8,7,i20m,0,0,25000000,25000000,25000000,cohort,18000000,1862,480,0,3,1214,165,0,0,0
cold_frozen_i20m_h8_s7_state0_mac0,frozen,cold,final,8,7,i20m,0,0,25000000,25000000,25000000,cohort,18100000,1884,474,0,12,1227,171,0,0,0
cold_frozen_i20m_h8_s7_state0_mac0,frozen,cold,final,8,7,i20m,0,0,25000000,25000000,25000000,cohort,18200000,1842,473,0,8,1197,164,0,0,0
cold_frozen_i20m_h8_s7_state0_mac0,frozen,cold,final,8,7,i20m,0,0,25000000,25000000,25000000,cohort,18300000,1882,474,0,16,1224,168,0,0,0
cold_frozen_i20m_h8_s7_state0_mac0,frozen,cold,final,8,7,i20m,0,0,25000000,25000000,25000000,cohort,18400000,1845,472,0,13,1190,170,0,0,0
cold_frozen_i20m_h8_s7_state0_mac0,frozen,cold,final,8,7,i20m,0,0,25000000,25000000,25000000,cohort,18500000,1846,472,0,14,1189,171,0,0,0
cold_frozen_i20m_h8_s7_state0_mac0,frozen,cold,final,8,7,i20m,0,0,25000000,25000000,25000000,cohort,18600000,1875,472,0,19,1203,181,0,0,0
cold_frozen_i20m_h8_s7_state0_mac0,frozen,cold,final,8,7,i20m,0,0,25000000,25000000,25000000,cohort,18700000,1846,471,0,5,1202,168,0,0,0
cold_frozen_i20m_h8_s7_state0_mac0,frozen,cold,final,8,7,i20m,0,0,25000000,25000000,25000000,cohort,18800000,1911,462,0,12,1262,175,0,0,0
cold_frozen_i20m_h8_s7_state0_mac0,frozen,cold,final,8,7,i20m,0,0,25000000,25000000,25000000,cohort,18900000,1842,468,0,7,1196,171,0,0,0
cold_frozen_i20m_h8_s7_state0_mac0,frozen,cold,final,8,7,i20m,0,0,25000000,25000000,25000000,cohort,19000000,1887,459,0,8,1240,180,0,0,0
cold_frozen_i20m_h8_s7_state0_mac0,frozen,cold,final,8,7,i20m,0,0,25000000,25000000,25000000,cohort,19100000,1839,461,0,15,1184,179,0,0,0
cold_frozen_i20m_h8_s7_state0_mac0,frozen,cold,final,8,7,i20m,0,0,25000000,25000000,25000000,cohort,19200000,1832,468,0,6,1191,167,0,0,0
cold_frozen_i20m_h8_s7_state0_mac0,frozen,cold,final,8,7,i20m,0,0,25000000,25000000,25000000,cohort,19300000,1888,467,0,17,1225,179,0,0,0
cold_frozen_i20m_h8_s7_state0_mac0,frozen,cold,final,8,7,i20m,0,0,25000000,25000000,25000000,cohort,19400000,1836,474,0,6,1192,164,0,0,0
cold_frozen_i20m_h8_s7_state0_mac0,frozen,cold,final,8,7,i20m,0,0,25000000,25000000,25000000,cohort,19500000,1880,471,0,25,1202,182,0,0,0
cold_frozen_i20m_h8_s7_state0_mac0,frozen,cold,final,8,7,i20m,0,0,25000000,25000000,25000000,cohort,19600000,1838,472,1,9,1188,168,0,0,0
cold_frozen_i20m_h8_s7_state0_mac0,frozen,cold,final,8,7,i20m,0,0,25000000,25000000,25000000,cohort,19700000,1892,473,0,21,1222,176,0,0,0
cold_frozen_i20m_h8_s7_state0_mac0,frozen,cold,final,8,7,i20m,0,0,25000000,25000000,25000000,cohort,19800000,1848,473,0,14,1189,172,0,0,0
cold_frozen_i20m_h8_s7_state0_mac0,frozen,cold,final,8,7,i20m,0,0,25000000,25000000,25000000,cohort,19900000,1856,467,0,14,1205,170,0,0,0
cold_frozen_i20m_h8_s7_state0_mac0,frozen,cold,final,8,7,i20m,0,0,25000000,25000000,25000000,cohort,20000000,1855,460,0,11,1200,184,0,0,0
cold_frozen_i20m_h8_s7_state0_mac0,frozen,cold,final,8,7,i20m,0,0,25000000,25000000,25000000,cohort,20100000,1817,464,0,15,1162,176,0,0,0
cold_frozen_i20m_h8_s7_state0_mac0,frozen,cold,final,8,7,i20m,0,0,25000000,25000000,25000000,cohort,20200000,1853,464,0,11,1200,178,0,0,0
cold_frozen_i20m_h8_s7_state0_mac0,frozen,cold,final,8,7,i20m,0,0,25000000,25000000,25000000,cohort,20300000,1829,468,0,8,1187,166,0,0,0
cold_frozen_i20m_h8_s7_state0_mac0,frozen,cold,final,8,7,i20m,0,0,25000000,25000000,25000000,cohort,20400000,1848,464,0,17,1186,181,0,0,0
cold_frozen_i20m_h8_s7_state0_mac0,frozen,cold,final,8,7,i20m,0,0,25000000,25000000,25000000,cohort,20500000,1829,461,0,9,1182,177,0,0,0
cold_frozen_i20m_h8_s7_state0_mac0,frozen,cold,final,8,7,i20m,0,0,25000000,25000000,25000000,cohort,20600000,1823,462,0,4,1185,172,0,0,0
cold_frozen_i20m_h8_s7_state0_mac0,frozen,cold,final,8,7,i20m,0,0,25000000,25000000,25000000,cohort,20700000,1851,458,0,17,1185,187,0,4,4
cold_frozen_i20m_h8_s7_state0_mac0,frozen,cold,final,8,7,i20m,0,0,25000000,25000000,25000000,cohort,20800000,1839,464,0,10,1188,177,0,0,0
cold_frozen_i20m_h8_s7_state0_mac0,frozen,cold,final,8,7,i20m,0,0,25000000,25000000,25000000,cohort,20900000,1860,461,0,9,1210,180,0,0,0
cold_frozen_i20m_h8_s7_state0_mac0,frozen,cold,final,8,7,i20m,0,0,25000000,25000000,25000000,cohort,21000000,1839,460,0,18,1178,183,0,0,0
cold_frozen_i20m_h8_s7_state0_mac0,frozen,cold,final,8,7,i20m,0,0,25000000,25000000,25000000,cohort,21100000,1857,461,0,10,1208,178,0,0,0
cold_frozen_i20m_h8_s7_state0_mac0,frozen,cold,final,8,7,i20m,0,0,25000000,25000000,25000000,cohort,21200000,1826,464,0,3,1190,169,0,0,0
cold_frozen_i20m_h8_s7_state0_mac0,frozen,cold,final,8,7,i20m,0,0,25000000,25000000,25000000,cohort,21300000,1848,466,0,14,1192,176,0,0,0
cold_frozen_i20m_h8_s7_state0_mac0,frozen,cold,final,8,7,i20m,0,0,25000000,25000000,25000000,cohort,21400000,1864,468,0,25,1187,183,0,1,1
cold_frozen_i20m_h8_s7_state0_mac0,frozen,cold,final,8,7,i20m,0,0,25000000,25000000,25000000,cohort,21500000,1842,473,0,8,1194,167,0,0,0
cold_frozen_i20m_h8_s7_state0_mac0,frozen,cold,final,8,7,i20m,0,0,25000000,25000000,25000000,cohort,21600000,1889,472,0,18,1224,175,0,0,0
cold_frozen_i20m_h8_s7_state0_mac0,frozen,cold,final,8,7,i20m,0,0,25000000,25000000,25000000,cohort,21700000,1836,476,0,15,1171,174,0,0,0
cold_frozen_i20m_h8_s7_state0_mac0,frozen,cold,final,8,7,i20m,0,0,25000000,25000000,25000000,cohort,21800000,1896,478,0,11,1235,172,0,0,0
cold_frozen_i20m_h8_s7_state0_mac0,frozen,cold,final,8,7,i20m,0,0,25000000,25000000,25000000,cohort,21900000,1857,474,0,9,1211,163,0,0,0
cold_frozen_i20m_h8_s7_state0_mac0,frozen,cold,final,8,7,i20m,0,0,25000000,25000000,25000000,cohort,22000000,1869,473,0,12,1215,169,0,0,0
cold_frozen_i20m_h8_s7_state0_mac0,frozen,cold,final,8,7,i20m,0,0,25000000,25000000,25000000,cohort,22100000,1891,472,0,16,1232,171,0,0,0
cold_frozen_i20m_h8_s7_state0_mac0,frozen,cold,final,8,7,i20m,0,0,25000000,25000000,25000000,cohort,22200000,1884,476,0,7,1241,160,0,0,0
cold_frozen_i20m_h8_s7_state0_mac0,frozen,cold,final,8,7,i20m,0,0,25000000,25000000,25000000,cohort,22300000,1904,474,0,22,1229,179,0,0,0
cold_frozen_i20m_h8_s7_state0_mac0,frozen,cold,final,8,7,i20m,0,0,25000000,25000000,25000000,cohort,22400000,1833,475,0,12,1181,165,0,0,0
cold_frozen_i20m_h8_s7_state0_mac0,frozen,cold,final,8,7,i20m,0,0,25000000,25000000,25000000,cohort,22500000,1874,472,0,35,1180,187,0,0,0
cold_frozen_i20m_h8_s7_state0_mac0,frozen,cold,final,8,7,i20m,0,0,25000000,25000000,25000000,cohort,22600000,1851,472,0,17,1190,172,0,0,0
cold_frozen_i20m_h8_s7_state0_mac0,frozen,cold,final,8,7,i20m,0,0,25000000,25000000,25000000,cohort,22700000,1863,475,0,13,1205,170,0,0,0
cold_frozen_i20m_h8_s7_state0_mac0,frozen,cold,final,8,7,i20m,0,0,25000000,25000000,25000000,cohort,22800000,1882,471,0,18,1218,175,0,0,0
cold_frozen_i20m_h8_s7_state0_mac0,frozen,cold,final,8,7,i20m,0,0,25000000,25000000,25000000,cohort,22900000,1849,475,0,7,1205,162,0,0,0
cold_frozen_i20m_h8_s7_state0_mac0,frozen,cold,final,8,7,i20m,0,0,25000000,25000000,25000000,cohort,23000000,1892,469,0,22,1221,180,0,0,0
cold_frozen_i20m_h8_s7_state0_mac0,frozen,cold,final,8,7,i20m,0,0,25000000,25000000,25000000,cohort,23100000,1846,476,0,15,1183,172,0,0,0
cold_frozen_i20m_h8_s7_state0_mac0,frozen,cold,final,8,7,i20m,0,0,25000000,25000000,25000000,cohort,23200000,1925,471,0,26,1251,177,0,0,0
cold_frozen_i20m_h8_s7_state0_mac0,frozen,cold,final,8,7,i20m,0,0,25000000,25000000,25000000,cohort,23300000,1873,473,0,13,1213,173,0,1,1
cold_frozen_i20m_h8_s7_state0_mac0,frozen,cold,final,8,7,i20m,0,0,25000000,25000000,25000000,cohort,23400000,1855,472,0,3,1216,164,0,0,0
cold_frozen_i20m_h8_s7_state0_mac0,frozen,cold,final,8,7,i20m,0,0,25000000,25000000,25000000,cohort,23500000,1855,469,0,14,1197,175,0,0,0
cold_frozen_i20m_h8_s7_state0_mac0,frozen,cold,final,8,7,i20m,0,0,25000000,25000000,25000000,cohort,23600000,1860,472,0,8,1212,168,0,0,0
cold_frozen_i20m_h8_s7_state0_mac0,frozen,cold,final,8,7,i20m,0,0,25000000,25000000,25000000,cohort,23700000,1862,472,0,14,1204,172,0,0,0
cold_frozen_i20m_h8_s7_state0_mac0,frozen,cold,final,8,7,i20m,0,0,25000000,25000000,25000000,cohort,23800000,1834,477,0,7,1184,166,0,0,0
cold_frozen_i20m_h8_s7_state0_mac0,frozen,cold,final,8,7,i20m,0,0,25000000,25000000,25000000,cohort,23900000,1848,463,0,9,1203,173,0,0,0
cold_frozen_i20m_h8_s7_state0_mac0,frozen,cold,final,8,7,i20m,0,0,25000000,25000000,25000000,cohort,24000000,1842,466,0,7,1197,172,0,0,0
cold_frozen_i20m_h8_s7_state0_mac0,frozen,cold,final,8,7,i20m,0,0,25000000,25000000,25000000,cohort,24100000,1827,463,0,8,1184,172,0,0,0
cold_frozen_i20m_h8_s7_state0_mac0,frozen,cold,final,8,7,i20m,0,0,25000000,25000000,25000000,cohort,24200000,1856,471,1,9,1201,174,0,0,0
cold_frozen_i20m_h8_s7_state0_mac0,frozen,cold,final,8,7,i20m,0,0,25000000,25000000,25000000,cohort,24300000,1859,470,0,2,1222,165,0,0,0
cold_frozen_i20m_h8_s7_state0_mac0,frozen,cold,final,8,7,i20m,0,0,25000000,25000000,25000000,cohort,24400000,1856,475,0,9,1203,167,0,2,2
cold_frozen_i20m_h8_s7_state0_mac0,frozen,cold,final,8,7,i20m,0,0,25000000,25000000,25000000,cohort,24500000,1832,460,1,5,1189,174,0,3,3
cold_frozen_i20m_h8_s7_state0_mac0,frozen,cold,final,8,7,i20m,0,0,25000000,25000000,25000000,cohort,24600000,1867,462,0,3,1211,180,0,11,11
cold_frozen_i20m_h8_s7_state0_mac0,frozen,cold,final,8,7,i20m,0,0,25000000,25000000,25000000,cohort,24700000,1841,475,0,0,1202,161,0,3,3
cold_frozen_i20m_h8_s7_state0_mac0,frozen,cold,final,8,7,i20m,0,0,25000000,25000000,25000000,cohort,24800000,1837,472,0,0,1195,165,0,5,5
cold_frozen_i20m_h8_s7_state0_mac0,frozen,cold,final,8,7,i20m,0,0,25000000,25000000,25000000,cohort,24900000,1856,460,0,0,1212,173,0,11,11
cold_stride_h0_s7_state0_mac0,stride,cold,final,0,7,,0,0,25000000,25000000,25000000,cohort,0,461,199,0,1,59,202,0,0,0
cold_stride_h0_s7_state0_mac0,stride,cold,final,0,7,,0,0,25000000,25000000,25000000,cohort,100000,450,137,0,1,173,139,0,0,0
cold_stride_h0_s7_state0_mac0,stride,cold,final,0,7,,0,0,25000000,25000000,25000000,cohort,200000,492,139,0,0,216,137,0,0,0
cold_stride_h0_s7_state0_mac0,stride,cold,final,0,7,,0,0,25000000,25000000,25000000,cohort,300000,430,141,0,2,142,145,0,0,0
cold_stride_h0_s7_state0_mac0,stride,cold,final,0,7,,0,0,25000000,25000000,25000000,cohort,400000,460,140,0,0,181,139,0,0,0
cold_stride_h0_s7_state0_mac0,stride,cold,final,0,7,,0,0,25000000,25000000,25000000,cohort,500000,500,137,0,1,226,136,0,0,0
cold_stride_h0_s7_state0_mac0,stride,cold,final,0,7,,0,0,25000000,25000000,25000000,cohort,600000,507,141,0,1,223,142,0,0,0
cold_stride_h0_s7_state0_mac0,stride,cold,final,0,7,,0,0,25000000,25000000,25000000,cohort,700000,475,138,0,2,196,139,0,0,0
cold_stride_h0_s7_state0_mac0,stride,cold,final,0,7,,0,0,25000000,25000000,25000000,cohort,800000,539,141,0,0,259,139,0,0,0
cold_stride_h0_s7_state0_mac0,stride,cold,final,0,7,,0,0,25000000,25000000,25000000,cohort,900000,489,139,0,1,209,140,0,0,0
cold_stride_h0_s7_state0_mac0,stride,cold,final,0,7,,0,0,25000000,25000000,25000000,cohort,1000000,537,142,0,0,254,141,0,0,0
cold_stride_h0_s7_state0_mac0,stride,cold,final,0,7,,0,0,25000000,25000000,25000000,cohort,1100000,439,141,0,2,153,143,0,0,0
cold_stride_h0_s7_state0_mac0,stride,cold,final,0,7,,0,0,25000000,25000000,25000000,cohort,1200000,414,140,0,0,136,138,0,0,0
cold_stride_h0_s7_state0_mac0,stride,cold,final,0,7,,0,0,25000000,25000000,25000000,cohort,1300000,514,137,0,1,236,140,0,0,0
cold_stride_h0_s7_state0_mac0,stride,cold,final,0,7,,0,0,25000000,25000000,25000000,cohort,1400000,434,141,0,2,151,140,0,0,0
cold_stride_h0_s7_state0_mac0,stride,cold,final,0,7,,0,0,25000000,25000000,25000000,cohort,1500000,483,139,0,1,205,138,0,0,0
cold_stride_h0_s7_state0_mac0,stride,cold,final,0,7,,0,0,25000000,25000000,25000000,cohort,1600000,501,150,0,11,199,141,0,0,0
cold_stride_h0_s7_state0_mac0,stride,cold,final,0,7,,0,0,25000000,25000000,25000000,cohort,1700000,483,138,0,0,208,137,0,0,0
cold_stride_h0_s7_state0_mac0,stride,cold,final,0,7,,0,0,25000000,25000000,25000000,cohort,1800000,509,139,0,2,228,140,0,0,0
cold_stride_h0_s7_state0_mac0,stride,cold,final,0,7,,0,0,25000000,25000000,25000000,cohort,1900000,531,143,0,1,245,142,0,0,0
cold_stride_h0_s7_state0_mac0,stride,cold,final,0,7,,0,0,25000000,25000000,25000000,cohort,2000000,483,142,0,1,198,142,0,0,0
cold_stride_h0_s7_state0_mac0,stride,cold,final,0,7,,0,0,25000000,25000000,25000000,cohort,2100000,406,136,0,1,134,135,0,0,0
cold_stride_h0_s7_state0_mac0,stride,cold,final,0,7,,0,0,25000000,25000000,25000000,cohort,2200000,484,138,0,2,206,138,0,0,0
cold_stride_h0_s7_state0_mac0,stride,cold,final,0,7,,0,0,25000000,25000000,25000000,cohort,2300000,470,138,0,0,194,138,0,0,0
cold_stride_h0_s7_state0_mac0,stride,cold,final,0,7,,0,0,25000000,25000000,25000000,cohort,2400000,451,134,0,0,178,139,0,0,0
cold_stride_h0_s7_state0_mac0,stride,cold,final,0,7,,0,0,25000000,25000000,25000000,cohort,2500000,443,136,1,3,167,136,0,0,0
cold_stride_h0_s7_state0_mac0,stride,cold,final,0,7,,0,0,25000000,25000000,25000000,cohort,2600000,412,137,0,1,136,138,0,0,0
cold_stride_h0_s7_state0_mac0,stride,cold,final,0,7,,0,0,25000000,25000000,25000000,cohort,2700000,509,140,0,0,232,137,0,0,0
cold_stride_h0_s7_state0_mac0,stride,cold,final,0,7,,0,0,25000000,25000000,25000000,cohort,2800000,490,140,0,1,213,136,0,0,0
cold_stride_h0_s7_state0_mac0,stride,cold,final,0,7,,0,0,25000000,25000000,25000000,cohort,2900000,487,139,0,0,209,139,0,0,0
cold_stride_h0_s7_state0_mac0,stride,cold,final,0,7,,0,0,25000000,25000000,25000000,cohort,3000000,431,142,0,0,148,141,0,0,0
cold_stride_h0_s7_state0_mac0,stride,cold,final,0,7,,0,0,25000000,25000000,25000000,cohort,3100000,517,141,0,1,237,138,0,0,0
cold_stride_h0_s7_state0_mac0,stride,cold,final,0,7,,0,0,25000000,25000000,25000000,cohort,3200000,519,143,0,1,236,139,0,0,0
cold_stride_h0_s7_state0_mac0,stride,cold,final,0,7,,0,0,25000000,25000000,25000000,cohort,3300000,486,139,0,1,208,138,0,0,0
cold_stride_h0_s7_state0_mac0,stride,cold,final,0,7,,0,0,25000000,25000000,25000000,cohort,3400000,503,138,0,1,226,138,0,0,0
cold_stride_h0_s7_state0_mac0,stride,cold,final,0,7,,0,0,25000000,25000000,25000000,cohort,3500000,475,135,0,2,204,134,0,0,0
cold_stride_h0_s7_state0_mac0,stride,cold,final,0,7,,0,0,25000000,25000000,25000000,cohort,3600000,498,136,0,9,212,141,0,0,0
cold_stride_h0_s7_state0_mac0,stride,cold,final,0,7,,0,0,25000000,25000000,25000000,cohort,3700000,475,137,0,0,200,138,0,0,0
cold_stride_h0_s7_state0_mac0,stride,cold,final,0,7,,0,0,25000000,25000000,25000000,cohort,3800000,493,137,0,4,213,139,0,0,0
cold_stride_h0_s7_state0_mac0,stride,cold,final,0,7,,0,0,25000000,25000000,25000000,cohort,3900000,491,139,0,3,208,141,0,0,0
cold_stride_h0_s7_state0_mac0,stride,cold,final,0,7,,0,0,25000000,25000000,25000000,cohort,4000000,480,138,0,4,202,136,0,0,0
cold_stride_h0_s7_state0_mac0,stride,cold,final,0,7,,0,0,25000000,25000000,25000000,cohort,4100000,487,142,0,0,208,137,0,0,0
cold_stride_h0_s7_state0_mac0,stride,cold,final,0,7,,0,0,25000000,25000000,25000000,cohort,4200000,480,134,0,4,204,138,0,0,0
cold_stride_h0_s7_state0_mac0,stride,cold,final,0,7,,0,0,25000000,25000000,25000000,cohort,4300000,511,139,0,1,233,138,0,0,0
cold_stride_h0_s7_state0_mac0,stride,cold,final,0,7,,0,0,25000000,25000000,25000000,cohort,4400000,510,143,0,3,220,144,0,0,0
cold_stride_h0_s7_state0_mac0,stride,cold,final,0,7,,0,0,25000000,25000000,25000000,cohort,4500000,505,137,0,1,232,135,0,0,0
cold_stride_h0_s7_state0_mac0,stride,cold,final,0,7,,0,0,25000000,25000000,25000000,cohort,4600000,516,135,0,0,247,134,0,0,0
cold_stride_h0_s7_state0_mac0,stride,cold,final,0,7,,0,0,25000000,25000000,25000000,cohort,4700000,477,137,0,0,203,137,0,0,0
cold_stride_h0_s7_state0_mac0,stride,cold,final,0,7,,0,0,25000000,25000000,25000000,cohort,4800000,501,139,1,2,220,139,0,0,0
cold_stride_h0_s7_state0_mac0,stride,cold,final,0,7,,0,0,25000000,25000000,25000000,cohort,4900000,462,135,1,4,183,139,0,0,0
cold_stride_h0_s7_state0_mac0,stride,cold,final,0,7,,0,0,25000000,25000000,25000000,cohort,5000000,490,144,0,5,200,141,0,0,0
cold_stride_h0_s7_state0_mac0,stride,cold,final,0,7,,0,0,25000000,25000000,25000000,cohort,5100000,505,144,0,1,218,142,0,0,0
cold_stride_h0_s7_state0_mac0,stride,cold,final,0,7,,0,0,25000000,25000000,25000000,cohort,5200000,456,138,0,2,180,136,0,0,0
cold_stride_h0_s7_state0_mac0,stride,cold,final,0,7,,0,0,25000000,25000000,25000000,cohort,5300000,412,135,0,2,135,140,0,0,0
cold_stride_h0_s7_state0_mac0,stride,cold,final,0,7,,0,0,25000000,25000000,25000000,cohort,5400000,480,140,0,4,196,140,0,0,0
cold_stride_h0_s7_state0_mac0,stride,cold,final,0,7,,0,0,25000000,25000000,25000000,cohort,5500000,512,138,0,0,237,137,0,0,0
cold_stride_h0_s7_state0_mac0,stride,cold,final,0,7,,0,0,25000000,25000000,25000000,cohort,5600000,495,137,0,3,216,139,0,0,0
cold_stride_h0_s7_state0_mac0,stride,cold,final,0,7,,0,0,25000000,25000000,25000000,cohort,5700000,490,141,1,3,206,139,0,0,0
cold_stride_h0_s7_state0_mac0,stride,cold,final,0,7,,0,0,25000000,25000000,25000000,cohort,5800000,553,142,0,6,264,141,0,0,0
cold_stride_h0_s7_state0_mac0,stride,cold,final,0,7,,0,0,25000000,25000000,25000000,cohort,5900000,547,138,0,3,268,138,0,0,0
cold_stride_h0_s7_state0_mac0,stride,cold,final,0,7,,0,0,25000000,25000000,25000000,cohort,6000000,469,144,0,1,184,140,0,0,0
cold_stride_h0_s7_state0_mac0,stride,cold,final,0,7,,0,0,25000000,25000000,25000000,cohort,6100000,509,136,0,0,237,136,0,0,0
cold_stride_h0_s7_state0_mac0,stride,cold,final,0,7,,0,0,25000000,25000000,25000000,cohort,6200000,509,137,0,1,235,136,0,0,0
cold_stride_h0_s7_state0_mac0,stride,cold,final,0,7,,0,0,25000000,25000000,25000000,cohort,6300000,521,136,0,3,245,137,0,0,0
cold_stride_h0_s7_state0_mac0,stride,cold,final,0,7,,0,0,25000000,25000000,25000000,cohort,6400000,536,146,2,4,245,139,0,0,0
cold_stride_h0_s7_state0_mac0,stride,cold,final,0,7,,0,0,25000000,25000000,25000000,cohort,6500000,493,139,0,0,216,138,0,0,0
cold_stride_h0_s7_state0_mac0,stride,cold,final,0,7,,0,0,25000000,25000000,25000000,cohort,6600000,474,145,0,1,185,143,0,0,0
cold_stride_h0_s7_state0_mac0,stride,cold,final,0,7,,0,0,25000000,25000000,25000000,cohort,6700000,520,142,0,1,242,135,0,0,0
cold_stride_h0_s7_state0_mac0,stride,cold,final,0,7,,0,0,25000000,25000000,25000000,cohort,6800000,492,137,0,2,214,139,0,0,0
cold_stride_h0_s7_state0_mac0,stride,cold,final,0,7,,0,0,25000000,25000000,25000000,cohort,6900000,422,137,0,1,146,138,0,0,0
cold_stride_h0_s7_state0_mac0,stride,cold,final,0,7,,0,0,25000000,25000000,25000000,cohort,7000000,429,140,1,0,146,142,0,0,0
cold_stride_h0_s7_state0_mac0,stride,cold,final,0,7,,0,0,25000000,25000000,25000000,cohort,7100000,455,139,0,2,176,138,0,0,0
cold_stride_h0_s7_state0_mac0,stride,cold,final,0,7,,0,0,25000000,25000000,25000000,cohort,7200000,464,142,0,1,179,142,0,0,0
cold_stride_h0_s7_state0_mac0,stride,cold,final,0,7,,0,0,25000000,25000000,25000000,cohort,7300000,518,140,0,2,236,140,0,0,0
cold_stride_h0_s7_state0_mac0,stride,cold,final,0,7,,0,0,25000000,25000000,25000000,cohort,7400000,487,139,0,0,211,137,0,0,0
cold_stride_h0_s7_state0_mac0,stride,cold,final,0,7,,0,0,25000000,25000000,25000000,cohort,7500000,415,136,0,1,144,134,0,0,0
cold_stride_h0_s7_state0_mac0,stride,cold,final,0,7,,0,0,25000000,25000000,25000000,cohort,7600000,525,140,0,0,246,139,0,0,0
cold_stride_h0_s7_state0_mac0,stride,cold,final,0,7,,0,0,25000000,25000000,25000000,cohort,7700000,503,140,0,0,226,137,0,0,0
cold_stride_h0_s7_state0_mac0,stride,cold,final,0,7,,0,0,25000000,25000000,25000000,cohort,7800000,534,137,1,2,256,138,0,0,0
cold_stride_h0_s7_state0_mac0,stride,cold,final,0,7,,0,0,25000000,25000000,25000000,cohort,7900000,470,140,0,0,188,142,0,0,0
cold_stride_h0_s7_state0_mac0,stride,cold,final,0,7,,0,0,25000000,25000000,25000000,cohort,8000000,453,135,0,1,178,139,0,0,0
cold_stride_h0_s7_state0_mac0,stride,cold,final,0,7,,0,0,25000000,25000000,25000000,cohort,8100000,505,137,0,4,224,140,0,0,0
cold_stride_h0_s7_state0_mac0,stride,cold,final,0,7,,0,0,25000000,25000000,25000000,cohort,8200000,423,136,0,0,153,134,0,0,0
cold_stride_h0_s7_state0_mac0,stride,cold,final,0,7,,0,0,25000000,25000000,25000000,cohort,8300000,483,140,0,0,204,139,0,0,0
cold_stride_h0_s7_state0_mac0,stride,cold,final,0,7,,0,0,25000000,25000000,25000000,cohort,8400000,514,141,0,1,233,139,0,0,0
cold_stride_h0_s7_state0_mac0,stride,cold,final,0,7,,0,0,25000000,25000000,25000000,cohort,8500000,513,149,2,6,217,139,0,0,0
cold_stride_h0_s7_state0_mac0,stride,cold,final,0,7,,0,0,25000000,25000000,25000000,cohort,8600000,465,141,1,0,183,140,0,0,0
cold_stride_h0_s7_state0_mac0,stride,cold,final,0,7,,0,0,25000000,25000000,25000000,cohort,8700000,524,146,1,3,232,142,0,0,0
cold_stride_h0_s7_state0_mac0,stride,cold,final,0,7,,0,0,25000000,25000000,25000000,cohort,8800000,495,144,0,5,203,143,0,0,0
cold_stride_h0_s7_state0_mac0,stride,cold,final,0,7,,0,0,25000000,25000000,25000000,cohort,8900000,486,140,1,1,201,143,0,0,0
cold_stride_h0_s7_state0_mac0,stride,cold,final,0,7,,0,0,25000000,25000000,25000000,cohort,9000000,534,138,0,0,257,139,0,0,0
cold_stride_h0_s7_state0_mac0,stride,cold,final,0,7,,0,0,25000000,25000000,25000000,cohort,9100000,543,140,1,1,261,140,0,0,0
cold_stride_h0_s7_state0_mac0,stride,cold,final,0,7,,0,0,25000000,25000000,25000000,cohort,9200000,478,136,0,2,205,135,0,0,0
cold_stride_h0_s7_state0_mac0,stride,cold,final,0,7,,0,0,25000000,25000000,25000000,cohort,9300000,515,142,0,2,229,142,0,0,0
cold_stride_h0_s7_state0_mac0,stride,cold,final,0,7,,0,0,25000000,25000000,25000000,cohort,9400000,497,139,0,0,220,138,0,0,0
cold_stride_h0_s7_state0_mac0,stride,cold,final,0,7,,0,0,25000000,25000000,25000000,cohort,9500000,402,140,0,1,123,138,0,0,0
cold_stride_h0_s7_state0_mac0,stride,cold,final,0,7,,0,0,25000000,25000000,25000000,cohort,9600000,469,142,1,3,181,142,0,0,0
cold_stride_h0_s7_state0_mac0,stride,cold,final,0,7,,0,0,25000000,25000000,25000000,cohort,9700000,482,139,0,2,199,142,0,0,0
cold_stride_h0_s7_state0_mac0,stride,cold,final,0,7,,0,0,25000000,25000000,25000000,cohort,9800000,492,137,0,2,214,139,0,0,0
cold_stride_h0_s7_state0_mac0,stride,cold,final,0,7,,0,0,25000000,25000000,25000000,cohort,9900000,499,138,0,1,221,139,0,0,0
cold_stride_h0_s7_state0_mac0,stride,cold,final,0,7,,0,0,25000000,25000000,25000000,cohort,10000000,460,139,0,1,181,139,0,0,0
cold_stride_h0_s7_state0_mac0,stride,cold,final,0,7,,0,0,25000000,25000000,25000000,cohort,10100000,465,140,0,1,184,140,0,0,0
cold_stride_h0_s7_state0_mac0,stride,cold,final,0,7,,0,0,25000000,25000000,25000000,cohort,10200000,508,140,0,2,227,139,0,0,0
cold_stride_h0_s7_state0_mac0,stride,cold,final,0,7,,0,0,25000000,25000000,25000000,cohort,10300000,553,141,0,1,270,141,0,0,0
cold_stride_h0_s7_state0_mac0,stride,cold,final,0,7,,0,0,25000000,25000000,25000000,cohort,10400000,485,136,0,2,209,138,0,0,0
cold_stride_h0_s7_state0_mac0,stride,cold,final,0,7,,0,0,25000000,25000000,25000000,cohort,10500000,494,144,0,0,209,141,0,0,0
cold_stride_h0_s7_state0_mac0,stride,cold,final,0,7,,0,0,25000000,25000000,25000000,cohort,10600000,467,136,0,2,193,136,0,0,0
cold_stride_h0_s7_state0_mac0,stride,cold,final,0,7,,0,0,25000000,25000000,25000000,cohort,10700000,521,141,0,1,238,141,0,0,0
cold_stride_h0_s7_state0_mac0,stride,cold,final,0,7,,0,0,25000000,25000000,25000000,cohort,10800000,499,134,0,4,226,135,0,0,0
cold_stride_h0_s7_state0_mac0,stride,cold,final,0,7,,0,0,25000000,25000000,25000000,cohort,10900000,535,140,0,1,255,139,0,0,0
cold_stride_h0_s7_state0_mac0,stride,cold,final,0,7,,0,0,25000000,25000000,25000000,cohort,11000000,464,140,0,2,182,140,0,0,0
cold_stride_h0_s7_state0_mac0,stride,cold,final,0,7,,0,0,25000000,25000000,25000000,cohort,11100000,523,141,0,0,244,138,0,0,0
cold_stride_h0_s7_state0_mac0,stride,cold,final,0,7,,0,0,25000000,25000000,25000000,cohort,11200000,577,137,0,1,303,136,0,0,0
cold_stride_h0_s7_state0_mac0,stride,cold,final,0,7,,0,0,25000000,25000000,25000000,cohort,11300000,477,135,0,1,207,134,0,0,0
cold_stride_h0_s7_state0_mac0,stride,cold,final,0,7,,0,0,25000000,25000000,25000000,cohort,11400000,506,139,6,5,216,140,0,0,0
cold_stride_h0_s7_state0_mac0,stride,cold,final,0,7,,0,0,25000000,25000000,25000000,cohort,11500000,454,134,5,7,173,135,0,0,0
cold_stride_h0_s7_state0_mac0,stride,cold,final,0,7,,0,0,25000000,25000000,25000000,cohort,11600000,466,139,0,2,188,137,0,0,0
cold_stride_h0_s7_state0_mac0,stride,cold,final,0,7,,0,0,25000000,25000000,25000000,cohort,11700000,447,142,0,0,165,140,0,0,0
cold_stride_h0_s7_state0_mac0,stride,cold,final,0,7,,0,0,25000000,25000000,25000000,cohort,11800000,709,165,48,20,290,186,0,0,0
cold_stride_h0_s7_state0_mac0,stride,cold,final,0,7,,0,0,25000000,25000000,25000000,cohort,11900000,501,153,14,15,160,159,0,0,0
cold_stride_h0_s7_state0_mac0,stride,cold,final,0,7,,0,0,25000000,25000000,25000000,cohort,12000000,447,142,3,6,151,145,0,0,0
cold_stride_h0_s7_state0_mac0,stride,cold,final,0,7,,0,0,25000000,25000000,25000000,cohort,12100000,465,139,14,5,162,145,0,0,0
cold_stride_h0_s7_state0_mac0,stride,cold,final,0,7,,0,0,25000000,25000000,25000000,cohort,12200000,406,137,0,0,130,139,0,0,0
cold_stride_h0_s7_state0_mac0,stride,cold,final,0,7,,0,0,25000000,25000000,25000000,cohort,12300000,457,139,3,0,178,137,0,0,0
cold_stride_h0_s7_state0_mac0,stride,cold,final,0,7,,0,0,25000000,25000000,25000000,cohort,12400000,505,140,4,2,220,139,0,0,0
cold_stride_h0_s7_state0_mac0,stride,cold,final,0,7,,0,0,25000000,25000000,25000000,cohort,12500000,522,143,0,1,237,141,0,0,0
cold_stride_h0_s7_state0_mac0,stride,cold,final,0,7,,0,0,25000000,25000000,25000000,cohort,12600000,474,140,11,20,151,152,0,0,0
cold_stride_h0_s7_state0_mac0,stride,cold,final,0,7,,0,0,25000000,25000000,25000000,cohort,12700000,493,135,8,10,197,143,0,0,0
cold_stride_h0_s7_state0_mac0,stride,cold,final,0,7,,0,0,25000000,25000000,25000000,cohort,12800000,574,164,8,27,214,161,0,0,0
cold_stride_h0_s7_state0_mac0,stride,cold,final,0,7,,0,0,25000000,25000000,25000000,cohort,12900000,483,138,0,0,208,137,0,0,0
cold_stride_h0_s7_state0_mac0,stride,cold,final,0,7,,0,0,25000000,25000000,25000000,cohort,13000000,469,137,0,2,195,135,0,0,0
cold_stride_h0_s7_state0_mac0,stride,cold,final,0,7,,0,0,25000000,25000000,25000000,cohort,13100000,414,141,0,0,135,138,0,0,0
cold_stride_h0_s7_state0_mac0,stride,cold,final,0,7,,0,0,25000000,25000000,25000000,cohort,13200000,446,132,13,11,149,141,0,0,0
cold_stride_h0_s7_state0_mac0,stride,cold,final,0,7,,0,0,25000000,25000000,25000000,cohort,13300000,519,137,0,1,244,137,0,0,0
cold_stride_h0_s7_state0_mac0,stride,cold,final,0,7,,0,0,25000000,25000000,25000000,cohort,13400000,409,158,2,6,93,150,0,0,0
cold_stride_h0_s7_state0_mac0,stride,cold,final,0,7,,0,0,25000000,25000000,25000000,cohort,13500000,459,137,0,4,178,140,0,0,0
cold_stride_h0_s7_state0_mac0,stride,cold,final,0,7,,0,0,25000000,25000000,25000000,cohort,13600000,501,136,0,0,229,136,0,0,0
cold_stride_h0_s7_state0_mac0,stride,cold,final,0,7,,0,0,25000000,25000000,25000000,cohort,13700000,516,146,0,14,213,143,0,0,0
cold_stride_h0_s7_state0_mac0,stride,cold,final,0,7,,0,0,25000000,25000000,25000000,cohort,13800000,461,142,0,1,177,141,0,0,0
cold_stride_h0_s7_state0_mac0,stride,cold,final,0,7,,0,0,25000000,25000000,25000000,cohort,13900000,419,135,0,2,144,138,0,0,0
cold_stride_h0_s7_state0_mac0,stride,cold,final,0,7,,0,0,25000000,25000000,25000000,cohort,14000000,449,139,0,1,170,139,0,0,0
cold_stride_h0_s7_state0_mac0,stride,cold,final,0,7,,0,0,25000000,25000000,25000000,cohort,14100000,489,143,0,9,194,143,0,0,0
cold_stride_h0_s7_state0_mac0,stride,cold,final,0,7,,0,0,25000000,25000000,25000000,cohort,14200000,473,138,0,2,197,136,0,0,0
cold_stride_h0_s7_state0_mac0,stride,cold,final,0,7,,0,0,25000000,25000000,25000000,cohort,14300000,455,140,0,0,176,139,0,0,0
cold_stride_h0_s7_state0_mac0,stride,cold,final,0,7,,0,0,25000000,25000000,25000000,cohort,14400000,460,135,0,3,185,137,0,0,0
cold_stride_h0_s7_state0_mac0,stride,cold,final,0,7,,0,0,25000000,25000000,25000000,cohort,14500000,470,141,0,0,190,139,0,0,0
cold_stride_h0_s7_state0_mac0,stride,cold,final,0,7,,0,0,25000000,25000000,25000000,cohort,14600000,483,136,2,1,206,138,0,0,0
cold_stride_h0_s7_state0_mac0,stride,cold,final,0,7,,0,0,25000000,25000000,25000000,cohort,14700000,454,136,0,2,179,137,0,0,0
cold_stride_h0_s7_state0_mac0,stride,cold,final,0,7,,0,0,25000000,25000000,25000000,cohort,14800000,419,143,0,0,136,140,0,0,0
cold_stride_h0_s7_state0_mac0,stride,cold,final,0,7,,0,0,25000000,25000000,25000000,cohort,14900000,462,141,0,2,179,140,0,0,0
cold_stride_h0_s7_state0_mac0,stride,cold,final,0,7,,0,0,25000000,25000000,25000000,cohort,15000000,438,142,0,2,152,142,0,0,0
cold_stride_h0_s7_state0_mac0,stride,cold,final,0,7,,0,0,25000000,25000000,25000000,cohort,15100000,472,135,0,4,199,134,0,0,0
cold_stride_h0_s7_state0_mac0,stride,cold,final,0,7,,0,0,25000000,25000000,25000000,cohort,15200000,487,140,0,1,207,139,0,0,0
cold_stride_h0_s7_state0_mac0,stride,cold,final,0,7,,0,0,25000000,25000000,25000000,cohort,15300000,525,138,0,2,245,140,0,0,0
cold_stride_h0_s7_state0_mac0,stride,cold,final,0,7,,0,0,25000000,25000000,25000000,cohort,15400000,550,139,0,2,268,141,0,0,0
cold_stride_h0_s7_state0_mac0,stride,cold,final,0,7,,0,0,25000000,25000000,25000000,cohort,15500000,416,139,0,1,137,139,0,0,0
cold_stride_h0_s7_state0_mac0,stride,cold,final,0,7,,0,0,25000000,25000000,25000000,cohort,15600000,464,138,0,1,188,137,0,0,0
cold_stride_h0_s7_state0_mac0,stride,cold,final,0,7,,0,0,25000000,25000000,25000000,cohort,15700000,500,139,0,0,223,138,0,0,0
cold_stride_h0_s7_state0_mac0,stride,cold,final,0,7,,0,0,25000000,25000000,25000000,cohort,15800000,501,136,0,3,225,137,0,0,0
cold_stride_h0_s7_state0_mac0,stride,cold,final,0,7,,0,0,25000000,25000000,25000000,cohort,15900000,512,138,1,0,234,139,0,0,0
cold_stride_h0_s7_state0_mac0,stride,cold,final,0,7,,0,0,25000000,25000000,25000000,cohort,16000000,479,139,0,1,199,140,0,0,0
cold_stride_h0_s7_state0_mac0,stride,cold,final,0,7,,0,0,25000000,25000000,25000000,cohort,16100000,494,138,0,1,218,137,0,0,0
cold_stride_h0_s7_state0_mac0,stride,cold,final,0,7,,0,0,25000000,25000000,25000000,cohort,16200000,472,137,0,2,196,137,0,0,0
cold_stride_h0_s7_state0_mac0,stride,cold,final,0,7,,0,0,25000000,25000000,25000000,cohort,16300000,489,138,0,0,212,139,0,0,0
cold_stride_h0_s7_state0_mac0,stride,cold,final,0,7,,0,0,25000000,25000000,25000000,cohort,16400000,463,138,0,2,183,140,0,0,0
cold_stride_h0_s7_state0_mac0,stride,cold,final,0,7,,0,0,25000000,25000000,25000000,cohort,16500000,433,134,0,2,159,138,0,0,0
cold_stride_h0_s7_state0_mac0,stride,cold,final,0,7,,0,0,25000000,25000000,25000000,cohort,16600000,484,135,0,2,210,137,0,0,0
cold_stride_h0_s7_state0_mac0,stride,cold,final,0,7,,0,0,25000000,25000000,25000000,cohort,16700000,448,138,1,0,168,141,0,0,0
cold_stride_h0_s7_state0_mac0,stride,cold,final,0,7,,0,0,25000000,25000000,25000000,cohort,16800000,450,139,0,1,173,137,0,0,0
cold_stride_h0_s7_state0_mac0,stride,cold,final,0,7,,0,0,25000000,25000000,25000000,cohort,16900000,530,141,0,3,245,141,0,0,0
cold_stride_h0_s7_state0_mac0,stride,cold,final,0,7,,0,0,25000000,25000000,25000000,cohort,17000000,490,140,0,1,211,138,0,0,0
cold_stride_h0_s7_state0_mac0,stride,cold,final,0,7,,0,0,25000000,25000000,25000000,cohort,17100000,483,140,1,7,190,145,0,0,0
cold_stride_h0_s7_state0_mac0,stride,cold,final,0,7,,0,0,25000000,25000000,25000000,cohort,17200000,487,136,0,2,212,137,0,0,0
cold_stride_h0_s7_state0_mac0,stride,cold,final,0,7,,0,0,25000000,25000000,25000000,cohort,17300000,498,142,0,1,214,141,0,0,0
cold_stride_h0_s7_state0_mac0,stride,cold,final,0,7,,0,0,25000000,25000000,25000000,cohort,17400000,524,141,0,2,240,141,0,0,0
cold_stride_h0_s7_state0_mac0,stride,cold,final,0,7,,0,0,25000000,25000000,25000000,cohort,17500000,503,139,0,3,221,140,0,0,0
cold_stride_h0_s7_state0_mac0,stride,cold,final,0,7,,0,0,25000000,25000000,25000000,cohort,17600000,503,138,1,3,220,141,0,0,0
cold_stride_h0_s7_state0_mac0,stride,cold,final,0,7,,0,0,25000000,25000000,25000000,cohort,17700000,476,140,0,2,196,138,0,0,0
cold_stride_h0_s7_state0_mac0,stride,cold,final,0,7,,0,0,25000000,25000000,25000000,cohort,17800000,500,140,0,2,214,144,0,0,0
cold_stride_h0_s7_state0_mac0,stride,cold,final,0,7,,0,0,25000000,25000000,25000000,cohort,17900000,489,137,0,1,217,134,0,0,0
cold_stride_h0_s7_state0_mac0,stride,cold,final,0,7,,0,0,25000000,25000000,25000000,cohort,18000000,471,140,1,1,189,140,0,0,0
cold_stride_h0_s7_state0_mac0,stride,cold,final,0,7,,0,0,25000000,25000000,25000000,cohort,18100000,489,140,0,1,209,139,0,0,0
cold_stride_h0_s7_state0_mac0,stride,cold,final,0,7,,0,0,25000000,25000000,25000000,cohort,18200000,472,140,0,1,190,141,0,0,0
cold_stride_h0_s7_state0_mac0,stride,cold,final,0,7,,0,0,25000000,25000000,25000000,cohort,18300000,482,139,0,2,203,138,0,0,0
cold_stride_h0_s7_state0_mac0,stride,cold,final,0,7,,0,0,25000000,25000000,25000000,cohort,18400000,422,141,0,1,139,141,0,0,0
cold_stride_h0_s7_state0_mac0,stride,cold,final,0,7,,0,0,25000000,25000000,25000000,cohort,18500000,492,142,0,3,206,141,0,0,0
cold_stride_h0_s7_state0_mac0,stride,cold,final,0,7,,0,0,25000000,25000000,25000000,cohort,18600000,461,133,0,4,188,136,0,0,0
cold_stride_h0_s7_state0_mac0,stride,cold,final,0,7,,0,0,25000000,25000000,25000000,cohort,18700000,472,139,0,1,193,139,0,0,0
cold_stride_h0_s7_state0_mac0,stride,cold,final,0,7,,0,0,25000000,25000000,25000000,cohort,18800000,580,135,0,1,302,142,0,0,0
cold_stride_h0_s7_state0_mac0,stride,cold,final,0,7,,0,0,25000000,25000000,25000000,cohort,18900000,513,140,0,0,234,139,0,0,0
cold_stride_h0_s7_state0_mac0,stride,cold,final,0,7,,0,0,25000000,25000000,25000000,cohort,19000000,528,138,0,1,251,138,0,0,0
cold_stride_h0_s7_state0_mac0,stride,cold,final,0,7,,0,0,25000000,25000000,25000000,cohort,19100000,487,141,0,2,204,140,0,0,0
cold_stride_h0_s7_state0_mac0,stride,cold,final,0,7,,0,0,25000000,25000000,25000000,cohort,19200000,430,142,0,0,145,143,0,0,0
cold_stride_h0_s7_state0_mac0,stride,cold,final,0,7,,0,0,25000000,25000000,25000000,cohort,19300000,483,136,0,1,206,140,0,0,0
cold_stride_h0_s7_state0_mac0,stride,cold,final,0,7,,0,0,25000000,25000000,25000000,cohort,19400000,471,139,0,1,193,138,0,0,0
cold_stride_h0_s7_state0_mac0,stride,cold,final,0,7,,0,0,25000000,25000000,25000000,cohort,19500000,454,139,0,7,165,143,0,0,0
cold_stride_h0_s7_state0_mac0,stride,cold,final,0,7,,0,0,25000000,25000000,25000000,cohort,19600000,471,141,0,0,191,139,0,0,0
cold_stride_h0_s7_state0_mac0,stride,cold,final,0,7,,0,0,25000000,25000000,25000000,cohort,19700000,499,140,0,2,218,139,0,0,0
cold_stride_h0_s7_state0_mac0,stride,cold,final,0,7,,0,0,25000000,25000000,25000000,cohort,19800000,471,139,0,1,193,138,0,0,0
cold_stride_h0_s7_state0_mac0,stride,cold,final,0,7,,0,0,25000000,25000000,25000000,cohort,19900000,502,139,0,2,221,140,0,0,0
cold_stride_h0_s7_state0_mac0,stride,cold,final,0,7,,0,0,25000000,25000000,25000000,cohort,20000000,417,134,0,0,146,137,0,0,0
cold_stride_h0_s7_state0_mac0,stride,cold,final,0,7,,0,0,25000000,25000000,25000000,cohort,20100000,456,137,1,2,175,141,0,0,0
cold_stride_h0_s7_state0_mac0,stride,cold,final,0,7,,0,0,25000000,25000000,25000000,cohort,20200000,492,138,0,0,219,135,0,0,0
cold_stride_h0_s7_state0_mac0,stride,cold,final,0,7,,0,0,25000000,25000000,25000000,cohort,20300000,469,140,0,0,191,138,0,0,0
cold_stride_h0_s7_state0_mac0,stride,cold,final,0,7,,0,0,25000000,25000000,25000000,cohort,20400000,467,139,0,1,191,136,0,0,0
cold_stride_h0_s7_state0_mac0,stride,cold,final,0,7,,0,0,25000000,25000000,25000000,cohort,20500000,510,140,0,1,232,137,0,0,0
cold_stride_h0_s7_state0_mac0,stride,cold,final,0,7,,0,0,25000000,25000000,25000000,cohort,20600000,511,143,0,0,227,141,0,0,0
cold_stride_h0_s7_state0_mac0,stride,cold,final,0,7,,0,0,25000000,25000000,25000000,cohort,20700000,462,136,0,3,186,137,0,0,0
cold_stride_h0_s7_state0_mac0,stride,cold,final,0,7,,0,0,25000000,25000000,25000000,cohort,20800000,446,139,0,1,171,135,0,0,0
cold_stride_h0_s7_state0_mac0,stride,cold,final,0,7,,0,0,25000000,25000000,25000000,cohort,20900000,450,136,0,2,175,137,0,0,0
cold_stride_h0_s7_state0_mac0,stride,cold,final,0,7,,0,0,25000000,25000000,25000000,cohort,21000000,487,141,0,3,200,143,0,0,0
cold_stride_h0_s7_state0_mac0,stride,cold,final,0,7,,0,0,25000000,25000000,25000000,cohort,21100000,522,143,0,1,236,142,0,0,0
cold_stride_h0_s7_state0_mac0,stride,cold,final,0,7,,0,0,25000000,25000000,25000000,cohort,21200000,490,140,0,0,211,139,0,0,0
cold_stride_h0_s7_state0_mac0,stride,cold,final,0,7,,0,0,25000000,25000000,25000000,cohort,21300000,470,146,0,2,179,143,0,0,0
cold_stride_h0_s7_state0_mac0,stride,cold,final,0,7,,0,0,25000000,25000000,25000000,cohort,21400000,461,135,0,5,185,136,0,0,0
cold_stride_h0_s7_state0_mac0,stride,cold,final,0,7,,0,0,25000000,25000000,25000000,cohort,21500000,465,139,0,0,185,141,0,0,0
cold_stride_h0_s7_state0_mac0,stride,cold,final,0,7,,0,0,25000000,25000000,25000000,cohort,21600000,481,139,0,2,203,137,0,0,0
cold_stride_h0_s7_state0_mac0,stride,cold,final,0,7,,0,0,25000000,25000000,25000000,cohort,21700000,442,137,1,4,156,144,0,0,0
cold_stride_h0_s7_state0_mac0,stride,cold,final,0,7,,0,0,25000000,25000000,25000000,cohort,21800000,538,140,0,2,254,142,0,0,0
cold_stride_h0_s7_state0_mac0,stride,cold,final,0,7,,0,0,25000000,25000000,25000000,cohort,21900000,528,136,0,0,255,137,0,0,0
cold_stride_h0_s7_state0_mac0,stride,cold,final,0,7,,0,0,25000000,25000000,25000000,cohort,22000000,529,141,0,3,244,141,0,0,0
cold_stride_h0_s7_state0_mac0,stride,cold,final,0,7,,0,0,25000000,25000000,25000000,cohort,22100000,493,136,0,3,215,139,0,0,0
cold_stride_h0_s7_state0_mac0,stride,cold,final,0,7,,0,0,25000000,25000000,25000000,cohort,22200000,559,141,0,2,277,139,0,0,0
cold_stride_h0_s7_state0_mac0,stride,cold,final,0,7,,0,0,25000000,25000000,25000000,cohort,22300000,496,138,0,1,219,138,0,0,0
cold_stride_h0_s7_state0_mac0,stride,cold,final,0,7,,0,0,25000000,25000000,25000000,cohort,22400000,408,139,1,1,128,139,0,0,0
cold_stride_h0_s7_state0_mac0,stride,cold,final,0,7,,0,0,25000000,25000000,25000000,cohort,22500000,420,139,0,5,139,137,0,0,0
cold_stride_h0_s7_state0_mac0,stride,cold,final,0,7,,0,0,25000000,25000000,25000000,cohort,22600000,434,137,1,2,153,141,0,0,0
cold_stride_h0_s7_state0_mac0,stride,cold,final,0,7,,0,0,25000000,25000000,25000000,cohort,22700000,529,143,0,2,242,142,0,0,0
cold_stride_h0_s7_state0_mac0,stride,cold,final,0,7,,0,0,25000000,25000000,25000000,cohort,22800000,486,140,1,2,200,143,0,0,0
cold_stride_h0_s7_state0_mac0,stride,cold,final,0,7,,0,0,25000000,25000000,25000000,cohort,22900000,472,143,0,3,184,142,0,0,0
cold_stride_h0_s7_state0_mac0,stride,cold,final,0,7,,0,0,25000000,25000000,25000000,cohort,23000000,485,134,0,4,209,138,0,0,0
cold_stride_h0_s7_state0_mac0,stride,cold,final,0,7,,0,0,25000000,25000000,25000000,cohort,23100000,464,141,0,3,181,139,0,0,0
cold_stride_h0_s7_state0_mac0,stride,cold,final,0,7,,0,0,25000000,25000000,25000000,cohort,23200000,544,137,0,1,269,137,0,0,0
cold_stride_h0_s7_state0_mac0,stride,cold,final,0,7,,0,0,25000000,25000000,25000000,cohort,23300000,533,134,1,1,265,132,0,0,0
cold_stride_h0_s7_state0_mac0,stride,cold,final,0,7,,0,0,25000000,25000000,25000000,cohort,23400000,546,140,1,0,263,142,0,0,0
cold_stride_h0_s7_state0_mac0,stride,cold,final,0,7,,0,0,25000000,25000000,25000000,cohort,23500000,431,135,0,3,156,137,0,0,0
cold_stride_h0_s7_state0_mac0,stride,cold,final,0,7,,0,0,25000000,25000000,25000000,cohort,23600000,458,138,0,1,182,137,0,0,0
cold_stride_h0_s7_state0_mac0,stride,cold,final,0,7,,0,0,25000000,25000000,25000000,cohort,23700000,428,139,0,3,148,138,0,0,0
cold_stride_h0_s7_state0_mac0,stride,cold,final,0,7,,0,0,25000000,25000000,25000000,cohort,23800000,469,142,0,2,184,141,0,0,0
cold_stride_h0_s7_state0_mac0,stride,cold,final,0,7,,0,0,25000000,25000000,25000000,cohort,23900000,498,131,0,3,234,130,0,0,0
cold_stride_h0_s7_state0_mac0,stride,cold,final,0,7,,0,0,25000000,25000000,25000000,cohort,24000000,484,136,0,1,209,138,0,0,0
cold_stride_h0_s7_state0_mac0,stride,cold,final,0,7,,0,0,25000000,25000000,25000000,cohort,24100000,502,139,0,0,226,137,0,0,0
cold_stride_h0_s7_state0_mac0,stride,cold,final,0,7,,0,0,25000000,25000000,25000000,cohort,24200000,466,141,0,3,177,145,0,0,0
cold_stride_h0_s7_state0_mac0,stride,cold,final,0,7,,0,0,25000000,25000000,25000000,cohort,24300000,472,140,0,1,192,139,0,0,0
cold_stride_h0_s7_state0_mac0,stride,cold,final,0,7,,0,0,25000000,25000000,25000000,cohort,24400000,467,137,0,2,192,136,0,0,0
cold_stride_h0_s7_state0_mac0,stride,cold,final,0,7,,0,0,25000000,25000000,25000000,cohort,24500000,491,140,0,1,209,141,0,0,0
cold_stride_h0_s7_state0_mac0,stride,cold,final,0,7,,0,0,25000000,25000000,25000000,cohort,24600000,460,139,0,2,177,141,0,1,1
cold_stride_h0_s7_state0_mac0,stride,cold,final,0,7,,0,0,25000000,25000000,25000000,cohort,24700000,519,141,0,0,239,139,0,0,0
cold_stride_h0_s7_state0_mac0,stride,cold,final,0,7,,0,0,25000000,25000000,25000000,cohort,24800000,474,140,0,0,192,141,0,1,1
cold_stride_h0_s7_state0_mac0,stride,cold,final,0,7,,0,0,25000000,25000000,25000000,cohort,24900000,508,141,0,0,224,141,0,2,2
historical_frozen_i1m_h16_s7_state0_mac0,frozen,historical,final,16,7,i1m,0,0,25000000,25000000,25000004,cohort,0,1923,481,1,11,1263,166,0,1,1
historical_frozen_i1m_h16_s7_state0_mac0,frozen,historical,final,16,7,i1m,0,0,25000000,25000000,25000004,cohort,100000,1930,473,0,9,1284,164,0,0,0
historical_frozen_i1m_h16_s7_state0_mac0,frozen,historical,final,16,7,i1m,0,0,25000000,25000000,25000004,cohort,200000,1932,475,0,7,1288,162,0,0,0
historical_frozen_i1m_h16_s7_state0_mac0,frozen,historical,final,16,7,i1m,0,0,25000000,25000000,25000004,cohort,300000,1952,481,0,5,1299,166,0,1,1
historical_frozen_i1m_h16_s7_state0_mac0,frozen,historical,final,16,7,i1m,0,0,25000000,25000000,25000004,cohort,400000,1936,476,0,2,1298,160,0,0,0
historical_frozen_i1m_h16_s7_state0_mac0,frozen,historical,final,16,7,i1m,0,0,25000000,25000000,25000004,cohort,500000,1964,478,1,6,1315,164,0,0,0
historical_frozen_i1m_h16_s7_state0_mac0,frozen,historical,final,16,7,i1m,0,0,25000000,25000000,25000004,cohort,600000,1944,475,0,8,1297,164,0,0,0
historical_frozen_i1m_h16_s7_state0_mac0,frozen,historical,final,16,7,i1m,0,0,25000000,25000000,25000004,cohort,700000,1962,477,0,8,1311,166,0,0,0
historical_frozen_i1m_h16_s7_state0_mac0,frozen,historical,final,16,7,i1m,0,0,25000000,25000000,25000004,cohort,800000,1930,476,0,1,1294,159,0,0,0
historical_frozen_i1m_h16_s7_state0_mac0,frozen,historical,final,16,7,i1m,0,0,25000000,25000000,25000004,cohort,900000,1968,477,0,4,1319,168,0,0,0
historical_frozen_i1m_h16_s7_state0_mac0,frozen,historical,final,16,7,i1m,0,0,25000000,25000000,25000004,cohort,1000000,1984,478,0,5,1340,161,0,0,0
historical_frozen_i1m_h16_s7_state0_mac0,frozen,historical,final,16,7,i1m,0,0,25000000,25000000,25000004,cohort,1100000,1942,475,1,7,1295,164,0,0,0
historical_frozen_i1m_h16_s7_state0_mac0,frozen,historical,final,16,7,i1m,0,0,25000000,25000000,25000004,cohort,1200000,1966,472,0,14,1311,169,0,0,0
historical_frozen_i1m_h16_s7_state0_mac0,frozen,historical,final,16,7,i1m,0,0,25000000,25000000,25000004,cohort,1300000,1944,474,0,6,1300,164,0,0,0
historical_frozen_i1m_h16_s7_state0_mac0,frozen,historical,final,16,7,i1m,0,0,25000000,25000000,25000004,cohort,1400000,1970,479,0,5,1321,165,0,0,0
historical_frozen_i1m_h16_s7_state0_mac0,frozen,historical,final,16,7,i1m,0,0,25000000,25000000,25000004,cohort,1500000,1938,476,0,2,1301,159,0,0,0
historical_frozen_i1m_h16_s7_state0_mac0,frozen,historical,final,16,7,i1m,0,0,25000000,25000000,25000004,cohort,1600000,1920,473,0,22,1249,176,0,0,0
historical_frozen_i1m_h16_s7_state0_mac0,frozen,historical,final,16,7,i1m,0,0,25000000,25000000,25000004,cohort,1700000,1976,476,0,8,1326,166,0,0,0
historical_frozen_i1m_h16_s7_state0_mac0,frozen,historical,final,16,7,i1m,0,0,25000000,25000000,25000004,cohort,1800000,1954,474,0,9,1305,166,0,0,0
historical_frozen_i1m_h16_s7_state0_mac0,frozen,historical,final,16,7,i1m,0,0,25000000,25000000,25000004,cohort,1900000,1966,474,1,13,1306,172,0,0,0
historical_frozen_i1m_h16_s7_state0_mac0,frozen,historical,final,16,7,i1m,0,0,25000000,25000000,25000004,cohort,2000000,1940,479,0,1,1301,159,0,0,0
historical_frozen_i1m_h16_s7_state0_mac0,frozen,historical,final,16,7,i1m,0,0,25000000,25000000,25000004,cohort,2100000,1968,476,1,6,1316,169,0,0,0
historical_frozen_i1m_h16_s7_state0_mac0,frozen,historical,final,16,7,i1m,0,0,25000000,25000000,25000004,cohort,2200000,1948,477,0,3,1307,161,0,0,0
historical_frozen_i1m_h16_s7_state0_mac0,frozen,historical,final,16,7,i1m,0,0,25000000,25000000,25000004,cohort,2300000,1968,475,0,11,1311,171,0,0,0
historical_frozen_i1m_h16_s7_state0_mac0,frozen,historical,final,16,7,i1m,0,0,25000000,25000000,25000004,cohort,2400000,1948,469,0,9,1303,167,0,0,0
historical_frozen_i1m_h16_s7_state0_mac0,frozen,historical,final,16,7,i1m,0,0,25000000,25000000,25000004,cohort,2500000,1936,474,0,13,1278,171,0,0,0
historical_frozen_i1m_h16_s7_state0_mac0,frozen,historical,final,16,7,i1m,0,0,25000000,25000000,25000004,cohort,2600000,1984,477,0,18,1313,176,0,0,0
historical_frozen_i1m_h16_s7_state0_mac0,frozen,historical,final,16,7,i1m,0,0,25000000,25000000,25000004,cohort,2700000,1944,479,0,2,1298,165,0,0,0
historical_frozen_i1m_h16_s7_state0_mac0,frozen,historical,final,16,7,i1m,0,0,25000000,25000000,25000004,cohort,2800000,1962,474,0,3,1325,160,0,0,0
historical_frozen_i1m_h16_s7_state0_mac0,frozen,historical,final,16,7,i1m,0,0,25000000,25000000,25000004,cohort,2900000,1942,476,0,4,1293,169,0,0,0
historical_frozen_i1m_h16_s7_state0_mac0,frozen,historical,final,16,7,i1m,0,0,25000000,25000000,25000004,cohort,3000000,1954,476,0,5,1312,161,0,0,0
historical_frozen_i1m_h16_s7_state0_mac0,frozen,historical,final,16,7,i1m,0,0,25000000,25000000,25000004,cohort,3100000,1950,472,0,4,1312,162,0,0,0
historical_frozen_i1m_h16_s7_state0_mac0,frozen,historical,final,16,7,i1m,0,0,25000000,25000000,25000004,cohort,3200000,1972,477,0,4,1325,166,0,0,0
historical_frozen_i1m_h16_s7_state0_mac0,frozen,historical,final,16,7,i1m,0,0,25000000,25000000,25000004,cohort,3300000,1970,477,0,6,1322,165,0,0,0
historical_frozen_i1m_h16_s7_state0_mac0,frozen,historical,final,16,7,i1m,0,0,25000000,25000000,25000004,cohort,3400000,1950,473,0,3,1313,161,0,0,0
historical_frozen_i1m_h16_s7_state0_mac0,frozen,historical,final,16,7,i1m,0,0,25000000,25000000,25000004,cohort,3500000,1984,474,0,14,1324,172,0,0,0
historical_frozen_i1m_h16_s7_state0_mac0,frozen,historical,final,16,7,i1m,0,0,25000000,25000000,25000004,cohort,3600000,1968,467,0,23,1300,178,0,0,0
historical_frozen_i1m_h16_s7_state0_mac0,frozen,historical,final,16,7,i1m,0,0,25000000,25000000,25000004,cohort,3700000,1952,474,0,4,1307,167,0,0,0
historical_frozen_i1m_h16_s7_state0_mac0,frozen,historical,final,16,7,i1m,0,0,25000000,25000000,25000004,cohort,3800000,1952,472,0,13,1303,164,0,0,0
historical_frozen_i1m_h16_s7_state0_mac0,frozen,historical,final,16,7,i1m,0,0,25000000,25000000,25000004,cohort,3900000,1994,472,0,12,1343,167,0,0,0
historical_frozen_i1m_h16_s7_state0_mac0,frozen,historical,final,16,7,i1m,0,0,25000000,25000000,25000004,cohort,4000000,1968,470,0,20,1303,175,0,0,0
historical_frozen_i1m_h16_s7_state0_mac0,frozen,historical,final,16,7,i1m,0,0,25000000,25000000,25000004,cohort,4100000,1950,474,0,8,1302,166,0,0,0
historical_frozen_i1m_h16_s7_state0_mac0,frozen,historical,final,16,7,i1m,0,0,25000000,25000000,25000004,cohort,4200000,1966,469,0,13,1313,171,0,0,0
historical_frozen_i1m_h16_s7_state0_mac0,frozen,historical,final,16,7,i1m,0,0,25000000,25000000,25000004,cohort,4300000,1944,476,0,5,1301,162,0,0,0
historical_frozen_i1m_h16_s7_state0_mac0,frozen,historical,final,16,7,i1m,0,0,25000000,25000000,25000004,cohort,4400000,1958,473,0,7,1314,164,0,0,0
historical_frozen_i1m_h16_s7_state0_mac0,frozen,historical,final,16,7,i1m,0,0,25000000,25000000,25000004,cohort,4500000,1942,467,0,16,1289,170,0,0,0
historical_frozen_i1m_h16_s7_state0_mac0,frozen,historical,final,16,7,i1m,0,0,25000000,25000000,25000004,cohort,4600000,1954,470,0,15,1298,171,0,0,0
historical_frozen_i1m_h16_s7_state0_mac0,frozen,historical,final,16,7,i1m,0,0,25000000,25000000,25000004,cohort,4700000,1958,473,0,8,1306,171,0,0,0
historical_frozen_i1m_h16_s7_state0_mac0,frozen,historical,final,16,7,i1m,0,0,25000000,25000000,25000004,cohort,4800000,1944,476,0,4,1305,159,0,0,0
historical_frozen_i1m_h16_s7_state0_mac0,frozen,historical,final,16,7,i1m,0,0,25000000,25000000,25000004,cohort,4900000,1970,472,0,20,1299,179,0,0,0
historical_frozen_i1m_h16_s7_state0_mac0,frozen,historical,final,16,7,i1m,0,0,25000000,25000000,25000004,cohort,5000000,1922,468,0,19,1265,170,0,0,0
historical_frozen_i1m_h16_s7_state0_mac0,frozen,historical,final,16,7,i1m,0,0,25000000,25000000,25000004,cohort,5100000,1936,470,0,12,1284,170,0,0,0
historical_frozen_i1m_h16_s7_state0_mac0,frozen,historical,final,16,7,i1m,0,0,25000000,25000000,25000004,cohort,5200000,1970,470,0,21,1305,174,0,0,0
historical_frozen_i1m_h16_s7_state0_mac0,frozen,historical,final,16,7,i1m,0,0,25000000,25000000,25000004,cohort,5300000,1934,473,0,12,1283,166,0,0,0
historical_frozen_i1m_h16_s7_state0_mac0,frozen,historical,final,16,7,i1m,0,0,25000000,25000000,25000004,cohort,5400000,1972,467,0,24,1302,179,0,0,0
historical_frozen_i1m_h16_s7_state0_mac0,frozen,historical,final,16,7,i1m,0,0,25000000,25000000,25000004,cohort,5500000,1942,476,0,7,1292,167,0,0,0
historical_frozen_i1m_h16_s7_state0_mac0,frozen,historical,final,16,7,i1m,0,0,25000000,25000000,25000004,cohort,5600000,1968,472,0,19,1306,171,0,0,0
historical_frozen_i1m_h16_s7_state0_mac0,frozen,historical,final,16,7,i1m,0,0,25000000,25000000,25000004,cohort,5700000,1902,462,0,9,1267,164,0,0,0
historical_frozen_i1m_h16_s7_state0_mac0,frozen,historical,final,16,7,i1m,0,0,25000000,25000000,25000004,cohort,5800000,1902,463,0,10,1268,161,0,0,0
historical_frozen_i1m_h16_s7_state0_mac0,frozen,historical,final,16,7,i1m,0,0,25000000,25000000,25000004,cohort,5900000,1944,468,0,15,1294,167,0,0,0
historical_frozen_i1m_h16_s7_state0_mac0,frozen,historical,final,16,7,i1m,0,0,25000000,25000000,25000004,cohort,6000000,1932,472,1,7,1290,162,0,0,0
historical_frozen_i1m_h16_s7_state0_mac0,frozen,historical,final,16,7,i1m,0,0,25000000,25000000,25000004,cohort,6100000,1950,466,0,16,1294,174,0,0,0
historical_frozen_i1m_h16_s7_state0_mac0,frozen,historical,final,16,7,i1m,0,0,25000000,25000000,25000004,cohort,6200000,1938,473,0,7,1294,164,0,0,0
historical_frozen_i1m_h16_s7_state0_mac0,frozen,historical,final,16,7,i1m,0,0,25000000,25000000,25000004,cohort,6300000,1942,466,0,18,1288,170,0,0,0
historical_frozen_i1m_h16_s7_state0_mac0,frozen,historical,final,16,7,i1m,0,0,25000000,25000000,25000004,cohort,6400000,1936,476,0,16,1273,171,0,0,0
historical_frozen_i1m_h16_s7_state0_mac0,frozen,historical,final,16,7,i1m,0,0,25000000,25000000,25000004,cohort,6500000,1936,473,0,11,1282,170,0,0,0
historical_frozen_i1m_h16_s7_state0_mac0,frozen,historical,final,16,7,i1m,0,0,25000000,25000000,25000004,cohort,6600000,1990,477,0,17,1322,174,0,0,0
historical_frozen_i1m_h16_s7_state0_mac0,frozen,historical,final,16,7,i1m,0,0,25000000,25000000,25000004,cohort,6700000,1942,475,0,10,1292,165,0,0,0
historical_frozen_i1m_h16_s7_state0_mac0,frozen,historical,final,16,7,i1m,0,0,25000000,25000000,25000004,cohort,6800000,1974,470,0,18,1313,173,0,0,0
historical_frozen_i1m_h16_s7_state0_mac0,frozen,historical,final,16,7,i1m,0,0,25000000,25000000,25000004,cohort,6900000,1940,471,0,13,1286,170,0,0,0
historical_frozen_i1m_h16_s7_state0_mac0,frozen,historical,final,16,7,i1m,0,0,25000000,25000000,25000004,cohort,7000000,1928,477,0,2,1289,160,0,0,0
historical_frozen_i1m_h16_s7_state0_mac0,frozen,historical,final,16,7,i1m,0,0,25000000,25000000,25000004,cohort,7100000,1958,468,0,17,1302,171,0,0,0
historical_frozen_i1m_h16_s7_state0_mac0,frozen,historical,final,16,7,i1m,0,0,25000000,25000000,25000004,cohort,7200000,1944,474,0,10,1292,168,0,0,0
historical_frozen_i1m_h16_s7_state0_mac0,frozen,historical,final,16,7,i1m,0,0,25000000,25000000,25000004,cohort,7300000,1956,473,0,13,1301,169,0,0,0
historical_frozen_i1m_h16_s7_state0_mac0,frozen,historical,final,16,7,i1m,0,0,25000000,25000000,25000004,cohort,7400000,1934,470,0,11,1287,166,0,0,0
historical_frozen_i1m_h16_s7_state0_mac0,frozen,historical,final,16,7,i1m,0,0,25000000,25000000,25000004,cohort,7500000,1964,468,0,14,1306,176,0,0,0
historical_frozen_i1m_h16_s7_state0_mac0,frozen,historical,final,16,7,i1m,0,0,25000000,25000000,25000004,cohort,7600000,1928,476,0,3,1291,158,0,0,0
historical_frozen_i1m_h16_s7_state0_mac0,frozen,historical,final,16,7,i1m,0,0,25000000,25000000,25000004,cohort,7700000,1948,470,0,11,1301,166,0,0,0
historical_frozen_i1m_h16_s7_state0_mac0,frozen,historical,final,16,7,i1m,0,0,25000000,25000000,25000004,cohort,7800000,1952,472,0,17,1287,176,0,0,0
historical_frozen_i1m_h16_s7_state0_mac0,frozen,historical,final,16,7,i1m,0,0,25000000,25000000,25000004,cohort,7900000,1926,476,0,3,1288,159,0,0,0
historical_frozen_i1m_h16_s7_state0_mac0,frozen,historical,final,16,7,i1m,0,0,25000000,25000000,25000004,cohort,8000000,1972,468,0,21,1309,174,0,0,0
historical_frozen_i1m_h16_s7_state0_mac0,frozen,historical,final,16,7,i1m,0,0,25000000,25000000,25000004,cohort,8100000,1986,469,0,15,1332,170,0,0,0
historical_frozen_i1m_h16_s7_state0_mac0,frozen,historical,final,16,7,i1m,0,0,25000000,25000000,25000004,cohort,8200000,1972,474,0,14,1316,168,0,0,0
historical_frozen_i1m_h16_s7_state0_mac0,frozen,historical,final,16,7,i1m,0,0,25000000,25000000,25000004,cohort,8300000,1940,475,0,4,1300,161,0,0,0
historical_frozen_i1m_h16_s7_state0_mac0,frozen,historical,final,16,7,i1m,0,0,25000000,25000000,25000004,cohort,8400000,1948,476,0,9,1298,165,0,0,0
historical_frozen_i1m_h16_s7_state0_mac0,frozen,historical,final,16,7,i1m,0,0,25000000,25000000,25000004,cohort,8500000,1974,480,0,26,1288,180,0,0,0
historical_frozen_i1m_h16_s7_state0_mac0,frozen,historical,final,16,7,i1m,0,0,25000000,25000000,25000004,cohort,8600000,1936,476,0,8,1285,167,0,0,0
historical_frozen_i1m_h16_s7_state0_mac0,frozen,historical,final,16,7,i1m,0,0,25000000,25000000,25000004,cohort,8700000,1996,476,0,17,1333,170,0,0,0
historical_frozen_i1m_h16_s7_state0_mac0,frozen,historical,final,16,7,i1m,0,0,25000000,25000000,25000004,cohort,8800000,1930,473,0,14,1276,167,0,0,0
historical_frozen_i1m_h16_s7_state0_mac0,frozen,historical,final,16,7,i1m,0,0,25000000,25000000,25000004,cohort,8900000,1954,470,0,14,1301,169,0,0,0
historical_frozen_i1m_h16_s7_state0_mac0,frozen,historical,final,16,7,i1m,0,0,25000000,25000000,25000004,cohort,9000000,1960,470,0,12,1310,168,0,0,0
historical_frozen_i1m_h16_s7_state0_mac0,frozen,historical,final,16,7,i1m,0,0,25000000,25000000,25000004,cohort,9100000,1944,473,0,13,1290,168,0,0,0
historical_frozen_i1m_h16_s7_state0_mac0,frozen,historical,final,16,7,i1m,0,0,25000000,25000000,25000004,cohort,9200000,1992,473,0,15,1333,171,0,0,0
historical_frozen_i1m_h16_s7_state0_mac0,frozen,historical,final,16,7,i1m,0,0,25000000,25000000,25000004,cohort,9300000,1950,473,0,9,1303,165,0,0,0
historical_frozen_i1m_h16_s7_state0_mac0,frozen,historical,final,16,7,i1m,0,0,25000000,25000000,25000004,cohort,9400000,1990,471,0,7,1346,166,0,0,0
historical_frozen_i1m_h16_s7_state0_mac0,frozen,historical,final,16,7,i1m,0,0,25000000,25000000,25000004,cohort,9500000,1940,477,0,8,1289,166,0,0,0
historical_frozen_i1m_h16_s7_state0_mac0,frozen,historical,final,16,7,i1m,0,0,25000000,25000000,25000004,cohort,9600000,1982,471,0,18,1318,175,0,0,0
historical_frozen_i1m_h16_s7_state0_mac0,frozen,historical,final,16,7,i1m,0,0,25000000,25000000,25000004,cohort,9700000,1942,469,0,17,1285,171,0,0,0
historical_frozen_i1m_h16_s7_state0_mac0,frozen,historical,final,16,7,i1m,0,0,25000000,25000000,25000004,cohort,9800000,1934,471,0,16,1276,171,0,0,0
historical_frozen_i1m_h16_s7_state0_mac0,frozen,historical,final,16,7,i1m,0,0,25000000,25000000,25000004,cohort,9900000,1988,471,0,18,1322,177,0,0,0
historical_frozen_i1m_h16_s7_state0_mac0,frozen,historical,final,16,7,i1m,0,0,25000000,25000000,25000004,cohort,10000000,1940,475,0,8,1291,166,0,0,0
historical_frozen_i1m_h16_s7_state0_mac0,frozen,historical,final,16,7,i1m,0,0,25000000,25000000,25000004,cohort,10100000,1958,473,0,8,1309,168,0,0,0
historical_frozen_i1m_h16_s7_state0_mac0,frozen,historical,final,16,7,i1m,0,0,25000000,25000000,25000004,cohort,10200000,1934,473,0,8,1289,164,0,0,0
historical_frozen_i1m_h16_s7_state0_mac0,frozen,historical,final,16,7,i1m,0,0,25000000,25000000,25000004,cohort,10300000,1978,474,0,9,1327,168,0,0,0
historical_frozen_i1m_h16_s7_state0_mac0,frozen,historical,final,16,7,i1m,0,0,25000000,25000000,25000004,cohort,10400000,1940,473,0,7,1298,162,0,0,0
historical_frozen_i1m_h16_s7_state0_mac0,frozen,historical,final,16,7,i1m,0,0,25000000,25000000,25000004,cohort,10500000,1934,477,0,4,1289,164,0,0,0
historical_frozen_i1m_h16_s7_state0_mac0,frozen,historical,final,16,7,i1m,0,0,25000000,25000000,25000004,cohort,10600000,1970,469,0,20,1307,174,0,0,0
historical_frozen_i1m_h16_s7_state0_mac0,frozen,historical,final,16,7,i1m,0,0,25000000,25000000,25000004,cohort,10700000,1942,475,0,5,1298,164,0,0,0
historical_frozen_i1m_h16_s7_state0_mac0,frozen,historical,final,16,7,i1m,0,0,25000000,25000000,25000004,cohort,10800000,1968,467,0,20,1303,178,0,0,0
historical_frozen_i1m_h16_s7_state0_mac0,frozen,historical,final,16,7,i1m,0,0,25000000,25000000,25000004,cohort,10900000,1948,478,0,7,1298,165,0,0,0
historical_frozen_i1m_h16_s7_state0_mac0,frozen,historical,final,16,7,i1m,0,0,25000000,25000000,25000004,cohort,11000000,1970,471,0,15,1312,172,0,0,0
historical_frozen_i1m_h16_s7_state0_mac0,frozen,historical,final,16,7,i1m,0,0,25000000,25000000,25000004,cohort,11100000,1952,473,0,13,1297,169,0,0,0
historical_frozen_i1m_h16_s7_state0_mac0,frozen,historical,final,16,7,i1m,0,0,25000000,25000000,25000004,cohort,11200000,1958,470,0,19,1293,176,0,0,0
historical_frozen_i1m_h16_s7_state0_mac0,frozen,historical,final,16,7,i1m,0,0,25000000,25000000,25000004,cohort,11300000,1978,471,0,24,1305,178,0,0,0
historical_frozen_i1m_h16_s7_state0_mac0,frozen,historical,final,16,7,i1m,0,0,25000000,25000000,25000004,cohort,11400000,1966,477,1,32,1266,190,0,0,0
historical_frozen_i1m_h16_s7_state0_mac0,frozen,historical,final,16,7,i1m,0,0,25000000,25000000,25000004,cohort,11500000,1992,450,4,83,1224,231,0,0,0
historical_frozen_i1m_h16_s7_state0_mac0,frozen,historical,final,16,7,i1m,0,0,25000000,25000000,25000004,cohort,11600000,1944,472,0,18,1277,177,0,0,0
historical_frozen_i1m_h16_s7_state0_mac0,frozen,historical,final,16,7,i1m,0,0,25000000,25000000,25000004,cohort,11700000,1934,473,0,10,1284,167,0,0,0
historical_frozen_i1m_h16_s7_state0_mac0,frozen,historical,final,16,7,i1m,0,0,25000000,25000000,25000004,cohort,11800000,1832,415,0,49,1183,185,0,0,0
historical_frozen_i1m_h16_s7_state0_mac0,frozen,historical,final,16,7,i1m,0,0,25000000,25000000,25000004,cohort,11900000,1810,431,0,34,1172,173,0,0,0
historical_frozen_i1m_h16_s7_state0_mac0,frozen,historical,final,16,7,i1m,0,0,25000000,25000000,25000004,cohort,12000000,1908,459,1,23,1255,170,0,0,0
historical_frozen_i1m_h16_s7_state0_mac0,frozen,historical,final,16,7,i1m,0,0,25000000,25000000,25000004,cohort,12100000,2044,486,9,47,1291,211,0,0,0
historical_frozen_i1m_h16_s7_state0_mac0,frozen,historical,final,16,7,i1m,0,0,25000000,25000000,25000004,cohort,12200000,1934,473,0,9,1284,168,0,0,0
historical_frozen_i1m_h16_s7_state0_mac0,frozen,historical,final,16,7,i1m,0,0,25000000,25000000,25000004,cohort,12300000,1946,472,1,21,1274,178,0,0,0
historical_frozen_i1m_h16_s7_state0_mac0,frozen,historical,final,16,7,i1m,0,0,25000000,25000000,25000004,cohort,12400000,1982,481,1,22,1296,182,0,0,0
historical_frozen_i1m_h16_s7_state0_mac0,frozen,historical,final,16,7,i1m,0,0,25000000,25000000,25000004,cohort,12500000,1926,471,0,11,1279,165,0,0,0
historical_frozen_i1m_h16_s7_state0_mac0,frozen,historical,final,16,7,i1m,0,0,25000000,25000000,25000004,cohort,12600000,2072,464,15,134,1166,293,0,0,0
historical_frozen_i1m_h16_s7_state0_mac0,frozen,historical,final,16,7,i1m,0,0,25000000,25000000,25000004,cohort,12700000,2016,487,5,59,1243,222,0,0,0
historical_frozen_i1m_h16_s7_state0_mac0,frozen,historical,final,16,7,i1m,0,0,25000000,25000000,25000004,cohort,12800000,2034,475,3,95,1212,249,0,0,0
historical_frozen_i1m_h16_s7_state0_mac0,frozen,historical,final,16,7,i1m,0,0,25000000,25000000,25000004,cohort,12900000,1954,473,0,17,1290,174,0,0,0
historical_frozen_i1m_h16_s7_state0_mac0,frozen,historical,final,16,7,i1m,0,0,25000000,25000000,25000004,cohort,13000000,1932,472,0,9,1284,167,0,0,0
historical_frozen_i1m_h16_s7_state0_mac0,frozen,historical,final,16,7,i1m,0,0,25000000,25000000,25000004,cohort,13100000,1926,475,0,8,1277,166,0,0,0
historical_frozen_i1m_h16_s7_state0_mac0,frozen,historical,final,16,7,i1m,0,0,25000000,25000000,25000004,cohort,13200000,2012,459,11,123,1153,266,0,0,0
historical_frozen_i1m_h16_s7_state0_mac0,frozen,historical,final,16,7,i1m,0,0,25000000,25000000,25000004,cohort,13300000,1928,471,0,8,1283,166,0,0,0
historical_frozen_i1m_h16_s7_state0_mac0,frozen,historical,final,16,7,i1m,0,0,25000000,25000000,25000004,cohort,13400000,2332,797,0,147,967,418,0,3,3
historical_frozen_i1m_h16_s7_state0_mac0,frozen,historical,final,16,7,i1m,0,0,25000000,25000000,25000004,cohort,13500000,1942,462,0,17,1284,179,0,0,0
historical_frozen_i1m_h16_s7_state0_mac0,frozen,historical,final,16,7,i1m,0,0,25000000,25000000,25000004,cohort,13600000,1946,459,0,15,1295,177,0,0,0
historical_frozen_i1m_h16_s7_state0_mac0,frozen,historical,final,16,7,i1m,0,0,25000000,25000000,25000004,cohort,13700000,1970,478,0,32,1271,189,0,0,0
historical_frozen_i1m_h16_s7_state0_mac0,frozen,historical,final,16,7,i1m,0,0,25000000,25000000,25000004,cohort,13800000,1930,476,0,3,1292,159,0,0,0
historical_frozen_i1m_h16_s7_state0_mac0,frozen,historical,final,16,7,i1m,0,0,25000000,25000000,25000004,cohort,13900000,1980,468,0,26,1307,179,0,0,0
historical_frozen_i1m_h16_s7_state0_mac0,frozen,historical,final,16,7,i1m,0,0,25000000,25000000,25000004,cohort,14000000,1932,475,0,10,1280,167,0,0,0
historical_frozen_i1m_h16_s7_state0_mac0,frozen,historical,final,16,7,i1m,0,0,25000000,25000000,25000004,cohort,14100000,1920,469,0,27,1248,176,0,0,0
historical_frozen_i1m_h16_s7_state0_mac0,frozen,historical,final,16,7,i1m,0,0,25000000,25000000,25000004,cohort,14200000,1986,475,0,19,1317,175,0,0,0
historical_frozen_i1m_h16_s7_state0_mac0,frozen,historical,final,16,7,i1m,0,0,25000000,25000000,25000004,cohort,14300000,1928,475,0,3,1290,160,0,0,0
historical_frozen_i1m_h16_s7_state0_mac0,frozen,historical,final,16,7,i1m,0,0,25000000,25000000,25000004,cohort,14400000,1974,474,0,13,1313,174,0,0,0
historical_frozen_i1m_h16_s7_state0_mac0,frozen,historical,final,16,7,i1m,0,0,25000000,25000000,25000004,cohort,14500000,1928,474,0,5,1288,161,0,0,0
historical_frozen_i1m_h16_s7_state0_mac0,frozen,historical,final,16,7,i1m,0,0,25000000,25000000,25000004,cohort,14600000,1968,477,0,13,1306,172,0,0,0
historical_frozen_i1m_h16_s7_state0_mac0,frozen,historical,final,16,7,i1m,0,0,25000000,25000000,25000004,cohort,14700000,1940,473,0,11,1288,168,0,0,0
historical_frozen_i1m_h16_s7_state0_mac0,frozen,historical,final,16,7,i1m,0,0,25000000,25000000,25000004,cohort,14800000,1934,476,0,8,1290,160,0,0,0
historical_frozen_i1m_h16_s7_state0_mac0,frozen,historical,final,16,7,i1m,0,0,25000000,25000000,25000004,cohort,14900000,1966,472,0,20,1297,177,0,0,0
historical_frozen_i1m_h16_s7_state0_mac0,frozen,historical,final,16,7,i1m,0,0,25000000,25000000,25000004,cohort,15000000,1936,475,0,7,1292,162,0,0,0
historical_frozen_i1m_h16_s7_state0_mac0,frozen,historical,final,16,7,i1m,0,0,25000000,25000000,25000004,cohort,15100000,1956,466,0,30,1278,182,0,0,0
historical_frozen_i1m_h16_s7_state0_mac0,frozen,historical,final,16,7,i1m,0,0,25000000,25000000,25000004,cohort,15200000,1946,478,0,7,1294,167,0,0,0
historical_frozen_i1m_h16_s7_state0_mac0,frozen,historical,final,16,7,i1m,0,0,25000000,25000000,25000004,cohort,15300000,1972,474,0,8,1328,162,0,0,0
historical_frozen_i1m_h16_s7_state0_mac0,frozen,historical,final,16,7,i1m,0,0,25000000,25000000,25000004,cohort,15400000,1942,476,0,9,1291,166,0,0,0
historical_frozen_i1m_h16_s7_state0_mac0,frozen,historical,final,16,7,i1m,0,0,25000000,25000000,25000004,cohort,15500000,1938,475,0,6,1294,163,0,0,0
historical_frozen_i1m_h16_s7_state0_mac0,frozen,historical,final,16,7,i1m,0,0,25000000,25000000,25000004,cohort,15600000,1960,473,0,10,1314,163,0,0,0
historical_frozen_i1m_h16_s7_state0_mac0,frozen,historical,final,16,7,i1m,0,0,25000000,25000000,25000004,cohort,15700000,1932,473,0,6,1287,166,0,0,0
historical_frozen_i1m_h16_s7_state0_mac0,frozen,historical,final,16,7,i1m,0,0,25000000,25000000,25000004,cohort,15800000,1966,468,0,17,1307,174,0,0,0
historical_frozen_i1m_h16_s7_state0_mac0,frozen,historical,final,16,7,i1m,0,0,25000000,25000000,25000004,cohort,15900000,1940,474,0,9,1292,165,0,0,0
historical_frozen_i1m_h16_s7_state0_mac0,frozen,historical,final,16,7,i1m,0,0,25000000,25000000,25000004,cohort,16000000,1962,472,0,10,1311,169,0,0,0
historical_frozen_i1m_h16_s7_state0_mac0,frozen,historical,final,16,7,i1m,0,0,25000000,25000000,25000004,cohort,16100000,1948,477,0,9,1295,167,0,0,0
historical_frozen_i1m_h16_s7_state0_mac0,frozen,historical,final,16,7,i1m,0,0,25000000,25000000,25000004,cohort,16200000,1974,471,0,13,1319,171,0,0,0
historical_frozen_i1m_h16_s7_state0_mac0,frozen,historical,final,16,7,i1m,0,0,25000000,25000000,25000004,cohort,16300000,1934,477,0,4,1292,161,0,0,0
historical_frozen_i1m_h16_s7_state0_mac0,frozen,historical,final,16,7,i1m,0,0,25000000,25000000,25000004,cohort,16400000,1940,471,0,16,1280,173,0,0,0
historical_frozen_i1m_h16_s7_state0_mac0,frozen,historical,final,16,7,i1m,0,0,25000000,25000000,25000004,cohort,16500000,1960,475,0,14,1300,171,0,0,0
historical_frozen_i1m_h16_s7_state0_mac0,frozen,historical,final,16,7,i1m,0,0,25000000,25000000,25000004,cohort,16600000,1940,467,0,13,1293,167,0,0,0
historical_frozen_i1m_h16_s7_state0_mac0,frozen,historical,final,16,7,i1m,0,0,25000000,25000000,25000004,cohort,16700000,1966,474,0,12,1310,170,0,0,0
historical_frozen_i1m_h16_s7_state0_mac0,frozen,historical,final,16,7,i1m,0,0,25000000,25000000,25000004,cohort,16800000,1936,470,0,12,1285,169,0,0,0
historical_frozen_i1m_h16_s7_state0_mac0,frozen,historical,final,16,7,i1m,0,0,25000000,25000000,25000004,cohort,16900000,1970,472,0,17,1306,175,0,0,0
historical_frozen_i1m_h16_s7_state0_mac0,frozen,historical,final,16,7,i1m,0,0,25000000,25000000,25000004,cohort,17000000,1944,474,0,9,1298,163,0,0,0
historical_frozen_i1m_h16_s7_state0_mac0,frozen,historical,final,16,7,i1m,0,0,25000000,25000000,25000004,cohort,17100000,1928,473,0,16,1267,172,0,0,0
historical_frozen_i1m_h16_s7_state0_mac0,frozen,historical,final,16,7,i1m,0,0,25000000,25000000,25000004,cohort,17200000,1966,473,0,13,1310,170,0,0,0
historical_frozen_i1m_h16_s7_state0_mac0,frozen,historical,final,16,7,i1m,0,0,25000000,25000000,25000004,cohort,17300000,1940,473,0,8,1293,166,0,0,0
historical_frozen_i1m_h16_s7_state0_mac0,frozen,historical,final,16,7,i1m,0,0,25000000,25000000,25000004,cohort,17400000,1982,475,0,12,1326,169,0,0,0
historical_frozen_i1m_h16_s7_state0_mac0,frozen,historical,final,16,7,i1m,0,0,25000000,25000000,25000004,cohort,17500000,1940,472,0,11,1291,166,0,0,0
historical_frozen_i1m_h16_s7_state0_mac0,frozen,historical,final,16,7,i1m,0,0,25000000,25000000,25000004,cohort,17600000,1930,471,0,11,1282,166,0,0,0
historical_frozen_i1m_h16_s7_state0_mac0,frozen,historical,final,16,7,i1m,0,0,25000000,25000000,25000004,cohort,17700000,1960,474,0,12,1303,171,0,0,0
historical_frozen_i1m_h16_s7_state0_mac0,frozen,historical,final,16,7,i1m,0,0,25000000,25000000,25000004,cohort,17800000,1938,471,0,10,1291,166,0,0,0
historical_frozen_i1m_h16_s7_state0_mac0,frozen,historical,final,16,7,i1m,0,0,25000000,25000000,25000004,cohort,17900000,1972,473,0,13,1317,169,0,0,0
historical_frozen_i1m_h16_s7_state0_mac0,frozen,historical,final,16,7,i1m,0,0,25000000,25000000,25000004,cohort,18000000,1934,480,0,2,1288,164,0,0,0
historical_frozen_i1m_h16_s7_state0_mac0,frozen,historical,final,16,7,i1m,0,0,25000000,25000000,25000004,cohort,18100000,1964,473,0,10,1312,169,0,0,0
historical_frozen_i1m_h16_s7_state0_mac0,frozen,historical,final,16,7,i1m,0,0,25000000,25000000,25000004,cohort,18200000,1938,473,0,5,1299,161,0,0,0
historical_frozen_i1m_h16_s7_state0_mac0,frozen,historical,final,16,7,i1m,0,0,25000000,25000000,25000004,cohort,18300000,1954,470,0,14,1304,166,0,0,0
historical_frozen_i1m_h16_s7_state0_mac0,frozen,historical,final,16,7,i1m,0,0,25000000,25000000,25000004,cohort,18400000,1936,471,0,11,1286,168,0,0,0
historical_frozen_i1m_h16_s7_state0_mac0,frozen,historical,final,16,7,i1m,0,0,25000000,25000000,25000004,cohort,18500000,1942,470,0,16,1287,169,0,0,0
historical_frozen_i1m_h16_s7_state0_mac0,frozen,historical,final,16,7,i1m,0,0,25000000,25000000,25000004,cohort,18600000,1964,477,0,14,1298,175,0,0,0
historical_frozen_i1m_h16_s7_state0_mac0,frozen,historical,final,16,7,i1m,0,0,25000000,25000000,25000004,cohort,18700000,1934,474,0,3,1295,162,0,0,0
historical_frozen_i1m_h16_s7_state0_mac0,frozen,historical,final,16,7,i1m,0,0,25000000,25000000,25000004,cohort,18800000,1972,465,0,14,1324,169,0,0,0
historical_frozen_i1m_h16_s7_state0_mac0,frozen,historical,final,16,7,i1m,0,0,25000000,25000000,25000004,cohort,18900000,1932,475,0,3,1290,164,0,0,0
historical_frozen_i1m_h16_s7_state0_mac0,frozen,historical,final,16,7,i1m,0,0,25000000,25000000,25000004,cohort,19000000,1960,472,0,6,1313,169,0,0,0
historical_frozen_i1m_h16_s7_state0_mac0,frozen,historical,final,16,7,i1m,0,0,25000000,25000000,25000004,cohort,19100000,1946,475,0,8,1295,168,0,0,0
historical_frozen_i1m_h16_s7_state0_mac0,frozen,historical,final,16,7,i1m,0,0,25000000,25000000,25000004,cohort,19200000,1926,472,0,6,1284,164,0,0,0
historical_frozen_i1m_h16_s7_state0_mac0,frozen,historical,final,16,7,i1m,0,0,25000000,25000000,25000004,cohort,19300000,1972,470,0,14,1313,175,0,0,0
historical_frozen_i1m_h16_s7_state0_mac0,frozen,historical,final,16,7,i1m,0,0,25000000,25000000,25000004,cohort,19400000,1926,474,0,5,1287,160,0,0,0
historical_frozen_i1m_h16_s7_state0_mac0,frozen,historical,final,16,7,i1m,0,0,25000000,25000000,25000004,cohort,19500000,1968,471,0,21,1301,175,0,0,0
historical_frozen_i1m_h16_s7_state0_mac0,frozen,historical,final,16,7,i1m,0,0,25000000,25000000,25000004,cohort,19600000,1948,473,0,9,1300,166,0,0,0
historical_frozen_i1m_h16_s7_state0_mac0,frozen,historical,final,16,7,i1m,0,0,25000000,25000000,25000004,cohort,19700000,1960,471,0,13,1306,170,0,0,0
historical_frozen_i1m_h16_s7_state0_mac0,frozen,historical,final,16,7,i1m,0,0,25000000,25000000,25000004,cohort,19800000,1980,471,0,8,1335,166,0,0,0
historical_frozen_i1m_h16_s7_state0_mac0,frozen,historical,final,16,7,i1m,0,0,25000000,25000000,25000004,cohort,19900000,1930,469,1,10,1286,164,0,0,0
historical_frozen_i1m_h16_s7_state0_mac0,frozen,historical,final,16,7,i1m,0,0,25000000,25000000,25000004,cohort,20000000,1958,473,0,12,1305,168,0,0,0
historical_frozen_i1m_h16_s7_state0_mac0,frozen,historical,final,16,7,i1m,0,0,25000000,25000000,25000004,cohort,20100000,1940,475,0,9,1290,166,0,0,0
historical_frozen_i1m_h16_s7_state0_mac0,frozen,historical,final,16,7,i1m,0,0,25000000,25000000,25000004,cohort,20200000,1956,474,0,13,1297,172,0,0,0
historical_frozen_i1m_h16_s7_state0_mac0,frozen,historical,final,16,7,i1m,0,0,25000000,25000000,25000004,cohort,20300000,1928,475,0,5,1287,161,0,0,0
historical_frozen_i1m_h16_s7_state0_mac0,frozen,historical,final,16,7,i1m,0,0,25000000,25000000,25000004,cohort,20400000,1958,476,0,14,1296,172,0,0,0
historical_frozen_i1m_h16_s7_state0_mac0,frozen,historical,final,16,7,i1m,0,0,25000000,25000000,25000004,cohort,20500000,1936,475,0,8,1287,166,0,0,0
historical_frozen_i1m_h16_s7_state0_mac0,frozen,historical,final,16,7,i1m,0,0,25000000,25000000,25000004,cohort,20600000,1936,474,0,5,1294,163,0,0,0
historical_frozen_i1m_h16_s7_state0_mac0,frozen,historical,final,16,7,i1m,0,0,25000000,25000000,25000004,cohort,20700000,1960,472,0,15,1294,175,0,4,4
historical_frozen_i1m_h16_s7_state0_mac0,frozen,historical,final,16,7,i1m,0,0,25000000,25000000,25000004,cohort,20800000,1942,476,0,9,1291,166,0,0,0
historical_frozen_i1m_h16_s7_state0_mac0,frozen,historical,final,16,7,i1m,0,0,25000000,25000000,25000004,cohort,20900000,1974,470,0,14,1318,172,0,0,0
historical_frozen_i1m_h16_s7_state0_mac0,frozen,historical,final,16,7,i1m,0,0,25000000,25000000,25000004,cohort,21000000,1950,473,0,12,1294,171,0,0,0
historical_frozen_i1m_h16_s7_state0_mac0,frozen,historical,final,16,7,i1m,0,0,25000000,25000000,25000004,cohort,21100000,1974,474,0,12,1320,168,0,0,0
historical_frozen_i1m_h16_s7_state0_mac0,frozen,historical,final,16,7,i1m,0,0,25000000,25000000,25000004,cohort,21200000,1930,476,0,4,1290,160,0,0,0
historical_frozen_i1m_h16_s7_state0_mac0,frozen,historical,final,16,7,i1m,0,0,25000000,25000000,25000004,cohort,21300000,1934,470,0,13,1283,168,0,0,0
historical_frozen_i1m_h16_s7_state0_mac0,frozen,historical,final,16,7,i1m,0,0,25000000,25000000,25000004,cohort,21400000,1948,468,0,22,1280,178,0,0,0
historical_frozen_i1m_h16_s7_state0_mac0,frozen,historical,final,16,7,i1m,0,0,25000000,25000000,25000004,cohort,21500000,1930,473,0,6,1285,166,0,0,0
historical_frozen_i1m_h16_s7_state0_mac0,frozen,historical,final,16,7,i1m,0,0,25000000,25000000,25000004,cohort,21600000,1972,472,0,16,1310,174,0,0,0
historical_frozen_i1m_h16_s7_state0_mac0,frozen,historical,final,16,7,i1m,0,0,25000000,25000000,25000004,cohort,21700000,1980,474,0,12,1323,171,0,0,0
historical_frozen_i1m_h16_s7_state0_mac0,frozen,historical,final,16,7,i1m,0,0,25000000,25000000,25000004,cohort,21800000,1976,476,0,10,1321,169,0,0,0
historical_frozen_i1m_h16_s7_state0_mac0,frozen,historical,final,16,7,i1m,0,0,25000000,25000000,25000004,cohort,21900000,1942,475,0,7,1296,164,0,0,0
historical_frozen_i1m_h16_s7_state0_mac0,frozen,historical,final,16,7,i1m,0,0,25000000,25000000,25000004,cohort,22000000,1946,472,0,10,1297,167,0,0,0
historical_frozen_i1m_h16_s7_state0_mac0,frozen,historical,final,16,7,i1m,0,0,25000000,25000000,25000004,cohort,22100000,1972,472,0,16,1313,171,0,0,0
historical_frozen_i1m_h16_s7_state0_mac0,frozen,historical,final,16,7,i1m,0,0,25000000,25000000,25000004,cohort,22200000,1970,476,0,6,1327,161,0,0,0
historical_frozen_i1m_h16_s7_state0_mac0,frozen,historical,final,16,7,i1m,0,0,25000000,25000000,25000004,cohort,22300000,1978,473,0,18,1311,176,0,0,0
historical_frozen_i1m_h16_s7_state0_mac0,frozen,historical,final,16,7,i1m,0,0,25000000,25000000,25000004,cohort,22400000,1940,475,0,8,1292,165,0,0,0
historical_frozen_i1m_h16_s7_state0_mac0,frozen,historical,final,16,7,i1m,0,0,25000000,25000000,25000004,cohort,22500000,1972,474,0,26,1291,181,0,0,0
historical_frozen_i1m_h16_s7_state0_mac0,frozen,historical,final,16,7,i1m,0,0,25000000,25000000,25000004,cohort,22600000,1942,472,0,13,1288,169,0,0,0
historical_frozen_i1m_h16_s7_state0_mac0,frozen,historical,final,16,7,i1m,0,0,25000000,25000000,25000004,cohort,22700000,1968,474,0,10,1317,167,0,0,0
historical_frozen_i1m_h16_s7_state0_mac0,frozen,historical,final,16,7,i1m,0,0,25000000,25000000,25000004,cohort,22800000,1966,470,0,19,1301,176,0,0,0
historical_frozen_i1m_h16_s7_state0_mac0,frozen,historical,final,16,7,i1m,0,0,25000000,25000000,25000004,cohort,22900000,1956,475,0,7,1311,163,0,0,0
historical_frozen_i1m_h16_s7_state0_mac0,frozen,historical,final,16,7,i1m,0,0,25000000,25000000,25000004,cohort,23000000,1970,467,0,22,1304,177,0,0,0
historical_frozen_i1m_h16_s7_state0_mac0,frozen,historical,final,16,7,i1m,0,0,25000000,25000000,25000004,cohort,23100000,1970,474,0,14,1311,171,0,0,0
historical_frozen_i1m_h16_s7_state0_mac0,frozen,historical,final,16,7,i1m,0,0,25000000,25000000,25000004,cohort,23200000,2002,470,0,21,1337,174,0,0,0
historical_frozen_i1m_h16_s7_state0_mac0,frozen,historical,final,16,7,i1m,0,0,25000000,25000000,25000004,cohort,23300000,1944,473,0,13,1287,171,0,0,0
historical_frozen_i1m_h16_s7_state0_mac0,frozen,historical,final,16,7,i1m,0,0,25000000,25000000,25000004,cohort,23400000,1950,472,0,6,1307,165,0,0,0
historical_frozen_i1m_h16_s7_state0_mac0,frozen,historical,final,16,7,i1m,0,0,25000000,25000000,25000004,cohort,23500000,1968,471,0,14,1310,173,0,0,0
historical_frozen_i1m_h16_s7_state0_mac0,frozen,historical,final,16,7,i1m,0,0,25000000,25000000,25000004,cohort,23600000,1946,471,0,9,1299,167,0,0,0
historical_frozen_i1m_h16_s7_state0_mac0,frozen,historical,final,16,7,i1m,0,0,25000000,25000000,25000004,cohort,23700000,1978,470,0,17,1316,175,0,0,0
historical_frozen_i1m_h16_s7_state0_mac0,frozen,historical,final,16,7,i1m,0,0,25000000,25000000,25000004,cohort,23800000,1972,477,0,7,1321,167,0,0,0
historical_frozen_i1m_h16_s7_state0_mac0,frozen,historical,final,16,7,i1m,0,0,25000000,25000000,25000004,cohort,23900000,1982,476,0,8,1335,163,0,0,0
historical_frozen_i1m_h16_s7_state0_mac0,frozen,historical,final,16,7,i1m,0,0,25000000,25000000,25000004,cohort,24000000,1944,472,0,11,1294,167,0,0,0
historical_frozen_i1m_h16_s7_state0_mac0,frozen,historical,final,16,7,i1m,0,0,25000000,25000000,25000004,cohort,24100000,1946,476,0,5,1300,165,0,0,0
historical_frozen_i1m_h16_s7_state0_mac0,frozen,historical,final,16,7,i1m,0,0,25000000,25000000,25000004,cohort,24200000,1960,480,0,7,1308,165,0,0,0
historical_frozen_i1m_h16_s7_state0_mac0,frozen,historical,final,16,7,i1m,0,0,25000000,25000000,25000004,cohort,24300000,1936,475,0,3,1299,159,0,0,0
historical_frozen_i1m_h16_s7_state0_mac0,frozen,historical,final,16,7,i1m,0,0,25000000,25000000,25000004,cohort,24400000,1962,475,0,8,1315,164,0,0,0
historical_frozen_i1m_h16_s7_state0_mac0,frozen,historical,final,16,7,i1m,0,0,25000000,25000000,25000004,cohort,24500000,1942,475,0,1,1296,165,0,5,5
historical_frozen_i1m_h16_s7_state0_mac0,frozen,historical,final,16,7,i1m,0,0,25000000,25000000,25000004,cohort,24600000,1962,476,0,0,1308,168,0,10,10
historical_frozen_i1m_h16_s7_state0_mac0,frozen,historical,final,16,7,i1m,0,0,25000000,25000000,25000004,cohort,24700000,1942,475,0,0,1306,159,0,2,2
historical_frozen_i1m_h16_s7_state0_mac0,frozen,historical,final,16,7,i1m,0,0,25000000,25000000,25000004,cohort,24800000,1958,475,0,0,1316,163,0,4,4
historical_frozen_i1m_h16_s7_state0_mac0,frozen,historical,final,16,7,i1m,0,0,25000000,25000000,25000004,cohort,24900000,1972,473,0,0,1324,164,1,10,11
historical_frozen_i1m_h8_s7_state0_mac0,frozen,historical,final,8,7,i1m,0,0,25000000,25000000,25000004,cohort,0,1917,478,0,10,1264,165,0,0,0
historical_frozen_i1m_h8_s7_state0_mac0,frozen,historical,final,8,7,i1m,0,0,25000000,25000000,25000004,cohort,100000,1922,472,0,9,1278,162,0,1,1
historical_frozen_i1m_h8_s7_state0_mac0,frozen,historical,final,8,7,i1m,0,0,25000000,25000000,25000004,cohort,200000,1924,474,0,4,1285,161,0,0,0
historical_frozen_i1m_h8_s7_state0_mac0,frozen,historical,final,8,7,i1m,0,0,25000000,25000000,25000004,cohort,300000,1944,478,0,7,1293,166,0,0,0
historical_frozen_i1m_h8_s7_state0_mac0,frozen,historical,final,8,7,i1m,0,0,25000000,25000000,25000004,cohort,400000,1934,475,0,3,1296,160,0,0,0
historical_frozen_i1m_h8_s7_state0_mac0,frozen,historical,final,8,7,i1m,0,0,25000000,25000000,25000004,cohort,500000,1958,474,0,8,1311,165,0,0,0
historical_frozen_i1m_h8_s7_state0_mac0,frozen,historical,final,8,7,i1m,0,0,25000000,25000000,25000004,cohort,600000,1940,475,0,7,1294,164,0,0,0
historical_frozen_i1m_h8_s7_state0_mac0,frozen,historical,final,8,7,i1m,0,0,25000000,25000000,25000004,cohort,700000,1953,473,0,8,1303,169,0,0,0
historical_frozen_i1m_h8_s7_state0_mac0,frozen,historical,final,8,7,i1m,0,0,25000000,25000000,25000004,cohort,800000,1928,475,0,2,1292,159,0,0,0
historical_frozen_i1m_h8_s7_state0_mac0,frozen,historical,final,8,7,i1m,0,0,25000000,25000000,25000004,cohort,900000,1956,474,0,4,1312,166,0,0,0
historical_frozen_i1m_h8_s7_state0_mac0,frozen,historical,final,8,7,i1m,0,0,25000000,25000000,25000004,cohort,1000000,1976,476,0,3,1336,161,0,0,0
historical_frozen_i1m_h8_s7_state0_mac0,frozen,historical,final,8,7,i1m,0,0,25000000,25000000,25000004,cohort,1100000,1930,474,0,5,1290,161,0,0,0
historical_frozen_i1m_h8_s7_state0_mac0,frozen,historical,final,8,7,i1m,0,0,25000000,25000000,25000004,cohort,1200000,1946,470,0,10,1300,166,0,0,0
historical_frozen_i1m_h8_s7_state0_mac0,frozen,historical,final,8,7,i1m,0,0,25000000,25000000,25000004,cohort,1300000,1932,472,0,5,1293,162,0,0,0
historical_frozen_i1m_h8_s7_state0_mac0,frozen,historical,final,8,7,i1m,0,0,25000000,25000000,25000004,cohort,1400000,1954,475,0,5,1308,166,0,0,0
historical_frozen_i1m_h8_s7_state0_mac0,frozen,historical,final,8,7,i1m,0,0,25000000,25000000,25000004,cohort,1500000,1934,476,0,3,1296,159,0,0,0
historical_frozen_i1m_h8_s7_state0_mac0,frozen,historical,final,8,7,i1m,0,0,25000000,25000000,25000004,cohort,1600000,1917,468,0,28,1242,179,0,0,0
historical_frozen_i1m_h8_s7_state0_mac0,frozen,historical,final,8,7,i1m,0,0,25000000,25000000,25000004,cohort,1700000,1966,475,0,8,1315,168,0,0,0
historical_frozen_i1m_h8_s7_state0_mac0,frozen,historical,final,8,7,i1m,0,0,25000000,25000000,25000004,cohort,1800000,1950,473,0,8,1305,164,0,0,0
historical_frozen_i1m_h8_s7_state0_mac0,frozen,historical,final,8,7,i1m,0,0,25000000,25000000,25000004,cohort,1900000,1954,471,0,12,1299,172,0,0,0
historical_frozen_i1m_h8_s7_state0_mac0,frozen,historical,final,8,7,i1m,0,0,25000000,25000000,25000004,cohort,2000000,1934,477,0,2,1296,159,0,0,0
historical_frozen_i1m_h8_s7_state0_mac0,frozen,historical,final,8,7,i1m,0,0,25000000,25000000,25000004,cohort,2100000,1956,474,0,6,1308,168,0,0,0
historical_frozen_i1m_h8_s7_state0_mac0,frozen,historical,final,8,7,i1m,0,0,25000000,25000000,25000004,cohort,2200000,1940,476,0,3,1301,160,0,0,0
historical_frozen_i1m_h8_s7_state0_mac0,frozen,historical,final,8,7,i1m,0,0,25000000,25000000,25000004,cohort,2300000,1954,472,0,11,1302,169,0,0,0
historical_frozen_i1m_h8_s7_state0_mac0,frozen,historical,final,8,7,i1m,0,0,25000000,25000000,25000004,cohort,2400000,1940,467,0,9,1298,166,0,0,0
historical_frozen_i1m_h8_s7_state0_mac0,frozen,historical,final,8,7,i1m,0,0,25000000,25000000,25000004,cohort,2500000,1930,473,0,15,1269,173,0,0,0
historical_frozen_i1m_h8_s7_state0_mac0,frozen,historical,final,8,7,i1m,0,0,25000000,25000000,25000004,cohort,2600000,1970,474,0,17,1305,174,0,0,0
historical_frozen_i1m_h8_s7_state0_mac0,frozen,historical,final,8,7,i1m,0,0,25000000,25000000,25000004,cohort,2700000,1938,478,0,2,1292,166,0,0,0
historical_frozen_i1m_h8_s7_state0_mac0,frozen,historical,final,8,7,i1m,0,0,25000000,25000000,25000004,cohort,2800000,1952,473,0,4,1315,160,0,0,0
historical_frozen_i1m_h8_s7_state0_mac0,frozen,historical,final,8,7,i1m,0,0,25000000,25000000,25000004,cohort,2900000,1940,474,0,6,1290,170,0,0,0
historical_frozen_i1m_h8_s7_state0_mac0,frozen,historical,final,8,7,i1m,0,0,25000000,25000000,25000004,cohort,3000000,1946,475,0,4,1306,161,0,0,0
historical_frozen_i1m_h8_s7_state0_mac0,frozen,historical,final,8,7,i1m,0,0,25000000,25000000,25000004,cohort,3100000,1946,471,0,2,1311,162,0,0,0
historical_frozen_i1m_h8_s7_state0_mac0,frozen,historical,final,8,7,i1m,0,0,25000000,25000000,25000004,cohort,3200000,1970,476,0,4,1324,166,0,0,0
historical_frozen_i1m_h8_s7_state0_mac0,frozen,historical,final,8,7,i1m,0,0,25000000,25000000,25000004,cohort,3300000,1962,476,0,6,1315,165,0,0,0
historical_frozen_i1m_h8_s7_state0_mac0,frozen,historical,final,8,7,i1m,0,0,25000000,25000000,25000004,cohort,3400000,1946,472,0,3,1310,161,0,0,0
historical_frozen_i1m_h8_s7_state0_mac0,frozen,historical,final,8,7,i1m,0,0,25000000,25000000,25000004,cohort,3500000,1974,471,0,14,1318,171,0,0,0
historical_frozen_i1m_h8_s7_state0_mac0,frozen,historical,final,8,7,i1m,0,0,25000000,25000000,25000004,cohort,3600000,1960,466,0,23,1293,178,0,0,0
historical_frozen_i1m_h8_s7_state0_mac0,frozen,historical,final,8,7,i1m,0,0,25000000,25000000,25000004,cohort,3700000,1950,473,0,5,1305,167,0,0,0
historical_frozen_i1m_h8_s7_state0_mac0,frozen,historical,final,8,7,i1m,0,0,25000000,25000000,25000004,cohort,3800000,1954,472,0,14,1302,166,0,0,0
historical_frozen_i1m_h8_s7_state0_mac0,frozen,historical,final,8,7,i1m,0,0,25000000,25000000,25000004,cohort,3900000,1996,472,0,13,1343,168,0,0,0
historical_frozen_i1m_h8_s7_state0_mac0,frozen,historical,final,8,7,i1m,0,0,25000000,25000000,25000004,cohort,4000000,1962,471,0,17,1300,174,0,0,0
historical_frozen_i1m_h8_s7_state0_mac0,frozen,historical,final,8,7,i1m,0,0,25000000,25000000,25000004,cohort,4100000,1942,473,0,7,1299,163,0,0,0
historical_frozen_i1m_h8_s7_state0_mac0,frozen,historical,final,8,7,i1m,0,0,25000000,25000000,25000004,cohort,4200000,1946,467,0,10,1301,168,0,0,0
historical_frozen_i1m_h8_s7_state0_mac0,frozen,historical,final,8,7,i1m,0,0,25000000,25000000,25000004,cohort,4300000,1936,473,0,5,1297,161,0,0,0
historical_frozen_i1m_h8_s7_state0_mac0,frozen,historical,final,8,7,i1m,0,0,25000000,25000000,25000004,cohort,4400000,1948,472,0,7,1305,164,0,0,0
historical_frozen_i1m_h8_s7_state0_mac0,frozen,historical,final,8,7,i1m,0,0,25000000,25000000,25000004,cohort,4500000,1940,467,0,16,1287,170,0,0,0
historical_frozen_i1m_h8_s7_state0_mac0,frozen,historical,final,8,7,i1m,0,0,25000000,25000000,25000004,cohort,4600000,1950,470,0,15,1294,171,0,0,0
historical_frozen_i1m_h8_s7_state0_mac0,frozen,historical,final,8,7,i1m,0,0,25000000,25000000,25000004,cohort,4700000,1954,473,0,9,1301,171,0,0,0
historical_frozen_i1m_h8_s7_state0_mac0,frozen,historical,final,8,7,i1m,0,0,25000000,25000000,25000004,cohort,4800000,1942,476,0,4,1303,159,0,0,0
historical_frozen_i1m_h8_s7_state0_mac0,frozen,historical,final,8,7,i1m,0,0,25000000,25000000,25000004,cohort,4900000,1964,471,0,20,1295,178,0,0,0
historical_frozen_i1m_h8_s7_state0_mac0,frozen,historical,final,8,7,i1m,0,0,25000000,25000000,25000004,cohort,5000000,1918,468,0,18,1262,170,0,0,0
historical_frozen_i1m_h8_s7_state0_mac0,frozen,historical,final,8,7,i1m,0,0,25000000,25000000,25000004,cohort,5100000,1934,470,0,12,1282,170,0,0,0
historical_frozen_i1m_h8_s7_state0_mac0,frozen,historical,final,8,7,i1m,0,0,25000000,25000000,25000004,cohort,5200000,1964,470,0,20,1300,174,0,0,0
historical_frozen_i1m_h8_s7_state0_mac0,frozen,historical,final,8,7,i1m,0,0,25000000,25000000,25000004,cohort,5300000,1930,473,0,11,1280,166,0,0,0
historical_frozen_i1m_h8_s7_state0_mac0,frozen,historical,final,8,7,i1m,0,0,25000000,25000000,25000004,cohort,5400000,1956,463,0,23,1294,176,0,0,0
historical_frozen_i1m_h8_s7_state0_mac0,frozen,historical,final,8,7,i1m,0,0,25000000,25000000,25000004,cohort,5500000,1940,476,0,7,1290,167,0,0,0
historical_frozen_i1m_h8_s7_state0_mac0,frozen,historical,final,8,7,i1m,0,0,25000000,25000000,25000004,cohort,5600000,1960,471,0,18,1302,169,0,0,0
historical_frozen_i1m_h8_s7_state0_mac0,frozen,historical,final,8,7,i1m,0,0,25000000,25000000,25000004,cohort,5700000,1890,460,0,8,1258,164,0,0,0
historical_frozen_i1m_h8_s7_state0_mac0,frozen,historical,final,8,7,i1m,0,0,25000000,25000000,25000004,cohort,5800000,1894,463,0,8,1262,161,0,0,0
historical_frozen_i1m_h8_s7_state0_mac0,frozen,historical,final,8,7,i1m,0,0,25000000,25000000,25000004,cohort,5900000,1930,466,0,14,1282,168,0,0,0
historical_frozen_i1m_h8_s7_state0_mac0,frozen,historical,final,8,7,i1m,0,0,25000000,25000000,25000004,cohort,6000000,1924,472,0,6,1285,161,0,0,0
historical_frozen_i1m_h8_s7_state0_mac0,frozen,historical,final,8,7,i1m,0,0,25000000,25000000,25000004,cohort,6100000,1936,465,0,13,1286,172,0,0,0
historical_frozen_i1m_h8_s7_state0_mac0,frozen,historical,final,8,7,i1m,0,0,25000000,25000000,25000004,cohort,6200000,1932,473,0,6,1290,163,0,0,0
historical_frozen_i1m_h8_s7_state0_mac0,frozen,historical,final,8,7,i1m,0,0,25000000,25000000,25000004,cohort,6300000,1942,468,0,20,1281,173,0,0,0
historical_frozen_i1m_h8_s7_state0_mac0,frozen,historical,final,8,7,i1m,0,0,25000000,25000000,25000004,cohort,6400000,1928,476,0,15,1268,169,0,0,0
historical_frozen_i1m_h8_s7_state0_mac0,frozen,historical,final,8,7,i1m,0,0,25000000,25000000,25000004,cohort,6500000,1932,473,0,11,1278,170,0,0,0
historical_frozen_i1m_h8_s7_state0_mac0,frozen,historical,final,8,7,i1m,0,0,25000000,25000000,25000004,cohort,6600000,1988,477,0,18,1318,175,0,0,0
historical_frozen_i1m_h8_s7_state0_mac0,frozen,historical,final,8,7,i1m,0,0,25000000,25000000,25000004,cohort,6700000,1944,475,0,12,1291,166,0,0,0
historical_frozen_i1m_h8_s7_state0_mac0,frozen,historical,final,8,7,i1m,0,0,25000000,25000000,25000004,cohort,6800000,1980,470,0,21,1314,175,0,0,0
historical_frozen_i1m_h8_s7_state0_mac0,frozen,historical,final,8,7,i1m,0,0,25000000,25000000,25000004,cohort,6900000,1942,471,0,14,1286,171,0,0,0
historical_frozen_i1m_h8_s7_state0_mac0,frozen,historical,final,8,7,i1m,0,0,25000000,25000000,25000004,cohort,7000000,1928,477,0,2,1289,160,0,0,0
historical_frozen_i1m_h8_s7_state0_mac0,frozen,historical,final,8,7,i1m,0,0,25000000,25000000,25000004,cohort,7100000,1962,468,0,18,1304,172,0,0,0
historical_frozen_i1m_h8_s7_state0_mac0,frozen,historical,final,8,7,i1m,0,0,25000000,25000000,25000004,cohort,7200000,1944,474,0,10,1292,168,0,0,0
historical_frozen_i1m_h8_s7_state0_mac0,frozen,historical,final,8,7,i1m,0,0,25000000,25000000,25000004,cohort,7300000,1952,473,0,13,1297,169,0,0,0
historical_frozen_i1m_h8_s7_state0_mac0,frozen,historical,final,8,7,i1m,0,0,25000000,25000000,25000004,cohort,7400000,1932,470,0,11,1285,166,0,0,0
historical_frozen_i1m_h8_s7_state0_mac0,frozen,historical,final,8,7,i1m,0,0,25000000,25000000,25000004,cohort,7500000,1960,468,0,14,1302,176,0,0,0
historical_frozen_i1m_h8_s7_state0_mac0,frozen,historical,final,8,7,i1m,0,0,25000000,25000000,25000004,cohort,7600000,1926,476,0,3,1289,158,0,0,0
historical_frozen_i1m_h8_s7_state0_mac0,frozen,historical,final,8,7,i1m,0,0,25000000,25000000,25000004,cohort,7700000,1944,470,0,11,1297,166,0,0,0
historical_frozen_i1m_h8_s7_state0_mac0,frozen,historical,final,8,7,i1m,0,0,25000000,25000000,25000004,cohort,7800000,1950,472,0,17,1285,176,0,0,0
historical_frozen_i1m_h8_s7_state0_mac0,frozen,historical,final,8,7,i1m,0,0,25000000,25000000,25000004,cohort,7900000,1924,476,0,3,1286,159,0,0,0
historical_frozen_i1m_h8_s7_state0_mac0,frozen,historical,final,8,7,i1m,0,0,25000000,25000000,25000004,cohort,8000000,1968,468,0,21,1305,174,0,0,0
historical_frozen_i1m_h8_s7_state0_mac0,frozen,historical,final,8,7,i1m,0,0,25000000,25000000,25000004,cohort,8100000,1984,469,0,15,1330,170,0,0,0
historical_frozen_i1m_h8_s7_state0_mac0,frozen,historical,final,8,7,i1m,0,0,25000000,25000000,25000004,cohort,8200000,1968,474,0,14,1312,168,0,0,0
historical_frozen_i1m_h8_s7_state0_mac0,frozen,historical,final,8,7,i1m,0,0,25000000,25000000,25000004,cohort,8300000,1938,475,0,4,1298,161,0,0,0
historical_frozen_i1m_h8_s7_state0_mac0,frozen,historical,final,8,7,i1m,0,0,25000000,25000000,25000004,cohort,8400000,1946,476,0,9,1296,165,0,0,0
historical_frozen_i1m_h8_s7_state0_mac0,frozen,historical,final,8,7,i1m,0,0,25000000,25000000,25000004,cohort,8500000,1910,459,0,19,1264,168,0,0,0
historical_frozen_i1m_h8_s7_state0_mac0,frozen,historical,final,8,7,i1m,0,0,25000000,25000000,25000004,cohort,8600000,1926,473,0,8,1280,165,0,0,0
historical_frozen_i1m_h8_s7_state0_mac0,frozen,historical,final,8,7,i1m,0,0,25000000,25000000,25000004,cohort,8700000,1966,468,0,13,1318,167,0,0,0
historical_frozen_i1m_h8_s7_state0_mac0,frozen,historical,final,8,7,i1m,0,0,25000000,25000000,25000004,cohort,8800000,1928,473,0,14,1274,167,0,0,0
historical_frozen_i1m_h8_s7_state0_mac0,frozen,historical,final,8,7,i1m,0,0,25000000,25000000,25000004,cohort,8900000,1950,470,0,14,1297,169,0,0,0
historical_frozen_i1m_h8_s7_state0_mac0,frozen,historical,final,8,7,i1m,0,0,25000000,25000000,25000004,cohort,9000000,1956,470,0,11,1308,167,0,0,0
historical_frozen_i1m_h8_s7_state0_mac0,frozen,historical,final,8,7,i1m,0,0,25000000,25000000,25000004,cohort,9100000,1938,473,0,11,1287,167,0,0,0
historical_frozen_i1m_h8_s7_state0_mac0,frozen,historical,final,8,7,i1m,0,0,25000000,25000000,25000004,cohort,9200000,1986,473,0,15,1327,171,0,0,0
historical_frozen_i1m_h8_s7_state0_mac0,frozen,historical,final,8,7,i1m,0,0,25000000,25000000,25000004,cohort,9300000,1948,473,0,9,1301,165,0,0,0
historical_frozen_i1m_h8_s7_state0_mac0,frozen,historical,final,8,7,i1m,0,0,25000000,25000000,25000004,cohort,9400000,1986,471,0,7,1342,166,0,0,0
historical_frozen_i1m_h8_s7_state0_mac0,frozen,historical,final,8,7,i1m,0,0,25000000,25000000,25000004,cohort,9500000,1938,475,0,9,1287,167,0,0,0
historical_frozen_i1m_h8_s7_state0_mac0,frozen,historical,final,8,7,i1m,0,0,25000000,25000000,25000004,cohort,9600000,1978,470,1,18,1313,176,0,0,0
historical_frozen_i1m_h8_s7_state0_mac0,frozen,historical,final,8,7,i1m,0,0,25000000,25000000,25000004,cohort,9700000,1940,469,0,17,1282,172,0,0,0
historical_frozen_i1m_h8_s7_state0_mac0,frozen,historical,final,8,7,i1m,0,0,25000000,25000000,25000004,cohort,9800000,1932,471,0,15,1274,172,0,0,0
historical_frozen_i1m_h8_s7_state0_mac0,frozen,historical,final,8,7,i1m,0,0,25000000,25000000,25000004,cohort,9900000,1984,470,0,18,1318,178,0,0,0
historical_frozen_i1m_h8_s7_state0_mac0,frozen,historical,final,8,7,i1m,0,0,25000000,25000000,25000004,cohort,10000000,1938,474,0,9,1288,167,0,0,0
historical_frozen_i1m_h8_s7_state0_mac0,frozen,historical,final,8,7,i1m,0,0,25000000,25000000,25000004,cohort,10100000,1954,474,0,7,1305,168,0,0,0
historical_frozen_i1m_h8_s7_state0_mac0,frozen,historical,final,8,7,i1m,0,0,25000000,25000000,25000004,cohort,10200000,1932,473,0,8,1287,164,0,0,0
historical_frozen_i1m_h8_s7_state0_mac0,frozen,historical,final,8,7,i1m,0,0,25000000,25000000,25000004,cohort,10300000,1972,474,0,8,1321,169,0,0,0
historical_frozen_i1m_h8_s7_state0_mac0,frozen,historical,final,8,7,i1m,0,0,25000000,25000000,25000004,cohort,10400000,1928,472,0,5,1290,161,0,0,0
historical_frozen_i1m_h8_s7_state0_mac0,frozen,historical,final,8,7,i1m,0,0,25000000,25000000,25000004,cohort,10500000,1918,473,0,3,1281,161,0,0,0
historical_frozen_i1m_h8_s7_state0_mac0,frozen,historical,final,8,7,i1m,0,0,25000000,25000000,25000004,cohort,10600000,1948,466,0,18,1292,172,0,0,0
historical_frozen_i1m_h8_s7_state0_mac0,frozen,historical,final,8,7,i1m,0,0,25000000,25000000,25000004,cohort,10700000,1942,475,0,6,1297,164,0,0,0
historical_frozen_i1m_h8_s7_state0_mac0,frozen,historical,final,8,7,i1m,0,0,25000000,25000000,25000004,cohort,10800000,1974,467,0,24,1303,180,0,0,0
historical_frozen_i1m_h8_s7_state0_mac0,frozen,historical,final,8,7,i1m,0,0,25000000,25000000,25000004,cohort,10900000,1950,478,0,7,1300,165,0,0,0
historical_frozen_i1m_h8_s7_state0_mac0,frozen,historical,final,8,7,i1m,0,0,25000000,25000000,25000004,cohort,11000000,1970,471,0,15,1311,173,0,0,0
historical_frozen_i1m_h8_s7_state0_mac0,frozen,historical,final,8,7,i1m,0,0,25000000,25000000,25000004,cohort,11100000,1954,473,0,14,1296,171,0,0,0
historical_frozen_i1m_h8_s7_state0_mac0,frozen,historical,final,8,7,i1m,0,0,25000000,25000000,25000004,cohort,11200000,1964,470,0,22,1293,179,0,0,0
historical_frozen_i1m_h8_s7_state0_mac0,frozen,historical,final,8,7,i1m,0,0,25000000,25000000,25000004,cohort,11300000,1984,471,0,27,1305,181,0,0,0
historical_frozen_i1m_h8_s7_state0_mac0,frozen,historical,final,8,7,i1m,0,0,25000000,25000000,25000004,cohort,11400000,1996,480,1,45,1267,203,0,0,0
historical_frozen_i1m_h8_s7_state0_mac0,frozen,historical,final,8,7,i1m,0,0,25000000,25000000,25000004,cohort,11500000,1998,450,4,86,1223,235,0,0,0
historical_frozen_i1m_h8_s7_state0_mac0,frozen,historical,final,8,7,i1m,0,0,25000000,25000000,25000004,cohort,11600000,1940,472,0,17,1274,177,0,0,0
historical_frozen_i1m_h8_s7_state0_mac0,frozen,historical,final,8,7,i1m,0,0,25000000,25000000,25000004,cohort,11700000,1928,473,0,8,1282,165,0,0,0
historical_frozen_i1m_h8_s7_state0_mac0,frozen,historical,final,8,7,i1m,0,0,25000000,25000000,25000004,cohort,11800000,1800,410,0,46,1167,177,0,0,0
historical_frozen_i1m_h8_s7_state0_mac0,frozen,historical,final,8,7,i1m,0,0,25000000,25000000,25000004,cohort,11900000,1850,445,1,42,1174,188,0,0,0
historical_frozen_i1m_h8_s7_state0_mac0,frozen,historical,final,8,7,i1m,0,0,25000000,25000000,25000004,cohort,12000000,1884,455,0,19,1246,164,0,0,0
historical_frozen_i1m_h8_s7_state0_mac0,frozen,historical,final,8,7,i1m,0,0,25000000,25000000,25000004,cohort,12100000,1902,452,0,25,1253,172,0,0,0
historical_frozen_i1m_h8_s7_state0_mac0,frozen,historical,final,8,7,i1m,0,0,25000000,25000000,25000004,cohort,12200000,1930,472,0,9,1281,168,0,0,0
historical_frozen_i1m_h8_s7_state0_mac0,frozen,historical,final,8,7,i1m,0,0,25000000,25000000,25000004,cohort,12300000,1906,464,0,11,1265,166,0,0,0
historical_frozen_i1m_h8_s7_state0_mac0,frozen,historical,final,8,7,i1m,0,0,25000000,25000000,25000004,cohort,12400000,1936,468,0,16,1282,170,0,0,0
historical_frozen_i1m_h8_s7_state0_mac0,frozen,historical,final,8,7,i1m,0,0,25000000,25000000,25000004,cohort,12500000,1918,470,0,10,1275,163,0,0,0
historical_frozen_i1m_h8_s7_state0_mac0,frozen,historical,final,8,7,i1m,0,0,25000000,25000000,25000004,cohort,12600000,1830,418,4,72,1124,212,0,0,0
historical_frozen_i1m_h8_s7_state0_mac0,frozen,historical,final,8,7,i1m,0,0,25000000,25000000,25000004,cohort,12700000,1932,468,3,41,1218,202,0,0,0
historical_frozen_i1m_h8_s7_state0_mac0,frozen,historical,final,8,7,i1m,0,0,25000000,25000000,25000004,cohort,12800000,1974,458,1,87,1191,237,0,0,0
historical_frozen_i1m_h8_s7_state0_mac0,frozen,historical,final,8,7,i1m,0,0,25000000,25000000,25000004,cohort,12900000,1946,473,0,16,1284,173,0,0,0
historical_frozen_i1m_h8_s7_state0_mac0,frozen,historical,final,8,7,i1m,0,0,25000000,25000000,25000004,cohort,13000000,1928,471,0,9,1282,166,0,0,0
historical_frozen_i1m_h8_s7_state0_mac0,frozen,historical,final,8,7,i1m,0,0,25000000,25000000,25000004,cohort,13100000,1924,475,0,8,1275,166,0,0,0
historical_frozen_i1m_h8_s7_state0_mac0,frozen,historical,final,8,7,i1m,0,0,25000000,25000000,25000004,cohort,13200000,1984,458,11,114,1142,259,0,0,0
historical_frozen_i1m_h8_s7_state0_mac0,frozen,historical,final,8,7,i1m,0,0,25000000,25000000,25000004,cohort,13300000,1924,471,0,8,1279,166,0,0,0
historical_frozen_i1m_h8_s7_state0_mac0,frozen,historical,final,8,7,i1m,0,0,25000000,25000000,25000004,cohort,13400000,1704,503,0,146,732,322,0,1,1
historical_frozen_i1m_h8_s7_state0_mac0,frozen,historical,final,8,7,i1m,0,0,25000000,25000000,25000004,cohort,13500000,1052,462,0,17,394,179,0,0,0
historical_frozen_i1m_h8_s7_state0_mac0,frozen,historical,final,8,7,i1m,0,0,25000000,25000000,25000004,cohort,13600000,1040,459,0,16,388,177,0,0,0
historical_frozen_i1m_h8_s7_state0_mac0,frozen,historical,final,8,7,i1m,0,0,25000000,25000000,25000004,cohort,13700000,1180,478,0,33,480,189,0,0,0
historical_frozen_i1m_h8_s7_state0_mac0,frozen,historical,final,8,7,i1m,0,0,25000000,25000000,25000004,cohort,13800000,1028,476,0,3,390,159,0,0,0
historical_frozen_i1m_h8_s7_state0_mac0,frozen,historical,final,8,7,i1m,0,0,25000000,25000000,25000004,cohort,13900000,1134,468,0,25,463,178,0,0,0
historical_frozen_i1m_h8_s7_state0_mac0,frozen,historical,final,8,7,i1m,0,0,25000000,25000000,25000004,cohort,14000000,1028,475,0,9,378,166,0,0,0
historical_frozen_i1m_h8_s7_state0_mac0,frozen,historical,final,8,7,i1m,0,0,25000000,25000000,25000004,cohort,14100000,1004,452,0,16,374,162,0,0,0
historical_frozen_i1m_h8_s7_state0_mac0,frozen,historical,final,8,7,i1m,0,0,25000000,25000000,25000004,cohort,14200000,1110,471,0,17,452,170,0,0,0
historical_frozen_i1m_h8_s7_state0_mac0,frozen,historical,final,8,7,i1m,0,0,25000000,25000000,25000004,cohort,14300000,1028,476,0,2,391,159,0,0,0
historical_frozen_i1m_h8_s7_state0_mac0,frozen,historical,final,8,7,i1m,0,0,25000000,25000000,25000004,cohort,14400000,1110,472,0,13,454,171,0,0,0
historical_frozen_i1m_h8_s7_state0_mac0,frozen,historical,final,8,7,i1m,0,0,25000000,25000000,25000004,cohort,14500000,1028,474,0,4,390,160,0,0,0
historical_frozen_i1m_h8_s7_state0_mac0,frozen,historical,final,8,7,i1m,0,0,25000000,25000000,25000004,cohort,14600000,1100,475,0,9,448,168,0,0,0
historical_frozen_i1m_h8_s7_state0_mac0,frozen,historical,final,8,7,i1m,0,0,25000000,25000000,25000004,cohort,14700000,1034,469,0,11,387,167,0,0,0
historical_frozen_i1m_h8_s7_state0_mac0,frozen,historical,final,8,7,i1m,0,0,25000000,25000000,25000004,cohort,14800000,1028,475,0,6,387,160,0,0,0
historical_frozen_i1m_h8_s7_state0_mac0,frozen,historical,final,8,7,i1m,0,0,25000000,25000000,25000004,cohort,14900000,1102,468,0,16,446,172,0,0,0
historical_frozen_i1m_h8_s7_state0_mac0,frozen,historical,final,8,7,i1m,0,0,25000000,25000000,25000004,cohort,15000000,1028,472,0,6,390,160,0,0,0
historical_frozen_i1m_h8_s7_state0_mac0,frozen,historical,final,8,7,i1m,0,0,25000000,25000000,25000004,cohort,15100000,1098,462,0,22,439,175,0,0,0
historical_frozen_i1m_h8_s7_state0_mac0,frozen,historical,final,8,7,i1m,0,0,25000000,25000000,25000004,cohort,15200000,1028,477,0,5,382,164,0,0,0
historical_frozen_i1m_h8_s7_state0_mac0,frozen,historical,final,8,7,i1m,0,0,25000000,25000000,25000004,cohort,15300000,1096,471,0,7,457,161,0,0,0
historical_frozen_i1m_h8_s7_state0_mac0,frozen,historical,final,8,7,i1m,0,0,25000000,25000000,25000004,cohort,15400000,1026,475,0,7,379,165,0,0,0
historical_frozen_i1m_h8_s7_state0_mac0,frozen,historical,final,8,7,i1m,0,0,25000000,25000000,25000004,cohort,15500000,1030,473,0,6,389,162,0,0,0
historical_frozen_i1m_h8_s7_state0_mac0,frozen,historical,final,8,7,i1m,0,0,25000000,25000000,25000004,cohort,15600000,1108,473,0,6,469,160,0,0,0
historical_frozen_i1m_h8_s7_state0_mac0,frozen,historical,final,8,7,i1m,0,0,25000000,25000000,25000004,cohort,15700000,1030,472,0,4,391,163,0,0,0
historical_frozen_i1m_h8_s7_state0_mac0,frozen,historical,final,8,7,i1m,0,0,25000000,25000000,25000004,cohort,15800000,1090,468,0,12,440,170,0,0,0
historical_frozen_i1m_h8_s7_state0_mac0,frozen,historical,final,8,7,i1m,0,0,25000000,25000000,25000004,cohort,15900000,1024,474,0,6,382,162,0,0,0
historical_frozen_i1m_h8_s7_state0_mac0,frozen,historical,final,8,7,i1m,0,0,25000000,25000000,25000004,cohort,16000000,1088,469,0,8,445,166,0,0,0
historical_frozen_i1m_h8_s7_state0_mac0,frozen,historical,final,8,7,i1m,0,0,25000000,25000000,25000004,cohort,16100000,1030,474,0,7,385,164,0,0,0
historical_frozen_i1m_h8_s7_state0_mac0,frozen,historical,final,8,7,i1m,0,0,25000000,25000000,25000004,cohort,16200000,1054,469,0,10,407,168,0,0,0
historical_frozen_i1m_h8_s7_state0_mac0,frozen,historical,final,8,7,i1m,0,0,25000000,25000000,25000004,cohort,16300000,1074,477,0,2,435,160,0,0,0
historical_frozen_i1m_h8_s7_state0_mac0,frozen,historical,final,8,7,i1m,0,0,25000000,25000000,25000004,cohort,16400000,1028,467,0,11,383,167,0,0,0
historical_frozen_i1m_h8_s7_state0_mac0,frozen,historical,final,8,7,i1m,0,0,25000000,25000000,25000004,cohort,16500000,1092,472,0,9,445,166,0,0,0
historical_frozen_i1m_h8_s7_state0_mac0,frozen,historical,final,8,7,i1m,0,0,25000000,25000000,25000004,cohort,16600000,1030,466,0,11,388,165,0,0,0
historical_frozen_i1m_h8_s7_state0_mac0,frozen,historical,final,8,7,i1m,0,0,25000000,25000000,25000004,cohort,16700000,1092,472,0,7,448,165,0,0,0
historical_frozen_i1m_h8_s7_state0_mac0,frozen,historical,final,8,7,i1m,0,0,25000000,25000000,25000004,cohort,16800000,1032,469,0,10,385,168,0,0,0
historical_frozen_i1m_h8_s7_state0_mac0,frozen,historical,final,8,7,i1m,0,0,25000000,25000000,25000004,cohort,16900000,1066,471,0,17,403,175,0,0,0
historical_frozen_i1m_h8_s7_state0_mac0,frozen,historical,final,8,7,i1m,0,0,25000000,25000000,25000004,cohort,17000000,1090,473,0,9,444,164,0,0,0
historical_frozen_i1m_h8_s7_state0_mac0,frozen,historical,final,8,7,i1m,0,0,25000000,25000000,25000004,cohort,17100000,1050,473,0,16,389,172,0,0,0
historical_frozen_i1m_h8_s7_state0_mac0,frozen,historical,final,8,7,i1m,0,0,25000000,25000000,25000004,cohort,17200000,1120,473,0,13,464,170,0,0,0
historical_frozen_i1m_h8_s7_state0_mac0,frozen,historical,final,8,7,i1m,0,0,25000000,25000000,25000004,cohort,17300000,1040,473,0,8,393,166,0,0,0
historical_frozen_i1m_h8_s7_state0_mac0,frozen,historical,final,8,7,i1m,0,0,25000000,25000000,25000004,cohort,17400000,1122,475,0,12,466,169,0,0,0
historical_frozen_i1m_h8_s7_state0_mac0,frozen,historical,final,8,7,i1m,0,0,25000000,25000000,25000004,cohort,17500000,1042,472,0,11,393,166,0,0,0
historical_frozen_i1m_h8_s7_state0_mac0,frozen,historical,final,8,7,i1m,0,0,25000000,25000000,25000004,cohort,17600000,1040,471,0,11,392,166,0,0,0
historical_frozen_i1m_h8_s7_state0_mac0,frozen,historical,final,8,7,i1m,0,0,25000000,25000000,25000004,cohort,17700000,1118,474,0,12,461,171,0,0,0
historical_frozen_i1m_h8_s7_state0_mac0,frozen,historical,final,8,7,i1m,0,0,25000000,25000000,25000004,cohort,17800000,1038,471,0,10,391,166,0,0,0
historical_frozen_i1m_h8_s7_state0_mac0,frozen,historical,final,8,7,i1m,0,0,25000000,25000000,25000004,cohort,17900000,1108,473,0,9,459,167,0,0,0
historical_frozen_i1m_h8_s7_state0_mac0,frozen,historical,final,8,7,i1m,0,0,25000000,25000000,25000004,cohort,18000000,1030,480,0,2,384,164,0,0,0
historical_frozen_i1m_h8_s7_state0_mac0,frozen,historical,final,8,7,i1m,0,0,25000000,25000000,25000004,cohort,18100000,1102,472,0,9,455,166,0,0,0
historical_frozen_i1m_h8_s7_state0_mac0,frozen,historical,final,8,7,i1m,0,0,25000000,25000000,25000004,cohort,18200000,1030,472,0,5,393,160,0,0,0
historical_frozen_i1m_h8_s7_state0_mac0,frozen,historical,final,8,7,i1m,0,0,25000000,25000000,25000004,cohort,18300000,1048,469,0,12,403,164,0,0,0
historical_frozen_i1m_h8_s7_state0_mac0,frozen,historical,final,8,7,i1m,0,0,25000000,25000000,25000004,cohort,18400000,1080,469,0,7,440,164,0,0,0
historical_frozen_i1m_h8_s7_state0_mac0,frozen,historical,final,8,7,i1m,0,0,25000000,25000000,25000004,cohort,18500000,1028,465,0,15,381,167,0,0,0
historical_frozen_i1m_h8_s7_state0_mac0,frozen,historical,final,8,7,i1m,0,0,25000000,25000000,25000004,cohort,18600000,1112,475,0,13,450,174,0,0,0
historical_frozen_i1m_h8_s7_state0_mac0,frozen,historical,final,8,7,i1m,0,0,25000000,25000000,25000004,cohort,18700000,1032,474,0,3,393,162,0,0,0
historical_frozen_i1m_h8_s7_state0_mac0,frozen,historical,final,8,7,i1m,0,0,25000000,25000000,25000004,cohort,18800000,1106,465,0,14,458,169,0,0,0
historical_frozen_i1m_h8_s7_state0_mac0,frozen,historical,final,8,7,i1m,0,0,25000000,25000000,25000004,cohort,18900000,1026,475,0,3,384,164,0,0,0
historical_frozen_i1m_h8_s7_state0_mac0,frozen,historical,final,8,7,i1m,0,0,25000000,25000000,25000004,cohort,19000000,1062,472,0,6,415,169,0,0,0
historical_frozen_i1m_h8_s7_state0_mac0,frozen,historical,final,8,7,i1m,0,0,25000000,25000000,25000004,cohort,19100000,1084,475,0,8,433,168,0,0,0
historical_frozen_i1m_h8_s7_state0_mac0,frozen,historical,final,8,7,i1m,0,0,25000000,25000000,25000004,cohort,19200000,1024,472,0,6,382,164,0,0,0
historical_frozen_i1m_h8_s7_state0_mac0,frozen,historical,final,8,7,i1m,0,0,25000000,25000000,25000004,cohort,19300000,1126,471,0,15,463,177,0,0,0
historical_frozen_i1m_h8_s7_state0_mac0,frozen,historical,final,8,7,i1m,0,0,25000000,25000000,25000004,cohort,19400000,1026,474,0,5,387,160,0,0,0
historical_frozen_i1m_h8_s7_state0_mac0,frozen,historical,final,8,7,i1m,0,0,25000000,25000000,25000004,cohort,19500000,1112,467,0,14,463,168,0,0,0
historical_frozen_i1m_h8_s7_state0_mac0,frozen,historical,final,8,7,i1m,0,0,25000000,25000000,25000004,cohort,19600000,1032,472,0,8,389,163,0,0,0
historical_frozen_i1m_h8_s7_state0_mac0,frozen,historical,final,8,7,i1m,0,0,25000000,25000000,25000004,cohort,19700000,1058,470,0,14,405,169,0,0,0
historical_frozen_i1m_h8_s7_state0_mac0,frozen,historical,final,8,7,i1m,0,0,25000000,25000000,25000004,cohort,19800000,1096,471,0,7,453,165,0,0,0
historical_frozen_i1m_h8_s7_state0_mac0,frozen,historical,final,8,7,i1m,0,0,25000000,25000000,25000004,cohort,19900000,1024,469,0,9,383,163,0,0,0
historical_frozen_i1m_h8_s7_state0_mac0,frozen,historical,final,8,7,i1m,0,0,25000000,25000000,25000004,cohort,20000000,1098,472,0,10,449,167,0,0,0
historical_frozen_i1m_h8_s7_state0_mac0,frozen,historical,final,8,7,i1m,0,0,25000000,25000000,25000004,cohort,20100000,1036,475,0,8,388,165,0,0,0
historical_frozen_i1m_h8_s7_state0_mac0,frozen,historical,final,8,7,i1m,0,0,25000000,25000000,25000004,cohort,20200000,1098,474,0,11,444,169,0,0,0
historical_frozen_i1m_h8_s7_state0_mac0,frozen,historical,final,8,7,i1m,0,0,25000000,25000000,25000004,cohort,20300000,1032,474,0,4,394,160,0,0,0
historical_frozen_i1m_h8_s7_state0_mac0,frozen,historical,final,8,7,i1m,0,0,25000000,25000000,25000004,cohort,20400000,1080,476,0,12,422,170,0,0,0
historical_frozen_i1m_h8_s7_state0_mac0,frozen,historical,final,8,7,i1m,0,0,25000000,25000000,25000004,cohort,20500000,1050,475,0,7,403,165,0,0,0
historical_frozen_i1m_h8_s7_state0_mac0,frozen,historical,final,8,7,i1m,0,0,25000000,25000000,25000004,cohort,20600000,1030,474,0,4,390,162,0,0,0
historical_frozen_i1m_h8_s7_state0_mac0,frozen,historical,final,8,7,i1m,0,0,25000000,25000000,25000004,cohort,20700000,1106,472,0,13,444,173,0,4,4
historical_frozen_i1m_h8_s7_state0_mac0,frozen,historical,final,8,7,i1m,0,0,25000000,25000000,25000004,cohort,20800000,1038,476,0,8,389,165,0,0,0
historical_frozen_i1m_h8_s7_state0_mac0,frozen,historical,final,8,7,i1m,0,0,25000000,25000000,25000004,cohort,20900000,1122,470,0,12,470,170,0,0,0
historical_frozen_i1m_h8_s7_state0_mac0,frozen,historical,final,8,7,i1m,0,0,25000000,25000000,25000004,cohort,21000000,1044,473,0,11,390,170,0,0,0
historical_frozen_i1m_h8_s7_state0_mac0,frozen,historical,final,8,7,i1m,0,0,25000000,25000000,25000004,cohort,21100000,1106,474,0,13,452,167,0,0,0
historical_frozen_i1m_h8_s7_state0_mac0,frozen,historical,final,8,7,i1m,0,0,25000000,25000000,25000004,cohort,21200000,1034,476,0,4,394,160,0,0,0
historical_frozen_i1m_h8_s7_state0_mac0,frozen,historical,final,8,7,i1m,0,0,25000000,25000000,25000004,cohort,21300000,1046,470,0,13,395,168,0,0,0
historical_frozen_i1m_h8_s7_state0_mac0,frozen,historical,final,8,7,i1m,0,0,25000000,25000000,25000004,cohort,21400000,1122,468,0,22,454,178,0,0,0
historical_frozen_i1m_h8_s7_state0_mac0,frozen,historical,final,8,7,i1m,0,0,25000000,25000000,25000004,cohort,21500000,1026,473,0,5,383,165,0,0,0
historical_frozen_i1m_h8_s7_state0_mac0,frozen,historical,final,8,7,i1m,0,0,25000000,25000000,25000004,cohort,21600000,1124,472,0,14,466,172,0,0,0
historical_frozen_i1m_h8_s7_state0_mac0,frozen,historical,final,8,7,i1m,0,0,25000000,25000000,25000004,cohort,21700000,1056,475,0,12,397,172,0,0,0
historical_frozen_i1m_h8_s7_state0_mac0,frozen,historical,final,8,7,i1m,0,0,25000000,25000000,25000004,cohort,21800000,1074,476,0,8,422,168,0,0,0
historical_frozen_i1m_h8_s7_state0_mac0,frozen,historical,final,8,7,i1m,0,0,25000000,25000000,25000004,cohort,21900000,1064,475,0,6,420,163,0,0,0
historical_frozen_i1m_h8_s7_state0_mac0,frozen,historical,final,8,7,i1m,0,0,25000000,25000000,25000004,cohort,22000000,1030,472,0,9,383,166,0,0,0
historical_frozen_i1m_h8_s7_state0_mac0,frozen,historical,final,8,7,i1m,0,0,25000000,25000000,25000004,cohort,22100000,1118,472,0,14,463,169,0,0,0
historical_frozen_i1m_h8_s7_state0_mac0,frozen,historical,final,8,7,i1m,0,0,25000000,25000000,25000004,cohort,22200000,1036,476,0,5,395,160,0,0,0
historical_frozen_i1m_h8_s7_state0_mac0,frozen,historical,final,8,7,i1m,0,0,25000000,25000000,25000004,cohort,22300000,1120,473,0,16,457,174,0,0,0
historical_frozen_i1m_h8_s7_state0_mac0,frozen,historical,final,8,7,i1m,0,0,25000000,25000000,25000004,cohort,22400000,1040,475,0,8,393,164,0,0,0
historical_frozen_i1m_h8_s7_state0_mac0,frozen,historical,final,8,7,i1m,0,0,25000000,25000000,25000004,cohort,22500000,1112,474,0,28,428,182,0,0,0
historical_frozen_i1m_h8_s7_state0_mac0,frozen,historical,final,8,7,i1m,0,0,25000000,25000000,25000004,cohort,22600000,1078,472,0,13,424,169,0,0,0
historical_frozen_i1m_h8_s7_state0_mac0,frozen,historical,final,8,7,i1m,0,0,25000000,25000000,25000004,cohort,22700000,1042,474,0,9,393,166,0,0,0
historical_frozen_i1m_h8_s7_state0_mac0,frozen,historical,final,8,7,i1m,0,0,25000000,25000000,25000004,cohort,22800000,1118,469,0,19,455,175,0,0,0
historical_frozen_i1m_h8_s7_state0_mac0,frozen,historical,final,8,7,i1m,0,0,25000000,25000000,25000004,cohort,22900000,1042,475,0,6,398,163,0,0,0
historical_frozen_i1m_h8_s7_state0_mac0,frozen,historical,final,8,7,i1m,0,0,25000000,25000000,25000004,cohort,23000000,1120,467,0,21,456,176,0,0,0
historical_frozen_i1m_h8_s7_state0_mac0,frozen,historical,final,8,7,i1m,0,0,25000000,25000000,25000004,cohort,23100000,1056,474,0,13,399,170,0,0,0
historical_frozen_i1m_h8_s7_state0_mac0,frozen,historical,final,8,7,i1m,0,0,25000000,25000000,25000004,cohort,23200000,1074,470,0,18,414,172,0,0,0
historical_frozen_i1m_h8_s7_state0_mac0,frozen,historical,final,8,7,i1m,0,0,25000000,25000000,25000004,cohort,23300000,1086,473,0,12,431,170,0,0,0
historical_frozen_i1m_h8_s7_state0_mac0,frozen,historical,final,8,7,i1m,0,0,25000000,25000000,25000004,cohort,23400000,1036,472,0,5,395,164,0,0,0
historical_frozen_i1m_h8_s7_state0_mac0,frozen,historical,final,8,7,i1m,0,0,25000000,25000000,25000004,cohort,23500000,1114,470,0,14,458,172,0,0,0
historical_frozen_i1m_h8_s7_state0_mac0,frozen,historical,final,8,7,i1m,0,0,25000000,25000000,25000004,cohort,23600000,1036,471,0,8,390,167,0,0,0
historical_frozen_i1m_h8_s7_state0_mac0,frozen,historical,final,8,7,i1m,0,0,25000000,25000000,25000004,cohort,23700000,1114,470,0,15,456,173,0,0,0
historical_frozen_i1m_h8_s7_state0_mac0,frozen,historical,final,8,7,i1m,0,0,25000000,25000000,25000004,cohort,23800000,1040,476,0,7,391,166,0,0,0
historical_frozen_i1m_h8_s7_state0_mac0,frozen,historical,final,8,7,i1m,0,0,25000000,25000000,25000004,cohort,23900000,1080,476,0,6,435,163,0,0,0
historical_frozen_i1m_h8_s7_state0_mac0,frozen,historical,final,8,7,i1m,0,0,25000000,25000000,25000004,cohort,24000000,1068,472,0,10,420,166,0,0,0
historical_frozen_i1m_h8_s7_state0_mac0,frozen,historical,final,8,7,i1m,0,0,25000000,25000000,25000004,cohort,24100000,1034,475,0,5,390,164,0,0,0
historical_frozen_i1m_h8_s7_state0_mac0,frozen,historical,final,8,7,i1m,0,0,25000000,25000000,25000004,cohort,24200000,1108,480,0,6,457,165,0,0,0
historical_frozen_i1m_h8_s7_state0_mac0,frozen,historical,final,8,7,i1m,0,0,25000000,25000000,25000004,cohort,24300000,1032,475,0,3,395,159,0,0,0
historical_frozen_i1m_h8_s7_state0_mac0,frozen,historical,final,8,7,i1m,0,0,25000000,25000000,25000004,cohort,24400000,1104,475,0,8,457,164,0,0,0
historical_frozen_i1m_h8_s7_state0_mac0,frozen,historical,final,8,7,i1m,0,0,25000000,25000000,25000004,cohort,24500000,1034,475,0,1,388,165,0,5,5
historical_frozen_i1m_h8_s7_state0_mac0,frozen,historical,final,8,7,i1m,0,0,25000000,25000000,25000004,cohort,24600000,1100,476,0,0,446,168,0,10,10
historical_frozen_i1m_h8_s7_state0_mac0,frozen,historical,final,8,7,i1m,0,0,25000000,25000000,25000004,cohort,24700000,1030,475,0,0,394,159,0,2,2
historical_frozen_i1m_h8_s7_state0_mac0,frozen,historical,final,8,7,i1m,0,0,25000000,25000000,25000004,cohort,24800000,1030,475,0,0,390,162,0,3,3
historical_frozen_i1m_h8_s7_state0_mac0,frozen,historical,final,8,7,i1m,0,0,25000000,25000000,25000004,cohort,24900000,1100,471,0,0,451,166,1,11,12
historical_frozen_i20m_h16_s7_state0_mac0,frozen,historical,final,16,7,i20m,0,0,25000000,25000000,25000004,cohort,0,1906,481,0,17,1238,169,0,1,1
historical_frozen_i20m_h16_s7_state0_mac0,frozen,historical,final,16,7,i20m,0,0,25000000,25000000,25000004,cohort,100000,1936,472,0,15,1281,167,0,1,1
historical_frozen_i20m_h16_s7_state0_mac0,frozen,historical,final,16,7,i20m,0,0,25000000,25000000,25000004,cohort,200000,1934,475,0,5,1291,163,0,0,0
historical_frozen_i20m_h16_s7_state0_mac0,frozen,historical,final,16,7,i20m,0,0,25000000,25000000,25000004,cohort,300000,1958,480,0,7,1305,166,0,0,0
historical_frozen_i20m_h16_s7_state0_mac0,frozen,historical,final,16,7,i20m,0,0,25000000,25000000,25000004,cohort,400000,1940,475,0,5,1298,162,0,0,0
historical_frozen_i20m_h16_s7_state0_mac0,frozen,historical,final,16,7,i20m,0,0,25000000,25000000,25000004,cohort,500000,1970,475,0,10,1319,166,0,0,0
historical_frozen_i20m_h16_s7_state0_mac0,frozen,historical,final,16,7,i20m,0,0,25000000,25000000,25000004,cohort,600000,1946,475,0,9,1297,165,0,0,0
historical_frozen_i20m_h16_s7_state0_mac0,frozen,historical,final,16,7,i20m,0,0,25000000,25000000,25000004,cohort,700000,1965,476,0,9,1308,172,0,0,0
historical_frozen_i20m_h16_s7_state0_mac0,frozen,historical,final,16,7,i20m,0,0,25000000,25000000,25000004,cohort,800000,1932,475,0,3,1294,160,0,0,0
historical_frozen_i20m_h16_s7_state0_mac0,frozen,historical,final,16,7,i20m,0,0,25000000,25000000,25000004,cohort,900000,1978,478,0,8,1322,170,0,0,0
historical_frozen_i20m_h16_s7_state0_mac0,frozen,historical,final,16,7,i20m,0,0,25000000,25000000,25000004,cohort,1000000,1984,476,0,4,1343,161,0,0,0
historical_frozen_i20m_h16_s7_state0_mac0,frozen,historical,final,16,7,i20m,0,0,25000000,25000000,25000004,cohort,1100000,1940,475,0,8,1292,165,0,0,0
historical_frozen_i20m_h16_s7_state0_mac0,frozen,historical,final,16,7,i20m,0,0,25000000,25000000,25000004,cohort,1200000,1964,472,0,13,1310,169,0,0,0
historical_frozen_i20m_h16_s7_state0_mac0,frozen,historical,final,16,7,i20m,0,0,25000000,25000000,25000004,cohort,1300000,1944,474,0,7,1298,165,0,0,0
historical_frozen_i20m_h16_s7_state0_mac0,frozen,historical,final,16,7,i20m,0,0,25000000,25000000,25000004,cohort,1400000,1970,477,0,7,1320,166,0,0,0
historical_frozen_i20m_h16_s7_state0_mac0,frozen,historical,final,16,7,i20m,0,0,25000000,25000000,25000004,cohort,1500000,1940,476,0,2,1303,159,0,0,0
historical_frozen_i20m_h16_s7_state0_mac0,frozen,historical,final,16,7,i20m,0,0,25000000,25000000,25000004,cohort,1600000,1952,480,0,33,1257,182,0,0,0
historical_frozen_i20m_h16_s7_state0_mac0,frozen,historical,final,16,7,i20m,0,0,25000000,25000000,25000004,cohort,1700000,1974,475,0,9,1322,168,0,0,0
historical_frozen_i20m_h16_s7_state0_mac0,frozen,historical,final,16,7,i20m,0,0,25000000,25000000,25000004,cohort,1800000,1954,473,0,10,1305,166,0,0,0
historical_frozen_i20m_h16_s7_state0_mac0,frozen,historical,final,16,7,i20m,0,0,25000000,25000000,25000004,cohort,1900000,1962,472,0,14,1302,174,0,0,0
historical_frozen_i20m_h16_s7_state0_mac0,frozen,historical,final,16,7,i20m,0,0,25000000,25000000,25000004,cohort,2000000,1938,478,0,2,1298,160,0,0,0
historical_frozen_i20m_h16_s7_state0_mac0,frozen,historical,final,16,7,i20m,0,0,25000000,25000000,25000004,cohort,2100000,1962,474,0,7,1313,168,0,0,0
historical_frozen_i20m_h16_s7_state0_mac0,frozen,historical,final,16,7,i20m,0,0,25000000,25000000,25000004,cohort,2200000,1944,476,0,5,1301,162,0,0,0
historical_frozen_i20m_h16_s7_state0_mac0,frozen,historical,final,16,7,i20m,0,0,25000000,25000000,25000004,cohort,2300000,1962,473,0,13,1304,172,0,0,0
historical_frozen_i20m_h16_s7_state0_mac0,frozen,historical,final,16,7,i20m,0,0,25000000,25000000,25000004,cohort,2400000,1944,467,0,11,1299,167,0,0,0
historical_frozen_i20m_h16_s7_state0_mac0,frozen,historical,final,16,7,i20m,0,0,25000000,25000000,25000004,cohort,2500000,1940,475,0,18,1272,175,0,0,0
historical_frozen_i20m_h16_s7_state0_mac0,frozen,historical,final,16,7,i20m,0,0,25000000,25000000,25000004,cohort,2600000,1988,475,0,23,1310,180,0,0,0
historical_frozen_i20m_h16_s7_state0_mac0,frozen,historical,final,16,7,i20m,0,0,25000000,25000000,25000004,cohort,2700000,1940,479,0,2,1292,167,0,0,0
historical_frozen_i20m_h16_s7_state0_mac0,frozen,historical,final,16,7,i20m,0,0,25000000,25000000,25000004,cohort,2800000,1954,473,0,3,1318,160,0,0,0
historical_frozen_i20m_h16_s7_state0_mac0,frozen,historical,final,16,7,i20m,0,0,25000000,25000000,25000004,cohort,2900000,1939,475,0,4,1290,170,0,0,0
historical_frozen_i20m_h16_s7_state0_mac0,frozen,historical,final,16,7,i20m,0,0,25000000,25000000,25000004,cohort,3000000,1946,476,0,4,1305,161,0,0,0
historical_frozen_i20m_h16_s7_state0_mac0,frozen,historical,final,16,7,i20m,0,0,25000000,25000000,25000004,cohort,3100000,1946,471,0,2,1311,162,0,0,0
historical_frozen_i20m_h16_s7_state0_mac0,frozen,historical,final,16,7,i20m,0,0,25000000,25000000,25000004,cohort,3200000,1970,476,0,5,1323,166,0,0,0
historical_frozen_i20m_h16_s7_state0_mac0,frozen,historical,final,16,7,i20m,0,0,25000000,25000000,25000004,cohort,3300000,1962,476,0,7,1314,165,0,0,0
historical_frozen_i20m_h16_s7_state0_mac0,frozen,historical,final,16,7,i20m,0,0,25000000,25000000,25000004,cohort,3400000,1946,472,0,3,1310,161,0,0,0
historical_frozen_i20m_h16_s7_state0_mac0,frozen,historical,final,16,7,i20m,0,0,25000000,25000000,25000004,cohort,3500000,1980,471,0,18,1316,175,0,0,0
historical_frozen_i20m_h16_s7_state0_mac0,frozen,historical,final,16,7,i20m,0,0,25000000,25000000,25000004,cohort,3600000,1966,467,0,24,1295,180,0,0,0
historical_frozen_i20m_h16_s7_state0_mac0,frozen,historical,final,16,7,i20m,0,0,25000000,25000000,25000004,cohort,3700000,1950,473,0,5,1304,168,0,0,0
historical_frozen_i20m_h16_s7_state0_mac0,frozen,historical,final,16,7,i20m,0,0,25000000,25000000,25000004,cohort,3800000,1956,472,0,15,1302,167,0,0,0
historical_frozen_i20m_h16_s7_state0_mac0,frozen,historical,final,16,7,i20m,0,0,25000000,25000000,25000004,cohort,3900000,1996,472,0,14,1341,169,0,0,0
historical_frozen_i20m_h16_s7_state0_mac0,frozen,historical,final,16,7,i20m,0,0,25000000,25000000,25000004,cohort,4000000,1974,470,0,24,1301,179,0,0,0
historical_frozen_i20m_h16_s7_state0_mac0,frozen,historical,final,16,7,i20m,0,0,25000000,25000000,25000004,cohort,4100000,1952,474,0,10,1300,168,0,0,0
historical_frozen_i20m_h16_s7_state0_mac0,frozen,historical,final,16,7,i20m,0,0,25000000,25000000,25000004,cohort,4200000,1970,470,0,16,1310,174,0,0,0
historical_frozen_i20m_h16_s7_state0_mac0,frozen,historical,final,16,7,i20m,0,0,25000000,25000000,25000004,cohort,4300000,1946,476,0,6,1301,163,0,0,0
historical_frozen_i20m_h16_s7_state0_mac0,frozen,historical,final,16,7,i20m,0,0,25000000,25000000,25000004,cohort,4400000,1960,473,0,8,1315,164,0,0,0
historical_frozen_i20m_h16_s7_state0_mac0,frozen,historical,final,16,7,i20m,0,0,25000000,25000000,25000004,cohort,4500000,1944,467,0,18,1287,172,0,0,0
historical_frozen_i20m_h16_s7_state0_mac0,frozen,historical,final,16,7,i20m,0,0,25000000,25000000,25000004,cohort,4600000,1956,470,0,17,1296,173,0,0,0
historical_frozen_i20m_h16_s7_state0_mac0,frozen,historical,final,16,7,i20m,0,0,25000000,25000000,25000004,cohort,4700000,1960,473,0,10,1304,173,0,0,0
historical_frozen_i20m_h16_s7_state0_mac0,frozen,historical,final,16,7,i20m,0,0,25000000,25000000,25000004,cohort,4800000,1946,476,0,5,1305,160,0,0,0
historical_frozen_i20m_h16_s7_state0_mac0,frozen,historical,final,16,7,i20m,0,0,25000000,25000000,25000004,cohort,4900000,1974,472,0,24,1295,183,0,0,0
historical_frozen_i20m_h16_s7_state0_mac0,frozen,historical,final,16,7,i20m,0,0,25000000,25000000,25000004,cohort,5000000,1922,468,0,20,1263,171,0,0,0
historical_frozen_i20m_h16_s7_state0_mac0,frozen,historical,final,16,7,i20m,0,0,25000000,25000000,25000004,cohort,5100000,1938,470,0,14,1282,172,0,0,0
historical_frozen_i20m_h16_s7_state0_mac0,frozen,historical,final,16,7,i20m,0,0,25000000,25000000,25000004,cohort,5200000,1974,470,0,25,1301,178,0,0,0
historical_frozen_i20m_h16_s7_state0_mac0,frozen,historical,final,16,7,i20m,0,0,25000000,25000000,25000004,cohort,5300000,1936,473,0,14,1281,168,0,0,0
historical_frozen_i20m_h16_s7_state0_mac0,frozen,historical,final,16,7,i20m,0,0,25000000,25000000,25000004,cohort,5400000,1976,468,0,27,1298,183,0,0,0
historical_frozen_i20m_h16_s7_state0_mac0,frozen,historical,final,16,7,i20m,0,0,25000000,25000000,25000004,cohort,5500000,1944,476,0,9,1291,168,0,0,0
historical_frozen_i20m_h16_s7_state0_mac0,frozen,historical,final,16,7,i20m,0,0,25000000,25000000,25000004,cohort,5600000,1972,472,0,22,1303,175,0,0,0
historical_frozen_i20m_h16_s7_state0_mac0,frozen,historical,final,16,7,i20m,0,0,25000000,25000000,25000004,cohort,5700000,1932,467,0,20,1270,175,0,0,0
historical_frozen_i20m_h16_s7_state0_mac0,frozen,historical,final,16,7,i20m,0,0,25000000,25000000,25000004,cohort,5800000,1936,469,0,21,1273,173,0,0,0
historical_frozen_i20m_h16_s7_state0_mac0,frozen,historical,final,16,7,i20m,0,0,25000000,25000000,25000004,cohort,5900000,1960,469,0,21,1295,175,0,0,0
historical_frozen_i20m_h16_s7_state0_mac0,frozen,historical,final,16,7,i20m,0,0,25000000,25000000,25000004,cohort,6000000,1938,473,0,10,1291,164,0,0,0
historical_frozen_i20m_h16_s7_state0_mac0,frozen,historical,final,16,7,i20m,0,0,25000000,25000000,25000004,cohort,6100000,1958,467,0,20,1290,181,0,0,0
historical_frozen_i20m_h16_s7_state0_mac0,frozen,historical,final,16,7,i20m,0,0,25000000,25000000,25000004,cohort,6200000,1946,474,0,10,1297,165,0,0,0
historical_frozen_i20m_h16_s7_state0_mac0,frozen,historical,final,16,7,i20m,0,0,25000000,25000000,25000004,cohort,6300000,1970,471,0,26,1293,180,0,0,0
historical_frozen_i20m_h16_s7_state0_mac0,frozen,historical,final,16,7,i20m,0,0,25000000,25000000,25000004,cohort,6400000,1938,476,0,18,1272,172,0,0,0
historical_frozen_i20m_h16_s7_state0_mac0,frozen,historical,final,16,7,i20m,0,0,25000000,25000000,25000004,cohort,6500000,1940,474,0,14,1279,173,0,0,0
historical_frozen_i20m_h16_s7_state0_mac0,frozen,historical,final,16,7,i20m,0,0,25000000,25000000,25000004,cohort,6600000,2004,479,0,21,1325,179,0,0,0
historical_frozen_i20m_h16_s7_state0_mac0,frozen,historical,final,16,7,i20m,0,0,25000000,25000000,25000004,cohort,6700000,1948,475,0,13,1293,167,0,0,0
historical_frozen_i20m_h16_s7_state0_mac0,frozen,historical,final,16,7,i20m,0,0,25000000,25000000,25000004,cohort,6800000,1984,470,0,23,1314,177,0,0,0
historical_frozen_i20m_h16_s7_state0_mac0,frozen,historical,final,16,7,i20m,0,0,25000000,25000000,25000004,cohort,6900000,1946,472,0,15,1286,173,0,0,0
historical_frozen_i20m_h16_s7_state0_mac0,frozen,historical,final,16,7,i20m,0,0,25000000,25000000,25000004,cohort,7000000,1930,477,0,3,1289,161,0,0,0
historical_frozen_i20m_h16_s7_state0_mac0,frozen,historical,final,16,7,i20m,0,0,25000000,25000000,25000004,cohort,7100000,1974,469,0,23,1306,176,0,0,0
historical_frozen_i20m_h16_s7_state0_mac0,frozen,historical,final,16,7,i20m,0,0,25000000,25000000,25000004,cohort,7200000,1950,475,0,12,1292,171,0,0,0
historical_frozen_i20m_h16_s7_state0_mac0,frozen,historical,final,16,7,i20m,0,0,25000000,25000000,25000004,cohort,7300000,1964,473,0,17,1303,171,0,0,0
historical_frozen_i20m_h16_s7_state0_mac0,frozen,historical,final,16,7,i20m,0,0,25000000,25000000,25000004,cohort,7400000,1940,470,0,14,1287,169,0,0,0
historical_frozen_i20m_h16_s7_state0_mac0,frozen,historical,final,16,7,i20m,0,0,25000000,25000000,25000004,cohort,7500000,1972,469,0,18,1304,181,0,0,0
historical_frozen_i20m_h16_s7_state0_mac0,frozen,historical,final,16,7,i20m,0,0,25000000,25000000,25000004,cohort,7600000,1930,476,0,3,1293,158,0,0,0
historical_frozen_i20m_h16_s7_state0_mac0,frozen,historical,final,16,7,i20m,0,0,25000000,25000000,25000004,cohort,7700000,1951,470,0,13,1299,169,0,0,0
historical_frozen_i20m_h16_s7_state0_mac0,frozen,historical,final,16,7,i20m,0,0,25000000,25000000,25000004,cohort,7800000,1964,472,0,23,1288,181,0,0,0
historical_frozen_i20m_h16_s7_state0_mac0,frozen,historical,final,16,7,i20m,0,0,25000000,25000000,25000004,cohort,7900000,1927,476,0,3,1288,160,0,0,0
historical_frozen_i20m_h16_s7_state0_mac0,frozen,historical,final,16,7,i20m,0,0,25000000,25000000,25000004,cohort,8000000,1980,468,0,26,1307,179,0,0,0
historical_frozen_i20m_h16_s7_state0_mac0,frozen,historical,final,16,7,i20m,0,0,25000000,25000000,25000004,cohort,8100000,1988,470,0,16,1330,172,0,0,0
historical_frozen_i20m_h16_s7_state0_mac0,frozen,historical,final,16,7,i20m,0,0,25000000,25000000,25000004,cohort,8200000,1974,475,0,16,1312,171,0,0,0
historical_frozen_i20m_h16_s7_state0_mac0,frozen,historical,final,16,7,i20m,0,0,25000000,25000000,25000004,cohort,8300000,1942,475,0,6,1300,161,0,0,0
historical_frozen_i20m_h16_s7_state0_mac0,frozen,historical,final,16,7,i20m,0,0,25000000,25000000,25000004,cohort,8400000,1950,476,0,11,1296,167,0,0,0
historical_frozen_i20m_h16_s7_state0_mac0,frozen,historical,final,16,7,i20m,0,0,25000000,25000000,25000004,cohort,8500000,1978,480,0,30,1284,184,0,0,0
historical_frozen_i20m_h16_s7_state0_mac0,frozen,historical,final,16,7,i20m,0,0,25000000,25000000,25000004,cohort,8600000,1940,477,0,10,1285,168,0,0,0
historical_frozen_i20m_h16_s7_state0_mac0,frozen,historical,final,16,7,i20m,0,0,25000000,25000000,25000004,cohort,8700000,2000,477,0,21,1329,173,0,0,0
historical_frozen_i20m_h16_s7_state0_mac0,frozen,historical,final,16,7,i20m,0,0,25000000,25000000,25000004,cohort,8800000,1932,473,0,16,1275,168,0,0,0
historical_frozen_i20m_h16_s7_state0_mac0,frozen,historical,final,16,7,i20m,0,0,25000000,25000000,25000004,cohort,8900000,1956,471,0,16,1298,171,0,0,0
historical_frozen_i20m_h16_s7_state0_mac0,frozen,historical,final,16,7,i20m,0,0,25000000,25000000,25000004,cohort,9000000,1960,470,0,13,1308,169,0,0,0
historical_frozen_i20m_h16_s7_state0_mac0,frozen,historical,final,16,7,i20m,0,0,25000000,25000000,25000004,cohort,9100000,1942,473,0,13,1287,169,0,0,0
historical_frozen_i20m_h16_s7_state0_mac0,frozen,historical,final,16,7,i20m,0,0,25000000,25000000,25000004,cohort,9200000,1992,473,0,19,1325,175,0,0,0
historical_frozen_i20m_h16_s7_state0_mac0,frozen,historical,final,16,7,i20m,0,0,25000000,25000000,25000004,cohort,9300000,1952,473,0,11,1301,167,0,0,0
historical_frozen_i20m_h16_s7_state0_mac0,frozen,historical,final,16,7,i20m,0,0,25000000,25000000,25000004,cohort,9400000,1992,471,0,8,1346,167,0,0,0
historical_frozen_i20m_h16_s7_state0_mac0,frozen,historical,final,16,7,i20m,0,0,25000000,25000000,25000004,cohort,9500000,1942,477,0,10,1287,168,0,0,0
historical_frozen_i20m_h16_s7_state0_mac0,frozen,historical,final,16,7,i20m,0,0,25000000,25000000,25000004,cohort,9600000,1986,471,0,22,1314,179,0,0,0
historical_frozen_i20m_h16_s7_state0_mac0,frozen,historical,final,16,7,i20m,0,0,25000000,25000000,25000004,cohort,9700000,1944,469,0,19,1283,173,0,0,0
historical_frozen_i20m_h16_s7_state0_mac0,frozen,historical,final,16,7,i20m,0,0,25000000,25000000,25000004,cohort,9800000,1936,471,0,18,1274,173,0,0,0
historical_frozen_i20m_h16_s7_state0_mac0,frozen,historical,final,16,7,i20m,0,0,25000000,25000000,25000004,cohort,9900000,1992,471,0,22,1318,181,0,0,0
historical_frozen_i20m_h16_s7_state0_mac0,frozen,historical,final,16,7,i20m,0,0,25000000,25000000,25000004,cohort,10000000,1942,476,0,9,1289,168,0,0,0
historical_frozen_i20m_h16_s7_state0_mac0,frozen,historical,final,16,7,i20m,0,0,25000000,25000000,25000004,cohort,10100000,1960,473,0,11,1305,171,0,0,0
historical_frozen_i20m_h16_s7_state0_mac0,frozen,historical,final,16,7,i20m,0,0,25000000,25000000,25000004,cohort,10200000,1936,474,0,9,1288,165,0,0,0
historical_frozen_i20m_h16_s7_state0_mac0,frozen,historical,final,16,7,i20m,0,0,25000000,25000000,25000004,cohort,10300000,1980,474,0,12,1324,170,0,0,0
historical_frozen_i20m_h16_s7_state0_mac0,frozen,historical,final,16,7,i20m,0,0,25000000,25000000,25000004,cohort,10400000,1942,474,0,8,1297,163,0,0,0
historical_frozen_i20m_h16_s7_state0_mac0,frozen,historical,final,16,7,i20m,0,0,25000000,25000000,25000004,cohort,10500000,1936,477,0,5,1289,165,0,0,0
historical_frozen_i20m_h16_s7_state0_mac0,frozen,historical,final,16,7,i20m,0,0,25000000,25000000,25000004,cohort,10600000,1974,469,0,24,1304,177,0,0,0
historical_frozen_i20m_h16_s7_state0_mac0,frozen,historical,final,16,7,i20m,0,0,25000000,25000000,25000004,cohort,10700000,1942,475,0,6,1296,165,0,0,0
historical_frozen_i20m_h16_s7_state0_mac0,frozen,historical,final,16,7,i20m,0,0,25000000,25000000,25000004,cohort,10800000,1970,467,0,23,1299,181,0,0,0
historical_frozen_i20m_h16_s7_state0_mac0,frozen,historical,final,16,7,i20m,0,0,25000000,25000000,25000004,cohort,10900000,1948,478,0,8,1296,166,0,0,0
historical_frozen_i20m_h16_s7_state0_mac0,frozen,historical,final,16,7,i20m,0,0,25000000,25000000,25000004,cohort,11000000,1966,471,0,15,1307,173,0,0,0
historical_frozen_i20m_h16_s7_state0_mac0,frozen,historical,final,16,7,i20m,0,0,25000000,25000000,25000004,cohort,11100000,1950,473,0,14,1293,170,0,0,0
historical_frozen_i20m_h16_s7_state0_mac0,frozen,historical,final,16,7,i20m,0,0,25000000,25000000,25000004,cohort,11200000,1956,470,0,20,1289,177,0,0,0
historical_frozen_i20m_h16_s7_state0_mac0,frozen,historical,final,16,7,i20m,0,0,25000000,25000000,25000004,cohort,11300000,1974,471,0,25,1299,179,0,0,0
historical_frozen_i20m_h16_s7_state0_mac0,frozen,historical,final,16,7,i20m,0,0,25000000,25000000,25000004,cohort,11400000,1986,480,4,38,1273,191,0,0,0
historical_frozen_i20m_h16_s7_state0_mac0,frozen,historical,final,16,7,i20m,0,0,25000000,25000000,25000004,cohort,11500000,2016,455,6,91,1229,235,0,0,0
historical_frozen_i20m_h16_s7_state0_mac0,frozen,historical,final,16,7,i20m,0,0,25000000,25000000,25000004,cohort,11600000,1942,472,0,19,1273,178,0,0,0
historical_frozen_i20m_h16_s7_state0_mac0,frozen,historical,final,16,7,i20m,0,0,25000000,25000000,25000004,cohort,11700000,1932,473,0,11,1280,168,0,0,0
historical_frozen_i20m_h16_s7_state0_mac0,frozen,historical,final,16,7,i20m,0,0,25000000,25000000,25000004,cohort,11800000,2362,588,28,117,1361,268,0,0,0
historical_frozen_i20m_h16_s7_state0_mac0,frozen,historical,final,16,7,i20m,0,0,25000000,25000000,25000004,cohort,11900000,2130,528,7,91,1267,237,0,0,0
historical_frozen_i20m_h16_s7_state0_mac0,frozen,historical,final,16,7,i20m,0,0,25000000,25000000,25000004,cohort,12000000,1994,481,2,44,1275,192,0,0,0
historical_frozen_i20m_h16_s7_state0_mac0,frozen,historical,final,16,7,i20m,0,0,25000000,25000000,25000004,cohort,12100000,2088,495,10,63,1304,216,0,0,0
historical_frozen_i20m_h16_s7_state0_mac0,frozen,historical,final,16,7,i20m,0,0,25000000,25000000,25000004,cohort,12200000,1934,473,0,11,1280,170,0,0,0
historical_frozen_i20m_h16_s7_state0_mac0,frozen,historical,final,16,7,i20m,0,0,25000000,25000000,25000004,cohort,12300000,1966,473,1,32,1273,187,0,0,0
historical_frozen_i20m_h16_s7_state0_mac0,frozen,historical,final,16,7,i20m,0,0,25000000,25000000,25000004,cohort,12400000,2000,484,1,30,1298,187,0,0,0
historical_frozen_i20m_h16_s7_state0_mac0,frozen,historical,final,16,7,i20m,0,0,25000000,25000000,25000004,cohort,12500000,1930,471,0,15,1275,169,0,0,0
historical_frozen_i20m_h16_s7_state0_mac0,frozen,historical,final,16,7,i20m,0,0,25000000,25000000,25000004,cohort,12600000,2160,481,20,161,1196,302,0,0,0
historical_frozen_i20m_h16_s7_state0_mac0,frozen,historical,final,16,7,i20m,0,0,25000000,25000000,25000004,cohort,12700000,2068,494,7,78,1256,233,0,0,0
historical_frozen_i20m_h16_s7_state0_mac0,frozen,historical,final,16,7,i20m,0,0,25000000,25000000,25000004,cohort,12800000,2178,512,6,123,1253,284,0,0,0
historical_frozen_i20m_h16_s7_state0_mac0,frozen,historical,final,16,7,i20m,0,0,25000000,25000000,25000004,cohort,12900000,1954,473,0,21,1282,178,0,0,0
historical_frozen_i20m_h16_s7_state0_mac0,frozen,historical,final,16,7,i20m,0,0,25000000,25000000,25000004,cohort,13000000,1932,473,0,10,1281,168,0,0,0
historical_frozen_i20m_h16_s7_state0_mac0,frozen,historical,final,16,7,i20m,0,0,25000000,25000000,25000004,cohort,13100000,1926,475,0,10,1273,168,0,0,0
historical_frozen_i20m_h16_s7_state0_mac0,frozen,historical,final,16,7,i20m,0,0,25000000,25000000,25000004,cohort,13200000,2195,478,13,196,1180,328,0,0,0
historical_frozen_i20m_h16_s7_state0_mac0,frozen,historical,final,16,7,i20m,0,0,25000000,25000000,25000004,cohort,13300000,1927,471,0,10,1278,168,0,0,0
historical_frozen_i20m_h16_s7_state0_mac0,frozen,historical,final,16,7,i20m,0,0,25000000,25000000,25000004,cohort,13400000,2012,639,0,153,816,401,0,3,3
historical_frozen_i20m_h16_s7_state0_mac0,frozen,historical,final,16,7,i20m,0,0,25000000,25000000,25000004,cohort,13500000,1364,462,0,18,704,180,0,0,0
historical_frozen_i20m_h16_s7_state0_mac0,frozen,historical,final,16,7,i20m,0,0,25000000,25000000,25000004,cohort,13600000,1500,459,0,16,847,178,0,0,0
historical_frozen_i20m_h16_s7_state0_mac0,frozen,historical,final,16,7,i20m,0,0,25000000,25000000,25000004,cohort,13700000,1479,478,0,35,772,194,0,0,0
historical_frozen_i20m_h16_s7_state0_mac0,frozen,historical,final,16,7,i20m,0,0,25000000,25000000,25000004,cohort,13800000,1410,476,0,5,768,161,0,0,0
historical_frozen_i20m_h16_s7_state0_mac0,frozen,historical,final,16,7,i20m,0,0,25000000,25000000,25000004,cohort,13900000,1563,468,0,29,882,184,0,0,0
historical_frozen_i20m_h16_s7_state0_mac0,frozen,historical,final,16,7,i20m,0,0,25000000,25000000,25000004,cohort,14000000,1355,475,0,11,701,168,0,0,0
historical_frozen_i20m_h16_s7_state0_mac0,frozen,historical,final,16,7,i20m,0,0,25000000,25000000,25000004,cohort,14100000,1526,473,0,33,837,183,0,0,0
historical_frozen_i20m_h16_s7_state0_mac0,frozen,historical,final,16,7,i20m,0,0,25000000,25000000,25000004,cohort,14200000,1422,476,0,20,749,177,0,0,0
historical_frozen_i20m_h16_s7_state0_mac0,frozen,historical,final,16,7,i20m,0,0,25000000,25000000,25000004,cohort,14300000,1488,475,0,4,848,161,0,0,0
historical_frozen_i20m_h16_s7_state0_mac0,frozen,historical,final,16,7,i20m,0,0,25000000,25000000,25000004,cohort,14400000,1496,475,0,15,830,176,0,0,0
historical_frozen_i20m_h16_s7_state0_mac0,frozen,historical,final,16,7,i20m,0,0,25000000,25000000,25000004,cohort,14500000,1408,475,0,5,766,162,0,0,0
historical_frozen_i20m_h16_s7_state0_mac0,frozen,historical,final,16,7,i20m,0,0,25000000,25000000,25000004,cohort,14600000,1564,477,0,16,897,174,0,0,0
historical_frozen_i20m_h16_s7_state0_mac0,frozen,historical,final,16,7,i20m,0,0,25000000,25000000,25000004,cohort,14700000,1366,474,0,12,710,170,0,0,0
historical_frozen_i20m_h16_s7_state0_mac0,frozen,historical,final,16,7,i20m,0,0,25000000,25000000,25000004,cohort,14800000,1542,476,0,10,895,161,0,0,0
historical_frozen_i20m_h16_s7_state0_mac0,frozen,historical,final,16,7,i20m,0,0,25000000,25000000,25000004,cohort,14900000,1406,472,0,24,729,181,0,0,0
historical_frozen_i20m_h16_s7_state0_mac0,frozen,historical,final,16,7,i20m,0,0,25000000,25000000,25000004,cohort,15000000,1489,475,0,9,841,164,0,0,0
historical_frozen_i20m_h16_s7_state0_mac0,frozen,historical,final,16,7,i20m,0,0,25000000,25000000,25000004,cohort,15100000,1448,466,0,34,762,186,0,0,0
historical_frozen_i20m_h16_s7_state0_mac0,frozen,historical,final,16,7,i20m,0,0,25000000,25000000,25000004,cohort,15200000,1430,479,0,8,774,169,0,0,0
historical_frozen_i20m_h16_s7_state0_mac0,frozen,historical,final,16,7,i20m,0,0,25000000,25000000,25000004,cohort,15300000,1532,474,0,9,886,163,0,0,0
historical_frozen_i20m_h16_s7_state0_mac0,frozen,historical,final,16,7,i20m,0,0,25000000,25000000,25000004,cohort,15400000,1342,476,0,11,687,168,0,0,0
historical_frozen_i20m_h16_s7_state0_mac0,frozen,historical,final,16,7,i20m,0,0,25000000,25000000,25000004,cohort,15500000,1540,476,0,6,894,164,0,0,0
historical_frozen_i20m_h16_s7_state0_mac0,frozen,historical,final,16,7,i20m,0,0,25000000,25000000,25000004,cohort,15600000,1394,473,0,12,746,163,0,0,0
historical_frozen_i20m_h16_s7_state0_mac0,frozen,historical,final,16,7,i20m,0,0,25000000,25000000,25000004,cohort,15700000,1496,473,0,8,847,168,0,0,0
historical_frozen_i20m_h16_s7_state0_mac0,frozen,historical,final,16,7,i20m,0,0,25000000,25000000,25000004,cohort,15800000,1434,468,0,22,766,178,0,0,0
historical_frozen_i20m_h16_s7_state0_mac0,frozen,historical,final,16,7,i20m,0,0,25000000,25000000,25000004,cohort,15900000,1390,474,0,12,736,168,0,0,0
historical_frozen_i20m_h16_s7_state0_mac0,frozen,historical,final,16,7,i20m,0,0,25000000,25000000,25000004,cohort,16000000,1534,472,0,13,877,172,0,0,0
historical_frozen_i20m_h16_s7_state0_mac0,frozen,historical,final,16,7,i20m,0,0,25000000,25000000,25000004,cohort,16100000,1418,477,0,12,759,170,0,0,0
historical_frozen_i20m_h16_s7_state0_mac0,frozen,historical,final,16,7,i20m,0,0,25000000,25000000,25000004,cohort,16200000,1594,471,0,16,933,174,0,0,0
historical_frozen_i20m_h16_s7_state0_mac0,frozen,historical,final,16,7,i20m,0,0,25000000,25000000,25000004,cohort,16300000,1341,477,0,5,697,162,0,0,0
historical_frozen_i20m_h16_s7_state0_mac0,frozen,historical,final,16,7,i20m,0,0,25000000,25000000,25000004,cohort,16400000,1524,471,0,20,856,177,0,0,0
historical_frozen_i20m_h16_s7_state0_mac0,frozen,historical,final,16,7,i20m,0,0,25000000,25000000,25000004,cohort,16500000,1438,475,0,17,772,174,0,0,0
historical_frozen_i20m_h16_s7_state0_mac0,frozen,historical,final,16,7,i20m,0,0,25000000,25000000,25000004,cohort,16600000,1440,467,0,15,790,168,0,0,0
historical_frozen_i20m_h16_s7_state0_mac0,frozen,historical,final,16,7,i20m,0,0,25000000,25000000,25000004,cohort,16700000,1528,474,0,16,864,174,0,0,0
historical_frozen_i20m_h16_s7_state0_mac0,frozen,historical,final,16,7,i20m,0,0,25000000,25000000,25000004,cohort,16800000,1338,470,0,14,683,171,0,0,0
historical_frozen_i20m_h16_s7_state0_mac0,frozen,historical,final,16,7,i20m,0,0,25000000,25000000,25000004,cohort,16900000,1504,472,0,21,832,179,0,0,0
historical_frozen_i20m_h16_s7_state0_mac0,frozen,historical,final,16,7,i20m,0,0,25000000,25000000,25000004,cohort,17000000,1390,474,0,10,742,164,0,0,0
historical_frozen_i20m_h16_s7_state0_mac0,frozen,historical,final,16,7,i20m,0,0,25000000,25000000,25000004,cohort,17100000,1502,473,0,18,837,174,0,0,0
historical_frozen_i20m_h16_s7_state0_mac0,frozen,historical,final,16,7,i20m,0,0,25000000,25000000,25000004,cohort,17200000,1468,474,0,15,806,173,0,0,0
historical_frozen_i20m_h16_s7_state0_mac0,frozen,historical,final,16,7,i20m,0,0,25000000,25000000,25000004,cohort,17300000,1420,473,0,9,771,167,0,0,0
historical_frozen_i20m_h16_s7_state0_mac0,frozen,historical,final,16,7,i20m,0,0,25000000,25000000,25000004,cohort,17400000,1549,475,0,15,888,171,0,0,0
historical_frozen_i20m_h16_s7_state0_mac0,frozen,historical,final,16,7,i20m,0,0,25000000,25000000,25000004,cohort,17500000,1340,472,0,13,687,168,0,0,0
historical_frozen_i20m_h16_s7_state0_mac0,frozen,historical,final,16,7,i20m,0,0,25000000,25000000,25000004,cohort,17600000,1477,471,0,13,825,168,0,0,0
historical_frozen_i20m_h16_s7_state0_mac0,frozen,historical,final,16,7,i20m,0,0,25000000,25000000,25000004,cohort,17700000,1432,474,0,16,767,175,0,0,0
historical_frozen_i20m_h16_s7_state0_mac0,frozen,historical,final,16,7,i20m,0,0,25000000,25000000,25000004,cohort,17800000,1472,471,0,12,821,168,0,0,0
historical_frozen_i20m_h16_s7_state0_mac0,frozen,historical,final,16,7,i20m,0,0,25000000,25000000,25000004,cohort,17900000,1486,474,0,15,825,172,0,0,0
historical_frozen_i20m_h16_s7_state0_mac0,frozen,historical,final,16,7,i20m,0,0,25000000,25000000,25000004,cohort,18000000,1392,480,0,3,744,165,0,0,0
historical_frozen_i20m_h16_s7_state0_mac0,frozen,historical,final,16,7,i20m,0,0,25000000,25000000,25000004,cohort,18100000,1495,474,0,11,839,171,0,0,0
historical_frozen_i20m_h16_s7_state0_mac0,frozen,historical,final,16,7,i20m,0,0,25000000,25000000,25000004,cohort,18200000,1360,473,0,7,718,162,0,0,0
historical_frozen_i20m_h16_s7_state0_mac0,frozen,historical,final,16,7,i20m,0,0,25000000,25000000,25000004,cohort,18300000,1514,470,0,18,856,170,0,0,0
historical_frozen_i20m_h16_s7_state0_mac0,frozen,historical,final,16,7,i20m,0,0,25000000,25000000,25000004,cohort,18400000,1416,471,0,13,762,170,0,0,0
historical_frozen_i20m_h16_s7_state0_mac0,frozen,historical,final,16,7,i20m,0,0,25000000,25000000,25000004,cohort,18500000,1512,470,0,18,853,171,0,0,0
historical_frozen_i20m_h16_s7_state0_mac0,frozen,historical,final,16,7,i20m,0,0,25000000,25000000,25000004,cohort,18600000,1482,477,0,17,810,178,0,0,0
historical_frozen_i20m_h16_s7_state0_mac0,frozen,historical,final,16,7,i20m,0,0,25000000,25000000,25000004,cohort,18700000,1416,474,0,5,773,164,0,0,0
historical_frozen_i20m_h16_s7_state0_mac0,frozen,historical,final,16,7,i20m,0,0,25000000,25000000,25000004,cohort,18800000,1560,465,0,16,908,171,0,0,0
historical_frozen_i20m_h16_s7_state0_mac0,frozen,historical,final,16,7,i20m,0,0,25000000,25000000,25000004,cohort,18900000,1338,475,0,5,692,166,0,0,0
historical_frozen_i20m_h16_s7_state0_mac0,frozen,historical,final,16,7,i20m,0,0,25000000,25000000,25000004,cohort,19000000,1544,472,0,8,893,171,0,0,0
historical_frozen_i20m_h16_s7_state0_mac0,frozen,historical,final,16,7,i20m,0,0,25000000,25000000,25000004,cohort,19100000,1358,475,0,10,703,170,0,0,0
historical_frozen_i20m_h16_s7_state0_mac0,frozen,historical,final,16,7,i20m,0,0,25000000,25000000,25000004,cohort,19200000,1508,472,0,7,864,165,0,0,0
historical_frozen_i20m_h16_s7_state0_mac0,frozen,historical,final,16,7,i20m,0,0,25000000,25000000,25000004,cohort,19300000,1444,471,0,17,777,179,0,0,0
historical_frozen_i20m_h16_s7_state0_mac0,frozen,historical,final,16,7,i20m,0,0,25000000,25000000,25000004,cohort,19400000,1445,474,0,4,807,160,0,0,0
historical_frozen_i20m_h16_s7_state0_mac0,frozen,historical,final,16,7,i20m,0,0,25000000,25000000,25000004,cohort,19500000,1524,472,0,21,856,175,0,0,0
historical_frozen_i20m_h16_s7_state0_mac0,frozen,historical,final,16,7,i20m,0,0,25000000,25000000,25000004,cohort,19600000,1386,473,0,10,736,167,0,0,0
historical_frozen_i20m_h16_s7_state0_mac0,frozen,historical,final,16,7,i20m,0,0,25000000,25000000,25000004,cohort,19700000,1568,474,0,18,901,175,0,0,0
historical_frozen_i20m_h16_s7_state0_mac0,frozen,historical,final,16,7,i20m,0,0,25000000,25000000,25000004,cohort,19800000,1426,473,0,10,773,170,0,0,0
historical_frozen_i20m_h16_s7_state0_mac0,frozen,historical,final,16,7,i20m,0,0,25000000,25000000,25000004,cohort,19900000,1508,471,0,13,857,167,0,0,0
historical_frozen_i20m_h16_s7_state0_mac0,frozen,historical,final,16,7,i20m,0,0,25000000,25000000,25000004,cohort,20000000,1432,473,0,14,773,172,0,0,0
historical_frozen_i20m_h16_s7_state0_mac0,frozen,historical,final,16,7,i20m,0,0,25000000,25000000,25000004,cohort,20100000,1440,475,0,10,788,167,0,0,0
historical_frozen_i20m_h16_s7_state0_mac0,frozen,historical,final,16,7,i20m,0,0,25000000,25000000,25000004,cohort,20200000,1510,475,0,13,850,172,0,0,0
historical_frozen_i20m_h16_s7_state0_mac0,frozen,historical,final,16,7,i20m,0,0,25000000,25000000,25000004,cohort,20300000,1374,474,0,6,732,162,0,0,0
historical_frozen_i20m_h16_s7_state0_mac0,frozen,historical,final,16,7,i20m,0,0,25000000,25000000,25000004,cohort,20400000,1538,476,0,16,872,174,0,0,0
historical_frozen_i20m_h16_s7_state0_mac0,frozen,historical,final,16,7,i20m,0,0,25000000,25000000,25000004,cohort,20500000,1306,475,0,9,655,167,0,0,0
historical_frozen_i20m_h16_s7_state0_mac0,frozen,historical,final,16,7,i20m,0,0,25000000,25000000,25000004,cohort,20600000,1538,474,0,5,896,163,0,0,0
historical_frozen_i20m_h16_s7_state0_mac0,frozen,historical,final,16,7,i20m,0,0,25000000,25000000,25000004,cohort,20700000,1400,472,0,16,730,177,0,5,5
historical_frozen_i20m_h16_s7_state0_mac0,frozen,historical,final,16,7,i20m,0,0,25000000,25000000,25000004,cohort,20800000,1472,476,0,10,819,167,0,0,0
historical_frozen_i20m_h16_s7_state0_mac0,frozen,historical,final,16,7,i20m,0,0,25000000,25000000,25000004,cohort,20900000,1493,470,0,15,835,173,0,0,0
historical_frozen_i20m_h16_s7_state0_mac0,frozen,historical,final,16,7,i20m,0,0,25000000,25000000,25000004,cohort,21000000,1410,473,0,13,752,172,0,0,0
historical_frozen_i20m_h16_s7_state0_mac0,frozen,historical,final,16,7,i20m,0,0,25000000,25000000,25000004,cohort,21100000,1543,474,0,13,887,169,0,0,0
historical_frozen_i20m_h16_s7_state0_mac0,frozen,historical,final,16,7,i20m,0,0,25000000,25000000,25000004,cohort,21200000,1319,476,0,4,679,160,0,0,0
historical_frozen_i20m_h16_s7_state0_mac0,frozen,historical,final,16,7,i20m,0,0,25000000,25000000,25000004,cohort,21300000,1540,470,0,14,887,169,0,0,0
historical_frozen_i20m_h16_s7_state0_mac0,frozen,historical,final,16,7,i20m,0,0,25000000,25000000,25000004,cohort,21400000,1412,468,0,24,740,180,0,0,0
historical_frozen_i20m_h16_s7_state0_mac0,frozen,historical,final,16,7,i20m,0,0,25000000,25000000,25000004,cohort,21500000,1454,473,0,7,807,167,0,0,0
historical_frozen_i20m_h16_s7_state0_mac0,frozen,historical,final,16,7,i20m,0,0,25000000,25000000,25000004,cohort,21600000,1488,472,0,17,824,175,0,0,0
historical_frozen_i20m_h16_s7_state0_mac0,frozen,historical,final,16,7,i20m,0,0,25000000,25000000,25000004,cohort,21700000,1464,474,0,13,805,172,0,0,0
historical_frozen_i20m_h16_s7_state0_mac0,frozen,historical,final,16,7,i20m,0,0,25000000,25000000,25000004,cohort,21800000,1540,477,0,12,879,172,0,0,0
historical_frozen_i20m_h16_s7_state0_mac0,frozen,historical,final,16,7,i20m,0,0,25000000,25000000,25000004,cohort,21900000,1356,475,0,7,710,164,0,0,0
historical_frozen_i20m_h16_s7_state0_mac0,frozen,historical,final,16,7,i20m,0,0,25000000,25000000,25000004,cohort,22000000,1530,472,0,11,879,168,0,0,0
historical_frozen_i20m_h16_s7_state0_mac0,frozen,historical,final,16,7,i20m,0,0,25000000,25000000,25000004,cohort,22100000,1392,472,0,17,732,171,0,0,0
historical_frozen_i20m_h16_s7_state0_mac0,frozen,historical,final,16,7,i20m,0,0,25000000,25000000,25000004,cohort,22200000,1482,476,0,6,839,161,0,0,0
historical_frozen_i20m_h16_s7_state0_mac0,frozen,historical,final,16,7,i20m,0,0,25000000,25000000,25000004,cohort,22300000,1496,473,0,20,825,178,0,0,0
historical_frozen_i20m_h16_s7_state0_mac0,frozen,historical,final,16,7,i20m,0,0,25000000,25000000,25000004,cohort,22400000,1412,475,0,8,764,165,0,0,0
historical_frozen_i20m_h16_s7_state0_mac0,frozen,historical,final,16,7,i20m,0,0,25000000,25000000,25000004,cohort,22500000,1578,474,0,30,889,185,0,0,0
historical_frozen_i20m_h16_s7_state0_mac0,frozen,historical,final,16,7,i20m,0,0,25000000,25000000,25000004,cohort,22600000,1366,473,0,16,705,172,0,0,0
historical_frozen_i20m_h16_s7_state0_mac0,frozen,historical,final,16,7,i20m,0,0,25000000,25000000,25000004,cohort,22700000,1578,475,0,12,921,170,0,0,0
historical_frozen_i20m_h16_s7_state0_mac0,frozen,historical,final,16,7,i20m,0,0,25000000,25000000,25000004,cohort,22800000,1457,470,0,24,783,180,0,0,0
historical_frozen_i20m_h16_s7_state0_mac0,frozen,historical,final,16,7,i20m,0,0,25000000,25000000,25000004,cohort,22900000,1456,475,0,7,811,163,0,0,0
historical_frozen_i20m_h16_s7_state0_mac0,frozen,historical,final,16,7,i20m,0,0,25000000,25000000,25000004,cohort,23000000,1514,469,0,24,841,180,0,0,0
historical_frozen_i20m_h16_s7_state0_mac0,frozen,historical,final,16,7,i20m,0,0,25000000,25000000,25000004,cohort,23100000,1432,476,0,17,766,173,0,0,0
historical_frozen_i20m_h16_s7_state0_mac0,frozen,historical,final,16,7,i20m,0,0,25000000,25000000,25000004,cohort,23200000,1622,470,0,24,950,178,0,0,0
historical_frozen_i20m_h16_s7_state0_mac0,frozen,historical,final,16,7,i20m,0,0,25000000,25000000,25000004,cohort,23300000,1366,474,0,15,703,174,0,0,0
historical_frozen_i20m_h16_s7_state0_mac0,frozen,historical,final,16,7,i20m,0,0,25000000,25000000,25000004,cohort,23400000,1503,472,0,6,860,165,0,0,0
historical_frozen_i20m_h16_s7_state0_mac0,frozen,historical,final,16,7,i20m,0,0,25000000,25000000,25000004,cohort,23500000,1476,472,0,15,814,175,0,0,0
historical_frozen_i20m_h16_s7_state0_mac0,frozen,historical,final,16,7,i20m,0,0,25000000,25000000,25000004,cohort,23600000,1474,472,0,10,824,168,0,0,0
historical_frozen_i20m_h16_s7_state0_mac0,frozen,historical,final,16,7,i20m,0,0,25000000,25000000,25000004,cohort,23700000,1524,471,0,18,859,176,0,0,0
historical_frozen_i20m_h16_s7_state0_mac0,frozen,historical,final,16,7,i20m,0,0,25000000,25000000,25000004,cohort,23800000,1410,477,0,9,756,168,0,0,0
historical_frozen_i20m_h16_s7_state0_mac0,frozen,historical,final,16,7,i20m,0,0,25000000,25000000,25000004,cohort,23900000,1584,476,0,10,934,164,0,0,0
historical_frozen_i20m_h16_s7_state0_mac0,frozen,historical,final,16,7,i20m,0,0,25000000,25000000,25000004,cohort,24000000,1331,474,0,11,677,169,0,0,0
historical_frozen_i20m_h16_s7_state0_mac0,frozen,historical,final,16,7,i20m,0,0,25000000,25000000,25000004,cohort,24100000,1554,476,0,5,908,165,0,0,0
historical_frozen_i20m_h16_s7_state0_mac0,frozen,historical,final,16,7,i20m,0,0,25000000,25000000,25000004,cohort,24200000,1437,481,0,8,782,166,0,0,0
historical_frozen_i20m_h16_s7_state0_mac0,frozen,historical,final,16,7,i20m,0,0,25000000,25000000,25000004,cohort,24300000,1446,475,0,5,805,161,0,0,0
historical_frozen_i20m_h16_s7_state0_mac0,frozen,historical,final,16,7,i20m,0,0,25000000,25000000,25000004,cohort,24400000,1494,476,0,9,843,165,0,1,1
historical_frozen_i20m_h16_s7_state0_mac0,frozen,historical,final,16,7,i20m,0,0,25000000,25000000,25000004,cohort,24500000,1402,475,0,2,753,166,0,6,6
historical_frozen_i20m_h16_s7_state0_mac0,frozen,historical,final,16,7,i20m,0,0,25000000,25000000,25000004,cohort,24600000,1544,479,0,0,883,171,0,11,11
historical_frozen_i20m_h16_s7_state0_mac0,frozen,historical,final,16,7,i20m,0,0,25000000,25000000,25000004,cohort,24700000,1322,475,0,0,684,160,0,3,3
historical_frozen_i20m_h16_s7_state0_mac0,frozen,historical,final,16,7,i20m,0,0,25000000,25000000,25000004,cohort,24800000,1574,475,0,0,929,163,0,7,7
historical_frozen_i20m_h16_s7_state0_mac0,frozen,historical,final,16,7,i20m,0,0,25000000,25000000,25000004,cohort,24900000,1414,472,0,0,760,167,1,14,15
historical_frozen_i20m_h8_s7_state0_mac0,frozen,historical,final,8,7,i20m,0,0,25000000,25000000,25000004,cohort,0,1814,465,0,16,1154,178,0,1,1
historical_frozen_i20m_h8_s7_state0_mac0,frozen,historical,final,8,7,i20m,0,0,25000000,25000000,25000004,cohort,100000,1809,460,0,13,1161,175,0,0,0
historical_frozen_i20m_h8_s7_state0_mac0,frozen,historical,final,8,7,i20m,0,0,25000000,25000000,25000004,cohort,200000,1807,463,0,4,1170,170,0,0,0
historical_frozen_i20m_h8_s7_state0_mac0,frozen,historical,final,8,7,i20m,0,0,25000000,25000000,25000004,cohort,300000,1840,464,0,10,1188,178,0,0,0
historical_frozen_i20m_h8_s7_state0_mac0,frozen,historical,final,8,7,i20m,0,0,25000000,25000000,25000004,cohort,400000,1807,460,0,4,1171,172,0,0,0
historical_frozen_i20m_h8_s7_state0_mac0,frozen,historical,final,8,7,i20m,0,0,25000000,25000000,25000004,cohort,500000,1847,462,0,12,1197,176,0,0,0
historical_frozen_i20m_h8_s7_state0_mac0,frozen,historical,final,8,7,i20m,0,0,25000000,25000000,25000004,cohort,600000,1837,462,0,9,1191,174,0,1,1
historical_frozen_i20m_h8_s7_state0_mac0,frozen,historical,final,8,7,i20m,0,0,25000000,25000000,25000004,cohort,700000,1848,463,0,10,1197,178,0,0,0
historical_frozen_i20m_h8_s7_state0_mac0,frozen,historical,final,8,7,i20m,0,0,25000000,25000000,25000004,cohort,800000,1817,463,0,4,1181,169,0,0,0
historical_frozen_i20m_h8_s7_state0_mac0,frozen,historical,final,8,7,i20m,0,0,25000000,25000000,25000004,cohort,900000,1840,461,0,10,1191,178,0,0,0
historical_frozen_i20m_h8_s7_state0_mac0,frozen,historical,final,8,7,i20m,0,0,25000000,25000000,25000004,cohort,1000000,1860,462,0,4,1224,170,0,0,0
historical_frozen_i20m_h8_s7_state0_mac0,frozen,historical,final,8,7,i20m,0,0,25000000,25000000,25000004,cohort,1100000,1809,460,0,6,1167,176,0,0,0
historical_frozen_i20m_h8_s7_state0_mac0,frozen,historical,final,8,7,i20m,0,0,25000000,25000000,25000004,cohort,1200000,1843,460,0,10,1196,177,0,0,0
historical_frozen_i20m_h8_s7_state0_mac0,frozen,historical,final,8,7,i20m,0,0,25000000,25000000,25000004,cohort,1300000,1819,457,0,8,1180,174,0,0,0
historical_frozen_i20m_h8_s7_state0_mac0,frozen,historical,final,8,7,i20m,0,0,25000000,25000000,25000004,cohort,1400000,1837,464,0,4,1195,174,0,0,0
historical_frozen_i20m_h8_s7_state0_mac0,frozen,historical,final,8,7,i20m,0,0,25000000,25000000,25000004,cohort,1500000,1820,461,0,2,1188,169,0,0,0
historical_frozen_i20m_h8_s7_state0_mac0,frozen,historical,final,8,7,i20m,0,0,25000000,25000000,25000004,cohort,1600000,1844,467,0,29,1157,191,0,0,0
historical_frozen_i20m_h8_s7_state0_mac0,frozen,historical,final,8,7,i20m,0,0,25000000,25000000,25000004,cohort,1700000,1865,460,0,11,1216,178,0,0,0
historical_frozen_i20m_h8_s7_state0_mac0,frozen,historical,final,8,7,i20m,0,0,25000000,25000000,25000004,cohort,1800000,1846,462,0,10,1199,175,0,0,0
historical_frozen_i20m_h8_s7_state0_mac0,frozen,historical,final,8,7,i20m,0,0,25000000,25000000,25000004,cohort,1900000,1860,460,0,12,1203,185,0,0,0
historical_frozen_i20m_h8_s7_state0_mac0,frozen,historical,final,8,7,i20m,0,0,25000000,25000000,25000004,cohort,2000000,1824,463,0,4,1188,169,0,0,0
historical_frozen_i20m_h8_s7_state0_mac0,frozen,historical,final,8,7,i20m,0,0,25000000,25000000,25000004,cohort,2100000,1855,462,0,7,1209,177,0,0,0
historical_frozen_i20m_h8_s7_state0_mac0,frozen,historical,final,8,7,i20m,0,0,25000000,25000000,25000004,cohort,2200000,1836,462,0,8,1194,172,0,0,0
historical_frozen_i20m_h8_s7_state0_mac0,frozen,historical,final,8,7,i20m,0,0,25000000,25000000,25000004,cohort,2300000,1836,461,0,12,1181,182,0,0,0
historical_frozen_i20m_h8_s7_state0_mac0,frozen,historical,final,8,7,i20m,0,0,25000000,25000000,25000004,cohort,2400000,1824,455,0,11,1183,175,0,0,0
historical_frozen_i20m_h8_s7_state0_mac0,frozen,historical,final,8,7,i20m,0,0,25000000,25000000,25000004,cohort,2500000,1807,461,0,19,1141,186,0,0,0
historical_frozen_i20m_h8_s7_state0_mac0,frozen,historical,final,8,7,i20m,0,0,25000000,25000000,25000004,cohort,2600000,1858,463,0,22,1186,187,0,0,0
historical_frozen_i20m_h8_s7_state0_mac0,frozen,historical,final,8,7,i20m,0,0,25000000,25000000,25000004,cohort,2700000,1814,465,0,2,1169,178,0,0,0
historical_frozen_i20m_h8_s7_state0_mac0,frozen,historical,final,8,7,i20m,0,0,25000000,25000000,25000004,cohort,2800000,1834,460,0,2,1204,168,0,0,0
historical_frozen_i20m_h8_s7_state0_mac0,frozen,historical,final,8,7,i20m,0,0,25000000,25000000,25000004,cohort,2900000,1816,458,0,3,1172,183,0,0,0
historical_frozen_i20m_h8_s7_state0_mac0,frozen,historical,final,8,7,i20m,0,0,25000000,25000000,25000004,cohort,3000000,1800,461,0,5,1163,171,0,0,0
historical_frozen_i20m_h8_s7_state0_mac0,frozen,historical,final,8,7,i20m,0,0,25000000,25000000,25000004,cohort,3100000,1828,459,0,1,1197,171,0,0,0
historical_frozen_i20m_h8_s7_state0_mac0,frozen,historical,final,8,7,i20m,0,0,25000000,25000000,25000004,cohort,3200000,1838,462,0,8,1194,174,0,0,0
historical_frozen_i20m_h8_s7_state0_mac0,frozen,historical,final,8,7,i20m,0,0,25000000,25000000,25000004,cohort,3300000,1825,461,0,9,1182,173,0,0,0
historical_frozen_i20m_h8_s7_state0_mac0,frozen,historical,final,8,7,i20m,0,0,25000000,25000000,25000004,cohort,3400000,1832,458,0,3,1199,172,0,0,0
historical_frozen_i20m_h8_s7_state0_mac0,frozen,historical,final,8,7,i20m,0,0,25000000,25000000,25000004,cohort,3500000,1873,462,0,13,1215,183,0,0,0
historical_frozen_i20m_h8_s7_state0_mac0,frozen,historical,final,8,7,i20m,0,0,25000000,25000000,25000004,cohort,3600000,1843,456,0,21,1175,191,0,0,0
historical_frozen_i20m_h8_s7_state0_mac0,frozen,historical,final,8,7,i20m,0,0,25000000,25000000,25000004,cohort,3700000,1840,467,0,7,1193,173,0,0,0
historical_frozen_i20m_h8_s7_state0_mac0,frozen,historical,final,8,7,i20m,0,0,25000000,25000000,25000004,cohort,3800000,1843,473,0,15,1187,168,0,0,0
historical_frozen_i20m_h8_s7_state0_mac0,frozen,historical,final,8,7,i20m,0,0,25000000,25000000,25000004,cohort,3900000,1869,472,0,18,1210,169,0,0,0
historical_frozen_i20m_h8_s7_state0_mac0,frozen,historical,final,8,7,i20m,0,0,25000000,25000000,25000004,cohort,4000000,1852,459,0,23,1181,189,0,0,0
historical_frozen_i20m_h8_s7_state0_mac0,frozen,historical,final,8,7,i20m,0,0,25000000,25000000,25000004,cohort,4100000,1835,460,0,10,1188,177,0,0,0
historical_frozen_i20m_h8_s7_state0_mac0,frozen,historical,final,8,7,i20m,0,0,25000000,25000000,25000004,cohort,4200000,1840,457,0,16,1183,184,0,0,0
historical_frozen_i20m_h8_s7_state0_mac0,frozen,historical,final,8,7,i20m,0,0,25000000,25000000,25000004,cohort,4300000,1835,462,1,6,1194,172,0,0,0
historical_frozen_i20m_h8_s7_state0_mac0,frozen,historical,final,8,7,i20m,0,0,25000000,25000000,25000004,cohort,4400000,1819,458,1,8,1179,173,0,0,0
historical_frozen_i20m_h8_s7_state0_mac0,frozen,historical,final,8,7,i20m,0,0,25000000,25000000,25000004,cohort,4500000,1831,460,1,13,1181,176,0,0,0
historical_frozen_i20m_h8_s7_state0_mac0,frozen,historical,final,8,7,i20m,0,0,25000000,25000000,25000004,cohort,4600000,1842,464,0,14,1186,178,0,0,0
historical_frozen_i20m_h8_s7_state0_mac0,frozen,historical,final,8,7,i20m,0,0,25000000,25000000,25000004,cohort,4700000,1831,463,0,7,1182,179,0,0,0
historical_frozen_i20m_h8_s7_state0_mac0,frozen,historical,final,8,7,i20m,0,0,25000000,25000000,25000004,cohort,4800000,1837,466,0,3,1202,166,0,0,0
historical_frozen_i20m_h8_s7_state0_mac0,frozen,historical,final,8,7,i20m,0,0,25000000,25000000,25000004,cohort,4900000,1844,468,0,24,1167,185,0,0,0
historical_frozen_i20m_h8_s7_state0_mac0,frozen,historical,final,8,7,i20m,0,0,25000000,25000000,25000004,cohort,5000000,1825,462,0,22,1159,182,0,0,0
historical_frozen_i20m_h8_s7_state0_mac0,frozen,historical,final,8,7,i20m,0,0,25000000,25000000,25000004,cohort,5100000,1834,468,0,19,1170,177,0,0,0
historical_frozen_i20m_h8_s7_state0_mac0,frozen,historical,final,8,7,i20m,0,0,25000000,25000000,25000004,cohort,5200000,1878,464,0,28,1200,186,0,0,0
historical_frozen_i20m_h8_s7_state0_mac0,frozen,historical,final,8,7,i20m,0,0,25000000,25000000,25000004,cohort,5300000,1800,459,0,12,1151,178,0,0,0
historical_frozen_i20m_h8_s7_state0_mac0,frozen,historical,final,8,7,i20m,0,0,25000000,25000000,25000004,cohort,5400000,1849,460,0,27,1170,192,0,0,0
historical_frozen_i20m_h8_s7_state0_mac0,frozen,historical,final,8,7,i20m,0,0,25000000,25000000,25000004,cohort,5500000,1825,466,0,10,1175,174,0,0,0
historical_frozen_i20m_h8_s7_state0_mac0,frozen,historical,final,8,7,i20m,0,0,25000000,25000000,25000004,cohort,5600000,1832,442,0,18,1175,197,0,0,0
historical_frozen_i20m_h8_s7_state0_mac0,frozen,historical,final,8,7,i20m,0,0,25000000,25000000,25000004,cohort,5700000,1789,438,0,17,1137,197,0,0,0
historical_frozen_i20m_h8_s7_state0_mac0,frozen,historical,final,8,7,i20m,0,0,25000000,25000000,25000004,cohort,5800000,1821,451,0,18,1163,189,0,0,0
historical_frozen_i20m_h8_s7_state0_mac0,frozen,historical,final,8,7,i20m,0,0,25000000,25000000,25000004,cohort,5900000,1836,459,0,20,1172,185,0,0,0
historical_frozen_i20m_h8_s7_state0_mac0,frozen,historical,final,8,7,i20m,0,0,25000000,25000000,25000004,cohort,6000000,1815,461,0,9,1173,172,0,0,0
historical_frozen_i20m_h8_s7_state0_mac0,frozen,historical,final,8,7,i20m,0,0,25000000,25000000,25000004,cohort,6100000,1835,454,0,15,1178,188,0,0,0
historical_frozen_i20m_h8_s7_state0_mac0,frozen,historical,final,8,7,i20m,0,0,25000000,25000000,25000004,cohort,6200000,1834,466,0,9,1189,170,0,0,0
historical_frozen_i20m_h8_s7_state0_mac0,frozen,historical,final,8,7,i20m,0,0,25000000,25000000,25000004,cohort,6300000,1871,469,0,32,1183,187,0,0,0
historical_frozen_i20m_h8_s7_state0_mac0,frozen,historical,final,8,7,i20m,0,0,25000000,25000000,25000004,cohort,6400000,1828,467,0,18,1160,183,0,0,0
historical_frozen_i20m_h8_s7_state0_mac0,frozen,historical,final,8,7,i20m,0,0,25000000,25000000,25000004,cohort,6500000,1818,454,0,14,1163,187,0,0,0
historical_frozen_i20m_h8_s7_state0_mac0,frozen,historical,final,8,7,i20m,0,0,25000000,25000000,25000004,cohort,6600000,1895,478,0,22,1216,179,0,0,0
historical_frozen_i20m_h8_s7_state0_mac0,frozen,historical,final,8,7,i20m,0,0,25000000,25000000,25000004,cohort,6700000,1862,475,0,13,1207,167,0,0,0
historical_frozen_i20m_h8_s7_state0_mac0,frozen,historical,final,8,7,i20m,0,0,25000000,25000000,25000004,cohort,6800000,1872,458,0,21,1207,186,0,0,0
historical_frozen_i20m_h8_s7_state0_mac0,frozen,historical,final,8,7,i20m,0,0,25000000,25000000,25000004,cohort,6900000,1803,458,0,12,1150,183,0,0,0
historical_frozen_i20m_h8_s7_state0_mac0,frozen,historical,final,8,7,i20m,0,0,25000000,25000000,25000004,cohort,7000000,1778,450,0,6,1141,181,0,0,0
historical_frozen_i20m_h8_s7_state0_mac0,frozen,historical,final,8,7,i20m,0,0,25000000,25000000,25000004,cohort,7100000,1843,445,0,20,1186,192,0,0,0
historical_frozen_i20m_h8_s7_state0_mac0,frozen,historical,final,8,7,i20m,0,0,25000000,25000000,25000004,cohort,7200000,1830,456,0,12,1178,184,0,0,0
historical_frozen_i20m_h8_s7_state0_mac0,frozen,historical,final,8,7,i20m,0,0,25000000,25000000,25000004,cohort,7300000,1832,456,0,19,1173,184,0,0,0
historical_frozen_i20m_h8_s7_state0_mac0,frozen,historical,final,8,7,i20m,0,0,25000000,25000000,25000004,cohort,7400000,1837,457,0,11,1191,178,0,0,0
historical_frozen_i20m_h8_s7_state0_mac0,frozen,historical,final,8,7,i20m,0,0,25000000,25000000,25000004,cohort,7500000,1822,458,0,10,1169,185,0,0,0
historical_frozen_i20m_h8_s7_state0_mac0,frozen,historical,final,8,7,i20m,0,0,25000000,25000000,25000004,cohort,7600000,1828,462,0,2,1197,167,0,0,0
historical_frozen_i20m_h8_s7_state0_mac0,frozen,historical,final,8,7,i20m,0,0,25000000,25000000,25000004,cohort,7700000,1838,457,0,10,1193,178,0,0,0
historical_frozen_i20m_h8_s7_state0_mac0,frozen,historical,final,8,7,i20m,0,0,25000000,25000000,25000004,cohort,7800000,1833,460,0,18,1167,188,0,0,0
historical_frozen_i20m_h8_s7_state0_mac0,frozen,historical,final,8,7,i20m,0,0,25000000,25000000,25000004,cohort,7900000,1804,459,0,5,1169,171,0,0,0
historical_frozen_i20m_h8_s7_state0_mac0,frozen,historical,final,8,7,i20m,0,0,25000000,25000000,25000004,cohort,8000000,1839,453,0,22,1178,186,0,0,0
historical_frozen_i20m_h8_s7_state0_mac0,frozen,historical,final,8,7,i20m,0,0,25000000,25000000,25000004,cohort,8100000,1863,455,0,17,1205,186,0,0,0
historical_frozen_i20m_h8_s7_state0_mac0,frozen,historical,final,8,7,i20m,0,0,25000000,25000000,25000004,cohort,8200000,1840,463,0,13,1185,179,0,0,0
historical_frozen_i20m_h8_s7_state0_mac0,frozen,historical,final,8,7,i20m,0,0,25000000,25000000,25000004,cohort,8300000,1817,460,0,7,1178,172,0,0,0
historical_frozen_i20m_h8_s7_state0_mac0,frozen,historical,final,8,7,i20m,0,0,25000000,25000000,25000004,cohort,8400000,1834,463,0,9,1185,177,0,0,0
historical_frozen_i20m_h8_s7_state0_mac0,frozen,historical,final,8,7,i20m,0,0,25000000,25000000,25000004,cohort,8500000,1858,467,0,27,1167,197,0,0,0
historical_frozen_i20m_h8_s7_state0_mac0,frozen,historical,final,8,7,i20m,0,0,25000000,25000000,25000004,cohort,8600000,1831,466,0,12,1177,176,0,0,0
historical_frozen_i20m_h8_s7_state0_mac0,frozen,historical,final,8,7,i20m,0,0,25000000,25000000,25000004,cohort,8700000,1876,463,0,23,1204,186,0,0,0
historical_frozen_i20m_h8_s7_state0_mac0,frozen,historical,final,8,7,i20m,0,0,25000000,25000000,25000004,cohort,8800000,1831,471,0,15,1169,176,0,0,0
historical_frozen_i20m_h8_s7_state0_mac0,frozen,historical,final,8,7,i20m,0,0,25000000,25000000,25000004,cohort,8900000,1873,470,0,17,1213,173,0,0,0
historical_frozen_i20m_h8_s7_state0_mac0,frozen,historical,final,8,7,i20m,0,0,25000000,25000000,25000004,cohort,9000000,1848,467,0,13,1195,173,0,0,0
historical_frozen_i20m_h8_s7_state0_mac0,frozen,historical,final,8,7,i20m,0,0,25000000,25000000,25000004,cohort,9100000,1851,473,0,14,1193,171,0,0,0
historical_frozen_i20m_h8_s7_state0_mac0,frozen,historical,final,8,7,i20m,0,0,25000000,25000000,25000004,cohort,9200000,1898,474,0,22,1225,177,0,0,0
historical_frozen_i20m_h8_s7_state0_mac0,frozen,historical,final,8,7,i20m,0,0,25000000,25000000,25000004,cohort,9300000,1833,474,0,13,1178,168,0,0,0
historical_frozen_i20m_h8_s7_state0_mac0,frozen,historical,final,8,7,i20m,0,0,25000000,25000000,25000004,cohort,9400000,1864,468,0,5,1224,167,0,0,0
historical_frozen_i20m_h8_s7_state0_mac0,frozen,historical,final,8,7,i20m,0,0,25000000,25000000,25000004,cohort,9500000,1832,477,0,11,1174,170,0,0,0
historical_frozen_i20m_h8_s7_state0_mac0,frozen,historical,final,8,7,i20m,0,0,25000000,25000000,25000004,cohort,9600000,1863,462,0,24,1192,185,0,0,0
historical_frozen_i20m_h8_s7_state0_mac0,frozen,historical,final,8,7,i20m,0,0,25000000,25000000,25000004,cohort,9700000,1829,460,0,16,1175,178,0,0,0
historical_frozen_i20m_h8_s7_state0_mac0,frozen,historical,final,8,7,i20m,0,0,25000000,25000000,25000004,cohort,9800000,1827,450,0,18,1169,190,0,0,0
historical_frozen_i20m_h8_s7_state0_mac0,frozen,historical,final,8,7,i20m,0,0,25000000,25000000,25000004,cohort,9900000,1842,445,0,21,1173,203,0,0,0
historical_frozen_i20m_h8_s7_state0_mac0,frozen,historical,final,8,7,i20m,0,0,25000000,25000000,25000004,cohort,10000000,1822,462,0,9,1171,180,0,0,0
historical_frozen_i20m_h8_s7_state0_mac0,frozen,historical,final,8,7,i20m,0,0,25000000,25000000,25000004,cohort,10100000,1843,473,0,11,1188,171,0,0,0
historical_frozen_i20m_h8_s7_state0_mac0,frozen,historical,final,8,7,i20m,0,0,25000000,25000000,25000004,cohort,10200000,1829,460,0,9,1186,174,0,0,0
historical_frozen_i20m_h8_s7_state0_mac0,frozen,historical,final,8,7,i20m,0,0,25000000,25000000,25000004,cohort,10300000,1854,461,0,9,1207,177,0,0,0
historical_frozen_i20m_h8_s7_state0_mac0,frozen,historical,final,8,7,i20m,0,0,25000000,25000000,25000004,cohort,10400000,1828,469,0,9,1183,167,0,0,0
historical_frozen_i20m_h8_s7_state0_mac0,frozen,historical,final,8,7,i20m,0,0,25000000,25000000,25000004,cohort,10500000,1826,475,0,3,1183,165,0,0,0
historical_frozen_i20m_h8_s7_state0_mac0,frozen,historical,final,8,7,i20m,0,0,25000000,25000000,25000004,cohort,10600000,1845,467,0,21,1179,178,0,0,0
historical_frozen_i20m_h8_s7_state0_mac0,frozen,historical,final,8,7,i20m,0,0,25000000,25000000,25000004,cohort,10700000,1847,470,0,8,1201,168,0,0,0
historical_frozen_i20m_h8_s7_state0_mac0,frozen,historical,final,8,7,i20m,0,0,25000000,25000000,25000004,cohort,10800000,1872,465,0,27,1195,185,0,0,0
historical_frozen_i20m_h8_s7_state0_mac0,frozen,historical,final,8,7,i20m,0,0,25000000,25000000,25000004,cohort,10900000,1842,475,0,8,1190,169,0,0,0
historical_frozen_i20m_h8_s7_state0_mac0,frozen,historical,final,8,7,i20m,0,0,25000000,25000000,25000004,cohort,11000000,1850,470,0,15,1190,175,0,0,0
historical_frozen_i20m_h8_s7_state0_mac0,frozen,historical,final,8,7,i20m,0,0,25000000,25000000,25000004,cohort,11100000,1845,471,0,16,1183,175,0,0,0
historical_frozen_i20m_h8_s7_state0_mac0,frozen,historical,final,8,7,i20m,0,0,25000000,25000000,25000004,cohort,11200000,1849,470,0,22,1178,179,0,0,0
historical_frozen_i20m_h8_s7_state0_mac0,frozen,historical,final,8,7,i20m,0,0,25000000,25000000,25000004,cohort,11300000,1866,465,0,23,1192,186,0,0,0
historical_frozen_i20m_h8_s7_state0_mac0,frozen,historical,final,8,7,i20m,0,0,25000000,25000000,25000004,cohort,11400000,1872,470,1,43,1149,209,0,0,0
historical_frozen_i20m_h8_s7_state0_mac0,frozen,historical,final,8,7,i20m,0,0,25000000,25000000,25000004,cohort,11500000,1908,450,4,102,1096,256,0,0,0
historical_frozen_i20m_h8_s7_state0_mac0,frozen,historical,final,8,7,i20m,0,0,25000000,25000000,25000004,cohort,11600000,1847,472,0,21,1172,182,0,0,0
historical_frozen_i20m_h8_s7_state0_mac0,frozen,historical,final,8,7,i20m,0,0,25000000,25000000,25000004,cohort,11700000,1815,473,0,14,1159,169,0,0,0
historical_frozen_i20m_h8_s7_state0_mac0,frozen,historical,final,8,7,i20m,0,0,25000000,25000000,25000004,cohort,11800000,2327,570,28,147,1227,355,0,0,0
historical_frozen_i20m_h8_s7_state0_mac0,frozen,historical,final,8,7,i20m,0,0,25000000,25000000,25000004,cohort,11900000,2074,512,10,112,1151,289,0,0,0
historical_frozen_i20m_h8_s7_state0_mac0,frozen,historical,final,8,7,i20m,0,0,25000000,25000000,25000004,cohort,12000000,1929,476,1,61,1176,215,0,0,0
historical_frozen_i20m_h8_s7_state0_mac0,frozen,historical,final,8,7,i20m,0,0,25000000,25000000,25000004,cohort,12100000,1979,487,8,70,1176,238,0,0,0
historical_frozen_i20m_h8_s7_state0_mac0,frozen,historical,final,8,7,i20m,0,0,25000000,25000000,25000004,cohort,12200000,1807,467,0,11,1155,174,0,0,0
historical_frozen_i20m_h8_s7_state0_mac0,frozen,historical,final,8,7,i20m,0,0,25000000,25000000,25000004,cohort,12300000,1839,472,1,28,1152,186,0,0,0
historical_frozen_i20m_h8_s7_state0_mac0,frozen,historical,final,8,7,i20m,0,0,25000000,25000000,25000004,cohort,12400000,1894,475,1,26,1198,194,0,0,0
historical_frozen_i20m_h8_s7_state0_mac0,frozen,historical,final,8,7,i20m,0,0,25000000,25000000,25000004,cohort,12500000,1805,461,0,11,1160,173,0,0,0
historical_frozen_i20m_h8_s7_state0_mac0,frozen,historical,final,8,7,i20m,0,0,25000000,25000000,25000004,cohort,12600000,2040,468,13,162,1056,341,0,0,0
historical_frozen_i20m_h8_s7_state0_mac0,frozen,historical,final,8,7,i20m,0,0,25000000,25000000,25000004,cohort,12700000,1992,481,6,87,1152,266,0,0,0
historical_frozen_i20m_h8_s7_state0_mac0,frozen,historical,final,8,7,i20m,0,0,25000000,25000000,25000004,cohort,12800000,2078,514,2,136,1131,295,0,0,0
historical_frozen_i20m_h8_s7_state0_mac0,frozen,historical,final,8,7,i20m,0,0,25000000,25000000,25000004,cohort,12900000,1866,473,0,21,1194,178,0,0,0
historical_frozen_i20m_h8_s7_state0_mac0,frozen,historical,final,8,7,i20m,0,0,25000000,25000000,25000004,cohort,13000000,1830,473,0,12,1177,168,0,0,0
historical_frozen_i20m_h8_s7_state0_mac0,frozen,historical,final,8,7,i20m,0,0,25000000,25000000,25000004,cohort,13100000,1806,475,0,11,1152,168,0,0,0
historical_frozen_i20m_h8_s7_state0_mac0,frozen,historical,final,8,7,i20m,0,0,25000000,25000000,25000004,cohort,13200000,2065,471,11,183,1072,328,0,0,0
historical_frozen_i20m_h8_s7_state0_mac0,frozen,historical,final,8,7,i20m,0,0,25000000,25000000,25000004,cohort,13300000,1846,471,0,10,1198,167,0,0,0
historical_frozen_i20m_h8_s7_state0_mac0,frozen,historical,final,8,7,i20m,0,0,25000000,25000000,25000004,cohort,13400000,2186,722,0,161,873,427,0,3,3
historical_frozen_i20m_h8_s7_state0_mac0,frozen,historical,final,8,7,i20m,0,0,25000000,25000000,25000004,cohort,13500000,1767,463,0,21,1100,182,0,1,1
historical_frozen_i20m_h8_s7_state0_mac0,frozen,historical,final,8,7,i20m,0,0,25000000,25000000,25000004,cohort,13600000,1806,459,0,17,1152,178,0,0,0
historical_frozen_i20m_h8_s7_state0_mac0,frozen,historical,final,8,7,i20m,0,0,25000000,25000000,25000004,cohort,13700000,1852,485,0,35,1137,195,0,0,0
historical_frozen_i20m_h8_s7_state0_mac0,frozen,historical,final,8,7,i20m,0,0,25000000,25000000,25000004,cohort,13800000,1738,476,0,5,1097,160,0,0,0
historical_frozen_i20m_h8_s7_state0_mac0,frozen,historical,final,8,7,i20m,0,0,25000000,25000000,25000004,cohort,13900000,1818,464,0,33,1134,187,0,0,0
historical_frozen_i20m_h8_s7_state0_mac0,frozen,historical,final,8,7,i20m,0,0,25000000,25000000,25000004,cohort,14000000,1743,472,0,12,1088,171,0,0,0
historical_frozen_i20m_h8_s7_state0_mac0,frozen,historical,final,8,7,i20m,0,0,25000000,25000000,25000004,cohort,14100000,1798,473,0,32,1109,184,0,0,0
historical_frozen_i20m_h8_s7_state0_mac0,frozen,historical,final,8,7,i20m,0,0,25000000,25000000,25000004,cohort,14200000,1793,475,0,21,1118,179,0,0,0
historical_frozen_i20m_h8_s7_state0_mac0,frozen,historical,final,8,7,i20m,0,0,25000000,25000000,25000004,cohort,14300000,1761,475,0,3,1121,162,0,0,0
historical_frozen_i20m_h8_s7_state0_mac0,frozen,historical,final,8,7,i20m,0,0,25000000,25000000,25000004,cohort,14400000,1819,475,0,18,1150,176,0,0,0
historical_frozen_i20m_h8_s7_state0_mac0,frozen,historical,final,8,7,i20m,0,0,25000000,25000000,25000004,cohort,14500000,1749,472,0,6,1107,164,0,0,0
historical_frozen_i20m_h8_s7_state0_mac0,frozen,historical,final,8,7,i20m,0,0,25000000,25000000,25000004,cohort,14600000,1779,465,0,15,1118,181,0,0,0
historical_frozen_i20m_h8_s7_state0_mac0,frozen,historical,final,8,7,i20m,0,0,25000000,25000000,25000004,cohort,14700000,1749,463,0,11,1097,178,0,0,0
historical_frozen_i20m_h8_s7_state0_mac0,frozen,historical,final,8,7,i20m,0,0,25000000,25000000,25000004,cohort,14800000,1733,470,0,11,1087,165,0,0,0
historical_frozen_i20m_h8_s7_state0_mac0,frozen,historical,final,8,7,i20m,0,0,25000000,25000000,25000004,cohort,14900000,1822,468,0,24,1142,188,0,0,0
historical_frozen_i20m_h8_s7_state0_mac0,frozen,historical,final,8,7,i20m,0,0,25000000,25000000,25000004,cohort,15000000,1767,472,0,10,1117,168,0,0,0
historical_frozen_i20m_h8_s7_state0_mac0,frozen,historical,final,8,7,i20m,0,0,25000000,25000000,25000004,cohort,15100000,1838,467,0,40,1137,194,0,0,0
historical_frozen_i20m_h8_s7_state0_mac0,frozen,historical,final,8,7,i20m,0,0,25000000,25000000,25000004,cohort,15200000,1774,471,0,6,1122,175,0,0,0
historical_frozen_i20m_h8_s7_state0_mac0,frozen,historical,final,8,7,i20m,0,0,25000000,25000000,25000004,cohort,15300000,1812,462,0,5,1172,173,0,0,0
historical_frozen_i20m_h8_s7_state0_mac0,frozen,historical,final,8,7,i20m,0,0,25000000,25000000,25000004,cohort,15400000,1781,467,0,10,1131,173,0,0,0
historical_frozen_i20m_h8_s7_state0_mac0,frozen,historical,final,8,7,i20m,0,0,25000000,25000000,25000004,cohort,15500000,1735,469,0,5,1093,168,0,0,0
historical_frozen_i20m_h8_s7_state0_mac0,frozen,historical,final,8,7,i20m,0,0,25000000,25000000,25000004,cohort,15600000,1784,466,0,11,1138,169,0,0,0
historical_frozen_i20m_h8_s7_state0_mac0,frozen,historical,final,8,7,i20m,0,0,25000000,25000000,25000004,cohort,15700000,1784,469,0,8,1136,171,0,0,0
historical_frozen_i20m_h8_s7_state0_mac0,frozen,historical,final,8,7,i20m,0,0,25000000,25000000,25000004,cohort,15800000,1810,465,0,17,1149,179,0,0,0
historical_frozen_i20m_h8_s7_state0_mac0,frozen,historical,final,8,7,i20m,0,0,25000000,25000000,25000004,cohort,15900000,1789,472,0,11,1137,169,0,0,0
historical_frozen_i20m_h8_s7_state0_mac0,frozen,historical,final,8,7,i20m,0,0,25000000,25000000,25000004,cohort,16000000,1817,472,2,13,1158,172,0,0,0
historical_frozen_i20m_h8_s7_state0_mac0,frozen,historical,final,8,7,i20m,0,0,25000000,25000000,25000004,cohort,16100000,1722,477,0,12,1064,169,0,0,0
historical_frozen_i20m_h8_s7_state0_mac0,frozen,historical,final,8,7,i20m,0,0,25000000,25000000,25000004,cohort,16200000,1807,471,0,17,1145,174,0,0,0
historical_frozen_i20m_h8_s7_state0_mac0,frozen,historical,final,8,7,i20m,0,0,25000000,25000000,25000004,cohort,16300000,1736,477,0,5,1092,162,0,0,0
historical_frozen_i20m_h8_s7_state0_mac0,frozen,historical,final,8,7,i20m,0,0,25000000,25000000,25000004,cohort,16400000,1805,473,0,21,1133,178,0,0,0
historical_frozen_i20m_h8_s7_state0_mac0,frozen,historical,final,8,7,i20m,0,0,25000000,25000000,25000004,cohort,16500000,1797,475,0,19,1128,175,0,0,0
historical_frozen_i20m_h8_s7_state0_mac0,frozen,historical,final,8,7,i20m,0,0,25000000,25000000,25000004,cohort,16600000,1789,467,0,16,1137,169,0,0,0
historical_frozen_i20m_h8_s7_state0_mac0,frozen,historical,final,8,7,i20m,0,0,25000000,25000000,25000004,cohort,16700000,1805,474,0,16,1140,175,0,0,0
historical_frozen_i20m_h8_s7_state0_mac0,frozen,historical,final,8,7,i20m,0,0,25000000,25000000,25000004,cohort,16800000,1783,470,0,12,1131,170,0,0,0
historical_frozen_i20m_h8_s7_state0_mac0,frozen,historical,final,8,7,i20m,0,0,25000000,25000000,25000004,cohort,16900000,1864,474,0,22,1188,180,0,0,0
historical_frozen_i20m_h8_s7_state0_mac0,frozen,historical,final,8,7,i20m,0,0,25000000,25000000,25000004,cohort,17000000,1746,474,0,11,1097,164,0,0,0
historical_frozen_i20m_h8_s7_state0_mac0,frozen,historical,final,8,7,i20m,0,0,25000000,25000000,25000004,cohort,17100000,1772,475,0,25,1090,182,0,0,0
historical_frozen_i20m_h8_s7_state0_mac0,frozen,historical,final,8,7,i20m,0,0,25000000,25000000,25000004,cohort,17200000,1835,472,0,22,1159,182,0,0,0
historical_frozen_i20m_h8_s7_state0_mac0,frozen,historical,final,8,7,i20m,0,0,25000000,25000000,25000004,cohort,17300000,1756,470,0,7,1109,170,0,0,0
historical_frozen_i20m_h8_s7_state0_mac0,frozen,historical,final,8,7,i20m,0,0,25000000,25000000,25000004,cohort,17400000,1828,474,0,20,1159,175,0,0,0
historical_frozen_i20m_h8_s7_state0_mac0,frozen,historical,final,8,7,i20m,0,0,25000000,25000000,25000004,cohort,17500000,1792,465,0,13,1141,173,0,0,0
historical_frozen_i20m_h8_s7_state0_mac0,frozen,historical,final,8,7,i20m,0,0,25000000,25000000,25000004,cohort,17600000,1772,457,0,15,1120,180,0,0,0
historical_frozen_i20m_h8_s7_state0_mac0,frozen,historical,final,8,7,i20m,0,0,25000000,25000000,25000004,cohort,17700000,1765,471,0,15,1100,179,0,0,0
historical_frozen_i20m_h8_s7_state0_mac0,frozen,historical,final,8,7,i20m,0,0,25000000,25000000,25000004,cohort,17800000,1797,470,0,14,1143,170,0,0,0
historical_frozen_i20m_h8_s7_state0_mac0,frozen,historical,final,8,7,i20m,0,0,25000000,25000000,25000004,cohort,17900000,1813,473,0,17,1146,177,0,0,0
historical_frozen_i20m_h8_s7_state0_mac0,frozen,historical,final,8,7,i20m,0,0,25000000,25000000,25000004,cohort,18000000,1785,479,0,4,1136,166,0,0,0
historical_frozen_i20m_h8_s7_state0_mac0,frozen,historical,final,8,7,i20m,0,0,25000000,25000000,25000004,cohort,18100000,1843,474,0,11,1187,171,0,0,0
historical_frozen_i20m_h8_s7_state0_mac0,frozen,historical,final,8,7,i20m,0,0,25000000,25000000,25000004,cohort,18200000,1737,473,0,8,1094,162,0,0,0
historical_frozen_i20m_h8_s7_state0_mac0,frozen,historical,final,8,7,i20m,0,0,25000000,25000000,25000004,cohort,18300000,1819,469,0,17,1161,171,0,1,1
historical_frozen_i20m_h8_s7_state0_mac0,frozen,historical,final,8,7,i20m,0,0,25000000,25000000,25000004,cohort,18400000,1716,471,0,13,1062,170,0,0,0
historical_frozen_i20m_h8_s7_state0_mac0,frozen,historical,final,8,7,i20m,0,0,25000000,25000000,25000004,cohort,18500000,1731,466,0,14,1077,174,0,0,0
historical_frozen_i20m_h8_s7_state0_mac0,frozen,historical,final,8,7,i20m,0,0,25000000,25000000,25000004,cohort,18600000,1784,461,0,17,1121,185,0,0,0
historical_frozen_i20m_h8_s7_state0_mac0,frozen,historical,final,8,7,i20m,0,0,25000000,25000000,25000004,cohort,18700000,1748,462,0,6,1105,175,0,0,0
historical_frozen_i20m_h8_s7_state0_mac0,frozen,historical,final,8,7,i20m,0,0,25000000,25000000,25000004,cohort,18800000,1784,454,0,11,1139,180,0,0,0
historical_frozen_i20m_h8_s7_state0_mac0,frozen,historical,final,8,7,i20m,0,0,25000000,25000000,25000004,cohort,18900000,1757,467,0,5,1112,173,0,0,0
historical_frozen_i20m_h8_s7_state0_mac0,frozen,historical,final,8,7,i20m,0,0,25000000,25000000,25000004,cohort,19000000,1797,462,0,7,1150,178,0,0,0
historical_frozen_i20m_h8_s7_state0_mac0,frozen,historical,final,8,7,i20m,0,0,25000000,25000000,25000004,cohort,19100000,1756,464,0,10,1102,180,0,0,0
historical_frozen_i20m_h8_s7_state0_mac0,frozen,historical,final,8,7,i20m,0,0,25000000,25000000,25000004,cohort,19200000,1736,458,0,5,1098,175,0,0,0
historical_frozen_i20m_h8_s7_state0_mac0,frozen,historical,final,8,7,i20m,0,0,25000000,25000000,25000004,cohort,19300000,1808,459,0,14,1149,186,0,0,0
historical_frozen_i20m_h8_s7_state0_mac0,frozen,historical,final,8,7,i20m,0,0,25000000,25000000,25000004,cohort,19400000,1719,460,0,3,1086,170,0,0,0
historical_frozen_i20m_h8_s7_state0_mac0,frozen,historical,final,8,7,i20m,0,0,25000000,25000000,25000004,cohort,19500000,1822,459,1,22,1150,190,0,0,0
historical_frozen_i20m_h8_s7_state0_mac0,frozen,historical,final,8,7,i20m,0,0,25000000,25000000,25000004,cohort,19600000,1690,458,0,8,1048,176,0,0,0
historical_frozen_i20m_h8_s7_state0_mac0,frozen,historical,final,8,7,i20m,0,0,25000000,25000000,25000004,cohort,19700000,1799,462,0,16,1137,184,0,0,0
historical_frozen_i20m_h8_s7_state0_mac0,frozen,historical,final,8,7,i20m,0,0,25000000,25000000,25000004,cohort,19800000,1767,462,0,8,1120,177,0,0,0
historical_frozen_i20m_h8_s7_state0_mac0,frozen,historical,final,8,7,i20m,0,0,25000000,25000000,25000004,cohort,19900000,1793,466,0,12,1144,171,0,0,0
historical_frozen_i20m_h8_s7_state0_mac0,frozen,historical,final,8,7,i20m,0,0,25000000,25000000,25000004,cohort,20000000,1810,474,0,13,1150,173,0,0,0
historical_frozen_i20m_h8_s7_state0_mac0,frozen,historical,final,8,7,i20m,0,0,25000000,25000000,25000004,cohort,20100000,1768,475,0,12,1114,167,0,0,0
historical_frozen_i20m_h8_s7_state0_mac0,frozen,historical,final,8,7,i20m,0,0,25000000,25000000,25000004,cohort,20200000,1815,475,0,13,1156,171,0,0,0
historical_frozen_i20m_h8_s7_state0_mac0,frozen,historical,final,8,7,i20m,0,0,25000000,25000000,25000004,cohort,20300000,1723,474,0,6,1081,162,0,0,0
historical_frozen_i20m_h8_s7_state0_mac0,frozen,historical,final,8,7,i20m,0,0,25000000,25000000,25000004,cohort,20400000,1770,476,0,18,1102,174,0,0,0
historical_frozen_i20m_h8_s7_state0_mac0,frozen,historical,final,8,7,i20m,0,0,25000000,25000000,25000004,cohort,20500000,1783,475,0,9,1132,167,0,0,0
historical_frozen_i20m_h8_s7_state0_mac0,frozen,historical,final,8,7,i20m,0,0,25000000,25000000,25000004,cohort,20600000,1755,474,0,5,1113,163,0,0,0
historical_frozen_i20m_h8_s7_state0_mac0,frozen,historical,final,8,7,i20m,0,0,25000000,25000000,25000004,cohort,20700000,1804,472,0,18,1130,180,0,4,4
historical_frozen_i20m_h8_s7_state0_mac0,frozen,historical,final,8,7,i20m,0,0,25000000,25000000,25000004,cohort,20800000,1791,477,0,11,1136,167,0,0,0
historical_frozen_i20m_h8_s7_state0_mac0,frozen,historical,final,8,7,i20m,0,0,25000000,25000000,25000004,cohort,20900000,1810,472,0,15,1150,173,0,0,0
historical_frozen_i20m_h8_s7_state0_mac0,frozen,historical,final,8,7,i20m,0,0,25000000,25000000,25000004,cohort,21000000,1767,475,0,15,1103,174,0,0,0
historical_frozen_i20m_h8_s7_state0_mac0,frozen,historical,final,8,7,i20m,0,0,25000000,25000000,25000004,cohort,21100000,1821,475,0,13,1164,169,0,0,0
historical_frozen_i20m_h8_s7_state0_mac0,frozen,historical,final,8,7,i20m,0,0,25000000,25000000,25000004,cohort,21200000,1731,476,0,4,1091,160,0,0,0
historical_frozen_i20m_h8_s7_state0_mac0,frozen,historical,final,8,7,i20m,0,0,25000000,25000000,25000004,cohort,21300000,1765,472,0,15,1108,170,0,0,0
historical_frozen_i20m_h8_s7_state0_mac0,frozen,historical,final,8,7,i20m,0,0,25000000,25000000,25000004,cohort,21400000,1803,469,0,26,1123,185,0,0,0
historical_frozen_i20m_h8_s7_state0_mac0,frozen,historical,final,8,7,i20m,0,0,25000000,25000000,25000004,cohort,21500000,1763,472,0,7,1116,168,0,0,0
historical_frozen_i20m_h8_s7_state0_mac0,frozen,historical,final,8,7,i20m,0,0,25000000,25000000,25000004,cohort,21600000,1840,472,0,17,1175,176,0,0,0
historical_frozen_i20m_h8_s7_state0_mac0,frozen,historical,final,8,7,i20m,0,0,25000000,25000000,25000004,cohort,21700000,1713,475,0,14,1051,173,0,0,0
historical_frozen_i20m_h8_s7_state0_mac0,frozen,historical,final,8,7,i20m,0,0,25000000,25000000,25000004,cohort,21800000,1850,478,0,11,1186,175,0,0,0
historical_frozen_i20m_h8_s7_state0_mac0,frozen,historical,final,8,7,i20m,0,0,25000000,25000000,25000004,cohort,21900000,1747,475,0,7,1101,164,0,0,0
historical_frozen_i20m_h8_s7_state0_mac0,frozen,historical,final,8,7,i20m,0,0,25000000,25000000,25000004,cohort,22000000,1812,472,0,12,1160,168,0,0,0
historical_frozen_i20m_h8_s7_state0_mac0,frozen,historical,final,8,7,i20m,0,0,25000000,25000000,25000004,cohort,22100000,1831,472,0,17,1171,171,0,0,0
historical_frozen_i20m_h8_s7_state0_mac0,frozen,historical,final,8,7,i20m,0,0,25000000,25000000,25000004,cohort,22200000,1779,473,0,6,1137,163,0,0,0
historical_frozen_i20m_h8_s7_state0_mac0,frozen,historical,final,8,7,i20m,0,0,25000000,25000000,25000004,cohort,22300000,1831,469,0,22,1157,183,0,0,0
historical_frozen_i20m_h8_s7_state0_mac0,frozen,historical,final,8,7,i20m,0,0,25000000,25000000,25000004,cohort,22400000,1747,474,0,8,1099,166,0,0,0
historical_frozen_i20m_h8_s7_state0_mac0,frozen,historical,final,8,7,i20m,0,0,25000000,25000000,25000004,cohort,22500000,1805,471,0,33,1111,190,0,0,0
historical_frozen_i20m_h8_s7_state0_mac0,frozen,historical,final,8,7,i20m,0,0,25000000,25000000,25000004,cohort,22600000,1754,473,0,16,1093,172,0,0,0
historical_frozen_i20m_h8_s7_state0_mac0,frozen,historical,final,8,7,i20m,0,0,25000000,25000000,25000004,cohort,22700000,1799,475,0,13,1140,171,0,0,0
historical_frozen_i20m_h8_s7_state0_mac0,frozen,historical,final,8,7,i20m,0,0,25000000,25000000,25000004,cohort,22800000,1806,466,0,21,1136,183,0,0,0
historical_frozen_i20m_h8_s7_state0_mac0,frozen,historical,final,8,7,i20m,0,0,25000000,25000000,25000004,cohort,22900000,1740,472,0,9,1093,166,0,0,0
historical_frozen_i20m_h8_s7_state0_mac0,frozen,historical,final,8,7,i20m,0,0,25000000,25000000,25000004,cohort,23000000,1828,462,0,22,1160,184,0,0,0
historical_frozen_i20m_h8_s7_state0_mac0,frozen,historical,final,8,7,i20m,0,0,25000000,25000000,25000004,cohort,23100000,1735,463,0,13,1077,182,0,0,0
historical_frozen_i20m_h8_s7_state0_mac0,frozen,historical,final,8,7,i20m,0,0,25000000,25000000,25000004,cohort,23200000,1820,458,0,21,1157,184,0,0,0
historical_frozen_i20m_h8_s7_state0_mac0,frozen,historical,final,8,7,i20m,0,0,25000000,25000000,25000004,cohort,23300000,1782,467,0,11,1127,177,0,0,0
historical_frozen_i20m_h8_s7_state0_mac0,frozen,historical,final,8,7,i20m,0,0,25000000,25000000,25000004,cohort,23400000,1808,464,0,4,1170,170,0,0,0
historical_frozen_i20m_h8_s7_state0_mac0,frozen,historical,final,8,7,i20m,0,0,25000000,25000000,25000004,cohort,23500000,1768,462,0,13,1111,181,0,1,1
historical_frozen_i20m_h8_s7_state0_mac0,frozen,historical,final,8,7,i20m,0,0,25000000,25000000,25000004,cohort,23600000,1755,467,0,11,1105,172,0,0,0
historical_frozen_i20m_h8_s7_state0_mac0,frozen,historical,final,8,7,i20m,0,0,25000000,25000000,25000004,cohort,23700000,1834,471,0,17,1170,176,0,0,0
historical_frozen_i20m_h8_s7_state0_mac0,frozen,historical,final,8,7,i20m,0,0,25000000,25000000,25000004,cohort,23800000,1752,466,0,8,1103,175,0,0,0
historical_frozen_i20m_h8_s7_state0_mac0,frozen,historical,final,8,7,i20m,0,0,25000000,25000000,25000004,cohort,23900000,1807,462,0,10,1161,174,0,0,0
historical_frozen_i20m_h8_s7_state0_mac0,frozen,historical,final,8,7,i20m,0,0,25000000,25000000,25000004,cohort,24000000,1744,461,0,9,1097,177,0,0,0
historical_frozen_i20m_h8_s7_state0_mac0,frozen,historical,final,8,7,i20m,0,0,25000000,25000000,25000004,cohort,24100000,1759,463,0,4,1119,173,0,0,0
historical_frozen_i20m_h8_s7_state0_mac0,frozen,historical,final,8,7,i20m,0,0,25000000,25000000,25000004,cohort,24200000,1767,463,0,8,1118,178,0,0,0
historical_frozen_i20m_h8_s7_state0_mac0,frozen,historical,final,8,7,i20m,0,0,25000000,25000000,25000004,cohort,24300000,1773,460,0,3,1139,171,0,0,0
historical_frozen_i20m_h8_s7_state0_mac0,frozen,historical,final,8,7,i20m,0,0,25000000,25000000,25000004,cohort,24400000,1777,462,1,10,1125,177,0,2,2
historical_frozen_i20m_h8_s7_state0_mac0,frozen,historical,final,8,7,i20m,0,0,25000000,25000000,25000004,cohort,24500000,1746,463,0,2,1102,174,0,5,5
historical_frozen_i20m_h8_s7_state0_mac0,frozen,historical,final,8,7,i20m,0,0,25000000,25000000,25000004,cohort,24600000,1816,465,0,0,1160,180,0,11,11
historical_frozen_i20m_h8_s7_state0_mac0,frozen,historical,final,8,7,i20m,0,0,25000000,25000000,25000004,cohort,24700000,1722,462,0,0,1088,169,0,3,3
historical_frozen_i20m_h8_s7_state0_mac0,frozen,historical,final,8,7,i20m,0,0,25000000,25000000,25000004,cohort,24800000,1772,461,0,0,1134,171,0,6,6
historical_frozen_i20m_h8_s7_state0_mac0,frozen,historical,final,8,7,i20m,0,0,25000000,25000000,25000004,cohort,24900000,1770,459,0,0,1123,175,1,12,13
