run_id,protocol,hidden_size,checkpoint,state_capacity,macs_per_cycle,scale,comparison,quality_status,first_recorded_instructions,start_window_instructions,first_eligible_l2,first_admitted_l2,first_completed_l2,preceding_recorded_instructions,recorded_points,exit_at_instructions,exit_status,last_recorded_instructions,last_eligible_l2,last_admitted_l2,last_completed_l2,sampled_instruction_span,covered_window_instructions,exit_limiting_metrics
cold_frozen_i1m_h16_s7_state0_mac0,cold,16,i1m,0,0,cumulative,stride,NA,1000.0,0,30.0,30.0,30.0,NA,1,10000.0,NOT_EXCEEDS,1000.0,30.0,30.0,30.0,0.0,NA,selected_accuracy;legacy_timeliness
cold_frozen_i1m_h16_s7_state0_mac0,cold,16,i1m,0,0,cumulative,stride,NOT_EXCEEDS,10000.0,0,172.0,172.0,172.0,1000.0,251,NA,NA,25000000.0,404271.0,404271.0,404271.0,24990000.0,NA,
cold_frozen_i1m_h16_s7_state0_mac0,cold,16,i1m,0,0,cumulative,summer,MISSING_REFERENCE,1000.0,0,30.0,30.0,30.0,NA,252,NA,NA,25000000.0,404271.0,404271.0,404271.0,24999000.0,NA,
cold_frozen_i1m_h16_s7_state0_mac0,cold,16,i1m,0,0,cumulative,stride_and_summer,MISSING_OR_UNDEFINED_REFERENCE,1000.0,0,30.0,30.0,30.0,NA,252,NA,NA,25000000.0,404271.0,404271.0,404271.0,24999000.0,NA,
cold_frozen_i1m_h16_s7_state0_mac0,cold,16,i1m,0,0,cumulative,offline_same_checkpoint,MISSING_REFERENCE,1000.0,0,30.0,30.0,30.0,NA,252,NA,NA,25000000.0,404271.0,404271.0,404271.0,24999000.0,NA,
cold_frozen_i1m_h16_s7_state0_mac0,cold,16,i1m,0,0,interval_100k,stride,NOT_EXCEEDS,100000.0,0.0,1659.0,1659.0,1659.0,NA,112,11300000.0,NONLOWER_WITH_TIE,11200000.0,180848.0,180848.0,180848.0,11100000.0,11200000.0,legacy_timeliness
cold_frozen_i1m_h16_s7_state0_mac0,cold,16,i1m,0,0,interval_100k,stride,NONLOWER_WITH_TIE,11300000.0,11200000.0,182449.0,182449.0,182449.0,11200000.0,1,11400000.0,NOT_EXCEEDS,11300000.0,182449.0,182449.0,182449.0,0.0,100000.0,selected_accuracy;legacy_timeliness
cold_frozen_i1m_h16_s7_state0_mac0,cold,16,i1m,0,0,interval_100k,stride,NOT_EXCEEDS,11400000.0,11300000.0,184077.0,184077.0,184077.0,11300000.0,5,11900000.0,EXCEEDS,11800000.0,190553.0,190553.0,190553.0,400000.0,500000.0,
cold_frozen_i1m_h16_s7_state0_mac0,cold,16,i1m,0,0,interval_100k,stride,EXCEEDS,11900000.0,11800000.0,192367.0,192367.0,192367.0,11800000.0,1,12000000.0,NOT_EXCEEDS,11900000.0,192367.0,192367.0,192367.0,0.0,100000.0,selected_accuracy
cold_frozen_i1m_h16_s7_state0_mac0,cold,16,i1m,0,0,interval_100k,stride,NOT_EXCEEDS,12000000.0,11900000.0,194056.0,194056.0,194056.0,11900000.0,131,NA,NA,25000000.0,404271.0,404271.0,404271.0,13000000.0,13100000.0,
cold_frozen_i1m_h16_s7_state0_mac0,cold,16,i1m,0,0,interval_100k,summer,MISSING_REFERENCE,100000.0,0.0,1659.0,1659.0,1659.0,NA,250,NA,NA,25000000.0,404271.0,404271.0,404271.0,24900000.0,25000000.0,
cold_frozen_i1m_h16_s7_state0_mac0,cold,16,i1m,0,0,interval_100k,stride_and_summer,MISSING_OR_UNDEFINED_REFERENCE,100000.0,0.0,1659.0,1659.0,1659.0,NA,250,NA,NA,25000000.0,404271.0,404271.0,404271.0,24900000.0,25000000.0,
cold_frozen_i1m_h16_s7_state0_mac0,cold,16,i1m,0,0,interval_100k,offline_same_checkpoint,MISSING_REFERENCE,100000.0,0.0,1659.0,1659.0,1659.0,NA,250,NA,NA,25000000.0,404271.0,404271.0,404271.0,24900000.0,25000000.0,
cold_frozen_i1m_h16_s7_state0_mac0,cold,16,i1m,0,0,interval_1m,stride,NOT_EXCEEDS,1000000.0,0.0,16196.0,16196.0,16196.0,NA,25,NA,NA,25000000.0,404271.0,404271.0,404271.0,24000000.0,25000000.0,
cold_frozen_i1m_h16_s7_state0_mac0,cold,16,i1m,0,0,interval_1m,summer,MISSING_REFERENCE,1000000.0,0.0,16196.0,16196.0,16196.0,NA,25,NA,NA,25000000.0,404271.0,404271.0,404271.0,24000000.0,25000000.0,
cold_frozen_i1m_h16_s7_state0_mac0,cold,16,i1m,0,0,interval_1m,stride_and_summer,MISSING_OR_UNDEFINED_REFERENCE,1000000.0,0.0,16196.0,16196.0,16196.0,NA,25,NA,NA,25000000.0,404271.0,404271.0,404271.0,24000000.0,25000000.0,
cold_frozen_i1m_h16_s7_state0_mac0,cold,16,i1m,0,0,interval_1m,offline_same_checkpoint,MISSING_REFERENCE,1000000.0,0.0,16196.0,16196.0,16196.0,NA,25,NA,NA,25000000.0,404271.0,404271.0,404271.0,24000000.0,25000000.0,
cold_frozen_i1m_h8_s7_state0_mac0,cold,8,i1m,0,0,cumulative,stride,NA,1000.0,0,30.0,30.0,30.0,NA,1,10000.0,NOT_EXCEEDS,1000.0,30.0,30.0,30.0,0.0,NA,selected_accuracy;legacy_timeliness
cold_frozen_i1m_h8_s7_state0_mac0,cold,8,i1m,0,0,cumulative,stride,NOT_EXCEEDS,10000.0,0,172.0,172.0,172.0,1000.0,251,NA,NA,25000000.0,404271.0,404271.0,404271.0,24990000.0,NA,
cold_frozen_i1m_h8_s7_state0_mac0,cold,8,i1m,0,0,cumulative,summer,MISSING_REFERENCE,1000.0,0,30.0,30.0,30.0,NA,252,NA,NA,25000000.0,404271.0,404271.0,404271.0,24999000.0,NA,
cold_frozen_i1m_h8_s7_state0_mac0,cold,8,i1m,0,0,cumulative,stride_and_summer,MISSING_OR_UNDEFINED_REFERENCE,1000.0,0,30.0,30.0,30.0,NA,252,NA,NA,25000000.0,404271.0,404271.0,404271.0,24999000.0,NA,
cold_frozen_i1m_h8_s7_state0_mac0,cold,8,i1m,0,0,cumulative,offline_same_checkpoint,MISSING_REFERENCE,1000.0,0,30.0,30.0,30.0,NA,252,NA,NA,25000000.0,404271.0,404271.0,404271.0,24999000.0,NA,
cold_frozen_i1m_h8_s7_state0_mac0,cold,8,i1m,0,0,interval_100k,stride,NOT_EXCEEDS,100000.0,0.0,1659.0,1659.0,1659.0,NA,112,11300000.0,NONLOWER_WITH_TIE,11200000.0,180848.0,180848.0,180848.0,11100000.0,11200000.0,legacy_timeliness
cold_frozen_i1m_h8_s7_state0_mac0,cold,8,i1m,0,0,interval_100k,stride,NONLOWER_WITH_TIE,11300000.0,11200000.0,182449.0,182449.0,182449.0,11200000.0,1,11400000.0,NOT_EXCEEDS,11300000.0,182449.0,182449.0,182449.0,0.0,100000.0,selected_accuracy;legacy_timeliness
cold_frozen_i1m_h8_s7_state0_mac0,cold,8,i1m,0,0,interval_100k,stride,NOT_EXCEEDS,11400000.0,11300000.0,184077.0,184077.0,184077.0,11300000.0,137,NA,NA,25000000.0,404271.0,404271.0,404271.0,13600000.0,13700000.0,
cold_frozen_i1m_h8_s7_state0_mac0,cold,8,i1m,0,0,interval_100k,summer,MISSING_REFERENCE,100000.0,0.0,1659.0,1659.0,1659.0,NA,250,NA,NA,25000000.0,404271.0,404271.0,404271.0,24900000.0,25000000.0,
cold_frozen_i1m_h8_s7_state0_mac0,cold,8,i1m,0,0,interval_100k,stride_and_summer,MISSING_OR_UNDEFINED_REFERENCE,100000.0,0.0,1659.0,1659.0,1659.0,NA,250,NA,NA,25000000.0,404271.0,404271.0,404271.0,24900000.0,25000000.0,
cold_frozen_i1m_h8_s7_state0_mac0,cold,8,i1m,0,0,interval_100k,offline_same_checkpoint,MISSING_REFERENCE,100000.0,0.0,1659.0,1659.0,1659.0,NA,250,NA,NA,25000000.0,404271.0,404271.0,404271.0,24900000.0,25000000.0,
cold_frozen_i1m_h8_s7_state0_mac0,cold,8,i1m,0,0,interval_1m,stride,NOT_EXCEEDS,1000000.0,0.0,16196.0,16196.0,16196.0,NA,25,NA,NA,25000000.0,404271.0,404271.0,404271.0,24000000.0,25000000.0,
cold_frozen_i1m_h8_s7_state0_mac0,cold,8,i1m,0,0,interval_1m,summer,MISSING_REFERENCE,1000000.0,0.0,16196.0,16196.0,16196.0,NA,25,NA,NA,25000000.0,404271.0,404271.0,404271.0,24000000.0,25000000.0,
cold_frozen_i1m_h8_s7_state0_mac0,cold,8,i1m,0,0,interval_1m,stride_and_summer,MISSING_OR_UNDEFINED_REFERENCE,1000000.0,0.0,16196.0,16196.0,16196.0,NA,25,NA,NA,25000000.0,404271.0,404271.0,404271.0,24000000.0,25000000.0,
cold_frozen_i1m_h8_s7_state0_mac0,cold,8,i1m,0,0,interval_1m,offline_same_checkpoint,MISSING_REFERENCE,1000000.0,0.0,16196.0,16196.0,16196.0,NA,25,NA,NA,25000000.0,404271.0,404271.0,404271.0,24000000.0,25000000.0,
cold_frozen_i1m_h8_s7_state64_mac0,cold,8,i1m,64,0,cumulative,stride,NA,1000.0,0,30.0,30.0,30.0,NA,1,10000.0,NOT_EXCEEDS,1000.0,30.0,30.0,30.0,0.0,NA,selected_accuracy;legacy_timeliness
cold_frozen_i1m_h8_s7_state64_mac0,cold,8,i1m,64,0,cumulative,stride,NOT_EXCEEDS,10000.0,0,172.0,172.0,172.0,1000.0,251,NA,NA,25000000.0,404271.0,404271.0,404271.0,24990000.0,NA,
cold_frozen_i1m_h8_s7_state64_mac0,cold,8,i1m,64,0,cumulative,summer,MISSING_REFERENCE,1000.0,0,30.0,30.0,30.0,NA,252,NA,NA,25000000.0,404271.0,404271.0,404271.0,24999000.0,NA,
cold_frozen_i1m_h8_s7_state64_mac0,cold,8,i1m,64,0,cumulative,stride_and_summer,MISSING_OR_UNDEFINED_REFERENCE,1000.0,0,30.0,30.0,30.0,NA,252,NA,NA,25000000.0,404271.0,404271.0,404271.0,24999000.0,NA,
cold_frozen_i1m_h8_s7_state64_mac0,cold,8,i1m,64,0,cumulative,offline_same_checkpoint,MISSING_REFERENCE,1000.0,0,30.0,30.0,30.0,NA,252,NA,NA,25000000.0,404271.0,404271.0,404271.0,24999000.0,NA,
cold_frozen_i1m_h8_s7_state64_mac0,cold,8,i1m,64,0,interval_100k,stride,NOT_EXCEEDS,100000.0,0.0,1659.0,1659.0,1659.0,NA,112,11300000.0,NONLOWER_WITH_TIE,11200000.0,180848.0,180848.0,180848.0,11100000.0,11200000.0,legacy_timeliness
cold_frozen_i1m_h8_s7_state64_mac0,cold,8,i1m,64,0,interval_100k,stride,NONLOWER_WITH_TIE,11300000.0,11200000.0,182449.0,182449.0,182449.0,11200000.0,1,11400000.0,NOT_EXCEEDS,11300000.0,182449.0,182449.0,182449.0,0.0,100000.0,selected_accuracy;legacy_timeliness
cold_frozen_i1m_h8_s7_state64_mac0,cold,8,i1m,64,0,interval_100k,stride,NOT_EXCEEDS,11400000.0,11300000.0,184077.0,184077.0,184077.0,11300000.0,137,NA,NA,25000000.0,404271.0,404271.0,404271.0,13600000.0,13700000.0,
cold_frozen_i1m_h8_s7_state64_mac0,cold,8,i1m,64,0,interval_100k,summer,MISSING_REFERENCE,100000.0,0.0,1659.0,1659.0,1659.0,NA,250,NA,NA,25000000.0,404271.0,404271.0,404271.0,24900000.0,25000000.0,
cold_frozen_i1m_h8_s7_state64_mac0,cold,8,i1m,64,0,interval_100k,stride_and_summer,MISSING_OR_UNDEFINED_REFERENCE,100000.0,0.0,1659.0,1659.0,1659.0,NA,250,NA,NA,25000000.0,404271.0,404271.0,404271.0,24900000.0,25000000.0,
cold_frozen_i1m_h8_s7_state64_mac0,cold,8,i1m,64,0,interval_100k,offline_same_checkpoint,MISSING_REFERENCE,100000.0,0.0,1659.0,1659.0,1659.0,NA,250,NA,NA,25000000.0,404271.0,404271.0,404271.0,24900000.0,25000000.0,
cold_frozen_i1m_h8_s7_state64_mac0,cold,8,i1m,64,0,interval_1m,stride,NOT_EXCEEDS,1000000.0,0.0,16196.0,16196.0,16196.0,NA,25,NA,NA,25000000.0,404271.0,404271.0,404271.0,24000000.0,25000000.0,
cold_frozen_i1m_h8_s7_state64_mac0,cold,8,i1m,64,0,interval_1m,summer,MISSING_REFERENCE,1000000.0,0.0,16196.0,16196.0,16196.0,NA,25,NA,NA,25000000.0,404271.0,404271.0,404271.0,24000000.0,25000000.0,
cold_frozen_i1m_h8_s7_state64_mac0,cold,8,i1m,64,0,interval_1m,stride_and_summer,MISSING_OR_UNDEFINED_REFERENCE,1000000.0,0.0,16196.0,16196.0,16196.0,NA,25,NA,NA,25000000.0,404271.0,404271.0,404271.0,24000000.0,25000000.0,
cold_frozen_i1m_h8_s7_state64_mac0,cold,8,i1m,64,0,interval_1m,offline_same_checkpoint,MISSING_REFERENCE,1000000.0,0.0,16196.0,16196.0,16196.0,NA,25,NA,NA,25000000.0,404271.0,404271.0,404271.0,24000000.0,25000000.0,
cold_frozen_i1m_h8_s7_state64_mac16,cold,8,i1m,64,16,cumulative,stride,NA,1000.0,0,30.0,30.0,15.0,NA,2,100000.0,NOT_EXCEEDS,10000.0,172.0,95.0,78.0,9000.0,NA,useful_prefetch_coverage;selected_accuracy;legacy_timeliness
cold_frozen_i1m_h8_s7_state64_mac16,cold,8,i1m,64,16,cumulative,stride,NOT_EXCEEDS,100000.0,0,1659.0,767.0,751.0,10000.0,250,NA,NA,25000000.0,404271.0,152079.0,152062.0,24900000.0,NA,
cold_frozen_i1m_h8_s7_state64_mac16,cold,8,i1m,64,16,cumulative,summer,MISSING_REFERENCE,1000.0,0,30.0,30.0,15.0,NA,252,NA,NA,25000000.0,404271.0,152079.0,152062.0,24999000.0,NA,
cold_frozen_i1m_h8_s7_state64_mac16,cold,8,i1m,64,16,cumulative,stride_and_summer,MISSING_OR_UNDEFINED_REFERENCE,1000.0,0,30.0,30.0,15.0,NA,252,NA,NA,25000000.0,404271.0,152079.0,152062.0,24999000.0,NA,
cold_frozen_i1m_h8_s7_state64_mac16,cold,8,i1m,64,16,cumulative,offline_same_checkpoint,MISSING_REFERENCE,1000.0,0,30.0,30.0,15.0,NA,252,NA,NA,25000000.0,404271.0,152079.0,152062.0,24999000.0,NA,
cold_frozen_i1m_h8_s7_state64_mac16,cold,8,i1m,64,16,interval_100k,stride,NOT_EXCEEDS,100000.0,0.0,1659.0,767.0,751.0,NA,136,13700000.0,NA,13600000.0,220557.0,84255.0,84238.0,13500000.0,13600000.0,useful_prefetch_coverage;selected_accuracy;legacy_timeliness
cold_frozen_i1m_h8_s7_state64_mac16,cold,8,i1m,64,16,interval_100k,stride,NA,13700000.0,13600000.0,222166.0,84872.0,84855.0,13600000.0,1,13800000.0,NOT_EXCEEDS,13700000.0,222166.0,84872.0,84855.0,0.0,100000.0,useful_prefetch_coverage;selected_accuracy;legacy_timeliness
cold_frozen_i1m_h8_s7_state64_mac16,cold,8,i1m,64,16,interval_100k,stride,NOT_EXCEEDS,13800000.0,13700000.0,223783.0,85515.0,85498.0,13700000.0,113,NA,NA,25000000.0,404271.0,152079.0,152062.0,11200000.0,11300000.0,
cold_frozen_i1m_h8_s7_state64_mac16,cold,8,i1m,64,16,interval_100k,summer,MISSING_REFERENCE,100000.0,0.0,1659.0,767.0,751.0,NA,250,NA,NA,25000000.0,404271.0,152079.0,152062.0,24900000.0,25000000.0,
cold_frozen_i1m_h8_s7_state64_mac16,cold,8,i1m,64,16,interval_100k,stride_and_summer,MISSING_OR_UNDEFINED_REFERENCE,100000.0,0.0,1659.0,767.0,751.0,NA,250,NA,NA,25000000.0,404271.0,152079.0,152062.0,24900000.0,25000000.0,
cold_frozen_i1m_h8_s7_state64_mac16,cold,8,i1m,64,16,interval_100k,offline_same_checkpoint,MISSING_REFERENCE,100000.0,0.0,1659.0,767.0,751.0,NA,250,NA,NA,25000000.0,404271.0,152079.0,152062.0,24900000.0,25000000.0,
cold_frozen_i1m_h8_s7_state64_mac16,cold,8,i1m,64,16,interval_1m,stride,NOT_EXCEEDS,1000000.0,0.0,16196.0,6207.0,6190.0,NA,25,NA,NA,25000000.0,404271.0,152079.0,152062.0,24000000.0,25000000.0,
cold_frozen_i1m_h8_s7_state64_mac16,cold,8,i1m,64,16,interval_1m,summer,MISSING_REFERENCE,1000000.0,0.0,16196.0,6207.0,6190.0,NA,25,NA,NA,25000000.0,404271.0,152079.0,152062.0,24000000.0,25000000.0,
cold_frozen_i1m_h8_s7_state64_mac16,cold,8,i1m,64,16,interval_1m,stride_and_summer,MISSING_OR_UNDEFINED_REFERENCE,1000000.0,0.0,16196.0,6207.0,6190.0,NA,25,NA,NA,25000000.0,404271.0,152079.0,152062.0,24000000.0,25000000.0,
cold_frozen_i1m_h8_s7_state64_mac16,cold,8,i1m,64,16,interval_1m,offline_same_checkpoint,MISSING_REFERENCE,1000000.0,0.0,16196.0,6207.0,6190.0,NA,25,NA,NA,25000000.0,404271.0,152079.0,152062.0,24000000.0,25000000.0,
cold_frozen_i1m_h8_s7_state64_mac4,cold,8,i1m,64,4,cumulative,stride,NA,1000.0,0,30.0,24.0,7.0,NA,2,100000.0,NOT_EXCEEDS,10000.0,172.0,59.0,42.0,9000.0,NA,useful_prefetch_coverage;selected_accuracy;legacy_timeliness
cold_frozen_i1m_h8_s7_state64_mac4,cold,8,i1m,64,4,cumulative,stride,NOT_EXCEEDS,100000.0,0,1659.0,431.0,414.0,10000.0,250,NA,NA,25000000.0,404271.0,84108.0,84091.0,24900000.0,NA,
cold_frozen_i1m_h8_s7_state64_mac4,cold,8,i1m,64,4,cumulative,summer,MISSING_REFERENCE,1000.0,0,30.0,24.0,7.0,NA,252,NA,NA,25000000.0,404271.0,84108.0,84091.0,24999000.0,NA,
cold_frozen_i1m_h8_s7_state64_mac4,cold,8,i1m,64,4,cumulative,stride_and_summer,MISSING_OR_UNDEFINED_REFERENCE,1000.0,0,30.0,24.0,7.0,NA,252,NA,NA,25000000.0,404271.0,84108.0,84091.0,24999000.0,NA,
cold_frozen_i1m_h8_s7_state64_mac4,cold,8,i1m,64,4,cumulative,offline_same_checkpoint,MISSING_REFERENCE,1000.0,0,30.0,24.0,7.0,NA,252,NA,NA,25000000.0,404271.0,84108.0,84091.0,24999000.0,NA,
cold_frozen_i1m_h8_s7_state64_mac4,cold,8,i1m,64,4,interval_100k,stride,NOT_EXCEEDS,100000.0,0.0,1659.0,431.0,414.0,NA,7,800000.0,NA,700000.0,11335.0,2417.0,2400.0,600000.0,700000.0,useful_prefetch_coverage;selected_accuracy;legacy_timeliness
cold_frozen_i1m_h8_s7_state64_mac4,cold,8,i1m,64,4,interval_100k,stride,NA,800000.0,700000.0,12963.0,2761.0,2745.0,700000.0,1,900000.0,NOT_EXCEEDS,800000.0,12963.0,2761.0,2745.0,0.0,100000.0,useful_prefetch_coverage;selected_accuracy;legacy_timeliness
cold_frozen_i1m_h8_s7_state64_mac4,cold,8,i1m,64,4,interval_100k,stride,NOT_EXCEEDS,900000.0,800000.0,14563.0,3100.0,3083.0,800000.0,4,1300000.0,NA,1200000.0,19404.0,4109.0,4092.0,300000.0,400000.0,useful_prefetch_coverage;selected_accuracy;legacy_timeliness
cold_frozen_i1m_h8_s7_state64_mac4,cold,8,i1m,64,4,interval_100k,stride,NA,1300000.0,1200000.0,21030.0,4440.0,4423.0,1200000.0,2,1500000.0,NOT_EXCEEDS,1400000.0,22636.0,4767.0,4750.0,100000.0,200000.0,useful_prefetch_coverage;selected_accuracy;legacy_timeliness
cold_frozen_i1m_h8_s7_state64_mac4,cold,8,i1m,64,4,interval_100k,stride,NOT_EXCEEDS,1500000.0,1400000.0,24263.0,5094.0,5077.0,1400000.0,7,2200000.0,NA,2100000.0,33923.0,7111.0,7094.0,600000.0,700000.0,useful_prefetch_coverage;selected_accuracy;legacy_timeliness
cold_frozen_i1m_h8_s7_state64_mac4,cold,8,i1m,64,4,interval_100k,stride,NA,2200000.0,2100000.0,35549.0,7451.0,7435.0,2100000.0,1,2300000.0,NOT_EXCEEDS,2200000.0,35549.0,7451.0,7435.0,0.0,100000.0,useful_prefetch_coverage;selected_accuracy;legacy_timeliness
cold_frozen_i1m_h8_s7_state64_mac4,cold,8,i1m,64,4,interval_100k,stride,NOT_EXCEEDS,2300000.0,2200000.0,37155.0,7783.0,7766.0,2200000.0,3,2600000.0,NA,2500000.0,40389.0,8443.0,8426.0,200000.0,300000.0,useful_prefetch_coverage;selected_accuracy;legacy_timeliness
cold_frozen_i1m_h8_s7_state64_mac4,cold,8,i1m,64,4,interval_100k,stride,NA,2600000.0,2500000.0,41990.0,8781.0,8764.0,2500000.0,1,2700000.0,NOT_EXCEEDS,2600000.0,41990.0,8781.0,8764.0,0.0,100000.0,useful_prefetch_coverage;selected_accuracy;legacy_timeliness
cold_frozen_i1m_h8_s7_state64_mac4,cold,8,i1m,64,4,interval_100k,stride,NOT_EXCEEDS,2700000.0,2600000.0,43622.0,9116.0,9099.0,2600000.0,2,2900000.0,NA,2800000.0,45225.0,9449.0,9433.0,100000.0,200000.0,useful_prefetch_coverage;selected_accuracy;legacy_timeliness
cold_frozen_i1m_h8_s7_state64_mac4,cold,8,i1m,64,4,interval_100k,stride,NA,2900000.0,2800000.0,46848.0,9795.0,9778.0,2800000.0,1,3000000.0,NOT_EXCEEDS,2900000.0,46848.0,9795.0,9778.0,0.0,100000.0,useful_prefetch_coverage;selected_accuracy;legacy_timeliness
cold_frozen_i1m_h8_s7_state64_mac4,cold,8,i1m,64,4,interval_100k,stride,NOT_EXCEEDS,3000000.0,2900000.0,48453.0,10123.0,10106.0,2900000.0,17,4700000.0,NA,4600000.0,74255.0,15482.0,15466.0,1600000.0,1700000.0,useful_prefetch_coverage;selected_accuracy;legacy_timeliness
cold_frozen_i1m_h8_s7_state64_mac4,cold,8,i1m,64,4,interval_100k,stride,NA,4700000.0,4600000.0,75863.0,15821.0,15804.0,4600000.0,1,4800000.0,NOT_EXCEEDS,4700000.0,75863.0,15821.0,15804.0,0.0,100000.0,useful_prefetch_coverage;selected_accuracy;legacy_timeliness
cold_frozen_i1m_h8_s7_state64_mac4,cold,8,i1m,64,4,interval_100k,stride,NOT_EXCEEDS,4800000.0,4700000.0,77490.0,16158.0,16142.0,4700000.0,10,5800000.0,NA,5700000.0,92037.0,19181.0,19164.0,900000.0,1000000.0,useful_prefetch_coverage;selected_accuracy;legacy_timeliness
cold_frozen_i1m_h8_s7_state64_mac4,cold,8,i1m,64,4,interval_100k,stride,NA,5800000.0,5700000.0,93636.0,19530.0,19513.0,5700000.0,1,5900000.0,NOT_EXCEEDS,5800000.0,93636.0,19530.0,19513.0,0.0,100000.0,useful_prefetch_coverage;selected_accuracy;legacy_timeliness
cold_frozen_i1m_h8_s7_state64_mac4,cold,8,i1m,64,4,interval_100k,stride,NOT_EXCEEDS,5900000.0,5800000.0,95233.0,19865.0,19848.0,5800000.0,10,6900000.0,NA,6800000.0,109791.0,22908.0,22892.0,900000.0,1000000.0,useful_prefetch_coverage;selected_accuracy;legacy_timeliness
cold_frozen_i1m_h8_s7_state64_mac4,cold,8,i1m,64,4,interval_100k,stride,NA,6900000.0,6800000.0,111429.0,23255.0,23238.0,6800000.0,1,7000000.0,NOT_EXCEEDS,6900000.0,111429.0,23255.0,23238.0,0.0,100000.0,useful_prefetch_coverage;selected_accuracy;legacy_timeliness
cold_frozen_i1m_h8_s7_state64_mac4,cold,8,i1m,64,4,interval_100k,stride,NOT_EXCEEDS,7000000.0,6900000.0,113036.0,23590.0,23574.0,6900000.0,7,7700000.0,NA,7600000.0,122733.0,25588.0,25572.0,600000.0,700000.0,useful_prefetch_coverage;selected_accuracy;legacy_timeliness
cold_frozen_i1m_h8_s7_state64_mac4,cold,8,i1m,64,4,interval_100k,stride,NA,7700000.0,7600000.0,124331.0,25919.0,25902.0,7600000.0,1,7800000.0,NOT_EXCEEDS,7700000.0,124331.0,25919.0,25902.0,0.0,100000.0,useful_prefetch_coverage;selected_accuracy;legacy_timeliness
cold_frozen_i1m_h8_s7_state64_mac4,cold,8,i1m,64,4,interval_100k,stride,NOT_EXCEEDS,7800000.0,7700000.0,125949.0,26253.0,26236.0,7700000.0,3,8100000.0,NA,8000000.0,129167.0,26925.0,26908.0,200000.0,300000.0,useful_prefetch_coverage;selected_accuracy;legacy_timeliness
cold_frozen_i1m_h8_s7_state64_mac4,cold,8,i1m,64,4,interval_100k,stride,NA,8100000.0,8000000.0,130802.0,27266.0,27249.0,8000000.0,1,8200000.0,NOT_EXCEEDS,8100000.0,130802.0,27266.0,27249.0,0.0,100000.0,useful_prefetch_coverage;selected_accuracy;legacy_timeliness
cold_frozen_i1m_h8_s7_state64_mac4,cold,8,i1m,64,4,interval_100k,stride,NOT_EXCEEDS,8200000.0,8100000.0,132403.0,27599.0,27582.0,8100000.0,14,9600000.0,NA,9500000.0,153393.0,31972.0,31956.0,1300000.0,1400000.0,useful_prefetch_coverage;selected_accuracy;legacy_timeliness
cold_frozen_i1m_h8_s7_state64_mac4,cold,8,i1m,64,4,interval_100k,stride,NA,9600000.0,9500000.0,154999.0,32313.0,32296.0,9500000.0,2,9800000.0,NOT_EXCEEDS,9700000.0,156632.0,32644.0,32627.0,100000.0,200000.0,useful_prefetch_coverage;selected_accuracy;legacy_timeliness
cold_frozen_i1m_h8_s7_state64_mac4,cold,8,i1m,64,4,interval_100k,stride,NOT_EXCEEDS,9800000.0,9700000.0,158237.0,32967.0,32950.0,9700000.0,15,11300000.0,NA,11200000.0,180848.0,37699.0,37682.0,1400000.0,1500000.0,useful_prefetch_coverage;selected_accuracy;legacy_timeliness
cold_frozen_i1m_h8_s7_state64_mac4,cold,8,i1m,64,4,interval_100k,stride,NA,11300000.0,11200000.0,182449.0,38030.0,38013.0,11200000.0,1,11400000.0,NOT_EXCEEDS,11300000.0,182449.0,38030.0,38013.0,0.0,100000.0,useful_prefetch_coverage;selected_accuracy;legacy_timeliness
cold_frozen_i1m_h8_s7_state64_mac4,cold,8,i1m,64,4,interval_100k,stride,NOT_EXCEEDS,11400000.0,11300000.0,184076.0,38372.0,38355.0,11300000.0,11,12500000.0,NA,12400000.0,200582.0,41967.0,41951.0,1000000.0,1100000.0,useful_prefetch_coverage;selected_accuracy;legacy_timeliness
cold_frozen_i1m_h8_s7_state64_mac4,cold,8,i1m,64,4,interval_100k,stride,NA,12500000.0,12400000.0,202221.0,42314.0,42297.0,12400000.0,1,12600000.0,NOT_EXCEEDS,12500000.0,202221.0,42314.0,42297.0,0.0,100000.0,useful_prefetch_coverage;selected_accuracy;legacy_timeliness
cold_frozen_i1m_h8_s7_state64_mac4,cold,8,i1m,64,4,interval_100k,stride,NOT_EXCEEDS,12600000.0,12500000.0,203817.0,42644.0,42627.0,12500000.0,1,12700000.0,NA,12600000.0,203817.0,42644.0,42627.0,0.0,100000.0,useful_prefetch_coverage;selected_accuracy;legacy_timeliness
cold_frozen_i1m_h8_s7_state64_mac4,cold,8,i1m,64,4,interval_100k,stride,NA,12700000.0,12600000.0,205535.0,43063.0,43046.0,12600000.0,1,12800000.0,NOT_EXCEEDS,12700000.0,205535.0,43063.0,43046.0,0.0,100000.0,useful_prefetch_coverage;selected_accuracy
cold_frozen_i1m_h8_s7_state64_mac4,cold,8,i1m,64,4,interval_100k,stride,NOT_EXCEEDS,12800000.0,12700000.0,207208.0,43441.0,43424.0,12700000.0,2,13000000.0,NA,12900000.0,208920.0,43829.0,43812.0,100000.0,200000.0,useful_prefetch_coverage;selected_accuracy;legacy_timeliness
cold_frozen_i1m_h8_s7_state64_mac4,cold,8,i1m,64,4,interval_100k,stride,NA,13000000.0,12900000.0,210533.0,44156.0,44140.0,12900000.0,1,13100000.0,NOT_EXCEEDS,13000000.0,210533.0,44156.0,44140.0,0.0,100000.0,useful_prefetch_coverage;selected_accuracy;legacy_timeliness
cold_frozen_i1m_h8_s7_state64_mac4,cold,8,i1m,64,4,interval_100k,stride,NOT_EXCEEDS,13100000.0,13000000.0,212132.0,44488.0,44472.0,13000000.0,10,14100000.0,NA,14000000.0,227011.0,47739.0,47722.0,900000.0,1000000.0,useful_prefetch_coverage;selected_accuracy;legacy_timeliness
cold_frozen_i1m_h8_s7_state64_mac4,cold,8,i1m,64,4,interval_100k,stride,NA,14100000.0,14000000.0,228609.0,48073.0,48056.0,14000000.0,1,14200000.0,NOT_EXCEEDS,14100000.0,228609.0,48073.0,48056.0,0.0,100000.0,useful_prefetch_coverage;selected_accuracy;legacy_timeliness
cold_frozen_i1m_h8_s7_state64_mac4,cold,8,i1m,64,4,interval_100k,stride,NOT_EXCEEDS,14200000.0,14100000.0,230196.0,48422.0,48405.0,14100000.0,18,16000000.0,NA,15900000.0,257617.0,54099.0,54082.0,1700000.0,1800000.0,useful_prefetch_coverage;selected_accuracy;legacy_timeliness
cold_frozen_i1m_h8_s7_state64_mac4,cold,8,i1m,64,4,interval_100k,stride,NA,16000000.0,15900000.0,259218.0,54432.0,54416.0,15900000.0,1,16100000.0,NOT_EXCEEDS,16000000.0,259218.0,54432.0,54416.0,0.0,100000.0,useful_prefetch_coverage;selected_accuracy;legacy_timeliness
cold_frozen_i1m_h8_s7_state64_mac4,cold,8,i1m,64,4,interval_100k,stride,NOT_EXCEEDS,16100000.0,16000000.0,260838.0,54765.0,54748.0,16000000.0,4,16500000.0,NA,16400000.0,265670.0,55760.0,55743.0,300000.0,400000.0,useful_prefetch_coverage;selected_accuracy;legacy_timeliness
cold_frozen_i1m_h8_s7_state64_mac4,cold,8,i1m,64,4,interval_100k,stride,NA,16500000.0,16400000.0,267276.0,56097.0,56080.0,16400000.0,1,16600000.0,NOT_EXCEEDS,16500000.0,267276.0,56097.0,56080.0,0.0,100000.0,useful_prefetch_coverage;selected_accuracy;legacy_timeliness
cold_frozen_i1m_h8_s7_state64_mac4,cold,8,i1m,64,4,interval_100k,stride,NOT_EXCEEDS,16600000.0,16500000.0,268897.0,56441.0,56424.0,16500000.0,4,17000000.0,NA,16900000.0,273729.0,57450.0,57433.0,300000.0,400000.0,useful_prefetch_coverage;selected_accuracy;legacy_timeliness
cold_frozen_i1m_h8_s7_state64_mac4,cold,8,i1m,64,4,interval_100k,stride,NA,17000000.0,16900000.0,275358.0,57791.0,57774.0,16900000.0,1,17100000.0,NOT_EXCEEDS,17000000.0,275358.0,57791.0,57774.0,0.0,100000.0,useful_prefetch_coverage;selected_accuracy;legacy_timeliness
cold_frozen_i1m_h8_s7_state64_mac4,cold,8,i1m,64,4,interval_100k,stride,NOT_EXCEEDS,17100000.0,17000000.0,276963.0,58139.0,58122.0,17000000.0,22,19300000.0,NA,19200000.0,310810.0,65191.0,65175.0,2100000.0,2200000.0,useful_prefetch_coverage;selected_accuracy;legacy_timeliness
cold_frozen_i1m_h8_s7_state64_mac4,cold,8,i1m,64,4,interval_100k,stride,NA,19300000.0,19200000.0,312406.0,65522.0,65505.0,19200000.0,1,19400000.0,NOT_EXCEEDS,19300000.0,312406.0,65522.0,65505.0,0.0,100000.0,useful_prefetch_coverage;selected_accuracy;legacy_timeliness
cold_frozen_i1m_h8_s7_state64_mac4,cold,8,i1m,64,4,interval_100k,stride,NOT_EXCEEDS,19400000.0,19300000.0,314037.0,65855.0,65839.0,19300000.0,37,23100000.0,NA,23000000.0,372034.0,77887.0,77871.0,3600000.0,3700000.0,useful_prefetch_coverage;selected_accuracy;legacy_timeliness
cold_frozen_i1m_h8_s7_state64_mac4,cold,8,i1m,64,4,interval_100k,stride,NA,23100000.0,23000000.0,373660.0,78217.0,78200.0,23000000.0,1,23200000.0,NOT_EXCEEDS,23100000.0,373660.0,78217.0,78200.0,0.0,100000.0,useful_prefetch_coverage;selected_accuracy;legacy_timeliness
cold_frozen_i1m_h8_s7_state64_mac4,cold,8,i1m,64,4,interval_100k,stride,NOT_EXCEEDS,23200000.0,23100000.0,375262.0,78549.0,78532.0,23100000.0,15,24700000.0,NA,24600000.0,397821.0,82998.0,82981.0,1400000.0,1500000.0,useful_prefetch_coverage;selected_accuracy;legacy_timeliness
cold_frozen_i1m_h8_s7_state64_mac4,cold,8,i1m,64,4,interval_100k,stride,NA,24700000.0,24600000.0,399445.0,83273.0,83256.0,24600000.0,1,24800000.0,NOT_EXCEEDS,24700000.0,399445.0,83273.0,83256.0,0.0,100000.0,useful_prefetch_coverage;selected_accuracy;legacy_timeliness
cold_frozen_i1m_h8_s7_state64_mac4,cold,8,i1m,64,4,interval_100k,stride,NOT_EXCEEDS,24800000.0,24700000.0,401042.0,83554.0,83537.0,24700000.0,3,NA,NA,25000000.0,404271.0,84108.0,84091.0,200000.0,300000.0,
cold_frozen_i1m_h8_s7_state64_mac4,cold,8,i1m,64,4,interval_100k,summer,MISSING_REFERENCE,100000.0,0.0,1659.0,431.0,414.0,NA,250,NA,NA,25000000.0,404271.0,84108.0,84091.0,24900000.0,25000000.0,
cold_frozen_i1m_h8_s7_state64_mac4,cold,8,i1m,64,4,interval_100k,stride_and_summer,MISSING_OR_UNDEFINED_REFERENCE,100000.0,0.0,1659.0,431.0,414.0,NA,250,NA,NA,25000000.0,404271.0,84108.0,84091.0,24900000.0,25000000.0,
cold_frozen_i1m_h8_s7_state64_mac4,cold,8,i1m,64,4,interval_100k,offline_same_checkpoint,MISSING_REFERENCE,100000.0,0.0,1659.0,431.0,414.0,NA,250,NA,NA,25000000.0,404271.0,84108.0,84091.0,24900000.0,25000000.0,
cold_frozen_i1m_h8_s7_state64_mac4,cold,8,i1m,64,4,interval_1m,stride,NOT_EXCEEDS,1000000.0,0.0,16196.0,3443.0,3426.0,NA,25,NA,NA,25000000.0,404271.0,84108.0,84091.0,24000000.0,25000000.0,
cold_frozen_i1m_h8_s7_state64_mac4,cold,8,i1m,64,4,interval_1m,summer,MISSING_REFERENCE,1000000.0,0.0,16196.0,3443.0,3426.0,NA,25,NA,NA,25000000.0,404271.0,84108.0,84091.0,24000000.0,25000000.0,
cold_frozen_i1m_h8_s7_state64_mac4,cold,8,i1m,64,4,interval_1m,stride_and_summer,MISSING_OR_UNDEFINED_REFERENCE,1000000.0,0.0,16196.0,3443.0,3426.0,NA,25,NA,NA,25000000.0,404271.0,84108.0,84091.0,24000000.0,25000000.0,
cold_frozen_i1m_h8_s7_state64_mac4,cold,8,i1m,64,4,interval_1m,offline_same_checkpoint,MISSING_REFERENCE,1000000.0,0.0,16196.0,3443.0,3426.0,NA,25,NA,NA,25000000.0,404271.0,84108.0,84091.0,24000000.0,25000000.0,
cold_frozen_i20m_h16_s7_state0_mac0,cold,16,i20m,0,0,cumulative,stride,NA,1000.0,0,30.0,30.0,30.0,NA,1,10000.0,NONLOWER_WITH_TIE,1000.0,30.0,30.0,30.0,0.0,NA,legacy_timeliness
cold_frozen_i20m_h16_s7_state0_mac0,cold,16,i20m,0,0,cumulative,stride,NONLOWER_WITH_TIE,10000.0,0,172.0,172.0,172.0,1000.0,2,200000.0,NOT_EXCEEDS,100000.0,1659.0,1659.0,1659.0,90000.0,NA,selected_accuracy;legacy_timeliness
cold_frozen_i20m_h16_s7_state0_mac0,cold,16,i20m,0,0,cumulative,stride,NOT_EXCEEDS,200000.0,0,3266.0,3266.0,3266.0,100000.0,1,300000.0,NONLOWER_WITH_TIE,200000.0,3266.0,3266.0,3266.0,0.0,NA,legacy_timeliness
cold_frozen_i20m_h16_s7_state0_mac0,cold,16,i20m,0,0,cumulative,stride,NONLOWER_WITH_TIE,300000.0,0,4873.0,4873.0,4873.0,200000.0,23,2600000.0,EXCEEDS,2500000.0,40389.0,40389.0,40389.0,2200000.0,NA,
cold_frozen_i20m_h16_s7_state0_mac0,cold,16,i20m,0,0,cumulative,stride,EXCEEDS,2600000.0,0,41990.0,41990.0,41990.0,2500000.0,155,18100000.0,NOT_EXCEEDS,18000000.0,291480.0,291480.0,291480.0,15400000.0,NA,selected_accuracy
cold_frozen_i20m_h16_s7_state0_mac0,cold,16,i20m,0,0,cumulative,stride,NOT_EXCEEDS,18100000.0,0,293078.0,293078.0,293078.0,18000000.0,70,NA,NA,25000000.0,404271.0,404271.0,404271.0,6900000.0,NA,
cold_frozen_i20m_h16_s7_state0_mac0,cold,16,i20m,0,0,cumulative,summer,MISSING_REFERENCE,1000.0,0,30.0,30.0,30.0,NA,252,NA,NA,25000000.0,404271.0,404271.0,404271.0,24999000.0,NA,
cold_frozen_i20m_h16_s7_state0_mac0,cold,16,i20m,0,0,cumulative,stride_and_summer,MISSING_OR_UNDEFINED_REFERENCE,1000.0,0,30.0,30.0,30.0,NA,252,NA,NA,25000000.0,404271.0,404271.0,404271.0,24999000.0,NA,
cold_frozen_i20m_h16_s7_state0_mac0,cold,16,i20m,0,0,cumulative,offline_same_checkpoint,MISSING_REFERENCE,1000.0,0,30.0,30.0,30.0,NA,252,NA,NA,25000000.0,404271.0,404271.0,404271.0,24999000.0,NA,
cold_frozen_i20m_h16_s7_state0_mac0,cold,16,i20m,0,0,interval_100k,stride,NONLOWER_WITH_TIE,100000.0,0.0,1659.0,1659.0,1659.0,NA,1,200000.0,NOT_EXCEEDS,100000.0,1659.0,1659.0,1659.0,0.0,100000.0,selected_accuracy;legacy_timeliness
cold_frozen_i20m_h16_s7_state0_mac0,cold,16,i20m,0,0,interval_100k,stride,NOT_EXCEEDS,200000.0,100000.0,3266.0,3266.0,3266.0,100000.0,1,300000.0,NONLOWER_WITH_TIE,200000.0,3266.0,3266.0,3266.0,0.0,100000.0,legacy_timeliness
cold_frozen_i20m_h16_s7_state0_mac0,cold,16,i20m,0,0,interval_100k,stride,NONLOWER_WITH_TIE,300000.0,200000.0,4873.0,4873.0,4873.0,200000.0,1,400000.0,NOT_EXCEEDS,300000.0,4873.0,4873.0,4873.0,0.0,100000.0,selected_accuracy;legacy_timeliness
cold_frozen_i20m_h16_s7_state0_mac0,cold,16,i20m,0,0,interval_100k,stride,NOT_EXCEEDS,400000.0,300000.0,6496.0,6496.0,6496.0,300000.0,1,500000.0,NONLOWER_WITH_TIE,400000.0,6496.0,6496.0,6496.0,0.0,100000.0,legacy_timeliness
cold_frozen_i20m_h16_s7_state0_mac0,cold,16,i20m,0,0,interval_100k,stride,NONLOWER_WITH_TIE,500000.0,400000.0,8100.0,8100.0,8100.0,400000.0,7,1200000.0,NOT_EXCEEDS,1100000.0,17796.0,17796.0,17796.0,600000.0,700000.0,selected_accuracy;legacy_timeliness
cold_frozen_i20m_h16_s7_state0_mac0,cold,16,i20m,0,0,interval_100k,stride,NOT_EXCEEDS,1200000.0,1100000.0,19404.0,19404.0,19404.0,1100000.0,2,1400000.0,NONLOWER_WITH_TIE,1300000.0,21030.0,21030.0,21030.0,100000.0,200000.0,legacy_timeliness
cold_frozen_i20m_h16_s7_state0_mac0,cold,16,i20m,0,0,interval_100k,stride,NONLOWER_WITH_TIE,1400000.0,1300000.0,22636.0,22636.0,22636.0,1300000.0,1,1500000.0,NOT_EXCEEDS,1400000.0,22636.0,22636.0,22636.0,0.0,100000.0,selected_accuracy;legacy_timeliness
cold_frozen_i20m_h16_s7_state0_mac0,cold,16,i20m,0,0,interval_100k,stride,NOT_EXCEEDS,1500000.0,1400000.0,24263.0,24263.0,24263.0,1400000.0,1,1600000.0,NONLOWER_WITH_TIE,1500000.0,24263.0,24263.0,24263.0,0.0,100000.0,legacy_timeliness
cold_frozen_i20m_h16_s7_state0_mac0,cold,16,i20m,0,0,interval_100k,stride,NONLOWER_WITH_TIE,1600000.0,1500000.0,25866.0,25866.0,25866.0,1500000.0,6,2200000.0,NOT_EXCEEDS,2100000.0,33923.0,33923.0,33923.0,500000.0,600000.0,selected_accuracy;legacy_timeliness
cold_frozen_i20m_h16_s7_state0_mac0,cold,16,i20m,0,0,interval_100k,stride,NOT_EXCEEDS,2200000.0,2100000.0,35549.0,35549.0,35549.0,2100000.0,1,2300000.0,NONLOWER_WITH_TIE,2200000.0,35549.0,35549.0,35549.0,0.0,100000.0,legacy_timeliness
cold_frozen_i20m_h16_s7_state0_mac0,cold,16,i20m,0,0,interval_100k,stride,NONLOWER_WITH_TIE,2300000.0,2200000.0,37155.0,37155.0,37155.0,2200000.0,3,2600000.0,NOT_EXCEEDS,2500000.0,40389.0,40389.0,40389.0,200000.0,300000.0,selected_accuracy
cold_frozen_i20m_h16_s7_state0_mac0,cold,16,i20m,0,0,interval_100k,stride,NOT_EXCEEDS,2600000.0,2500000.0,41990.0,41990.0,41990.0,2500000.0,2,2800000.0,NONLOWER_WITH_TIE,2700000.0,43622.0,43622.0,43622.0,100000.0,200000.0,legacy_timeliness
cold_frozen_i20m_h16_s7_state0_mac0,cold,16,i20m,0,0,interval_100k,stride,NONLOWER_WITH_TIE,2800000.0,2700000.0,45225.0,45225.0,45225.0,2700000.0,3,3100000.0,NOT_EXCEEDS,3000000.0,48453.0,48453.0,48453.0,200000.0,300000.0,selected_accuracy;legacy_timeliness
cold_frozen_i20m_h16_s7_state0_mac0,cold,16,i20m,0,0,interval_100k,stride,NOT_EXCEEDS,3100000.0,3000000.0,50074.0,50074.0,50074.0,3000000.0,1,3200000.0,NONLOWER_WITH_TIE,3100000.0,50074.0,50074.0,50074.0,0.0,100000.0,legacy_timeliness
cold_frozen_i20m_h16_s7_state0_mac0,cold,16,i20m,0,0,interval_100k,stride,NONLOWER_WITH_TIE,3200000.0,3100000.0,51675.0,51675.0,51675.0,3100000.0,17,4900000.0,EXCEEDS,4800000.0,77490.0,77490.0,77490.0,1600000.0,1700000.0,
cold_frozen_i20m_h16_s7_state0_mac0,cold,16,i20m,0,0,interval_100k,stride,EXCEEDS,4900000.0,4800000.0,79094.0,79094.0,79094.0,4800000.0,2,5100000.0,NONLOWER_WITH_TIE,5000000.0,80731.0,80731.0,80731.0,100000.0,200000.0,legacy_timeliness
cold_frozen_i20m_h16_s7_state0_mac0,cold,16,i20m,0,0,interval_100k,stride,NONLOWER_WITH_TIE,5100000.0,5000000.0,82323.0,82323.0,82323.0,5000000.0,3,5400000.0,NOT_EXCEEDS,5300000.0,85563.0,85563.0,85563.0,200000.0,300000.0,selected_accuracy;legacy_timeliness
cold_frozen_i20m_h16_s7_state0_mac0,cold,16,i20m,0,0,interval_100k,stride,NOT_EXCEEDS,5400000.0,5300000.0,87167.0,87167.0,87167.0,5300000.0,1,5500000.0,NONLOWER_WITH_TIE,5400000.0,87167.0,87167.0,87167.0,0.0,100000.0,legacy_timeliness
cold_frozen_i20m_h16_s7_state0_mac0,cold,16,i20m,0,0,interval_100k,stride,NONLOWER_WITH_TIE,5500000.0,5400000.0,88798.0,88798.0,88798.0,5400000.0,3,5800000.0,EXCEEDS,5700000.0,92037.0,92037.0,92037.0,200000.0,300000.0,
cold_frozen_i20m_h16_s7_state0_mac0,cold,16,i20m,0,0,interval_100k,stride,EXCEEDS,5800000.0,5700000.0,93636.0,93636.0,93636.0,5700000.0,1,5900000.0,NONLOWER_WITH_TIE,5800000.0,93636.0,93636.0,93636.0,0.0,100000.0,legacy_timeliness
cold_frozen_i20m_h16_s7_state0_mac0,cold,16,i20m,0,0,interval_100k,stride,NONLOWER_WITH_TIE,5900000.0,5800000.0,95233.0,95233.0,95233.0,5800000.0,2,6100000.0,NOT_EXCEEDS,6000000.0,96857.0,96857.0,96857.0,100000.0,200000.0,selected_accuracy;legacy_timeliness
cold_frozen_i20m_h16_s7_state0_mac0,cold,16,i20m,0,0,interval_100k,stride,NOT_EXCEEDS,6100000.0,6000000.0,98461.0,98461.0,98461.0,6000000.0,1,6200000.0,NONLOWER_WITH_TIE,6100000.0,98461.0,98461.0,98461.0,0.0,100000.0,legacy_timeliness
cold_frozen_i20m_h16_s7_state0_mac0,cold,16,i20m,0,0,interval_100k,stride,NONLOWER_WITH_TIE,6200000.0,6100000.0,100089.0,100089.0,100089.0,6100000.0,3,6500000.0,EXCEEDS,6400000.0,103325.0,103325.0,103325.0,200000.0,300000.0,
cold_frozen_i20m_h16_s7_state0_mac0,cold,16,i20m,0,0,interval_100k,stride,EXCEEDS,6500000.0,6400000.0,104930.0,104930.0,104930.0,6400000.0,1,6600000.0,NONLOWER_WITH_TIE,6500000.0,104930.0,104930.0,104930.0,0.0,100000.0,legacy_timeliness
cold_frozen_i20m_h16_s7_state0_mac0,cold,16,i20m,0,0,interval_100k,stride,NONLOWER_WITH_TIE,6600000.0,6500000.0,106536.0,106536.0,106536.0,6500000.0,4,7000000.0,NOT_EXCEEDS,6900000.0,111429.0,111429.0,111429.0,300000.0,400000.0,selected_accuracy;legacy_timeliness
cold_frozen_i20m_h16_s7_state0_mac0,cold,16,i20m,0,0,interval_100k,stride,NOT_EXCEEDS,7000000.0,6900000.0,113036.0,113036.0,113036.0,6900000.0,2,7200000.0,NONLOWER_WITH_TIE,7100000.0,114634.0,114634.0,114634.0,100000.0,200000.0,legacy_timeliness
cold_frozen_i20m_h16_s7_state0_mac0,cold,16,i20m,0,0,interval_100k,stride,NONLOWER_WITH_TIE,7200000.0,7100000.0,116264.0,116264.0,116264.0,7100000.0,1,7300000.0,NOT_EXCEEDS,7200000.0,116264.0,116264.0,116264.0,0.0,100000.0,selected_accuracy;legacy_timeliness
cold_frozen_i20m_h16_s7_state0_mac0,cold,16,i20m,0,0,interval_100k,stride,NOT_EXCEEDS,7300000.0,7200000.0,117874.0,117874.0,117874.0,7200000.0,1,7400000.0,NONLOWER_WITH_TIE,7300000.0,117874.0,117874.0,117874.0,0.0,100000.0,legacy_timeliness
cold_frozen_i20m_h16_s7_state0_mac0,cold,16,i20m,0,0,interval_100k,stride,NONLOWER_WITH_TIE,7400000.0,7300000.0,119497.0,119497.0,119497.0,7300000.0,2,7600000.0,NOT_EXCEEDS,7500000.0,121102.0,121102.0,121102.0,100000.0,200000.0,selected_accuracy;legacy_timeliness
cold_frozen_i20m_h16_s7_state0_mac0,cold,16,i20m,0,0,interval_100k,stride,NOT_EXCEEDS,7600000.0,7500000.0,122733.0,122733.0,122733.0,7500000.0,1,7700000.0,NONLOWER_WITH_TIE,7600000.0,122733.0,122733.0,122733.0,0.0,100000.0,legacy_timeliness
cold_frozen_i20m_h16_s7_state0_mac0,cold,16,i20m,0,0,interval_100k,stride,NONLOWER_WITH_TIE,7700000.0,7600000.0,124331.0,124331.0,124331.0,7600000.0,2,7900000.0,EXCEEDS,7800000.0,125949.0,125949.0,125949.0,100000.0,200000.0,
cold_frozen_i20m_h16_s7_state0_mac0,cold,16,i20m,0,0,interval_100k,stride,EXCEEDS,7900000.0,7800000.0,127566.0,127566.0,127566.0,7800000.0,1,8000000.0,NONLOWER_WITH_TIE,7900000.0,127566.0,127566.0,127566.0,0.0,100000.0,legacy_timeliness
cold_frozen_i20m_h16_s7_state0_mac0,cold,16,i20m,0,0,interval_100k,stride,NONLOWER_WITH_TIE,8000000.0,7900000.0,129167.0,129167.0,129167.0,7900000.0,3,8300000.0,NOT_EXCEEDS,8200000.0,132403.0,132403.0,132403.0,200000.0,300000.0,selected_accuracy;legacy_timeliness
cold_frozen_i20m_h16_s7_state0_mac0,cold,16,i20m,0,0,interval_100k,stride,NOT_EXCEEDS,8300000.0,8200000.0,134029.0,134029.0,134029.0,8200000.0,1,8400000.0,NONLOWER_WITH_TIE,8300000.0,134029.0,134029.0,134029.0,0.0,100000.0,legacy_timeliness
cold_frozen_i20m_h16_s7_state0_mac0,cold,16,i20m,0,0,interval_100k,stride,NONLOWER_WITH_TIE,8400000.0,8300000.0,135634.0,135634.0,135634.0,8300000.0,2,8600000.0,EXCEEDS,8500000.0,137240.0,137240.0,137240.0,100000.0,200000.0,
cold_frozen_i20m_h16_s7_state0_mac0,cold,16,i20m,0,0,interval_100k,stride,EXCEEDS,8600000.0,8500000.0,138875.0,138875.0,138875.0,8500000.0,3,8900000.0,NONLOWER_WITH_TIE,8800000.0,142108.0,142108.0,142108.0,200000.0,300000.0,legacy_timeliness
cold_frozen_i20m_h16_s7_state0_mac0,cold,16,i20m,0,0,interval_100k,stride,NONLOWER_WITH_TIE,8900000.0,8800000.0,143703.0,143703.0,143703.0,8800000.0,1,9000000.0,EXCEEDS,8900000.0,143703.0,143703.0,143703.0,0.0,100000.0,
cold_frozen_i20m_h16_s7_state0_mac0,cold,16,i20m,0,0,interval_100k,stride,EXCEEDS,9000000.0,8900000.0,145328.0,145328.0,145328.0,8900000.0,1,9100000.0,NONLOWER_WITH_TIE,9000000.0,145328.0,145328.0,145328.0,0.0,100000.0,legacy_timeliness
cold_frozen_i20m_h16_s7_state0_mac0,cold,16,i20m,0,0,interval_100k,stride,NONLOWER_WITH_TIE,9100000.0,9000000.0,146930.0,146930.0,146930.0,9000000.0,1,9200000.0,EXCEEDS,9100000.0,146930.0,146930.0,146930.0,0.0,100000.0,
cold_frozen_i20m_h16_s7_state0_mac0,cold,16,i20m,0,0,interval_100k,stride,EXCEEDS,9200000.0,9100000.0,148534.0,148534.0,148534.0,9100000.0,1,9300000.0,NONLOWER_WITH_TIE,9200000.0,148534.0,148534.0,148534.0,0.0,100000.0,legacy_timeliness
cold_frozen_i20m_h16_s7_state0_mac0,cold,16,i20m,0,0,interval_100k,stride,NONLOWER_WITH_TIE,9300000.0,9200000.0,150163.0,150163.0,150163.0,9200000.0,3,9600000.0,NOT_EXCEEDS,9500000.0,153393.0,153393.0,153393.0,200000.0,300000.0,selected_accuracy;legacy_timeliness
cold_frozen_i20m_h16_s7_state0_mac0,cold,16,i20m,0,0,interval_100k,stride,NOT_EXCEEDS,9600000.0,9500000.0,154999.0,154999.0,154999.0,9500000.0,1,9700000.0,EXCEEDS,9600000.0,154999.0,154999.0,154999.0,0.0,100000.0,
cold_frozen_i20m_h16_s7_state0_mac0,cold,16,i20m,0,0,interval_100k,stride,EXCEEDS,9700000.0,9600000.0,156632.0,156632.0,156632.0,9600000.0,1,9800000.0,NONLOWER_WITH_TIE,9700000.0,156632.0,156632.0,156632.0,0.0,100000.0,legacy_timeliness
cold_frozen_i20m_h16_s7_state0_mac0,cold,16,i20m,0,0,interval_100k,stride,NONLOWER_WITH_TIE,9800000.0,9700000.0,158237.0,158237.0,158237.0,9700000.0,3,10100000.0,NOT_EXCEEDS,10000000.0,161476.0,161476.0,161476.0,200000.0,300000.0,selected_accuracy;legacy_timeliness
cold_frozen_i20m_h16_s7_state0_mac0,cold,16,i20m,0,0,interval_100k,stride,NOT_EXCEEDS,10100000.0,10000000.0,163084.0,163084.0,163084.0,10000000.0,1,10200000.0,NONLOWER_WITH_TIE,10100000.0,163084.0,163084.0,163084.0,0.0,100000.0,legacy_timeliness
cold_frozen_i20m_h16_s7_state0_mac0,cold,16,i20m,0,0,interval_100k,stride,NONLOWER_WITH_TIE,10200000.0,10100000.0,164706.0,164706.0,164706.0,10100000.0,13,11500000.0,EXCEEDS,11400000.0,184077.0,184077.0,184077.0,1200000.0,1300000.0,
cold_frozen_i20m_h16_s7_state0_mac0,cold,16,i20m,0,0,interval_100k,stride,EXCEEDS,11500000.0,11400000.0,185683.0,185683.0,185683.0,11400000.0,1,11600000.0,NOT_EXCEEDS,11500000.0,185683.0,185683.0,185683.0,0.0,100000.0,selected_accuracy
cold_frozen_i20m_h16_s7_state0_mac0,cold,16,i20m,0,0,interval_100k,stride,NOT_EXCEEDS,11600000.0,11500000.0,187343.0,187343.0,187343.0,11500000.0,1,11700000.0,NONLOWER_WITH_TIE,11600000.0,187343.0,187343.0,187343.0,0.0,100000.0,legacy_timeliness
cold_frozen_i20m_h16_s7_state0_mac0,cold,16,i20m,0,0,interval_100k,stride,NONLOWER_WITH_TIE,11700000.0,11600000.0,188955.0,188955.0,188955.0,11600000.0,1,11800000.0,NOT_EXCEEDS,11700000.0,188955.0,188955.0,188955.0,0.0,100000.0,selected_accuracy;legacy_timeliness
cold_frozen_i20m_h16_s7_state0_mac0,cold,16,i20m,0,0,interval_100k,stride,NOT_EXCEEDS,11800000.0,11700000.0,190553.0,190553.0,190553.0,11700000.0,1,11900000.0,EXCEEDS,11800000.0,190553.0,190553.0,190553.0,0.0,100000.0,
cold_frozen_i20m_h16_s7_state0_mac0,cold,16,i20m,0,0,interval_100k,stride,EXCEEDS,11900000.0,11800000.0,192367.0,192367.0,192367.0,11800000.0,1,12000000.0,NOT_EXCEEDS,11900000.0,192367.0,192367.0,192367.0,0.0,100000.0,selected_accuracy
cold_frozen_i20m_h16_s7_state0_mac0,cold,16,i20m,0,0,interval_100k,stride,NOT_EXCEEDS,12000000.0,11900000.0,194056.0,194056.0,194056.0,11900000.0,5,12500000.0,EXCEEDS,12400000.0,200582.0,200582.0,200582.0,400000.0,500000.0,
cold_frozen_i20m_h16_s7_state0_mac0,cold,16,i20m,0,0,interval_100k,stride,EXCEEDS,12500000.0,12400000.0,202221.0,202221.0,202221.0,12400000.0,1,12600000.0,NONLOWER_WITH_TIE,12500000.0,202221.0,202221.0,202221.0,0.0,100000.0,legacy_timeliness
cold_frozen_i20m_h16_s7_state0_mac0,cold,16,i20m,0,0,interval_100k,stride,NONLOWER_WITH_TIE,12600000.0,12500000.0,203817.0,203817.0,203817.0,12500000.0,1,12700000.0,NOT_EXCEEDS,12600000.0,203817.0,203817.0,203817.0,0.0,100000.0,selected_accuracy
cold_frozen_i20m_h16_s7_state0_mac0,cold,16,i20m,0,0,interval_100k,stride,NOT_EXCEEDS,12700000.0,12600000.0,205535.0,205535.0,205535.0,12600000.0,1,12800000.0,EXCEEDS,12700000.0,205535.0,205535.0,205535.0,0.0,100000.0,
cold_frozen_i20m_h16_s7_state0_mac0,cold,16,i20m,0,0,interval_100k,stride,EXCEEDS,12800000.0,12700000.0,207208.0,207208.0,207208.0,12700000.0,1,12900000.0,NOT_EXCEEDS,12800000.0,207208.0,207208.0,207208.0,0.0,100000.0,selected_accuracy
cold_frozen_i20m_h16_s7_state0_mac0,cold,16,i20m,0,0,interval_100k,stride,NOT_EXCEEDS,12900000.0,12800000.0,208920.0,208920.0,208920.0,12800000.0,1,13000000.0,NONLOWER_WITH_TIE,12900000.0,208920.0,208920.0,208920.0,0.0,100000.0,legacy_timeliness
cold_frozen_i20m_h16_s7_state0_mac0,cold,16,i20m,0,0,interval_100k,stride,NONLOWER_WITH_TIE,13000000.0,12900000.0,210533.0,210533.0,210533.0,12900000.0,2,13200000.0,NOT_EXCEEDS,13100000.0,212132.0,212132.0,212132.0,100000.0,200000.0,selected_accuracy;legacy_timeliness
cold_frozen_i20m_h16_s7_state0_mac0,cold,16,i20m,0,0,interval_100k,stride,NOT_EXCEEDS,13200000.0,13100000.0,213732.0,213732.0,213732.0,13100000.0,2,13400000.0,NONLOWER_WITH_TIE,13300000.0,215408.0,215408.0,215408.0,100000.0,200000.0,legacy_timeliness
cold_frozen_i20m_h16_s7_state0_mac0,cold,16,i20m,0,0,interval_100k,stride,NONLOWER_WITH_TIE,13400000.0,13300000.0,217006.0,217006.0,217006.0,13300000.0,1,13500000.0,NOT_EXCEEDS,13400000.0,217006.0,217006.0,217006.0,0.0,100000.0,selected_accuracy
cold_frozen_i20m_h16_s7_state0_mac0,cold,16,i20m,0,0,interval_100k,stride,NOT_EXCEEDS,13500000.0,13400000.0,218952.0,218952.0,218952.0,13400000.0,54,18900000.0,NONLOWER_WITH_TIE,18800000.0,304358.0,304358.0,304358.0,5300000.0,5400000.0,legacy_timeliness
cold_frozen_i20m_h16_s7_state0_mac0,cold,16,i20m,0,0,interval_100k,stride,NONLOWER_WITH_TIE,18900000.0,18800000.0,305981.0,305981.0,305981.0,18800000.0,1,19000000.0,NOT_EXCEEDS,18900000.0,305981.0,305981.0,305981.0,0.0,100000.0,selected_accuracy;legacy_timeliness
cold_frozen_i20m_h16_s7_state0_mac0,cold,16,i20m,0,0,interval_100k,stride,NOT_EXCEEDS,19000000.0,18900000.0,307581.0,307581.0,307581.0,18900000.0,61,NA,NA,25000000.0,404271.0,404271.0,404271.0,6000000.0,6100000.0,
cold_frozen_i20m_h16_s7_state0_mac0,cold,16,i20m,0,0,interval_100k,summer,MISSING_REFERENCE,100000.0,0.0,1659.0,1659.0,1659.0,NA,250,NA,NA,25000000.0,404271.0,404271.0,404271.0,24900000.0,25000000.0,
cold_frozen_i20m_h16_s7_state0_mac0,cold,16,i20m,0,0,interval_100k,stride_and_summer,MISSING_OR_UNDEFINED_REFERENCE,100000.0,0.0,1659.0,1659.0,1659.0,NA,250,NA,NA,25000000.0,404271.0,404271.0,404271.0,24900000.0,25000000.0,
cold_frozen_i20m_h16_s7_state0_mac0,cold,16,i20m,0,0,interval_100k,offline_same_checkpoint,MISSING_REFERENCE,100000.0,0.0,1659.0,1659.0,1659.0,NA,250,NA,NA,25000000.0,404271.0,404271.0,404271.0,24900000.0,25000000.0,
cold_frozen_i20m_h16_s7_state0_mac0,cold,16,i20m,0,0,interval_1m,stride,NONLOWER_WITH_TIE,1000000.0,0.0,16196.0,16196.0,16196.0,NA,2,3000000.0,EXCEEDS,2000000.0,32320.0,32320.0,32320.0,1000000.0,2000000.0,
cold_frozen_i20m_h16_s7_state0_mac0,cold,16,i20m,0,0,interval_1m,stride,EXCEEDS,3000000.0,2000000.0,48453.0,48453.0,48453.0,2000000.0,1,4000000.0,NONLOWER_WITH_TIE,3000000.0,48453.0,48453.0,48453.0,0.0,1000000.0,legacy_timeliness
cold_frozen_i20m_h16_s7_state0_mac0,cold,16,i20m,0,0,interval_1m,stride,NONLOWER_WITH_TIE,4000000.0,3000000.0,64553.0,64553.0,64553.0,3000000.0,1,5000000.0,EXCEEDS,4000000.0,64553.0,64553.0,64553.0,0.0,1000000.0,
cold_frozen_i20m_h16_s7_state0_mac0,cold,16,i20m,0,0,interval_1m,stride,EXCEEDS,5000000.0,4000000.0,80731.0,80731.0,80731.0,4000000.0,6,11000000.0,NONLOWER_WITH_TIE,10000000.0,161476.0,161476.0,161476.0,5000000.0,6000000.0,legacy_timeliness
cold_frozen_i20m_h16_s7_state0_mac0,cold,16,i20m,0,0,interval_1m,stride,NONLOWER_WITH_TIE,11000000.0,10000000.0,177613.0,177613.0,177613.0,10000000.0,1,12000000.0,EXCEEDS,11000000.0,177613.0,177613.0,177613.0,0.0,1000000.0,
cold_frozen_i20m_h16_s7_state0_mac0,cold,16,i20m,0,0,interval_1m,stride,EXCEEDS,12000000.0,11000000.0,194056.0,194056.0,194056.0,11000000.0,2,14000000.0,NOT_EXCEEDS,13000000.0,210533.0,210533.0,210533.0,1000000.0,2000000.0,selected_accuracy
cold_frozen_i20m_h16_s7_state0_mac0,cold,16,i20m,0,0,interval_1m,stride,NOT_EXCEEDS,14000000.0,13000000.0,227011.0,227011.0,227011.0,13000000.0,12,NA,NA,25000000.0,404271.0,404271.0,404271.0,11000000.0,12000000.0,
cold_frozen_i20m_h16_s7_state0_mac0,cold,16,i20m,0,0,interval_1m,summer,MISSING_REFERENCE,1000000.0,0.0,16196.0,16196.0,16196.0,NA,25,NA,NA,25000000.0,404271.0,404271.0,404271.0,24000000.0,25000000.0,
cold_frozen_i20m_h16_s7_state0_mac0,cold,16,i20m,0,0,interval_1m,stride_and_summer,MISSING_OR_UNDEFINED_REFERENCE,1000000.0,0.0,16196.0,16196.0,16196.0,NA,25,NA,NA,25000000.0,404271.0,404271.0,404271.0,24000000.0,25000000.0,
cold_frozen_i20m_h16_s7_state0_mac0,cold,16,i20m,0,0,interval_1m,offline_same_checkpoint,MISSING_REFERENCE,1000000.0,0.0,16196.0,16196.0,16196.0,NA,25,NA,NA,25000000.0,404271.0,404271.0,404271.0,24000000.0,25000000.0,
cold_frozen_i20m_h8_s7_state0_mac0,cold,8,i20m,0,0,cumulative,stride,NA,1000.0,0,30.0,30.0,30.0,NA,1,10000.0,NOT_EXCEEDS,1000.0,30.0,30.0,30.0,0.0,NA,selected_accuracy;legacy_timeliness
cold_frozen_i20m_h8_s7_state0_mac0,cold,8,i20m,0,0,cumulative,stride,NOT_EXCEEDS,10000.0,0,172.0,172.0,172.0,1000.0,251,NA,NA,25000000.0,404271.0,404271.0,404271.0,24990000.0,NA,
cold_frozen_i20m_h8_s7_state0_mac0,cold,8,i20m,0,0,cumulative,summer,MISSING_REFERENCE,1000.0,0,30.0,30.0,30.0,NA,252,NA,NA,25000000.0,404271.0,404271.0,404271.0,24999000.0,NA,
cold_frozen_i20m_h8_s7_state0_mac0,cold,8,i20m,0,0,cumulative,stride_and_summer,MISSING_OR_UNDEFINED_REFERENCE,1000.0,0,30.0,30.0,30.0,NA,252,NA,NA,25000000.0,404271.0,404271.0,404271.0,24999000.0,NA,
cold_frozen_i20m_h8_s7_state0_mac0,cold,8,i20m,0,0,cumulative,offline_same_checkpoint,MISSING_REFERENCE,1000.0,0,30.0,30.0,30.0,NA,252,NA,NA,25000000.0,404271.0,404271.0,404271.0,24999000.0,NA,
cold_frozen_i20m_h8_s7_state0_mac0,cold,8,i20m,0,0,interval_100k,stride,NOT_EXCEEDS,100000.0,0.0,1659.0,1659.0,1659.0,NA,8,900000.0,NONLOWER_WITH_TIE,800000.0,12963.0,12963.0,12963.0,700000.0,800000.0,legacy_timeliness
cold_frozen_i20m_h8_s7_state0_mac0,cold,8,i20m,0,0,interval_100k,stride,NONLOWER_WITH_TIE,900000.0,800000.0,14563.0,14563.0,14563.0,800000.0,1,1000000.0,NOT_EXCEEDS,900000.0,14563.0,14563.0,14563.0,0.0,100000.0,selected_accuracy;legacy_timeliness
cold_frozen_i20m_h8_s7_state0_mac0,cold,8,i20m,0,0,interval_100k,stride,NOT_EXCEEDS,1000000.0,900000.0,16196.0,16196.0,16196.0,900000.0,49,5900000.0,NONLOWER_WITH_TIE,5800000.0,93636.0,93636.0,93636.0,4800000.0,4900000.0,legacy_timeliness
cold_frozen_i20m_h8_s7_state0_mac0,cold,8,i20m,0,0,interval_100k,stride,NONLOWER_WITH_TIE,5900000.0,5800000.0,95233.0,95233.0,95233.0,5800000.0,1,6000000.0,NOT_EXCEEDS,5900000.0,95233.0,95233.0,95233.0,0.0,100000.0,selected_accuracy;legacy_timeliness
cold_frozen_i20m_h8_s7_state0_mac0,cold,8,i20m,0,0,interval_100k,stride,NOT_EXCEEDS,6000000.0,5900000.0,96857.0,96857.0,96857.0,5900000.0,19,7900000.0,EXCEEDS,7800000.0,125949.0,125949.0,125949.0,1800000.0,1900000.0,
cold_frozen_i20m_h8_s7_state0_mac0,cold,8,i20m,0,0,interval_100k,stride,EXCEEDS,7900000.0,7800000.0,127566.0,127566.0,127566.0,7800000.0,1,8000000.0,NOT_EXCEEDS,7900000.0,127566.0,127566.0,127566.0,0.0,100000.0,selected_accuracy;legacy_timeliness
cold_frozen_i20m_h8_s7_state0_mac0,cold,8,i20m,0,0,interval_100k,stride,NOT_EXCEEDS,8000000.0,7900000.0,129167.0,129167.0,129167.0,7900000.0,11,9100000.0,NONLOWER_WITH_TIE,9000000.0,145328.0,145328.0,145328.0,1000000.0,1100000.0,legacy_timeliness
cold_frozen_i20m_h8_s7_state0_mac0,cold,8,i20m,0,0,interval_100k,stride,NONLOWER_WITH_TIE,9100000.0,9000000.0,146930.0,146930.0,146930.0,9000000.0,1,9200000.0,EXCEEDS,9100000.0,146930.0,146930.0,146930.0,0.0,100000.0,
cold_frozen_i20m_h8_s7_state0_mac0,cold,8,i20m,0,0,interval_100k,stride,EXCEEDS,9200000.0,9100000.0,148534.0,148534.0,148534.0,9100000.0,1,9300000.0,NOT_EXCEEDS,9200000.0,148534.0,148534.0,148534.0,0.0,100000.0,selected_accuracy;legacy_timeliness
cold_frozen_i20m_h8_s7_state0_mac0,cold,8,i20m,0,0,interval_100k,stride,NOT_EXCEEDS,9300000.0,9200000.0,150163.0,150163.0,150163.0,9200000.0,11,10400000.0,NONLOWER_WITH_TIE,10300000.0,166312.0,166312.0,166312.0,1000000.0,1100000.0,legacy_timeliness
cold_frozen_i20m_h8_s7_state0_mac0,cold,8,i20m,0,0,interval_100k,stride,NONLOWER_WITH_TIE,10400000.0,10300000.0,167933.0,167933.0,167933.0,10300000.0,1,10500000.0,NOT_EXCEEDS,10400000.0,167933.0,167933.0,167933.0,0.0,100000.0,selected_accuracy;legacy_timeliness
cold_frozen_i20m_h8_s7_state0_mac0,cold,8,i20m,0,0,interval_100k,stride,NOT_EXCEEDS,10500000.0,10400000.0,169542.0,169542.0,169542.0,10400000.0,5,11000000.0,NONLOWER_WITH_TIE,10900000.0,176007.0,176007.0,176007.0,400000.0,500000.0,legacy_timeliness
cold_frozen_i20m_h8_s7_state0_mac0,cold,8,i20m,0,0,interval_100k,stride,NONLOWER_WITH_TIE,11000000.0,10900000.0,177613.0,177613.0,177613.0,10900000.0,1,11100000.0,NOT_EXCEEDS,11000000.0,177613.0,177613.0,177613.0,0.0,100000.0,selected_accuracy;legacy_timeliness
cold_frozen_i20m_h8_s7_state0_mac0,cold,8,i20m,0,0,interval_100k,stride,NOT_EXCEEDS,11100000.0,11000000.0,179240.0,179240.0,179240.0,11000000.0,2,11300000.0,NONLOWER_WITH_TIE,11200000.0,180848.0,180848.0,180848.0,100000.0,200000.0,legacy_timeliness
cold_frozen_i20m_h8_s7_state0_mac0,cold,8,i20m,0,0,interval_100k,stride,NONLOWER_WITH_TIE,11300000.0,11200000.0,182449.0,182449.0,182449.0,11200000.0,1,11400000.0,NOT_EXCEEDS,11300000.0,182449.0,182449.0,182449.0,0.0,100000.0,selected_accuracy;legacy_timeliness
cold_frozen_i20m_h8_s7_state0_mac0,cold,8,i20m,0,0,interval_100k,stride,NOT_EXCEEDS,11400000.0,11300000.0,184077.0,184077.0,184077.0,11300000.0,5,11900000.0,EXCEEDS,11800000.0,190553.0,190553.0,190553.0,400000.0,500000.0,
cold_frozen_i20m_h8_s7_state0_mac0,cold,8,i20m,0,0,interval_100k,stride,EXCEEDS,11900000.0,11800000.0,192367.0,192367.0,192367.0,11800000.0,1,12000000.0,NOT_EXCEEDS,11900000.0,192367.0,192367.0,192367.0,0.0,100000.0,selected_accuracy
cold_frozen_i20m_h8_s7_state0_mac0,cold,8,i20m,0,0,interval_100k,stride,NOT_EXCEEDS,12000000.0,11900000.0,194056.0,194056.0,194056.0,11900000.0,69,18900000.0,NONLOWER_WITH_TIE,18800000.0,304358.0,304358.0,304358.0,6800000.0,6900000.0,legacy_timeliness
cold_frozen_i20m_h8_s7_state0_mac0,cold,8,i20m,0,0,interval_100k,stride,NONLOWER_WITH_TIE,18900000.0,18800000.0,305981.0,305981.0,305981.0,18800000.0,1,19000000.0,NOT_EXCEEDS,18900000.0,305981.0,305981.0,305981.0,0.0,100000.0,selected_accuracy;legacy_timeliness
cold_frozen_i20m_h8_s7_state0_mac0,cold,8,i20m,0,0,interval_100k,stride,NOT_EXCEEDS,19000000.0,18900000.0,307581.0,307581.0,307581.0,18900000.0,44,23400000.0,EXCEEDS,23300000.0,376888.0,376888.0,376888.0,4300000.0,4400000.0,
cold_frozen_i20m_h8_s7_state0_mac0,cold,8,i20m,0,0,interval_100k,stride,EXCEEDS,23400000.0,23300000.0,378486.0,378486.0,378486.0,23300000.0,1,23500000.0,NOT_EXCEEDS,23400000.0,378486.0,378486.0,378486.0,0.0,100000.0,selected_accuracy
cold_frozen_i20m_h8_s7_state0_mac0,cold,8,i20m,0,0,interval_100k,stride,NOT_EXCEEDS,23500000.0,23400000.0,380087.0,380087.0,380087.0,23400000.0,16,NA,NA,25000000.0,404271.0,404271.0,404271.0,1500000.0,1600000.0,
cold_frozen_i20m_h8_s7_state0_mac0,cold,8,i20m,0,0,interval_100k,summer,MISSING_REFERENCE,100000.0,0.0,1659.0,1659.0,1659.0,NA,250,NA,NA,25000000.0,404271.0,404271.0,404271.0,24900000.0,25000000.0,
cold_frozen_i20m_h8_s7_state0_mac0,cold,8,i20m,0,0,interval_100k,stride_and_summer,MISSING_OR_UNDEFINED_REFERENCE,100000.0,0.0,1659.0,1659.0,1659.0,NA,250,NA,NA,25000000.0,404271.0,404271.0,404271.0,24900000.0,25000000.0,
cold_frozen_i20m_h8_s7_state0_mac0,cold,8,i20m,0,0,interval_100k,offline_same_checkpoint,MISSING_REFERENCE,100000.0,0.0,1659.0,1659.0,1659.0,NA,250,NA,NA,25000000.0,404271.0,404271.0,404271.0,24900000.0,25000000.0,
cold_frozen_i20m_h8_s7_state0_mac0,cold,8,i20m,0,0,interval_1m,stride,NOT_EXCEEDS,1000000.0,0.0,16196.0,16196.0,16196.0,NA,25,NA,NA,25000000.0,404271.0,404271.0,404271.0,24000000.0,25000000.0,
cold_frozen_i20m_h8_s7_state0_mac0,cold,8,i20m,0,0,interval_1m,summer,MISSING_REFERENCE,1000000.0,0.0,16196.0,16196.0,16196.0,NA,25,NA,NA,25000000.0,404271.0,404271.0,404271.0,24000000.0,25000000.0,
cold_frozen_i20m_h8_s7_state0_mac0,cold,8,i20m,0,0,interval_1m,stride_and_summer,MISSING_OR_UNDEFINED_REFERENCE,1000000.0,0.0,16196.0,16196.0,16196.0,NA,25,NA,NA,25000000.0,404271.0,404271.0,404271.0,24000000.0,25000000.0,
cold_frozen_i20m_h8_s7_state0_mac0,cold,8,i20m,0,0,interval_1m,offline_same_checkpoint,MISSING_REFERENCE,1000000.0,0.0,16196.0,16196.0,16196.0,NA,25,NA,NA,25000000.0,404271.0,404271.0,404271.0,24000000.0,25000000.0,
historical_frozen_i1m_h16_s7_state0_mac0,historical,16,i1m,0,0,cumulative,stride,NA,1000.0,0,16.0,16.0,16.0,NA,1,10000.0,NOT_EXCEEDS,1000.0,16.0,16.0,16.0,0.0,NA,legacy_timeliness
historical_frozen_i1m_h16_s7_state0_mac0,historical,16,i1m,0,0,cumulative,stride,NOT_EXCEEDS,10000.0,0,158.0,158.0,158.0,1000.0,252,NA,NA,25000003.0,404219.0,404219.0,404219.0,24990003.0,NA,
historical_frozen_i1m_h16_s7_state0_mac0,historical,16,i1m,0,0,cumulative,summer,NOT_EXCEEDS,1000.0,0,16.0,16.0,16.0,NA,253,NA,NA,25000003.0,404219.0,404219.0,404219.0,24999003.0,NA,
historical_frozen_i1m_h16_s7_state0_mac0,historical,16,i1m,0,0,cumulative,stride_and_summer,MISSING_OR_UNDEFINED_REFERENCE,1000.0,0,16.0,16.0,16.0,NA,1,10000.0,NOT_EXCEEDS,1000.0,16.0,16.0,16.0,0.0,NA,stride:legacy_timeliness;summer:useful_prefetch_coverage;summer:selected_accuracy;summer:legacy_timeliness
historical_frozen_i1m_h16_s7_state0_mac0,historical,16,i1m,0,0,cumulative,stride_and_summer,NOT_EXCEEDS,10000.0,0,158.0,158.0,158.0,1000.0,252,NA,NA,25000003.0,404219.0,404219.0,404219.0,24990003.0,NA,
historical_frozen_i1m_h16_s7_state0_mac0,historical,16,i1m,0,0,cumulative,offline_same_checkpoint,NONLOWER_WITH_TIE,1000.0,0,16.0,16.0,16.0,NA,15,1400000.0,NOT_EXCEEDS,1300000.0,20997.0,20997.0,20997.0,1299000.0,NA,useful_prefetch_coverage;selected_accuracy;legacy_timeliness
historical_frozen_i1m_h16_s7_state0_mac0,historical,16,i1m,0,0,cumulative,offline_same_checkpoint,NOT_EXCEEDS,1400000.0,0,22603.0,22603.0,22603.0,1300000.0,238,NA,NA,25000003.0,404219.0,404219.0,404219.0,23600003.0,NA,
historical_frozen_i1m_h16_s7_state0_mac0,historical,16,i1m,0,0,interval_100k,stride,NOT_EXCEEDS,100000.0,0.0,1626.0,1626.0,1626.0,NA,81,8200000.0,NONLOWER_WITH_TIE,8100000.0,130769.0,130769.0,130769.0,8000000.0,8100000.0,legacy_timeliness
historical_frozen_i1m_h16_s7_state0_mac0,historical,16,i1m,0,0,interval_100k,stride,NONLOWER_WITH_TIE,8200000.0,8100000.0,132370.0,132370.0,132370.0,8100000.0,1,8300000.0,NOT_EXCEEDS,8200000.0,132370.0,132370.0,132370.0,0.0,100000.0,selected_accuracy;legacy_timeliness
historical_frozen_i1m_h16_s7_state0_mac0,historical,16,i1m,0,0,interval_100k,stride,NOT_EXCEEDS,8300000.0,8200000.0,133996.0,133996.0,133996.0,8200000.0,168,NA,NA,25000000.0,404219.0,404219.0,404219.0,16700000.0,16800000.0,
historical_frozen_i1m_h16_s7_state0_mac0,historical,16,i1m,0,0,interval_100k,summer,NOT_EXCEEDS,100000.0,0.0,1626.0,1626.0,1626.0,NA,1,200000.0,NONLOWER_WITH_TIE,100000.0,1626.0,1626.0,1626.0,0.0,100000.0,legacy_timeliness
historical_frozen_i1m_h16_s7_state0_mac0,historical,16,i1m,0,0,interval_100k,summer,NONLOWER_WITH_TIE,200000.0,100000.0,3234.0,3234.0,3234.0,100000.0,4,600000.0,NOT_EXCEEDS,500000.0,8067.0,8067.0,8067.0,300000.0,400000.0,legacy_timeliness
historical_frozen_i1m_h16_s7_state0_mac0,historical,16,i1m,0,0,interval_100k,summer,NOT_EXCEEDS,600000.0,500000.0,9693.0,9693.0,9693.0,500000.0,2,800000.0,NONLOWER_WITH_TIE,700000.0,11302.0,11302.0,11302.0,100000.0,200000.0,legacy_timeliness
historical_frozen_i1m_h16_s7_state0_mac0,historical,16,i1m,0,0,interval_100k,summer,NONLOWER_WITH_TIE,800000.0,700000.0,12931.0,12931.0,12931.0,700000.0,2,1000000.0,NOT_EXCEEDS,900000.0,14529.0,14529.0,14529.0,100000.0,200000.0,useful_prefetch_coverage;legacy_timeliness
historical_frozen_i1m_h16_s7_state0_mac0,historical,16,i1m,0,0,interval_100k,summer,NOT_EXCEEDS,1000000.0,900000.0,16163.0,16163.0,16163.0,900000.0,1,1100000.0,NONLOWER_WITH_TIE,1000000.0,16163.0,16163.0,16163.0,0.0,100000.0,legacy_timeliness
historical_frozen_i1m_h16_s7_state0_mac0,historical,16,i1m,0,0,interval_100k,summer,NONLOWER_WITH_TIE,1100000.0,1000000.0,17763.0,17763.0,17763.0,1000000.0,1,1200000.0,NOT_EXCEEDS,1100000.0,17763.0,17763.0,17763.0,0.0,100000.0,useful_prefetch_coverage;selected_accuracy;legacy_timeliness
historical_frozen_i1m_h16_s7_state0_mac0,historical,16,i1m,0,0,interval_100k,summer,NOT_EXCEEDS,1200000.0,1100000.0,19371.0,19371.0,19371.0,1100000.0,2,1400000.0,NONLOWER_WITH_TIE,1300000.0,20997.0,20997.0,20997.0,100000.0,200000.0,useful_prefetch_coverage;selected_accuracy;legacy_timeliness
historical_frozen_i1m_h16_s7_state0_mac0,historical,16,i1m,0,0,interval_100k,summer,NONLOWER_WITH_TIE,1400000.0,1300000.0,22603.0,22603.0,22603.0,1300000.0,3,1700000.0,NOT_EXCEEDS,1600000.0,25833.0,25833.0,25833.0,200000.0,300000.0,useful_prefetch_coverage;selected_accuracy;legacy_timeliness
historical_frozen_i1m_h16_s7_state0_mac0,historical,16,i1m,0,0,interval_100k,summer,NOT_EXCEEDS,1700000.0,1600000.0,27425.0,27425.0,27425.0,1600000.0,1,1800000.0,NONLOWER_WITH_TIE,1700000.0,27425.0,27425.0,27425.0,0.0,100000.0,legacy_timeliness
historical_frozen_i1m_h16_s7_state0_mac0,historical,16,i1m,0,0,interval_100k,summer,NONLOWER_WITH_TIE,1800000.0,1700000.0,29050.0,29050.0,29050.0,1700000.0,2,2000000.0,NOT_EXCEEDS,1900000.0,30657.0,30657.0,30657.0,100000.0,200000.0,legacy_timeliness
historical_frozen_i1m_h16_s7_state0_mac0,historical,16,i1m,0,0,interval_100k,summer,NOT_EXCEEDS,2000000.0,1900000.0,32287.0,32287.0,32287.0,1900000.0,1,2100000.0,NONLOWER_WITH_TIE,2000000.0,32287.0,32287.0,32287.0,0.0,100000.0,legacy_timeliness
historical_frozen_i1m_h16_s7_state0_mac0,historical,16,i1m,0,0,interval_100k,summer,NONLOWER_WITH_TIE,2100000.0,2000000.0,33890.0,33890.0,33890.0,2000000.0,1,2200000.0,NOT_EXCEEDS,2100000.0,33890.0,33890.0,33890.0,0.0,100000.0,legacy_timeliness
historical_frozen_i1m_h16_s7_state0_mac0,historical,16,i1m,0,0,interval_100k,summer,NOT_EXCEEDS,2200000.0,2100000.0,35516.0,35516.0,35516.0,2100000.0,1,2300000.0,NONLOWER_WITH_TIE,2200000.0,35516.0,35516.0,35516.0,0.0,100000.0,legacy_timeliness
historical_frozen_i1m_h16_s7_state0_mac0,historical,16,i1m,0,0,interval_100k,summer,NONLOWER_WITH_TIE,2300000.0,2200000.0,37122.0,37122.0,37122.0,2200000.0,2,2500000.0,NOT_EXCEEDS,2400000.0,38747.0,38747.0,38747.0,100000.0,200000.0,useful_prefetch_coverage;selected_accuracy;legacy_timeliness
historical_frozen_i1m_h16_s7_state0_mac0,historical,16,i1m,0,0,interval_100k,summer,NOT_EXCEEDS,2500000.0,2400000.0,40357.0,40357.0,40357.0,2400000.0,1,2600000.0,NONLOWER_WITH_TIE,2500000.0,40357.0,40357.0,40357.0,0.0,100000.0,legacy_timeliness
historical_frozen_i1m_h16_s7_state0_mac0,historical,16,i1m,0,0,interval_100k,summer,NONLOWER_WITH_TIE,2600000.0,2500000.0,41957.0,41957.0,41957.0,2500000.0,4,3000000.0,NOT_EXCEEDS,2900000.0,46815.0,46815.0,46815.0,300000.0,400000.0,useful_prefetch_coverage;selected_accuracy;legacy_timeliness
historical_frozen_i1m_h16_s7_state0_mac0,historical,16,i1m,0,0,interval_100k,summer,NOT_EXCEEDS,3000000.0,2900000.0,48420.0,48420.0,48420.0,2900000.0,6,3600000.0,NONLOWER_WITH_TIE,3500000.0,56471.0,56471.0,56471.0,500000.0,600000.0,legacy_timeliness
historical_frozen_i1m_h16_s7_state0_mac0,historical,16,i1m,0,0,interval_100k,summer,NONLOWER_WITH_TIE,3600000.0,3500000.0,58096.0,58096.0,58096.0,3500000.0,7,4300000.0,NOT_EXCEEDS,4200000.0,67757.0,67757.0,67757.0,600000.0,700000.0,useful_prefetch_coverage;selected_accuracy;legacy_timeliness
historical_frozen_i1m_h16_s7_state0_mac0,historical,16,i1m,0,0,interval_100k,summer,NOT_EXCEEDS,4300000.0,4200000.0,69386.0,69386.0,69386.0,4200000.0,1,4400000.0,NONLOWER_WITH_TIE,4300000.0,69386.0,69386.0,69386.0,0.0,100000.0,useful_prefetch_coverage;legacy_timeliness
historical_frozen_i1m_h16_s7_state0_mac0,historical,16,i1m,0,0,interval_100k,summer,NONLOWER_WITH_TIE,4400000.0,4300000.0,70990.0,70990.0,70990.0,4300000.0,1,4500000.0,NOT_EXCEEDS,4400000.0,70990.0,70990.0,70990.0,0.0,100000.0,useful_prefetch_coverage;selected_accuracy;legacy_timeliness
historical_frozen_i1m_h16_s7_state0_mac0,historical,16,i1m,0,0,interval_100k,summer,NOT_EXCEEDS,4500000.0,4400000.0,72615.0,72615.0,72615.0,4400000.0,1,4600000.0,NONLOWER_WITH_TIE,4500000.0,72615.0,72615.0,72615.0,0.0,100000.0,useful_prefetch_coverage;legacy_timeliness
historical_frozen_i1m_h16_s7_state0_mac0,historical,16,i1m,0,0,interval_100k,summer,NONLOWER_WITH_TIE,4600000.0,4500000.0,74222.0,74222.0,74222.0,4500000.0,10,5600000.0,NOT_EXCEEDS,5500000.0,88765.0,88765.0,88765.0,900000.0,1000000.0,useful_prefetch_coverage;selected_accuracy;legacy_timeliness
historical_frozen_i1m_h16_s7_state0_mac0,historical,16,i1m,0,0,interval_100k,summer,NOT_EXCEEDS,5600000.0,5500000.0,90371.0,90371.0,90371.0,5500000.0,1,5700000.0,NONLOWER_WITH_TIE,5600000.0,90371.0,90371.0,90371.0,0.0,100000.0,useful_prefetch_coverage;legacy_timeliness
historical_frozen_i1m_h16_s7_state0_mac0,historical,16,i1m,0,0,interval_100k,summer,NONLOWER_WITH_TIE,5700000.0,5600000.0,92004.0,92004.0,92004.0,5600000.0,1,5800000.0,NOT_EXCEEDS,5700000.0,92004.0,92004.0,92004.0,0.0,100000.0,useful_prefetch_coverage;legacy_timeliness
historical_frozen_i1m_h16_s7_state0_mac0,historical,16,i1m,0,0,interval_100k,summer,NOT_EXCEEDS,5800000.0,5700000.0,93603.0,93603.0,93603.0,5700000.0,4,6200000.0,NONLOWER_WITH_TIE,6100000.0,98429.0,98429.0,98429.0,300000.0,400000.0,useful_prefetch_coverage;legacy_timeliness
historical_frozen_i1m_h16_s7_state0_mac0,historical,16,i1m,0,0,interval_100k,summer,NONLOWER_WITH_TIE,6200000.0,6100000.0,100056.0,100056.0,100056.0,6100000.0,1,6300000.0,NOT_EXCEEDS,6200000.0,100056.0,100056.0,100056.0,0.0,100000.0,useful_prefetch_coverage;selected_accuracy;legacy_timeliness
historical_frozen_i1m_h16_s7_state0_mac0,historical,16,i1m,0,0,interval_100k,summer,NOT_EXCEEDS,6300000.0,6200000.0,101661.0,101661.0,101661.0,6200000.0,4,6700000.0,NONLOWER_WITH_TIE,6600000.0,106503.0,106503.0,106503.0,300000.0,400000.0,useful_prefetch_coverage;legacy_timeliness
historical_frozen_i1m_h16_s7_state0_mac0,historical,16,i1m,0,0,interval_100k,summer,NONLOWER_WITH_TIE,6700000.0,6600000.0,108152.0,108152.0,108152.0,6600000.0,1,6800000.0,NOT_EXCEEDS,6700000.0,108152.0,108152.0,108152.0,0.0,100000.0,useful_prefetch_coverage;legacy_timeliness
historical_frozen_i1m_h16_s7_state0_mac0,historical,16,i1m,0,0,interval_100k,summer,NOT_EXCEEDS,6800000.0,6700000.0,109758.0,109758.0,109758.0,6700000.0,2,7000000.0,NONLOWER_WITH_TIE,6900000.0,111396.0,111396.0,111396.0,100000.0,200000.0,useful_prefetch_coverage;legacy_timeliness
historical_frozen_i1m_h16_s7_state0_mac0,historical,16,i1m,0,0,interval_100k,summer,NONLOWER_WITH_TIE,7000000.0,6900000.0,113002.0,113002.0,113002.0,6900000.0,2,7200000.0,NOT_EXCEEDS,7100000.0,114601.0,114601.0,114601.0,100000.0,200000.0,useful_prefetch_coverage;legacy_timeliness
historical_frozen_i1m_h16_s7_state0_mac0,historical,16,i1m,0,0,interval_100k,summer,NOT_EXCEEDS,7200000.0,7100000.0,116231.0,116231.0,116231.0,7100000.0,1,7300000.0,NONLOWER_WITH_TIE,7200000.0,116231.0,116231.0,116231.0,0.0,100000.0,useful_prefetch_coverage;legacy_timeliness
historical_frozen_i1m_h16_s7_state0_mac0,historical,16,i1m,0,0,interval_100k,summer,NONLOWER_WITH_TIE,7300000.0,7200000.0,117841.0,117841.0,117841.0,7200000.0,1,7400000.0,NOT_EXCEEDS,7300000.0,117841.0,117841.0,117841.0,0.0,100000.0,useful_prefetch_coverage;legacy_timeliness
historical_frozen_i1m_h16_s7_state0_mac0,historical,16,i1m,0,0,interval_100k,summer,NOT_EXCEEDS,7400000.0,7300000.0,119464.0,119464.0,119464.0,7300000.0,1,7500000.0,NONLOWER_WITH_TIE,7400000.0,119464.0,119464.0,119464.0,0.0,100000.0,useful_prefetch_coverage;legacy_timeliness
historical_frozen_i1m_h16_s7_state0_mac0,historical,16,i1m,0,0,interval_100k,summer,NONLOWER_WITH_TIE,7500000.0,7400000.0,121069.0,121069.0,121069.0,7400000.0,4,7900000.0,NOT_EXCEEDS,7800000.0,125916.0,125916.0,125916.0,300000.0,400000.0,useful_prefetch_coverage;legacy_timeliness
historical_frozen_i1m_h16_s7_state0_mac0,historical,16,i1m,0,0,interval_100k,summer,NOT_EXCEEDS,7900000.0,7800000.0,127533.0,127533.0,127533.0,7800000.0,1,8000000.0,NONLOWER_WITH_TIE,7900000.0,127533.0,127533.0,127533.0,0.0,100000.0,useful_prefetch_coverage;legacy_timeliness
historical_frozen_i1m_h16_s7_state0_mac0,historical,16,i1m,0,0,interval_100k,summer,NONLOWER_WITH_TIE,8000000.0,7900000.0,129134.0,129134.0,129134.0,7900000.0,4,8400000.0,NOT_EXCEEDS,8300000.0,133996.0,133996.0,133996.0,300000.0,400000.0,useful_prefetch_coverage;selected_accuracy;legacy_timeliness
historical_frozen_i1m_h16_s7_state0_mac0,historical,16,i1m,0,0,interval_100k,summer,NOT_EXCEEDS,8400000.0,8300000.0,135601.0,135601.0,135601.0,8300000.0,167,NA,NA,25000000.0,404219.0,404219.0,404219.0,16600000.0,16700000.0,
historical_frozen_i1m_h16_s7_state0_mac0,historical,16,i1m,0,0,interval_100k,stride_and_summer,NOT_EXCEEDS,100000.0,0.0,1626.0,1626.0,1626.0,NA,81,8200000.0,NONLOWER_WITH_TIE,8100000.0,130769.0,130769.0,130769.0,8000000.0,8100000.0,stride:legacy_timeliness;summer:useful_prefetch_coverage;summer:legacy_timeliness
historical_frozen_i1m_h16_s7_state0_mac0,historical,16,i1m,0,0,interval_100k,stride_and_summer,NONLOWER_WITH_TIE,8200000.0,8100000.0,132370.0,132370.0,132370.0,8100000.0,1,8300000.0,NOT_EXCEEDS,8200000.0,132370.0,132370.0,132370.0,0.0,100000.0,stride:selected_accuracy;stride:legacy_timeliness;summer:useful_prefetch_coverage;summer:selected_accuracy;summer:legacy_timeliness
historical_frozen_i1m_h16_s7_state0_mac0,historical,16,i1m,0,0,interval_100k,stride_and_summer,NOT_EXCEEDS,8300000.0,8200000.0,133996.0,133996.0,133996.0,8200000.0,168,NA,NA,25000000.0,404219.0,404219.0,404219.0,16700000.0,16800000.0,
historical_frozen_i1m_h16_s7_state0_mac0,historical,16,i1m,0,0,interval_100k,offline_same_checkpoint,NONLOWER_WITH_TIE,100000.0,0.0,1626.0,1626.0,1626.0,NA,13,1400000.0,NOT_EXCEEDS,1300000.0,20997.0,20997.0,20997.0,1200000.0,1300000.0,useful_prefetch_coverage;selected_accuracy;legacy_timeliness
historical_frozen_i1m_h16_s7_state0_mac0,historical,16,i1m,0,0,interval_100k,offline_same_checkpoint,NOT_EXCEEDS,1400000.0,1300000.0,22603.0,22603.0,22603.0,1300000.0,2,1600000.0,NONLOWER_WITH_TIE,1500000.0,24230.0,24230.0,24230.0,100000.0,200000.0,legacy_timeliness
historical_frozen_i1m_h16_s7_state0_mac0,historical,16,i1m,0,0,interval_100k,offline_same_checkpoint,NONLOWER_WITH_TIE,1600000.0,1500000.0,25833.0,25833.0,25833.0,1500000.0,16,3200000.0,NOT_EXCEEDS,3100000.0,50041.0,50041.0,50041.0,1500000.0,1600000.0,useful_prefetch_coverage;selected_accuracy;legacy_timeliness
historical_frozen_i1m_h16_s7_state0_mac0,historical,16,i1m,0,0,interval_100k,offline_same_checkpoint,NOT_EXCEEDS,3200000.0,3100000.0,51642.0,51642.0,51642.0,3100000.0,1,3300000.0,NONLOWER_WITH_TIE,3200000.0,51642.0,51642.0,51642.0,0.0,100000.0,useful_prefetch_coverage;selected_accuracy;legacy_timeliness
historical_frozen_i1m_h16_s7_state0_mac0,historical,16,i1m,0,0,interval_100k,offline_same_checkpoint,NONLOWER_WITH_TIE,3300000.0,3200000.0,53247.0,53247.0,53247.0,3200000.0,2,3500000.0,NOT_EXCEEDS,3400000.0,54869.0,54869.0,54869.0,100000.0,200000.0,useful_prefetch_coverage;selected_accuracy;legacy_timeliness
historical_frozen_i1m_h16_s7_state0_mac0,historical,16,i1m,0,0,interval_100k,offline_same_checkpoint,NOT_EXCEEDS,3500000.0,3400000.0,56471.0,56471.0,56471.0,3400000.0,1,3600000.0,NONLOWER_WITH_TIE,3500000.0,56471.0,56471.0,56471.0,0.0,100000.0,useful_prefetch_coverage;selected_accuracy;legacy_timeliness
historical_frozen_i1m_h16_s7_state0_mac0,historical,16,i1m,0,0,interval_100k,offline_same_checkpoint,NONLOWER_WITH_TIE,3600000.0,3500000.0,58096.0,58096.0,58096.0,3500000.0,6,4200000.0,NOT_EXCEEDS,4100000.0,66150.0,66150.0,66150.0,500000.0,600000.0,useful_prefetch_coverage;selected_accuracy;legacy_timeliness
historical_frozen_i1m_h16_s7_state0_mac0,historical,16,i1m,0,0,interval_100k,offline_same_checkpoint,NOT_EXCEEDS,4200000.0,4100000.0,67757.0,67757.0,67757.0,4100000.0,1,4300000.0,NONLOWER_WITH_TIE,4200000.0,67757.0,67757.0,67757.0,0.0,100000.0,useful_prefetch_coverage;selected_accuracy;legacy_timeliness
historical_frozen_i1m_h16_s7_state0_mac0,historical,16,i1m,0,0,interval_100k,offline_same_checkpoint,NONLOWER_WITH_TIE,4300000.0,4200000.0,69386.0,69386.0,69386.0,4200000.0,40,8300000.0,NOT_EXCEEDS,8200000.0,132370.0,132370.0,132370.0,3900000.0,4000000.0,useful_prefetch_coverage;selected_accuracy;legacy_timeliness
historical_frozen_i1m_h16_s7_state0_mac0,historical,16,i1m,0,0,interval_100k,offline_same_checkpoint,NOT_EXCEEDS,8300000.0,8200000.0,133996.0,133996.0,133996.0,8200000.0,53,13600000.0,NONLOWER_WITH_TIE,13500000.0,218900.0,218900.0,218900.0,5200000.0,5300000.0,useful_prefetch_coverage;selected_accuracy;legacy_timeliness
historical_frozen_i1m_h16_s7_state0_mac0,historical,16,i1m,0,0,interval_100k,offline_same_checkpoint,NONLOWER_WITH_TIE,13600000.0,13500000.0,220506.0,220506.0,220506.0,13500000.0,31,16700000.0,NOT_EXCEEDS,16600000.0,268845.0,268845.0,268845.0,3000000.0,3100000.0,useful_prefetch_coverage;selected_accuracy;legacy_timeliness
historical_frozen_i1m_h16_s7_state0_mac0,historical,16,i1m,0,0,interval_100k,offline_same_checkpoint,NOT_EXCEEDS,16700000.0,16600000.0,270454.0,270454.0,270454.0,16600000.0,1,16800000.0,NONLOWER_WITH_TIE,16700000.0,270454.0,270454.0,270454.0,0.0,100000.0,useful_prefetch_coverage;selected_accuracy;legacy_timeliness
historical_frozen_i1m_h16_s7_state0_mac0,historical,16,i1m,0,0,interval_100k,offline_same_checkpoint,NONLOWER_WITH_TIE,16800000.0,16700000.0,272075.0,272075.0,272075.0,16700000.0,2,17000000.0,NOT_EXCEEDS,16900000.0,273677.0,273677.0,273677.0,100000.0,200000.0,useful_prefetch_coverage;selected_accuracy;legacy_timeliness
historical_frozen_i1m_h16_s7_state0_mac0,historical,16,i1m,0,0,interval_100k,offline_same_checkpoint,NOT_EXCEEDS,17000000.0,16900000.0,275306.0,275306.0,275306.0,16900000.0,1,17100000.0,NONLOWER_WITH_TIE,17000000.0,275306.0,275306.0,275306.0,0.0,100000.0,useful_prefetch_coverage;selected_accuracy;legacy_timeliness
historical_frozen_i1m_h16_s7_state0_mac0,historical,16,i1m,0,0,interval_100k,offline_same_checkpoint,NONLOWER_WITH_TIE,17100000.0,17000000.0,276911.0,276911.0,276911.0,17000000.0,21,19200000.0,NOT_EXCEEDS,19100000.0,309150.0,309150.0,309150.0,2000000.0,2100000.0,useful_prefetch_coverage;selected_accuracy;legacy_timeliness
historical_frozen_i1m_h16_s7_state0_mac0,historical,16,i1m,0,0,interval_100k,offline_same_checkpoint,NOT_EXCEEDS,19200000.0,19100000.0,310758.0,310758.0,310758.0,19100000.0,1,19300000.0,NONLOWER_WITH_TIE,19200000.0,310758.0,310758.0,310758.0,0.0,100000.0,useful_prefetch_coverage;selected_accuracy;legacy_timeliness
historical_frozen_i1m_h16_s7_state0_mac0,historical,16,i1m,0,0,interval_100k,offline_same_checkpoint,NONLOWER_WITH_TIE,19300000.0,19200000.0,312354.0,312354.0,312354.0,19200000.0,14,20700000.0,NOT_EXCEEDS,20600000.0,333313.0,333313.0,333313.0,1300000.0,1400000.0,useful_prefetch_coverage;selected_accuracy;legacy_timeliness
historical_frozen_i1m_h16_s7_state0_mac0,historical,16,i1m,0,0,interval_100k,offline_same_checkpoint,NOT_EXCEEDS,20700000.0,20600000.0,334911.0,334911.0,334911.0,20600000.0,1,20800000.0,NONLOWER_WITH_TIE,20700000.0,334911.0,334911.0,334911.0,0.0,100000.0,useful_prefetch_coverage;selected_accuracy;legacy_timeliness
historical_frozen_i1m_h16_s7_state0_mac0,historical,16,i1m,0,0,interval_100k,offline_same_checkpoint,NONLOWER_WITH_TIE,20800000.0,20700000.0,336533.0,336533.0,336533.0,20700000.0,2,21000000.0,NOT_EXCEEDS,20900000.0,338136.0,338136.0,338136.0,100000.0,200000.0,useful_prefetch_coverage;selected_accuracy;legacy_timeliness
historical_frozen_i1m_h16_s7_state0_mac0,historical,16,i1m,0,0,interval_100k,offline_same_checkpoint,NOT_EXCEEDS,21000000.0,20900000.0,339766.0,339766.0,339766.0,20900000.0,1,21100000.0,NONLOWER_WITH_TIE,21000000.0,339766.0,339766.0,339766.0,0.0,100000.0,useful_prefetch_coverage;selected_accuracy;legacy_timeliness
historical_frozen_i1m_h16_s7_state0_mac0,historical,16,i1m,0,0,interval_100k,offline_same_checkpoint,NONLOWER_WITH_TIE,21100000.0,21000000.0,341370.0,341370.0,341370.0,21000000.0,1,21200000.0,NOT_EXCEEDS,21100000.0,341370.0,341370.0,341370.0,0.0,100000.0,useful_prefetch_coverage;selected_accuracy;legacy_timeliness
historical_frozen_i1m_h16_s7_state0_mac0,historical,16,i1m,0,0,interval_100k,offline_same_checkpoint,NOT_EXCEEDS,21200000.0,21100000.0,342996.0,342996.0,342996.0,21100000.0,39,NA,NA,25000000.0,404219.0,404219.0,404219.0,3800000.0,3900000.0,
historical_frozen_i1m_h16_s7_state0_mac0,historical,16,i1m,0,0,interval_1m,stride,NOT_EXCEEDS,1000000.0,0.0,16163.0,16163.0,16163.0,NA,25,NA,NA,25000000.0,404219.0,404219.0,404219.0,24000000.0,25000000.0,
historical_frozen_i1m_h16_s7_state0_mac0,historical,16,i1m,0,0,interval_1m,summer,NOT_EXCEEDS,1000000.0,0.0,16163.0,16163.0,16163.0,NA,3,4000000.0,NONLOWER_WITH_TIE,3000000.0,48420.0,48420.0,48420.0,2000000.0,3000000.0,legacy_timeliness
historical_frozen_i1m_h16_s7_state0_mac0,historical,16,i1m,0,0,interval_1m,summer,NONLOWER_WITH_TIE,4000000.0,3000000.0,64520.0,64520.0,64520.0,3000000.0,1,5000000.0,NOT_EXCEEDS,4000000.0,64520.0,64520.0,64520.0,0.0,1000000.0,useful_prefetch_coverage;legacy_timeliness
historical_frozen_i1m_h16_s7_state0_mac0,historical,16,i1m,0,0,interval_1m,summer,NOT_EXCEEDS,5000000.0,4000000.0,80698.0,80698.0,80698.0,4000000.0,21,NA,NA,25000000.0,404219.0,404219.0,404219.0,20000000.0,21000000.0,
historical_frozen_i1m_h16_s7_state0_mac0,historical,16,i1m,0,0,interval_1m,stride_and_summer,NOT_EXCEEDS,1000000.0,0.0,16163.0,16163.0,16163.0,NA,25,NA,NA,25000000.0,404219.0,404219.0,404219.0,24000000.0,25000000.0,
historical_frozen_i1m_h16_s7_state0_mac0,historical,16,i1m,0,0,interval_1m,offline_same_checkpoint,NONLOWER_WITH_TIE,1000000.0,0.0,16163.0,16163.0,16163.0,NA,1,2000000.0,NOT_EXCEEDS,1000000.0,16163.0,16163.0,16163.0,0.0,1000000.0,selected_accuracy
historical_frozen_i1m_h16_s7_state0_mac0,historical,16,i1m,0,0,interval_1m,offline_same_checkpoint,NOT_EXCEEDS,2000000.0,1000000.0,32287.0,32287.0,32287.0,1000000.0,1,3000000.0,NONLOWER_WITH_TIE,2000000.0,32287.0,32287.0,32287.0,0.0,1000000.0,useful_prefetch_coverage;selected_accuracy;legacy_timeliness
historical_frozen_i1m_h16_s7_state0_mac0,historical,16,i1m,0,0,interval_1m,offline_same_checkpoint,NONLOWER_WITH_TIE,3000000.0,2000000.0,48420.0,48420.0,48420.0,2000000.0,1,4000000.0,NOT_EXCEEDS,3000000.0,48420.0,48420.0,48420.0,0.0,1000000.0,useful_prefetch_coverage;selected_accuracy;legacy_timeliness
historical_frozen_i1m_h16_s7_state0_mac0,historical,16,i1m,0,0,interval_1m,offline_same_checkpoint,NOT_EXCEEDS,4000000.0,3000000.0,64520.0,64520.0,64520.0,3000000.0,2,6000000.0,NONLOWER_WITH_TIE,5000000.0,80698.0,80698.0,80698.0,1000000.0,2000000.0,useful_prefetch_coverage;selected_accuracy;legacy_timeliness
historical_frozen_i1m_h16_s7_state0_mac0,historical,16,i1m,0,0,interval_1m,offline_same_checkpoint,NONLOWER_WITH_TIE,6000000.0,5000000.0,96824.0,96824.0,96824.0,5000000.0,3,9000000.0,NOT_EXCEEDS,8000000.0,129134.0,129134.0,129134.0,2000000.0,3000000.0,useful_prefetch_coverage;selected_accuracy;legacy_timeliness
historical_frozen_i1m_h16_s7_state0_mac0,historical,16,i1m,0,0,interval_1m,offline_same_checkpoint,NOT_EXCEEDS,9000000.0,8000000.0,145295.0,145295.0,145295.0,8000000.0,6,15000000.0,NONLOWER_WITH_TIE,14000000.0,226959.0,226959.0,226959.0,5000000.0,6000000.0,useful_prefetch_coverage;selected_accuracy;legacy_timeliness
historical_frozen_i1m_h16_s7_state0_mac0,historical,16,i1m,0,0,interval_1m,offline_same_checkpoint,NONLOWER_WITH_TIE,15000000.0,14000000.0,243054.0,243054.0,243054.0,14000000.0,2,17000000.0,NOT_EXCEEDS,16000000.0,259166.0,259166.0,259166.0,1000000.0,2000000.0,useful_prefetch_coverage;selected_accuracy;legacy_timeliness
historical_frozen_i1m_h16_s7_state0_mac0,historical,16,i1m,0,0,interval_1m,offline_same_checkpoint,NOT_EXCEEDS,17000000.0,16000000.0,275306.0,275306.0,275306.0,16000000.0,1,18000000.0,NONLOWER_WITH_TIE,17000000.0,275306.0,275306.0,275306.0,0.0,1000000.0,useful_prefetch_coverage;selected_accuracy;legacy_timeliness
historical_frozen_i1m_h16_s7_state0_mac0,historical,16,i1m,0,0,interval_1m,offline_same_checkpoint,NONLOWER_WITH_TIE,18000000.0,17000000.0,291428.0,291428.0,291428.0,17000000.0,2,20000000.0,NOT_EXCEEDS,19000000.0,307529.0,307529.0,307529.0,1000000.0,2000000.0,useful_prefetch_coverage;selected_accuracy;legacy_timeliness
historical_frozen_i1m_h16_s7_state0_mac0,historical,16,i1m,0,0,interval_1m,offline_same_checkpoint,NOT_EXCEEDS,20000000.0,19000000.0,323648.0,323648.0,323648.0,19000000.0,6,NA,NA,25000000.0,404219.0,404219.0,404219.0,5000000.0,6000000.0,
historical_frozen_i1m_h8_s7_state0_mac0,historical,8,i1m,0,0,cumulative,stride,NA,1000.0,0,16.0,16.0,16.0,NA,1,10000.0,NONLOWER_WITH_TIE,1000.0,16.0,16.0,16.0,0.0,NA,legacy_timeliness
historical_frozen_i1m_h8_s7_state0_mac0,historical,8,i1m,0,0,cumulative,stride,NONLOWER_WITH_TIE,10000.0,0,158.0,158.0,158.0,1000.0,1,100000.0,NOT_EXCEEDS,10000.0,158.0,158.0,158.0,0.0,NA,selected_accuracy;legacy_timeliness
historical_frozen_i1m_h8_s7_state0_mac0,historical,8,i1m,0,0,cumulative,stride,NOT_EXCEEDS,100000.0,0,1626.0,1626.0,1626.0,10000.0,204,20500000.0,EXCEEDS,20400000.0,330095.0,330095.0,330095.0,20300000.0,NA,
historical_frozen_i1m_h8_s7_state0_mac0,historical,8,i1m,0,0,cumulative,stride,EXCEEDS,20500000.0,0,331714.0,331714.0,331714.0,20400000.0,47,NA,NA,25000003.0,404219.0,404219.0,404219.0,4500003.0,NA,
historical_frozen_i1m_h8_s7_state0_mac0,historical,8,i1m,0,0,cumulative,summer,NOT_EXCEEDS,1000.0,0,16.0,16.0,16.0,NA,184,18300000.0,EXCEEDS,18200000.0,294652.0,294652.0,294652.0,18199000.0,NA,
historical_frozen_i1m_h8_s7_state0_mac0,historical,8,i1m,0,0,cumulative,summer,EXCEEDS,18300000.0,0,296254.0,296254.0,296254.0,18200000.0,69,NA,NA,25000003.0,404219.0,404219.0,404219.0,6700003.0,NA,
historical_frozen_i1m_h8_s7_state0_mac0,historical,8,i1m,0,0,cumulative,stride_and_summer,MISSING_OR_UNDEFINED_REFERENCE,1000.0,0,16.0,16.0,16.0,NA,1,10000.0,NOT_EXCEEDS,1000.0,16.0,16.0,16.0,0.0,NA,stride:legacy_timeliness;summer:useful_prefetch_coverage;summer:selected_accuracy;summer:legacy_timeliness
historical_frozen_i1m_h8_s7_state0_mac0,historical,8,i1m,0,0,cumulative,stride_and_summer,NOT_EXCEEDS,10000.0,0,158.0,158.0,158.0,1000.0,205,20500000.0,EXCEEDS,20400000.0,330095.0,330095.0,330095.0,20390000.0,NA,
historical_frozen_i1m_h8_s7_state0_mac0,historical,8,i1m,0,0,cumulative,stride_and_summer,EXCEEDS,20500000.0,0,331714.0,331714.0,331714.0,20400000.0,47,NA,NA,25000003.0,404219.0,404219.0,404219.0,4500003.0,NA,
historical_frozen_i1m_h8_s7_state0_mac0,historical,8,i1m,0,0,cumulative,offline_same_checkpoint,NONLOWER_WITH_TIE,1000.0,0,16.0,16.0,16.0,NA,15,1400000.0,NOT_EXCEEDS,1300000.0,20997.0,20997.0,20997.0,1299000.0,NA,useful_prefetch_coverage;selected_accuracy;legacy_timeliness
historical_frozen_i1m_h8_s7_state0_mac0,historical,8,i1m,0,0,cumulative,offline_same_checkpoint,NOT_EXCEEDS,1400000.0,0,22603.0,22603.0,22603.0,1300000.0,238,NA,NA,25000003.0,404219.0,404219.0,404219.0,23600003.0,NA,
historical_frozen_i1m_h8_s7_state0_mac0,historical,8,i1m,0,0,interval_100k,stride,NOT_EXCEEDS,100000.0,0.0,1626.0,1626.0,1626.0,NA,81,8200000.0,NONLOWER_WITH_TIE,8100000.0,130769.0,130769.0,130769.0,8000000.0,8100000.0,legacy_timeliness
historical_frozen_i1m_h8_s7_state0_mac0,historical,8,i1m,0,0,interval_100k,stride,NONLOWER_WITH_TIE,8200000.0,8100000.0,132370.0,132370.0,132370.0,8100000.0,1,8300000.0,NOT_EXCEEDS,8200000.0,132370.0,132370.0,132370.0,0.0,100000.0,selected_accuracy;legacy_timeliness
historical_frozen_i1m_h8_s7_state0_mac0,historical,8,i1m,0,0,interval_100k,stride,NOT_EXCEEDS,8300000.0,8200000.0,133996.0,133996.0,133996.0,8200000.0,53,13600000.0,NONLOWER_WITH_TIE,13500000.0,218900.0,218900.0,218900.0,5200000.0,5300000.0,legacy_timeliness
historical_frozen_i1m_h8_s7_state0_mac0,historical,8,i1m,0,0,interval_100k,stride,NONLOWER_WITH_TIE,13600000.0,13500000.0,220506.0,220506.0,220506.0,13500000.0,3,13900000.0,EXCEEDS,13800000.0,223731.0,223731.0,223731.0,200000.0,300000.0,
historical_frozen_i1m_h8_s7_state0_mac0,historical,8,i1m,0,0,interval_100k,stride,EXCEEDS,13900000.0,13800000.0,225328.0,225328.0,225328.0,13800000.0,1,14000000.0,NONLOWER_WITH_TIE,13900000.0,225328.0,225328.0,225328.0,0.0,100000.0,legacy_timeliness
historical_frozen_i1m_h8_s7_state0_mac0,historical,8,i1m,0,0,interval_100k,stride,NONLOWER_WITH_TIE,14000000.0,13900000.0,226959.0,226959.0,226959.0,13900000.0,14,15400000.0,EXCEEDS,15300000.0,247879.0,247879.0,247879.0,1300000.0,1400000.0,
historical_frozen_i1m_h8_s7_state0_mac0,historical,8,i1m,0,0,interval_100k,stride,EXCEEDS,15400000.0,15300000.0,249498.0,249498.0,249498.0,15300000.0,1,15500000.0,NONLOWER_WITH_TIE,15400000.0,249498.0,249498.0,249498.0,0.0,100000.0,legacy_timeliness
historical_frozen_i1m_h8_s7_state0_mac0,historical,8,i1m,0,0,interval_100k,stride,NONLOWER_WITH_TIE,15500000.0,15400000.0,251104.0,251104.0,251104.0,15400000.0,5,16000000.0,EXCEEDS,15900000.0,257565.0,257565.0,257565.0,400000.0,500000.0,
historical_frozen_i1m_h8_s7_state0_mac0,historical,8,i1m,0,0,interval_100k,stride,EXCEEDS,16000000.0,15900000.0,259166.0,259166.0,259166.0,15900000.0,1,16100000.0,NONLOWER_WITH_TIE,16000000.0,259166.0,259166.0,259166.0,0.0,100000.0,legacy_timeliness
historical_frozen_i1m_h8_s7_state0_mac0,historical,8,i1m,0,0,interval_100k,stride,NONLOWER_WITH_TIE,16100000.0,16000000.0,260786.0,260786.0,260786.0,16000000.0,5,16600000.0,EXCEEDS,16500000.0,267224.0,267224.0,267224.0,400000.0,500000.0,
historical_frozen_i1m_h8_s7_state0_mac0,historical,8,i1m,0,0,interval_100k,stride,EXCEEDS,16600000.0,16500000.0,268845.0,268845.0,268845.0,16500000.0,1,16700000.0,NONLOWER_WITH_TIE,16600000.0,268845.0,268845.0,268845.0,0.0,100000.0,legacy_timeliness
historical_frozen_i1m_h8_s7_state0_mac0,historical,8,i1m,0,0,interval_100k,stride,NONLOWER_WITH_TIE,16700000.0,16600000.0,270454.0,270454.0,270454.0,16600000.0,6,17300000.0,EXCEEDS,17200000.0,278510.0,278510.0,278510.0,500000.0,600000.0,
historical_frozen_i1m_h8_s7_state0_mac0,historical,8,i1m,0,0,interval_100k,stride,EXCEEDS,17300000.0,17200000.0,280137.0,280137.0,280137.0,17200000.0,1,17400000.0,NONLOWER_WITH_TIE,17300000.0,280137.0,280137.0,280137.0,0.0,100000.0,legacy_timeliness
historical_frozen_i1m_h8_s7_state0_mac0,historical,8,i1m,0,0,interval_100k,stride,NONLOWER_WITH_TIE,17400000.0,17300000.0,281742.0,281742.0,281742.0,17300000.0,3,17700000.0,EXCEEDS,17600000.0,284974.0,284974.0,284974.0,200000.0,300000.0,
historical_frozen_i1m_h8_s7_state0_mac0,historical,8,i1m,0,0,interval_100k,stride,EXCEEDS,17700000.0,17600000.0,286573.0,286573.0,286573.0,17600000.0,1,17800000.0,NONLOWER_WITH_TIE,17700000.0,286573.0,286573.0,286573.0,0.0,100000.0,legacy_timeliness
historical_frozen_i1m_h8_s7_state0_mac0,historical,8,i1m,0,0,interval_100k,stride,NONLOWER_WITH_TIE,17800000.0,17700000.0,288198.0,288198.0,288198.0,17700000.0,24,20200000.0,EXCEEDS,20100000.0,325272.0,325272.0,325272.0,2300000.0,2400000.0,
historical_frozen_i1m_h8_s7_state0_mac0,historical,8,i1m,0,0,interval_100k,stride,EXCEEDS,20200000.0,20100000.0,326880.0,326880.0,326880.0,20100000.0,2,20400000.0,NONLOWER_WITH_TIE,20300000.0,328499.0,328499.0,328499.0,100000.0,200000.0,legacy_timeliness
historical_frozen_i1m_h8_s7_state0_mac0,historical,8,i1m,0,0,interval_100k,stride,NONLOWER_WITH_TIE,20400000.0,20300000.0,330095.0,330095.0,330095.0,20300000.0,23,22700000.0,EXCEEDS,22600000.0,365548.0,365548.0,365548.0,2200000.0,2300000.0,
historical_frozen_i1m_h8_s7_state0_mac0,historical,8,i1m,0,0,interval_100k,stride,EXCEEDS,22700000.0,22600000.0,367154.0,367154.0,367154.0,22600000.0,1,22800000.0,NONLOWER_WITH_TIE,22700000.0,367154.0,367154.0,367154.0,0.0,100000.0,legacy_timeliness
historical_frozen_i1m_h8_s7_state0_mac0,historical,8,i1m,0,0,interval_100k,stride,NONLOWER_WITH_TIE,22800000.0,22700000.0,368760.0,368760.0,368760.0,22700000.0,1,22900000.0,EXCEEDS,22800000.0,368760.0,368760.0,368760.0,0.0,100000.0,
historical_frozen_i1m_h8_s7_state0_mac0,historical,8,i1m,0,0,interval_100k,stride,EXCEEDS,22900000.0,22800000.0,370379.0,370379.0,370379.0,22800000.0,1,23000000.0,NONLOWER_WITH_TIE,22900000.0,370379.0,370379.0,370379.0,0.0,100000.0,legacy_timeliness
historical_frozen_i1m_h8_s7_state0_mac0,historical,8,i1m,0,0,interval_100k,stride,NONLOWER_WITH_TIE,23000000.0,22900000.0,371982.0,371982.0,371982.0,22900000.0,12,24200000.0,EXCEEDS,24100000.0,389717.0,389717.0,389717.0,1100000.0,1200000.0,
historical_frozen_i1m_h8_s7_state0_mac0,historical,8,i1m,0,0,interval_100k,stride,EXCEEDS,24200000.0,24100000.0,391320.0,391320.0,391320.0,24100000.0,1,24300000.0,NONLOWER_WITH_TIE,24200000.0,391320.0,391320.0,391320.0,0.0,100000.0,legacy_timeliness
historical_frozen_i1m_h8_s7_state0_mac0,historical,8,i1m,0,0,interval_100k,stride,NONLOWER_WITH_TIE,24300000.0,24200000.0,392940.0,392940.0,392940.0,24200000.0,8,NA,NA,25000000.0,404219.0,404219.0,404219.0,700000.0,800000.0,
historical_frozen_i1m_h8_s7_state0_mac0,historical,8,i1m,0,0,interval_100k,summer,NOT_EXCEEDS,100000.0,0.0,1626.0,1626.0,1626.0,NA,136,13700000.0,NONLOWER_WITH_TIE,13600000.0,220506.0,220506.0,220506.0,13500000.0,13600000.0,useful_prefetch_coverage;legacy_timeliness
historical_frozen_i1m_h8_s7_state0_mac0,historical,8,i1m,0,0,interval_100k,summer,NONLOWER_WITH_TIE,13700000.0,13600000.0,222114.0,222114.0,222114.0,13600000.0,1,13800000.0,NOT_EXCEEDS,13700000.0,222114.0,222114.0,222114.0,0.0,100000.0,useful_prefetch_coverage;legacy_timeliness
historical_frozen_i1m_h8_s7_state0_mac0,historical,8,i1m,0,0,interval_100k,summer,NOT_EXCEEDS,13800000.0,13700000.0,223731.0,223731.0,223731.0,13700000.0,2,14000000.0,NONLOWER_WITH_TIE,13900000.0,225328.0,225328.0,225328.0,100000.0,200000.0,legacy_timeliness
historical_frozen_i1m_h8_s7_state0_mac0,historical,8,i1m,0,0,interval_100k,summer,NONLOWER_WITH_TIE,14000000.0,13900000.0,226959.0,226959.0,226959.0,13900000.0,2,14200000.0,NOT_EXCEEDS,14100000.0,228557.0,228557.0,228557.0,100000.0,200000.0,useful_prefetch_coverage;legacy_timeliness
historical_frozen_i1m_h8_s7_state0_mac0,historical,8,i1m,0,0,interval_100k,summer,NOT_EXCEEDS,14200000.0,14100000.0,230143.0,230143.0,230143.0,14100000.0,2,14400000.0,NONLOWER_WITH_TIE,14300000.0,231772.0,231772.0,231772.0,100000.0,200000.0,legacy_timeliness
historical_frozen_i1m_h8_s7_state0_mac0,historical,8,i1m,0,0,interval_100k,summer,NONLOWER_WITH_TIE,14400000.0,14300000.0,233367.0,233367.0,233367.0,14300000.0,1,14500000.0,NOT_EXCEEDS,14400000.0,233367.0,233367.0,233367.0,0.0,100000.0,useful_prefetch_coverage;legacy_timeliness
historical_frozen_i1m_h8_s7_state0_mac0,historical,8,i1m,0,0,interval_100k,summer,NOT_EXCEEDS,14500000.0,14400000.0,234995.0,234995.0,234995.0,14400000.0,1,14600000.0,NONLOWER_WITH_TIE,14500000.0,234995.0,234995.0,234995.0,0.0,100000.0,legacy_timeliness
historical_frozen_i1m_h8_s7_state0_mac0,historical,8,i1m,0,0,interval_100k,summer,NONLOWER_WITH_TIE,14600000.0,14500000.0,236593.0,236593.0,236593.0,14500000.0,6,15200000.0,NOT_EXCEEDS,15100000.0,244658.0,244658.0,244658.0,500000.0,600000.0,useful_prefetch_coverage;legacy_timeliness
historical_frozen_i1m_h8_s7_state0_mac0,historical,8,i1m,0,0,interval_100k,summer,NOT_EXCEEDS,15200000.0,15100000.0,246276.0,246276.0,246276.0,15100000.0,1,15300000.0,NONLOWER_WITH_TIE,15200000.0,246276.0,246276.0,246276.0,0.0,100000.0,legacy_timeliness
historical_frozen_i1m_h8_s7_state0_mac0,historical,8,i1m,0,0,interval_100k,summer,NONLOWER_WITH_TIE,15300000.0,15200000.0,247879.0,247879.0,247879.0,15200000.0,8,16100000.0,NOT_EXCEEDS,16000000.0,259166.0,259166.0,259166.0,700000.0,800000.0,useful_prefetch_coverage
historical_frozen_i1m_h8_s7_state0_mac0,historical,8,i1m,0,0,interval_100k,summer,NOT_EXCEEDS,16100000.0,16000000.0,260786.0,260786.0,260786.0,16000000.0,3,16400000.0,NONLOWER_WITH_TIE,16300000.0,264019.0,264019.0,264019.0,200000.0,300000.0,useful_prefetch_coverage;legacy_timeliness
historical_frozen_i1m_h8_s7_state0_mac0,historical,8,i1m,0,0,interval_100k,summer,NONLOWER_WITH_TIE,16400000.0,16300000.0,265618.0,265618.0,265618.0,16300000.0,1,16500000.0,NOT_EXCEEDS,16400000.0,265618.0,265618.0,265618.0,0.0,100000.0,useful_prefetch_coverage;legacy_timeliness
historical_frozen_i1m_h8_s7_state0_mac0,historical,8,i1m,0,0,interval_100k,summer,NOT_EXCEEDS,16500000.0,16400000.0,267224.0,267224.0,267224.0,16400000.0,8,17300000.0,NONLOWER_WITH_TIE,17200000.0,278510.0,278510.0,278510.0,700000.0,800000.0,legacy_timeliness
historical_frozen_i1m_h8_s7_state0_mac0,historical,8,i1m,0,0,interval_100k,summer,NONLOWER_WITH_TIE,17300000.0,17200000.0,280137.0,280137.0,280137.0,17200000.0,9,18200000.0,NOT_EXCEEDS,18100000.0,293026.0,293026.0,293026.0,800000.0,900000.0,useful_prefetch_coverage;legacy_timeliness
historical_frozen_i1m_h8_s7_state0_mac0,historical,8,i1m,0,0,interval_100k,summer,NOT_EXCEEDS,18200000.0,18100000.0,294652.0,294652.0,294652.0,18100000.0,5,18700000.0,NONLOWER_WITH_TIE,18600000.0,301080.0,301080.0,301080.0,400000.0,500000.0,legacy_timeliness
historical_frozen_i1m_h8_s7_state0_mac0,historical,8,i1m,0,0,interval_100k,summer,NONLOWER_WITH_TIE,18700000.0,18600000.0,302702.0,302702.0,302702.0,18600000.0,9,19600000.0,EXCEEDS,19500000.0,315582.0,315582.0,315582.0,800000.0,900000.0,
historical_frozen_i1m_h8_s7_state0_mac0,historical,8,i1m,0,0,interval_100k,summer,EXCEEDS,19600000.0,19500000.0,317207.0,317207.0,317207.0,19500000.0,1,19700000.0,NONLOWER_WITH_TIE,19600000.0,317207.0,317207.0,317207.0,0.0,100000.0,legacy_timeliness
historical_frozen_i1m_h8_s7_state0_mac0,historical,8,i1m,0,0,interval_100k,summer,NONLOWER_WITH_TIE,19700000.0,19600000.0,318811.0,318811.0,318811.0,19600000.0,5,20200000.0,NOT_EXCEEDS,20100000.0,325272.0,325272.0,325272.0,400000.0,500000.0,useful_prefetch_coverage;legacy_timeliness
historical_frozen_i1m_h8_s7_state0_mac0,historical,8,i1m,0,0,interval_100k,summer,NOT_EXCEEDS,20200000.0,20100000.0,326880.0,326880.0,326880.0,20100000.0,1,20300000.0,NONLOWER_WITH_TIE,20200000.0,326880.0,326880.0,326880.0,0.0,100000.0,useful_prefetch_coverage;legacy_timeliness
historical_frozen_i1m_h8_s7_state0_mac0,historical,8,i1m,0,0,interval_100k,summer,NONLOWER_WITH_TIE,20300000.0,20200000.0,328499.0,328499.0,328499.0,20200000.0,4,20700000.0,NOT_EXCEEDS,20600000.0,333313.0,333313.0,333313.0,300000.0,400000.0,useful_prefetch_coverage;legacy_timeliness
historical_frozen_i1m_h8_s7_state0_mac0,historical,8,i1m,0,0,interval_100k,summer,NOT_EXCEEDS,20700000.0,20600000.0,334911.0,334911.0,334911.0,20600000.0,1,20800000.0,NONLOWER_WITH_TIE,20700000.0,334911.0,334911.0,334911.0,0.0,100000.0,legacy_timeliness
historical_frozen_i1m_h8_s7_state0_mac0,historical,8,i1m,0,0,interval_100k,summer,NONLOWER_WITH_TIE,20800000.0,20700000.0,336533.0,336533.0,336533.0,20700000.0,1,20900000.0,NOT_EXCEEDS,20800000.0,336533.0,336533.0,336533.0,0.0,100000.0,useful_prefetch_coverage;legacy_timeliness
historical_frozen_i1m_h8_s7_state0_mac0,historical,8,i1m,0,0,interval_100k,summer,NOT_EXCEEDS,20900000.0,20800000.0,338136.0,338136.0,338136.0,20800000.0,4,21300000.0,NONLOWER_WITH_TIE,21200000.0,342996.0,342996.0,342996.0,300000.0,400000.0,useful_prefetch_coverage;legacy_timeliness
historical_frozen_i1m_h8_s7_state0_mac0,historical,8,i1m,0,0,interval_100k,summer,NONLOWER_WITH_TIE,21300000.0,21200000.0,344591.0,344591.0,344591.0,21200000.0,1,21400000.0,NOT_EXCEEDS,21300000.0,344591.0,344591.0,344591.0,0.0,100000.0,useful_prefetch_coverage;legacy_timeliness
historical_frozen_i1m_h8_s7_state0_mac0,historical,8,i1m,0,0,interval_100k,summer,NOT_EXCEEDS,21400000.0,21300000.0,346190.0,346190.0,346190.0,21300000.0,1,21500000.0,NONLOWER_WITH_TIE,21400000.0,346190.0,346190.0,346190.0,0.0,100000.0,useful_prefetch_coverage;legacy_timeliness
historical_frozen_i1m_h8_s7_state0_mac0,historical,8,i1m,0,0,interval_100k,summer,NONLOWER_WITH_TIE,21500000.0,21400000.0,347803.0,347803.0,347803.0,21400000.0,3,21800000.0,NOT_EXCEEDS,21700000.0,351028.0,351028.0,351028.0,200000.0,300000.0,useful_prefetch_coverage;legacy_timeliness
historical_frozen_i1m_h8_s7_state0_mac0,historical,8,i1m,0,0,interval_100k,summer,NOT_EXCEEDS,21800000.0,21700000.0,352632.0,352632.0,352632.0,21700000.0,1,21900000.0,NONLOWER_WITH_TIE,21800000.0,352632.0,352632.0,352632.0,0.0,100000.0,legacy_timeliness
historical_frozen_i1m_h8_s7_state0_mac0,historical,8,i1m,0,0,interval_100k,summer,NONLOWER_WITH_TIE,21900000.0,21800000.0,354255.0,354255.0,354255.0,21800000.0,3,22200000.0,NOT_EXCEEDS,22100000.0,357454.0,357454.0,357454.0,200000.0,300000.0,useful_prefetch_coverage;legacy_timeliness
historical_frozen_i1m_h8_s7_state0_mac0,historical,8,i1m,0,0,interval_100k,summer,NOT_EXCEEDS,22200000.0,22100000.0,359087.0,359087.0,359087.0,22100000.0,1,22300000.0,NONLOWER_WITH_TIE,22200000.0,359087.0,359087.0,359087.0,0.0,100000.0,legacy_timeliness
historical_frozen_i1m_h8_s7_state0_mac0,historical,8,i1m,0,0,interval_100k,summer,NONLOWER_WITH_TIE,22300000.0,22200000.0,360690.0,360690.0,360690.0,22200000.0,4,22700000.0,NOT_EXCEEDS,22600000.0,365548.0,365548.0,365548.0,300000.0,400000.0,useful_prefetch_coverage;legacy_timeliness
historical_frozen_i1m_h8_s7_state0_mac0,historical,8,i1m,0,0,interval_100k,summer,NOT_EXCEEDS,22700000.0,22600000.0,367154.0,367154.0,367154.0,22600000.0,1,22800000.0,NONLOWER_WITH_TIE,22700000.0,367154.0,367154.0,367154.0,0.0,100000.0,legacy_timeliness
historical_frozen_i1m_h8_s7_state0_mac0,historical,8,i1m,0,0,interval_100k,summer,NONLOWER_WITH_TIE,22800000.0,22700000.0,368760.0,368760.0,368760.0,22700000.0,6,23400000.0,NOT_EXCEEDS,23300000.0,376836.0,376836.0,376836.0,500000.0,600000.0,selected_accuracy;legacy_timeliness
historical_frozen_i1m_h8_s7_state0_mac0,historical,8,i1m,0,0,interval_100k,summer,NOT_EXCEEDS,23400000.0,23300000.0,378434.0,378434.0,378434.0,23300000.0,1,23500000.0,NONLOWER_WITH_TIE,23400000.0,378434.0,378434.0,378434.0,0.0,100000.0,legacy_timeliness
historical_frozen_i1m_h8_s7_state0_mac0,historical,8,i1m,0,0,interval_100k,summer,NONLOWER_WITH_TIE,23500000.0,23400000.0,380035.0,380035.0,380035.0,23400000.0,3,23800000.0,NOT_EXCEEDS,23700000.0,383262.0,383262.0,383262.0,200000.0,300000.0,useful_prefetch_coverage;legacy_timeliness
historical_frozen_i1m_h8_s7_state0_mac0,historical,8,i1m,0,0,interval_100k,summer,NOT_EXCEEDS,23800000.0,23700000.0,384888.0,384888.0,384888.0,23700000.0,1,23900000.0,NONLOWER_WITH_TIE,23800000.0,384888.0,384888.0,384888.0,0.0,100000.0,legacy_timeliness
historical_frozen_i1m_h8_s7_state0_mac0,historical,8,i1m,0,0,interval_100k,summer,NONLOWER_WITH_TIE,23900000.0,23800000.0,386493.0,386493.0,386493.0,23800000.0,2,24100000.0,NOT_EXCEEDS,24000000.0,388112.0,388112.0,388112.0,100000.0,200000.0,selected_accuracy;legacy_timeliness
historical_frozen_i1m_h8_s7_state0_mac0,historical,8,i1m,0,0,interval_100k,summer,NOT_EXCEEDS,24100000.0,24000000.0,389717.0,389717.0,389717.0,24000000.0,1,24200000.0,NONLOWER_WITH_TIE,24100000.0,389717.0,389717.0,389717.0,0.0,100000.0,legacy_timeliness
historical_frozen_i1m_h8_s7_state0_mac0,historical,8,i1m,0,0,interval_100k,summer,NONLOWER_WITH_TIE,24200000.0,24100000.0,391320.0,391320.0,391320.0,24100000.0,3,24500000.0,NOT_EXCEEDS,24400000.0,394543.0,394543.0,394543.0,200000.0,300000.0,selected_accuracy
historical_frozen_i1m_h8_s7_state0_mac0,historical,8,i1m,0,0,interval_100k,summer,NOT_EXCEEDS,24500000.0,24400000.0,396163.0,396163.0,396163.0,24400000.0,1,24600000.0,NONLOWER_WITH_TIE,24500000.0,396163.0,396163.0,396163.0,0.0,100000.0,legacy_timeliness
historical_frozen_i1m_h8_s7_state0_mac0,historical,8,i1m,0,0,interval_100k,summer,NONLOWER_WITH_TIE,24600000.0,24500000.0,397768.0,397768.0,397768.0,24500000.0,5,NA,NA,25000000.0,404219.0,404219.0,404219.0,400000.0,500000.0,
historical_frozen_i1m_h8_s7_state0_mac0,historical,8,i1m,0,0,interval_100k,stride_and_summer,NOT_EXCEEDS,100000.0,0.0,1626.0,1626.0,1626.0,NA,136,13700000.0,NONLOWER_WITH_TIE,13600000.0,220506.0,220506.0,220506.0,13500000.0,13600000.0,stride:legacy_timeliness;summer:useful_prefetch_coverage;summer:legacy_timeliness
historical_frozen_i1m_h8_s7_state0_mac0,historical,8,i1m,0,0,interval_100k,stride_and_summer,NONLOWER_WITH_TIE,13700000.0,13600000.0,222114.0,222114.0,222114.0,13600000.0,1,13800000.0,NOT_EXCEEDS,13700000.0,222114.0,222114.0,222114.0,0.0,100000.0,stride:legacy_timeliness;summer:useful_prefetch_coverage;summer:legacy_timeliness
historical_frozen_i1m_h8_s7_state0_mac0,historical,8,i1m,0,0,interval_100k,stride_and_summer,NOT_EXCEEDS,13800000.0,13700000.0,223731.0,223731.0,223731.0,13700000.0,2,14000000.0,NONLOWER_WITH_TIE,13900000.0,225328.0,225328.0,225328.0,100000.0,200000.0,stride:legacy_timeliness;summer:legacy_timeliness
historical_frozen_i1m_h8_s7_state0_mac0,historical,8,i1m,0,0,interval_100k,stride_and_summer,NONLOWER_WITH_TIE,14000000.0,13900000.0,226959.0,226959.0,226959.0,13900000.0,2,14200000.0,NOT_EXCEEDS,14100000.0,228557.0,228557.0,228557.0,100000.0,200000.0,stride:legacy_timeliness;summer:useful_prefetch_coverage;summer:legacy_timeliness
historical_frozen_i1m_h8_s7_state0_mac0,historical,8,i1m,0,0,interval_100k,stride_and_summer,NOT_EXCEEDS,14200000.0,14100000.0,230143.0,230143.0,230143.0,14100000.0,2,14400000.0,NONLOWER_WITH_TIE,14300000.0,231772.0,231772.0,231772.0,100000.0,200000.0,stride:legacy_timeliness;summer:legacy_timeliness
historical_frozen_i1m_h8_s7_state0_mac0,historical,8,i1m,0,0,interval_100k,stride_and_summer,NONLOWER_WITH_TIE,14400000.0,14300000.0,233367.0,233367.0,233367.0,14300000.0,1,14500000.0,NOT_EXCEEDS,14400000.0,233367.0,233367.0,233367.0,0.0,100000.0,stride:legacy_timeliness;summer:useful_prefetch_coverage;summer:legacy_timeliness
historical_frozen_i1m_h8_s7_state0_mac0,historical,8,i1m,0,0,interval_100k,stride_and_summer,NOT_EXCEEDS,14500000.0,14400000.0,234995.0,234995.0,234995.0,14400000.0,1,14600000.0,NONLOWER_WITH_TIE,14500000.0,234995.0,234995.0,234995.0,0.0,100000.0,stride:legacy_timeliness;summer:legacy_timeliness
historical_frozen_i1m_h8_s7_state0_mac0,historical,8,i1m,0,0,interval_100k,stride_and_summer,NONLOWER_WITH_TIE,14600000.0,14500000.0,236593.0,236593.0,236593.0,14500000.0,6,15200000.0,NOT_EXCEEDS,15100000.0,244658.0,244658.0,244658.0,500000.0,600000.0,stride:legacy_timeliness;summer:useful_prefetch_coverage;summer:legacy_timeliness
historical_frozen_i1m_h8_s7_state0_mac0,historical,8,i1m,0,0,interval_100k,stride_and_summer,NOT_EXCEEDS,15200000.0,15100000.0,246276.0,246276.0,246276.0,15100000.0,1,15300000.0,NONLOWER_WITH_TIE,15200000.0,246276.0,246276.0,246276.0,0.0,100000.0,stride:legacy_timeliness;summer:legacy_timeliness
historical_frozen_i1m_h8_s7_state0_mac0,historical,8,i1m,0,0,interval_100k,stride_and_summer,NONLOWER_WITH_TIE,15300000.0,15200000.0,247879.0,247879.0,247879.0,15200000.0,8,16100000.0,NOT_EXCEEDS,16000000.0,259166.0,259166.0,259166.0,700000.0,800000.0,stride:legacy_timeliness;summer:useful_prefetch_coverage
historical_frozen_i1m_h8_s7_state0_mac0,historical,8,i1m,0,0,interval_100k,stride_and_summer,NOT_EXCEEDS,16100000.0,16000000.0,260786.0,260786.0,260786.0,16000000.0,3,16400000.0,NONLOWER_WITH_TIE,16300000.0,264019.0,264019.0,264019.0,200000.0,300000.0,stride:legacy_timeliness;summer:useful_prefetch_coverage;summer:legacy_timeliness
historical_frozen_i1m_h8_s7_state0_mac0,historical,8,i1m,0,0,interval_100k,stride_and_summer,NONLOWER_WITH_TIE,16400000.0,16300000.0,265618.0,265618.0,265618.0,16300000.0,1,16500000.0,NOT_EXCEEDS,16400000.0,265618.0,265618.0,265618.0,0.0,100000.0,stride:legacy_timeliness;summer:useful_prefetch_coverage;summer:legacy_timeliness
historical_frozen_i1m_h8_s7_state0_mac0,historical,8,i1m,0,0,interval_100k,stride_and_summer,NOT_EXCEEDS,16500000.0,16400000.0,267224.0,267224.0,267224.0,16400000.0,8,17300000.0,NONLOWER_WITH_TIE,17200000.0,278510.0,278510.0,278510.0,700000.0,800000.0,summer:legacy_timeliness
historical_frozen_i1m_h8_s7_state0_mac0,historical,8,i1m,0,0,interval_100k,stride_and_summer,NONLOWER_WITH_TIE,17300000.0,17200000.0,280137.0,280137.0,280137.0,17200000.0,9,18200000.0,NOT_EXCEEDS,18100000.0,293026.0,293026.0,293026.0,800000.0,900000.0,stride:legacy_timeliness;summer:useful_prefetch_coverage;summer:legacy_timeliness
historical_frozen_i1m_h8_s7_state0_mac0,historical,8,i1m,0,0,interval_100k,stride_and_summer,NOT_EXCEEDS,18200000.0,18100000.0,294652.0,294652.0,294652.0,18100000.0,5,18700000.0,NONLOWER_WITH_TIE,18600000.0,301080.0,301080.0,301080.0,400000.0,500000.0,stride:legacy_timeliness;summer:legacy_timeliness
historical_frozen_i1m_h8_s7_state0_mac0,historical,8,i1m,0,0,interval_100k,stride_and_summer,NONLOWER_WITH_TIE,18700000.0,18600000.0,302702.0,302702.0,302702.0,18600000.0,15,20200000.0,NOT_EXCEEDS,20100000.0,325272.0,325272.0,325272.0,1400000.0,1500000.0,summer:useful_prefetch_coverage;summer:legacy_timeliness
historical_frozen_i1m_h8_s7_state0_mac0,historical,8,i1m,0,0,interval_100k,stride_and_summer,NOT_EXCEEDS,20200000.0,20100000.0,326880.0,326880.0,326880.0,20100000.0,1,20300000.0,NONLOWER_WITH_TIE,20200000.0,326880.0,326880.0,326880.0,0.0,100000.0,summer:useful_prefetch_coverage;summer:legacy_timeliness
historical_frozen_i1m_h8_s7_state0_mac0,historical,8,i1m,0,0,interval_100k,stride_and_summer,NONLOWER_WITH_TIE,20300000.0,20200000.0,328499.0,328499.0,328499.0,20200000.0,4,20700000.0,NOT_EXCEEDS,20600000.0,333313.0,333313.0,333313.0,300000.0,400000.0,stride:legacy_timeliness;summer:useful_prefetch_coverage;summer:legacy_timeliness
historical_frozen_i1m_h8_s7_state0_mac0,historical,8,i1m,0,0,interval_100k,stride_and_summer,NOT_EXCEEDS,20700000.0,20600000.0,334911.0,334911.0,334911.0,20600000.0,1,20800000.0,NONLOWER_WITH_TIE,20700000.0,334911.0,334911.0,334911.0,0.0,100000.0,stride:legacy_timeliness;summer:legacy_timeliness
historical_frozen_i1m_h8_s7_state0_mac0,historical,8,i1m,0,0,interval_100k,stride_and_summer,NONLOWER_WITH_TIE,20800000.0,20700000.0,336533.0,336533.0,336533.0,20700000.0,1,20900000.0,NOT_EXCEEDS,20800000.0,336533.0,336533.0,336533.0,0.0,100000.0,stride:legacy_timeliness;summer:useful_prefetch_coverage;summer:legacy_timeliness
historical_frozen_i1m_h8_s7_state0_mac0,historical,8,i1m,0,0,interval_100k,stride_and_summer,NOT_EXCEEDS,20900000.0,20800000.0,338136.0,338136.0,338136.0,20800000.0,4,21300000.0,NONLOWER_WITH_TIE,21200000.0,342996.0,342996.0,342996.0,300000.0,400000.0,stride:legacy_timeliness;summer:useful_prefetch_coverage;summer:legacy_timeliness
historical_frozen_i1m_h8_s7_state0_mac0,historical,8,i1m,0,0,interval_100k,stride_and_summer,NONLOWER_WITH_TIE,21300000.0,21200000.0,344591.0,344591.0,344591.0,21200000.0,1,21400000.0,NOT_EXCEEDS,21300000.0,344591.0,344591.0,344591.0,0.0,100000.0,stride:legacy_timeliness;summer:useful_prefetch_coverage;summer:legacy_timeliness
historical_frozen_i1m_h8_s7_state0_mac0,historical,8,i1m,0,0,interval_100k,stride_and_summer,NOT_EXCEEDS,21400000.0,21300000.0,346190.0,346190.0,346190.0,21300000.0,1,21500000.0,NONLOWER_WITH_TIE,21400000.0,346190.0,346190.0,346190.0,0.0,100000.0,stride:legacy_timeliness;summer:useful_prefetch_coverage;summer:legacy_timeliness
historical_frozen_i1m_h8_s7_state0_mac0,historical,8,i1m,0,0,interval_100k,stride_and_summer,NONLOWER_WITH_TIE,21500000.0,21400000.0,347803.0,347803.0,347803.0,21400000.0,3,21800000.0,NOT_EXCEEDS,21700000.0,351028.0,351028.0,351028.0,200000.0,300000.0,stride:legacy_timeliness;summer:useful_prefetch_coverage;summer:legacy_timeliness
historical_frozen_i1m_h8_s7_state0_mac0,historical,8,i1m,0,0,interval_100k,stride_and_summer,NOT_EXCEEDS,21800000.0,21700000.0,352632.0,352632.0,352632.0,21700000.0,1,21900000.0,NONLOWER_WITH_TIE,21800000.0,352632.0,352632.0,352632.0,0.0,100000.0,stride:legacy_timeliness;summer:legacy_timeliness
historical_frozen_i1m_h8_s7_state0_mac0,historical,8,i1m,0,0,interval_100k,stride_and_summer,NONLOWER_WITH_TIE,21900000.0,21800000.0,354255.0,354255.0,354255.0,21800000.0,3,22200000.0,NOT_EXCEEDS,22100000.0,357454.0,357454.0,357454.0,200000.0,300000.0,stride:legacy_timeliness;summer:useful_prefetch_coverage;summer:legacy_timeliness
historical_frozen_i1m_h8_s7_state0_mac0,historical,8,i1m,0,0,interval_100k,stride_and_summer,NOT_EXCEEDS,22200000.0,22100000.0,359087.0,359087.0,359087.0,22100000.0,1,22300000.0,NONLOWER_WITH_TIE,22200000.0,359087.0,359087.0,359087.0,0.0,100000.0,stride:legacy_timeliness;summer:legacy_timeliness
historical_frozen_i1m_h8_s7_state0_mac0,historical,8,i1m,0,0,interval_100k,stride_and_summer,NONLOWER_WITH_TIE,22300000.0,22200000.0,360690.0,360690.0,360690.0,22200000.0,4,22700000.0,NOT_EXCEEDS,22600000.0,365548.0,365548.0,365548.0,300000.0,400000.0,summer:useful_prefetch_coverage;summer:legacy_timeliness
historical_frozen_i1m_h8_s7_state0_mac0,historical,8,i1m,0,0,interval_100k,stride_and_summer,NOT_EXCEEDS,22700000.0,22600000.0,367154.0,367154.0,367154.0,22600000.0,1,22800000.0,NONLOWER_WITH_TIE,22700000.0,367154.0,367154.0,367154.0,0.0,100000.0,stride:legacy_timeliness;summer:legacy_timeliness
historical_frozen_i1m_h8_s7_state0_mac0,historical,8,i1m,0,0,interval_100k,stride_and_summer,NONLOWER_WITH_TIE,22800000.0,22700000.0,368760.0,368760.0,368760.0,22700000.0,6,23400000.0,NOT_EXCEEDS,23300000.0,376836.0,376836.0,376836.0,500000.0,600000.0,stride:legacy_timeliness;summer:selected_accuracy;summer:legacy_timeliness
historical_frozen_i1m_h8_s7_state0_mac0,historical,8,i1m,0,0,interval_100k,stride_and_summer,NOT_EXCEEDS,23400000.0,23300000.0,378434.0,378434.0,378434.0,23300000.0,1,23500000.0,NONLOWER_WITH_TIE,23400000.0,378434.0,378434.0,378434.0,0.0,100000.0,stride:legacy_timeliness;summer:legacy_timeliness
historical_frozen_i1m_h8_s7_state0_mac0,historical,8,i1m,0,0,interval_100k,stride_and_summer,NONLOWER_WITH_TIE,23500000.0,23400000.0,380035.0,380035.0,380035.0,23400000.0,3,23800000.0,NOT_EXCEEDS,23700000.0,383262.0,383262.0,383262.0,200000.0,300000.0,stride:legacy_timeliness;summer:useful_prefetch_coverage;summer:legacy_timeliness
historical_frozen_i1m_h8_s7_state0_mac0,historical,8,i1m,0,0,interval_100k,stride_and_summer,NOT_EXCEEDS,23800000.0,23700000.0,384888.0,384888.0,384888.0,23700000.0,1,23900000.0,NONLOWER_WITH_TIE,23800000.0,384888.0,384888.0,384888.0,0.0,100000.0,stride:legacy_timeliness;summer:legacy_timeliness
historical_frozen_i1m_h8_s7_state0_mac0,historical,8,i1m,0,0,interval_100k,stride_and_summer,NONLOWER_WITH_TIE,23900000.0,23800000.0,386493.0,386493.0,386493.0,23800000.0,2,24100000.0,NOT_EXCEEDS,24000000.0,388112.0,388112.0,388112.0,100000.0,200000.0,stride:legacy_timeliness;summer:selected_accuracy;summer:legacy_timeliness
historical_frozen_i1m_h8_s7_state0_mac0,historical,8,i1m,0,0,interval_100k,stride_and_summer,NOT_EXCEEDS,24100000.0,24000000.0,389717.0,389717.0,389717.0,24000000.0,1,24200000.0,NONLOWER_WITH_TIE,24100000.0,389717.0,389717.0,389717.0,0.0,100000.0,summer:legacy_timeliness
historical_frozen_i1m_h8_s7_state0_mac0,historical,8,i1m,0,0,interval_100k,stride_and_summer,NONLOWER_WITH_TIE,24200000.0,24100000.0,391320.0,391320.0,391320.0,24100000.0,3,24500000.0,NOT_EXCEEDS,24400000.0,394543.0,394543.0,394543.0,200000.0,300000.0,stride:legacy_timeliness;summer:selected_accuracy
historical_frozen_i1m_h8_s7_state0_mac0,historical,8,i1m,0,0,interval_100k,stride_and_summer,NOT_EXCEEDS,24500000.0,24400000.0,396163.0,396163.0,396163.0,24400000.0,1,24600000.0,NONLOWER_WITH_TIE,24500000.0,396163.0,396163.0,396163.0,0.0,100000.0,stride:legacy_timeliness;summer:legacy_timeliness
historical_frozen_i1m_h8_s7_state0_mac0,historical,8,i1m,0,0,interval_100k,stride_and_summer,NONLOWER_WITH_TIE,24600000.0,24500000.0,397768.0,397768.0,397768.0,24500000.0,5,NA,NA,25000000.0,404219.0,404219.0,404219.0,400000.0,500000.0,
historical_frozen_i1m_h8_s7_state0_mac0,historical,8,i1m,0,0,interval_100k,offline_same_checkpoint,NONLOWER_WITH_TIE,100000.0,0.0,1626.0,1626.0,1626.0,NA,13,1400000.0,NOT_EXCEEDS,1300000.0,20997.0,20997.0,20997.0,1200000.0,1300000.0,useful_prefetch_coverage;selected_accuracy;legacy_timeliness
historical_frozen_i1m_h8_s7_state0_mac0,historical,8,i1m,0,0,interval_100k,offline_same_checkpoint,NOT_EXCEEDS,1400000.0,1300000.0,22603.0,22603.0,22603.0,1300000.0,2,1600000.0,NONLOWER_WITH_TIE,1500000.0,24230.0,24230.0,24230.0,100000.0,200000.0,legacy_timeliness
historical_frozen_i1m_h8_s7_state0_mac0,historical,8,i1m,0,0,interval_100k,offline_same_checkpoint,NONLOWER_WITH_TIE,1600000.0,1500000.0,25833.0,25833.0,25833.0,1500000.0,16,3200000.0,NOT_EXCEEDS,3100000.0,50041.0,50041.0,50041.0,1500000.0,1600000.0,useful_prefetch_coverage;selected_accuracy;legacy_timeliness
historical_frozen_i1m_h8_s7_state0_mac0,historical,8,i1m,0,0,interval_100k,offline_same_checkpoint,NOT_EXCEEDS,3200000.0,3100000.0,51642.0,51642.0,51642.0,3100000.0,1,3300000.0,NONLOWER_WITH_TIE,3200000.0,51642.0,51642.0,51642.0,0.0,100000.0,useful_prefetch_coverage;selected_accuracy;legacy_timeliness
historical_frozen_i1m_h8_s7_state0_mac0,historical,8,i1m,0,0,interval_100k,offline_same_checkpoint,NONLOWER_WITH_TIE,3300000.0,3200000.0,53247.0,53247.0,53247.0,3200000.0,2,3500000.0,NOT_EXCEEDS,3400000.0,54869.0,54869.0,54869.0,100000.0,200000.0,useful_prefetch_coverage;selected_accuracy;legacy_timeliness
historical_frozen_i1m_h8_s7_state0_mac0,historical,8,i1m,0,0,interval_100k,offline_same_checkpoint,NOT_EXCEEDS,3500000.0,3400000.0,56471.0,56471.0,56471.0,3400000.0,1,3600000.0,NONLOWER_WITH_TIE,3500000.0,56471.0,56471.0,56471.0,0.0,100000.0,useful_prefetch_coverage;selected_accuracy;legacy_timeliness
historical_frozen_i1m_h8_s7_state0_mac0,historical,8,i1m,0,0,interval_100k,offline_same_checkpoint,NONLOWER_WITH_TIE,3600000.0,3500000.0,58096.0,58096.0,58096.0,3500000.0,6,4200000.0,NOT_EXCEEDS,4100000.0,66150.0,66150.0,66150.0,500000.0,600000.0,useful_prefetch_coverage;selected_accuracy;legacy_timeliness
historical_frozen_i1m_h8_s7_state0_mac0,historical,8,i1m,0,0,interval_100k,offline_same_checkpoint,NOT_EXCEEDS,4200000.0,4100000.0,67757.0,67757.0,67757.0,4100000.0,1,4300000.0,NONLOWER_WITH_TIE,4200000.0,67757.0,67757.0,67757.0,0.0,100000.0,useful_prefetch_coverage;selected_accuracy;legacy_timeliness
historical_frozen_i1m_h8_s7_state0_mac0,historical,8,i1m,0,0,interval_100k,offline_same_checkpoint,NONLOWER_WITH_TIE,4300000.0,4200000.0,69386.0,69386.0,69386.0,4200000.0,40,8300000.0,NOT_EXCEEDS,8200000.0,132370.0,132370.0,132370.0,3900000.0,4000000.0,useful_prefetch_coverage;selected_accuracy;legacy_timeliness
historical_frozen_i1m_h8_s7_state0_mac0,historical,8,i1m,0,0,interval_100k,offline_same_checkpoint,NOT_EXCEEDS,8300000.0,8200000.0,133996.0,133996.0,133996.0,8200000.0,53,13600000.0,NONLOWER_WITH_TIE,13500000.0,218900.0,218900.0,218900.0,5200000.0,5300000.0,useful_prefetch_coverage;legacy_timeliness
historical_frozen_i1m_h8_s7_state0_mac0,historical,8,i1m,0,0,interval_100k,offline_same_checkpoint,NONLOWER_WITH_TIE,13600000.0,13500000.0,220506.0,220506.0,220506.0,13500000.0,1,13700000.0,NOT_EXCEEDS,13600000.0,220506.0,220506.0,220506.0,0.0,100000.0,useful_prefetch_coverage;selected_accuracy;legacy_timeliness
historical_frozen_i1m_h8_s7_state0_mac0,historical,8,i1m,0,0,interval_100k,offline_same_checkpoint,NOT_EXCEEDS,13700000.0,13600000.0,222114.0,222114.0,222114.0,13600000.0,1,13800000.0,NONLOWER_WITH_TIE,13700000.0,222114.0,222114.0,222114.0,0.0,100000.0,useful_prefetch_coverage;legacy_timeliness
historical_frozen_i1m_h8_s7_state0_mac0,historical,8,i1m,0,0,interval_100k,offline_same_checkpoint,NONLOWER_WITH_TIE,13800000.0,13700000.0,223731.0,223731.0,223731.0,13700000.0,1,13900000.0,NOT_EXCEEDS,13800000.0,223731.0,223731.0,223731.0,0.0,100000.0,useful_prefetch_coverage;selected_accuracy;legacy_timeliness
historical_frozen_i1m_h8_s7_state0_mac0,historical,8,i1m,0,0,interval_100k,offline_same_checkpoint,NOT_EXCEEDS,13900000.0,13800000.0,225328.0,225328.0,225328.0,13800000.0,2,14100000.0,NONLOWER_WITH_TIE,14000000.0,226959.0,226959.0,226959.0,100000.0,200000.0,useful_prefetch_coverage;legacy_timeliness
historical_frozen_i1m_h8_s7_state0_mac0,historical,8,i1m,0,0,interval_100k,offline_same_checkpoint,NONLOWER_WITH_TIE,14100000.0,14000000.0,228557.0,228557.0,228557.0,14000000.0,2,14300000.0,NOT_EXCEEDS,14200000.0,230143.0,230143.0,230143.0,100000.0,200000.0,useful_prefetch_coverage;selected_accuracy;legacy_timeliness
historical_frozen_i1m_h8_s7_state0_mac0,historical,8,i1m,0,0,interval_100k,offline_same_checkpoint,NOT_EXCEEDS,14300000.0,14200000.0,231772.0,231772.0,231772.0,14200000.0,2,14500000.0,NONLOWER_WITH_TIE,14400000.0,233367.0,233367.0,233367.0,100000.0,200000.0,useful_prefetch_coverage;selected_accuracy;legacy_timeliness
historical_frozen_i1m_h8_s7_state0_mac0,historical,8,i1m,0,0,interval_100k,offline_same_checkpoint,NONLOWER_WITH_TIE,14500000.0,14400000.0,234995.0,234995.0,234995.0,14400000.0,1,14600000.0,NOT_EXCEEDS,14500000.0,234995.0,234995.0,234995.0,0.0,100000.0,useful_prefetch_coverage;selected_accuracy;legacy_timeliness
historical_frozen_i1m_h8_s7_state0_mac0,historical,8,i1m,0,0,interval_100k,offline_same_checkpoint,NOT_EXCEEDS,14600000.0,14500000.0,236593.0,236593.0,236593.0,14500000.0,1,14700000.0,NONLOWER_WITH_TIE,14600000.0,236593.0,236593.0,236593.0,0.0,100000.0,useful_prefetch_coverage;legacy_timeliness
historical_frozen_i1m_h8_s7_state0_mac0,historical,8,i1m,0,0,interval_100k,offline_same_checkpoint,NONLOWER_WITH_TIE,14700000.0,14600000.0,238221.0,238221.0,238221.0,14600000.0,1,14800000.0,NOT_EXCEEDS,14700000.0,238221.0,238221.0,238221.0,0.0,100000.0,useful_prefetch_coverage;selected_accuracy;legacy_timeliness
historical_frozen_i1m_h8_s7_state0_mac0,historical,8,i1m,0,0,interval_100k,offline_same_checkpoint,NOT_EXCEEDS,14800000.0,14700000.0,239826.0,239826.0,239826.0,14700000.0,1,14900000.0,NONLOWER_WITH_TIE,14800000.0,239826.0,239826.0,239826.0,0.0,100000.0,useful_prefetch_coverage;selected_accuracy;legacy_timeliness
historical_frozen_i1m_h8_s7_state0_mac0,historical,8,i1m,0,0,interval_100k,offline_same_checkpoint,NONLOWER_WITH_TIE,14900000.0,14800000.0,241427.0,241427.0,241427.0,14800000.0,8,15700000.0,NOT_EXCEEDS,15600000.0,252707.0,252707.0,252707.0,700000.0,800000.0,useful_prefetch_coverage;selected_accuracy;legacy_timeliness
historical_frozen_i1m_h8_s7_state0_mac0,historical,8,i1m,0,0,interval_100k,offline_same_checkpoint,NOT_EXCEEDS,15700000.0,15600000.0,254332.0,254332.0,254332.0,15600000.0,2,15900000.0,NONLOWER_WITH_TIE,15800000.0,255936.0,255936.0,255936.0,100000.0,200000.0,useful_prefetch_coverage;legacy_timeliness
historical_frozen_i1m_h8_s7_state0_mac0,historical,8,i1m,0,0,interval_100k,offline_same_checkpoint,NONLOWER_WITH_TIE,15900000.0,15800000.0,257565.0,257565.0,257565.0,15800000.0,3,16200000.0,NOT_EXCEEDS,16100000.0,260786.0,260786.0,260786.0,200000.0,300000.0,useful_prefetch_coverage;selected_accuracy;legacy_timeliness
historical_frozen_i1m_h8_s7_state0_mac0,historical,8,i1m,0,0,interval_100k,offline_same_checkpoint,NOT_EXCEEDS,16200000.0,16100000.0,262389.0,262389.0,262389.0,16100000.0,1,16300000.0,NONLOWER_WITH_TIE,16200000.0,262389.0,262389.0,262389.0,0.0,100000.0,useful_prefetch_coverage;legacy_timeliness
historical_frozen_i1m_h8_s7_state0_mac0,historical,8,i1m,0,0,interval_100k,offline_same_checkpoint,NONLOWER_WITH_TIE,16300000.0,16200000.0,264019.0,264019.0,264019.0,16200000.0,9,17200000.0,NOT_EXCEEDS,17100000.0,276911.0,276911.0,276911.0,800000.0,900000.0,useful_prefetch_coverage;selected_accuracy;legacy_timeliness
historical_frozen_i1m_h8_s7_state0_mac0,historical,8,i1m,0,0,interval_100k,offline_same_checkpoint,NOT_EXCEEDS,17200000.0,17100000.0,278510.0,278510.0,278510.0,17100000.0,1,17300000.0,NONLOWER_WITH_TIE,17200000.0,278510.0,278510.0,278510.0,0.0,100000.0,useful_prefetch_coverage;legacy_timeliness
historical_frozen_i1m_h8_s7_state0_mac0,historical,8,i1m,0,0,interval_100k,offline_same_checkpoint,NONLOWER_WITH_TIE,17300000.0,17200000.0,280137.0,280137.0,280137.0,17200000.0,1,17400000.0,NOT_EXCEEDS,17300000.0,280137.0,280137.0,280137.0,0.0,100000.0,useful_prefetch_coverage;selected_accuracy;legacy_timeliness
historical_frozen_i1m_h8_s7_state0_mac0,historical,8,i1m,0,0,interval_100k,offline_same_checkpoint,NOT_EXCEEDS,17400000.0,17300000.0,281742.0,281742.0,281742.0,17300000.0,1,17500000.0,NONLOWER_WITH_TIE,17400000.0,281742.0,281742.0,281742.0,0.0,100000.0,useful_prefetch_coverage;legacy_timeliness
historical_frozen_i1m_h8_s7_state0_mac0,historical,8,i1m,0,0,interval_100k,offline_same_checkpoint,NONLOWER_WITH_TIE,17500000.0,17400000.0,283367.0,283367.0,283367.0,17400000.0,2,17700000.0,NOT_EXCEEDS,17600000.0,284974.0,284974.0,284974.0,100000.0,200000.0,useful_prefetch_coverage;selected_accuracy;legacy_timeliness
historical_frozen_i1m_h8_s7_state0_mac0,historical,8,i1m,0,0,interval_100k,offline_same_checkpoint,NOT_EXCEEDS,17700000.0,17600000.0,286573.0,286573.0,286573.0,17600000.0,3,18000000.0,NONLOWER_WITH_TIE,17900000.0,289804.0,289804.0,289804.0,200000.0,300000.0,useful_prefetch_coverage;legacy_timeliness
historical_frozen_i1m_h8_s7_state0_mac0,historical,8,i1m,0,0,interval_100k,offline_same_checkpoint,NONLOWER_WITH_TIE,18000000.0,17900000.0,291428.0,291428.0,291428.0,17900000.0,6,18600000.0,NOT_EXCEEDS,18500000.0,299480.0,299480.0,299480.0,500000.0,600000.0,useful_prefetch_coverage;selected_accuracy;legacy_timeliness
historical_frozen_i1m_h8_s7_state0_mac0,historical,8,i1m,0,0,interval_100k,offline_same_checkpoint,NOT_EXCEEDS,18600000.0,18500000.0,301080.0,301080.0,301080.0,18500000.0,1,18700000.0,NONLOWER_WITH_TIE,18600000.0,301080.0,301080.0,301080.0,0.0,100000.0,useful_prefetch_coverage;selected_accuracy;legacy_timeliness
historical_frozen_i1m_h8_s7_state0_mac0,historical,8,i1m,0,0,interval_100k,offline_same_checkpoint,NONLOWER_WITH_TIE,18700000.0,18600000.0,302702.0,302702.0,302702.0,18600000.0,3,19000000.0,NOT_EXCEEDS,18900000.0,305929.0,305929.0,305929.0,200000.0,300000.0,useful_prefetch_coverage;selected_accuracy;legacy_timeliness
historical_frozen_i1m_h8_s7_state0_mac0,historical,8,i1m,0,0,interval_100k,offline_same_checkpoint,NOT_EXCEEDS,19000000.0,18900000.0,307529.0,307529.0,307529.0,18900000.0,2,19200000.0,NONLOWER_WITH_TIE,19100000.0,309150.0,309150.0,309150.0,100000.0,200000.0,useful_prefetch_coverage;legacy_timeliness
historical_frozen_i1m_h8_s7_state0_mac0,historical,8,i1m,0,0,interval_100k,offline_same_checkpoint,NONLOWER_WITH_TIE,19200000.0,19100000.0,310758.0,310758.0,310758.0,19100000.0,7,19900000.0,NOT_EXCEEDS,19800000.0,320437.0,320437.0,320437.0,600000.0,700000.0,useful_prefetch_coverage;selected_accuracy;legacy_timeliness
historical_frozen_i1m_h8_s7_state0_mac0,historical,8,i1m,0,0,interval_100k,offline_same_checkpoint,NOT_EXCEEDS,19900000.0,19800000.0,322044.0,322044.0,322044.0,19800000.0,1,20000000.0,NONLOWER_WITH_TIE,19900000.0,322044.0,322044.0,322044.0,0.0,100000.0,useful_prefetch_coverage;legacy_timeliness
historical_frozen_i1m_h8_s7_state0_mac0,historical,8,i1m,0,0,interval_100k,offline_same_checkpoint,NONLOWER_WITH_TIE,20000000.0,19900000.0,323648.0,323648.0,323648.0,19900000.0,4,20400000.0,NOT_EXCEEDS,20300000.0,328499.0,328499.0,328499.0,300000.0,400000.0,useful_prefetch_coverage;selected_accuracy;legacy_timeliness
historical_frozen_i1m_h8_s7_state0_mac0,historical,8,i1m,0,0,interval_100k,offline_same_checkpoint,NOT_EXCEEDS,20400000.0,20300000.0,330095.0,330095.0,330095.0,20300000.0,4,20800000.0,NONLOWER_WITH_TIE,20700000.0,334911.0,334911.0,334911.0,300000.0,400000.0,useful_prefetch_coverage;legacy_timeliness
historical_frozen_i1m_h8_s7_state0_mac0,historical,8,i1m,0,0,interval_100k,offline_same_checkpoint,NONLOWER_WITH_TIE,20800000.0,20700000.0,336533.0,336533.0,336533.0,20700000.0,4,21200000.0,NOT_EXCEEDS,21100000.0,341370.0,341370.0,341370.0,300000.0,400000.0,useful_prefetch_coverage;selected_accuracy;legacy_timeliness
historical_frozen_i1m_h8_s7_state0_mac0,historical,8,i1m,0,0,interval_100k,offline_same_checkpoint,NOT_EXCEEDS,21200000.0,21100000.0,342996.0,342996.0,342996.0,21100000.0,1,21300000.0,NONLOWER_WITH_TIE,21200000.0,342996.0,342996.0,342996.0,0.0,100000.0,useful_prefetch_coverage;legacy_timeliness
historical_frozen_i1m_h8_s7_state0_mac0,historical,8,i1m,0,0,interval_100k,offline_same_checkpoint,NONLOWER_WITH_TIE,21300000.0,21200000.0,344591.0,344591.0,344591.0,21200000.0,2,21500000.0,NOT_EXCEEDS,21400000.0,346190.0,346190.0,346190.0,100000.0,200000.0,useful_prefetch_coverage;selected_accuracy;legacy_timeliness
historical_frozen_i1m_h8_s7_state0_mac0,historical,8,i1m,0,0,interval_100k,offline_same_checkpoint,NOT_EXCEEDS,21500000.0,21400000.0,347803.0,347803.0,347803.0,21400000.0,1,21600000.0,NONLOWER_WITH_TIE,21500000.0,347803.0,347803.0,347803.0,0.0,100000.0,useful_prefetch_coverage;selected_accuracy;legacy_timeliness
historical_frozen_i1m_h8_s7_state0_mac0,historical,8,i1m,0,0,interval_100k,offline_same_checkpoint,NONLOWER_WITH_TIE,21600000.0,21500000.0,349399.0,349399.0,349399.0,21500000.0,1,21700000.0,NOT_EXCEEDS,21600000.0,349399.0,349399.0,349399.0,0.0,100000.0,useful_prefetch_coverage;selected_accuracy;legacy_timeliness
historical_frozen_i1m_h8_s7_state0_mac0,historical,8,i1m,0,0,interval_100k,offline_same_checkpoint,NOT_EXCEEDS,21700000.0,21600000.0,351028.0,351028.0,351028.0,21600000.0,34,NA,NA,25000000.0,404219.0,404219.0,404219.0,3300000.0,3400000.0,
historical_frozen_i1m_h8_s7_state0_mac0,historical,8,i1m,0,0,interval_1m,stride,NOT_EXCEEDS,1000000.0,0.0,16163.0,16163.0,16163.0,NA,13,14000000.0,EXCEEDS,13000000.0,210500.0,210500.0,210500.0,12000000.0,13000000.0,
historical_frozen_i1m_h8_s7_state0_mac0,historical,8,i1m,0,0,interval_1m,stride,EXCEEDS,14000000.0,13000000.0,226959.0,226959.0,226959.0,13000000.0,1,15000000.0,NONLOWER_WITH_TIE,14000000.0,226959.0,226959.0,226959.0,0.0,1000000.0,legacy_timeliness
historical_frozen_i1m_h8_s7_state0_mac0,historical,8,i1m,0,0,interval_1m,stride,NONLOWER_WITH_TIE,15000000.0,14000000.0,243054.0,243054.0,243054.0,14000000.0,1,16000000.0,EXCEEDS,15000000.0,243054.0,243054.0,243054.0,0.0,1000000.0,
historical_frozen_i1m_h8_s7_state0_mac0,historical,8,i1m,0,0,interval_1m,stride,EXCEEDS,16000000.0,15000000.0,259166.0,259166.0,259166.0,15000000.0,3,19000000.0,NONLOWER_WITH_TIE,18000000.0,291428.0,291428.0,291428.0,2000000.0,3000000.0,legacy_timeliness
historical_frozen_i1m_h8_s7_state0_mac0,historical,8,i1m,0,0,interval_1m,stride,NONLOWER_WITH_TIE,19000000.0,18000000.0,307529.0,307529.0,307529.0,18000000.0,2,21000000.0,EXCEEDS,20000000.0,323648.0,323648.0,323648.0,1000000.0,2000000.0,
historical_frozen_i1m_h8_s7_state0_mac0,historical,8,i1m,0,0,interval_1m,stride,EXCEEDS,21000000.0,20000000.0,339766.0,339766.0,339766.0,20000000.0,1,22000000.0,NONLOWER_WITH_TIE,21000000.0,339766.0,339766.0,339766.0,0.0,1000000.0,legacy_timeliness
historical_frozen_i1m_h8_s7_state0_mac0,historical,8,i1m,0,0,interval_1m,stride,NONLOWER_WITH_TIE,22000000.0,21000000.0,355851.0,355851.0,355851.0,21000000.0,1,23000000.0,EXCEEDS,22000000.0,355851.0,355851.0,355851.0,0.0,1000000.0,
historical_frozen_i1m_h8_s7_state0_mac0,historical,8,i1m,0,0,interval_1m,stride,EXCEEDS,23000000.0,22000000.0,371982.0,371982.0,371982.0,22000000.0,1,24000000.0,NONLOWER_WITH_TIE,23000000.0,371982.0,371982.0,371982.0,0.0,1000000.0,legacy_timeliness
historical_frozen_i1m_h8_s7_state0_mac0,historical,8,i1m,0,0,interval_1m,stride,NONLOWER_WITH_TIE,24000000.0,23000000.0,388112.0,388112.0,388112.0,23000000.0,1,25000000.0,EXCEEDS,24000000.0,388112.0,388112.0,388112.0,0.0,1000000.0,
historical_frozen_i1m_h8_s7_state0_mac0,historical,8,i1m,0,0,interval_1m,stride,EXCEEDS,25000000.0,24000000.0,404219.0,404219.0,404219.0,24000000.0,1,NA,NA,25000000.0,404219.0,404219.0,404219.0,0.0,1000000.0,
historical_frozen_i1m_h8_s7_state0_mac0,historical,8,i1m,0,0,interval_1m,summer,NOT_EXCEEDS,1000000.0,0.0,16163.0,16163.0,16163.0,NA,14,15000000.0,NONLOWER_WITH_TIE,14000000.0,226959.0,226959.0,226959.0,13000000.0,14000000.0,useful_prefetch_coverage;legacy_timeliness
historical_frozen_i1m_h8_s7_state0_mac0,historical,8,i1m,0,0,interval_1m,summer,NONLOWER_WITH_TIE,15000000.0,14000000.0,243054.0,243054.0,243054.0,14000000.0,2,17000000.0,NOT_EXCEEDS,16000000.0,259166.0,259166.0,259166.0,1000000.0,2000000.0,useful_prefetch_coverage
historical_frozen_i1m_h8_s7_state0_mac0,historical,8,i1m,0,0,interval_1m,summer,NOT_EXCEEDS,17000000.0,16000000.0,275306.0,275306.0,275306.0,16000000.0,1,18000000.0,NONLOWER_WITH_TIE,17000000.0,275306.0,275306.0,275306.0,0.0,1000000.0,legacy_timeliness
historical_frozen_i1m_h8_s7_state0_mac0,historical,8,i1m,0,0,interval_1m,summer,NONLOWER_WITH_TIE,18000000.0,17000000.0,291428.0,291428.0,291428.0,17000000.0,2,20000000.0,EXCEEDS,19000000.0,307529.0,307529.0,307529.0,1000000.0,2000000.0,
historical_frozen_i1m_h8_s7_state0_mac0,historical,8,i1m,0,0,interval_1m,summer,EXCEEDS,20000000.0,19000000.0,323648.0,323648.0,323648.0,19000000.0,1,21000000.0,NOT_EXCEEDS,20000000.0,323648.0,323648.0,323648.0,0.0,1000000.0,useful_prefetch_coverage;legacy_timeliness
historical_frozen_i1m_h8_s7_state0_mac0,historical,8,i1m,0,0,interval_1m,summer,NOT_EXCEEDS,21000000.0,20000000.0,339766.0,339766.0,339766.0,20000000.0,2,23000000.0,NONLOWER_WITH_TIE,22000000.0,355851.0,355851.0,355851.0,1000000.0,2000000.0,legacy_timeliness
historical_frozen_i1m_h8_s7_state0_mac0,historical,8,i1m,0,0,interval_1m,summer,NONLOWER_WITH_TIE,23000000.0,22000000.0,371982.0,371982.0,371982.0,22000000.0,2,25000000.0,EXCEEDS,24000000.0,388112.0,388112.0,388112.0,1000000.0,2000000.0,
historical_frozen_i1m_h8_s7_state0_mac0,historical,8,i1m,0,0,interval_1m,summer,EXCEEDS,25000000.0,24000000.0,404219.0,404219.0,404219.0,24000000.0,1,NA,NA,25000000.0,404219.0,404219.0,404219.0,0.0,1000000.0,
historical_frozen_i1m_h8_s7_state0_mac0,historical,8,i1m,0,0,interval_1m,stride_and_summer,NOT_EXCEEDS,1000000.0,0.0,16163.0,16163.0,16163.0,NA,14,15000000.0,NONLOWER_WITH_TIE,14000000.0,226959.0,226959.0,226959.0,13000000.0,14000000.0,stride:legacy_timeliness;summer:useful_prefetch_coverage;summer:legacy_timeliness
historical_frozen_i1m_h8_s7_state0_mac0,historical,8,i1m,0,0,interval_1m,stride_and_summer,NONLOWER_WITH_TIE,15000000.0,14000000.0,243054.0,243054.0,243054.0,14000000.0,2,17000000.0,NOT_EXCEEDS,16000000.0,259166.0,259166.0,259166.0,1000000.0,2000000.0,summer:useful_prefetch_coverage
historical_frozen_i1m_h8_s7_state0_mac0,historical,8,i1m,0,0,interval_1m,stride_and_summer,NOT_EXCEEDS,17000000.0,16000000.0,275306.0,275306.0,275306.0,16000000.0,1,18000000.0,NONLOWER_WITH_TIE,17000000.0,275306.0,275306.0,275306.0,0.0,1000000.0,summer:legacy_timeliness
historical_frozen_i1m_h8_s7_state0_mac0,historical,8,i1m,0,0,interval_1m,stride_and_summer,NONLOWER_WITH_TIE,18000000.0,17000000.0,291428.0,291428.0,291428.0,17000000.0,3,21000000.0,NOT_EXCEEDS,20000000.0,323648.0,323648.0,323648.0,2000000.0,3000000.0,summer:useful_prefetch_coverage;summer:legacy_timeliness
historical_frozen_i1m_h8_s7_state0_mac0,historical,8,i1m,0,0,interval_1m,stride_and_summer,NOT_EXCEEDS,21000000.0,20000000.0,339766.0,339766.0,339766.0,20000000.0,2,23000000.0,NONLOWER_WITH_TIE,22000000.0,355851.0,355851.0,355851.0,1000000.0,2000000.0,summer:legacy_timeliness
historical_frozen_i1m_h8_s7_state0_mac0,historical,8,i1m,0,0,interval_1m,stride_and_summer,NONLOWER_WITH_TIE,23000000.0,22000000.0,371982.0,371982.0,371982.0,22000000.0,2,25000000.0,EXCEEDS,24000000.0,388112.0,388112.0,388112.0,1000000.0,2000000.0,
historical_frozen_i1m_h8_s7_state0_mac0,historical,8,i1m,0,0,interval_1m,stride_and_summer,EXCEEDS,25000000.0,24000000.0,404219.0,404219.0,404219.0,24000000.0,1,NA,NA,25000000.0,404219.0,404219.0,404219.0,0.0,1000000.0,
historical_frozen_i1m_h8_s7_state0_mac0,historical,8,i1m,0,0,interval_1m,offline_same_checkpoint,NONLOWER_WITH_TIE,1000000.0,0.0,16163.0,16163.0,16163.0,NA,1,2000000.0,NOT_EXCEEDS,1000000.0,16163.0,16163.0,16163.0,0.0,1000000.0,selected_accuracy;legacy_timeliness
historical_frozen_i1m_h8_s7_state0_mac0,historical,8,i1m,0,0,interval_1m,offline_same_checkpoint,NOT_EXCEEDS,2000000.0,1000000.0,32287.0,32287.0,32287.0,1000000.0,1,3000000.0,NONLOWER_WITH_TIE,2000000.0,32287.0,32287.0,32287.0,0.0,1000000.0,useful_prefetch_coverage;selected_accuracy;legacy_timeliness
historical_frozen_i1m_h8_s7_state0_mac0,historical,8,i1m,0,0,interval_1m,offline_same_checkpoint,NONLOWER_WITH_TIE,3000000.0,2000000.0,48420.0,48420.0,48420.0,2000000.0,1,4000000.0,NOT_EXCEEDS,3000000.0,48420.0,48420.0,48420.0,0.0,1000000.0,useful_prefetch_coverage;selected_accuracy;legacy_timeliness
historical_frozen_i1m_h8_s7_state0_mac0,historical,8,i1m,0,0,interval_1m,offline_same_checkpoint,NOT_EXCEEDS,4000000.0,3000000.0,64520.0,64520.0,64520.0,3000000.0,2,6000000.0,NONLOWER_WITH_TIE,5000000.0,80698.0,80698.0,80698.0,1000000.0,2000000.0,useful_prefetch_coverage;selected_accuracy;legacy_timeliness
historical_frozen_i1m_h8_s7_state0_mac0,historical,8,i1m,0,0,interval_1m,offline_same_checkpoint,NONLOWER_WITH_TIE,6000000.0,5000000.0,96824.0,96824.0,96824.0,5000000.0,3,9000000.0,NOT_EXCEEDS,8000000.0,129134.0,129134.0,129134.0,2000000.0,3000000.0,useful_prefetch_coverage;selected_accuracy;legacy_timeliness
historical_frozen_i1m_h8_s7_state0_mac0,historical,8,i1m,0,0,interval_1m,offline_same_checkpoint,NOT_EXCEEDS,9000000.0,8000000.0,145295.0,145295.0,145295.0,8000000.0,7,16000000.0,NONLOWER_WITH_TIE,15000000.0,243054.0,243054.0,243054.0,6000000.0,7000000.0,useful_prefetch_coverage;legacy_timeliness
historical_frozen_i1m_h8_s7_state0_mac0,historical,8,i1m,0,0,interval_1m,offline_same_checkpoint,NONLOWER_WITH_TIE,16000000.0,15000000.0,259166.0,259166.0,259166.0,15000000.0,6,22000000.0,NOT_EXCEEDS,21000000.0,339766.0,339766.0,339766.0,5000000.0,6000000.0,useful_prefetch_coverage;selected_accuracy;legacy_timeliness
historical_frozen_i1m_h8_s7_state0_mac0,historical,8,i1m,0,0,interval_1m,offline_same_checkpoint,NOT_EXCEEDS,22000000.0,21000000.0,355851.0,355851.0,355851.0,21000000.0,4,NA,NA,25000000.0,404219.0,404219.0,404219.0,3000000.0,4000000.0,
historical_frozen_i20m_h16_s7_state0_mac0,historical,16,i20m,0,0,cumulative,stride,NA,1000.0,0,16.0,16.0,16.0,NA,1,10000.0,NONLOWER_WITH_TIE,1000.0,16.0,16.0,16.0,0.0,NA,legacy_timeliness
historical_frozen_i20m_h16_s7_state0_mac0,historical,16,i20m,0,0,cumulative,stride,NONLOWER_WITH_TIE,10000.0,0,158.0,158.0,158.0,1000.0,1,100000.0,NOT_EXCEEDS,10000.0,158.0,158.0,158.0,0.0,NA,selected_accuracy;legacy_timeliness
historical_frozen_i20m_h16_s7_state0_mac0,historical,16,i20m,0,0,cumulative,stride,NOT_EXCEEDS,100000.0,0,1626.0,1626.0,1626.0,10000.0,251,NA,NA,25000003.0,404219.0,404219.0,404219.0,24900003.0,NA,
historical_frozen_i20m_h16_s7_state0_mac0,historical,16,i20m,0,0,cumulative,summer,NONLOWER_WITH_TIE,1000.0,0,16.0,16.0,16.0,NA,3,200000.0,NOT_EXCEEDS,100000.0,1626.0,1626.0,1626.0,99000.0,NA,useful_prefetch_coverage;selected_accuracy;legacy_timeliness
historical_frozen_i20m_h16_s7_state0_mac0,historical,16,i20m,0,0,cumulative,summer,NOT_EXCEEDS,200000.0,0,3234.0,3234.0,3234.0,100000.0,250,NA,NA,25000003.0,404219.0,404219.0,404219.0,24800003.0,NA,
historical_frozen_i20m_h16_s7_state0_mac0,historical,16,i20m,0,0,cumulative,stride_and_summer,MISSING_OR_UNDEFINED_REFERENCE,1000.0,0,16.0,16.0,16.0,NA,1,10000.0,NONLOWER_WITH_TIE,1000.0,16.0,16.0,16.0,0.0,NA,stride:legacy_timeliness;summer:useful_prefetch_coverage;summer:legacy_timeliness
historical_frozen_i20m_h16_s7_state0_mac0,historical,16,i20m,0,0,cumulative,stride_and_summer,NONLOWER_WITH_TIE,10000.0,0,158.0,158.0,158.0,1000.0,1,100000.0,NOT_EXCEEDS,10000.0,158.0,158.0,158.0,0.0,NA,stride:selected_accuracy;stride:legacy_timeliness;summer:useful_prefetch_coverage;summer:selected_accuracy;summer:legacy_timeliness
historical_frozen_i20m_h16_s7_state0_mac0,historical,16,i20m,0,0,cumulative,stride_and_summer,NOT_EXCEEDS,100000.0,0,1626.0,1626.0,1626.0,10000.0,251,NA,NA,25000003.0,404219.0,404219.0,404219.0,24900003.0,NA,
historical_frozen_i20m_h16_s7_state0_mac0,historical,16,i20m,0,0,cumulative,offline_same_checkpoint,NONLOWER_WITH_TIE,1000.0,0,16.0,16.0,16.0,NA,3,200000.0,NOT_EXCEEDS,100000.0,1626.0,1626.0,1626.0,99000.0,NA,useful_prefetch_coverage;selected_accuracy;legacy_timeliness
historical_frozen_i20m_h16_s7_state0_mac0,historical,16,i20m,0,0,cumulative,offline_same_checkpoint,NOT_EXCEEDS,200000.0,0,3234.0,3234.0,3234.0,100000.0,250,NA,NA,25000003.0,404219.0,404219.0,404219.0,24800003.0,NA,
historical_frozen_i20m_h16_s7_state0_mac0,historical,16,i20m,0,0,interval_100k,stride,NOT_EXCEEDS,100000.0,0.0,1626.0,1626.0,1626.0,NA,81,8200000.0,NONLOWER_WITH_TIE,8100000.0,130769.0,130769.0,130769.0,8000000.0,8100000.0,legacy_timeliness
historical_frozen_i20m_h16_s7_state0_mac0,historical,16,i20m,0,0,interval_100k,stride,NONLOWER_WITH_TIE,8200000.0,8100000.0,132370.0,132370.0,132370.0,8100000.0,1,8300000.0,NOT_EXCEEDS,8200000.0,132370.0,132370.0,132370.0,0.0,100000.0,selected_accuracy;legacy_timeliness
historical_frozen_i20m_h16_s7_state0_mac0,historical,16,i20m,0,0,interval_100k,stride,NOT_EXCEEDS,8300000.0,8200000.0,133996.0,133996.0,133996.0,8200000.0,53,13600000.0,NONLOWER_WITH_TIE,13500000.0,218900.0,218900.0,218900.0,5200000.0,5300000.0,legacy_timeliness
historical_frozen_i20m_h16_s7_state0_mac0,historical,16,i20m,0,0,interval_100k,stride,NONLOWER_WITH_TIE,13600000.0,13500000.0,220506.0,220506.0,220506.0,13500000.0,3,13900000.0,EXCEEDS,13800000.0,223731.0,223731.0,223731.0,200000.0,300000.0,
historical_frozen_i20m_h16_s7_state0_mac0,historical,16,i20m,0,0,interval_100k,stride,EXCEEDS,13900000.0,13800000.0,225328.0,225328.0,225328.0,13800000.0,1,14000000.0,NONLOWER_WITH_TIE,13900000.0,225328.0,225328.0,225328.0,0.0,100000.0,legacy_timeliness
historical_frozen_i20m_h16_s7_state0_mac0,historical,16,i20m,0,0,interval_100k,stride,NONLOWER_WITH_TIE,14000000.0,13900000.0,226959.0,226959.0,226959.0,13900000.0,7,14700000.0,NOT_EXCEEDS,14600000.0,236593.0,236593.0,236593.0,600000.0,700000.0,selected_accuracy;legacy_timeliness
historical_frozen_i20m_h16_s7_state0_mac0,historical,16,i20m,0,0,interval_100k,stride,NOT_EXCEEDS,14700000.0,14600000.0,238221.0,238221.0,238221.0,14600000.0,1,14800000.0,NONLOWER_WITH_TIE,14700000.0,238221.0,238221.0,238221.0,0.0,100000.0,legacy_timeliness
historical_frozen_i20m_h16_s7_state0_mac0,historical,16,i20m,0,0,interval_100k,stride,NONLOWER_WITH_TIE,14800000.0,14700000.0,239826.0,239826.0,239826.0,14700000.0,1,14900000.0,NOT_EXCEEDS,14800000.0,239826.0,239826.0,239826.0,0.0,100000.0,selected_accuracy;legacy_timeliness
historical_frozen_i20m_h16_s7_state0_mac0,historical,16,i20m,0,0,interval_100k,stride,NOT_EXCEEDS,14900000.0,14800000.0,241427.0,241427.0,241427.0,14800000.0,1,15000000.0,NONLOWER_WITH_TIE,14900000.0,241427.0,241427.0,241427.0,0.0,100000.0,legacy_timeliness
historical_frozen_i20m_h16_s7_state0_mac0,historical,16,i20m,0,0,interval_100k,stride,NONLOWER_WITH_TIE,15000000.0,14900000.0,243054.0,243054.0,243054.0,14900000.0,4,15400000.0,EXCEEDS,15300000.0,247879.0,247879.0,247879.0,300000.0,400000.0,
historical_frozen_i20m_h16_s7_state0_mac0,historical,16,i20m,0,0,interval_100k,stride,EXCEEDS,15400000.0,15300000.0,249498.0,249498.0,249498.0,15300000.0,1,15500000.0,NONLOWER_WITH_TIE,15400000.0,249498.0,249498.0,249498.0,0.0,100000.0,legacy_timeliness
historical_frozen_i20m_h16_s7_state0_mac0,historical,16,i20m,0,0,interval_100k,stride,NONLOWER_WITH_TIE,15500000.0,15400000.0,251104.0,251104.0,251104.0,15400000.0,5,16000000.0,EXCEEDS,15900000.0,257565.0,257565.0,257565.0,400000.0,500000.0,
historical_frozen_i20m_h16_s7_state0_mac0,historical,16,i20m,0,0,interval_100k,stride,EXCEEDS,16000000.0,15900000.0,259166.0,259166.0,259166.0,15900000.0,1,16100000.0,NONLOWER_WITH_TIE,16000000.0,259166.0,259166.0,259166.0,0.0,100000.0,legacy_timeliness
historical_frozen_i20m_h16_s7_state0_mac0,historical,16,i20m,0,0,interval_100k,stride,NONLOWER_WITH_TIE,16100000.0,16000000.0,260786.0,260786.0,260786.0,16000000.0,2,16300000.0,NOT_EXCEEDS,16200000.0,262389.0,262389.0,262389.0,100000.0,200000.0,selected_accuracy;legacy_timeliness
historical_frozen_i20m_h16_s7_state0_mac0,historical,16,i20m,0,0,interval_100k,stride,NOT_EXCEEDS,16300000.0,16200000.0,264019.0,264019.0,264019.0,16200000.0,1,16400000.0,NONLOWER_WITH_TIE,16300000.0,264019.0,264019.0,264019.0,0.0,100000.0,legacy_timeliness
historical_frozen_i20m_h16_s7_state0_mac0,historical,16,i20m,0,0,interval_100k,stride,NONLOWER_WITH_TIE,16400000.0,16300000.0,265618.0,265618.0,265618.0,16300000.0,2,16600000.0,EXCEEDS,16500000.0,267224.0,267224.0,267224.0,100000.0,200000.0,
historical_frozen_i20m_h16_s7_state0_mac0,historical,16,i20m,0,0,interval_100k,stride,EXCEEDS,16600000.0,16500000.0,268845.0,268845.0,268845.0,16500000.0,1,16700000.0,NONLOWER_WITH_TIE,16600000.0,268845.0,268845.0,268845.0,0.0,100000.0,legacy_timeliness
historical_frozen_i20m_h16_s7_state0_mac0,historical,16,i20m,0,0,interval_100k,stride,NONLOWER_WITH_TIE,16700000.0,16600000.0,270454.0,270454.0,270454.0,16600000.0,5,17200000.0,NOT_EXCEEDS,17100000.0,276911.0,276911.0,276911.0,400000.0,500000.0,selected_accuracy;legacy_timeliness
historical_frozen_i20m_h16_s7_state0_mac0,historical,16,i20m,0,0,interval_100k,stride,NOT_EXCEEDS,17200000.0,17100000.0,278510.0,278510.0,278510.0,17100000.0,1,17300000.0,EXCEEDS,17200000.0,278510.0,278510.0,278510.0,0.0,100000.0,
historical_frozen_i20m_h16_s7_state0_mac0,historical,16,i20m,0,0,interval_100k,stride,EXCEEDS,17300000.0,17200000.0,280137.0,280137.0,280137.0,17200000.0,1,17400000.0,NONLOWER_WITH_TIE,17300000.0,280137.0,280137.0,280137.0,0.0,100000.0,legacy_timeliness
historical_frozen_i20m_h16_s7_state0_mac0,historical,16,i20m,0,0,interval_100k,stride,NONLOWER_WITH_TIE,17400000.0,17300000.0,281742.0,281742.0,281742.0,17300000.0,3,17700000.0,EXCEEDS,17600000.0,284974.0,284974.0,284974.0,200000.0,300000.0,
historical_frozen_i20m_h16_s7_state0_mac0,historical,16,i20m,0,0,interval_100k,stride,EXCEEDS,17700000.0,17600000.0,286573.0,286573.0,286573.0,17600000.0,1,17800000.0,NONLOWER_WITH_TIE,17700000.0,286573.0,286573.0,286573.0,0.0,100000.0,legacy_timeliness
historical_frozen_i20m_h16_s7_state0_mac0,historical,16,i20m,0,0,interval_100k,stride,NONLOWER_WITH_TIE,17800000.0,17700000.0,288198.0,288198.0,288198.0,17700000.0,6,18400000.0,NOT_EXCEEDS,18300000.0,296254.0,296254.0,296254.0,500000.0,600000.0,selected_accuracy;legacy_timeliness
historical_frozen_i20m_h16_s7_state0_mac0,historical,16,i20m,0,0,interval_100k,stride,NOT_EXCEEDS,18400000.0,18300000.0,297876.0,297876.0,297876.0,18300000.0,1,18500000.0,NONLOWER_WITH_TIE,18400000.0,297876.0,297876.0,297876.0,0.0,100000.0,legacy_timeliness
historical_frozen_i20m_h16_s7_state0_mac0,historical,16,i20m,0,0,interval_100k,stride,NONLOWER_WITH_TIE,18500000.0,18400000.0,299480.0,299480.0,299480.0,18400000.0,17,20200000.0,EXCEEDS,20100000.0,325272.0,325272.0,325272.0,1600000.0,1700000.0,
historical_frozen_i20m_h16_s7_state0_mac0,historical,16,i20m,0,0,interval_100k,stride,EXCEEDS,20200000.0,20100000.0,326880.0,326880.0,326880.0,20100000.0,2,20400000.0,NONLOWER_WITH_TIE,20300000.0,328499.0,328499.0,328499.0,100000.0,200000.0,legacy_timeliness
historical_frozen_i20m_h16_s7_state0_mac0,historical,16,i20m,0,0,interval_100k,stride,NONLOWER_WITH_TIE,20400000.0,20300000.0,330095.0,330095.0,330095.0,20300000.0,22,22600000.0,NOT_EXCEEDS,22500000.0,363923.0,363923.0,363923.0,2100000.0,2200000.0,selected_accuracy;legacy_timeliness
historical_frozen_i20m_h16_s7_state0_mac0,historical,16,i20m,0,0,interval_100k,stride,NOT_EXCEEDS,22600000.0,22500000.0,365548.0,365548.0,365548.0,22500000.0,1,22700000.0,EXCEEDS,22600000.0,365548.0,365548.0,365548.0,0.0,100000.0,
historical_frozen_i20m_h16_s7_state0_mac0,historical,16,i20m,0,0,interval_100k,stride,EXCEEDS,22700000.0,22600000.0,367154.0,367154.0,367154.0,22600000.0,1,22800000.0,NONLOWER_WITH_TIE,22700000.0,367154.0,367154.0,367154.0,0.0,100000.0,legacy_timeliness
historical_frozen_i20m_h16_s7_state0_mac0,historical,16,i20m,0,0,interval_100k,stride,NONLOWER_WITH_TIE,22800000.0,22700000.0,368760.0,368760.0,368760.0,22700000.0,1,22900000.0,EXCEEDS,22800000.0,368760.0,368760.0,368760.0,0.0,100000.0,
historical_frozen_i20m_h16_s7_state0_mac0,historical,16,i20m,0,0,interval_100k,stride,EXCEEDS,22900000.0,22800000.0,370379.0,370379.0,370379.0,22800000.0,1,23000000.0,NONLOWER_WITH_TIE,22900000.0,370379.0,370379.0,370379.0,0.0,100000.0,legacy_timeliness
historical_frozen_i20m_h16_s7_state0_mac0,historical,16,i20m,0,0,interval_100k,stride,NONLOWER_WITH_TIE,23000000.0,22900000.0,371982.0,371982.0,371982.0,22900000.0,6,23600000.0,NOT_EXCEEDS,23500000.0,380035.0,380035.0,380035.0,500000.0,600000.0,selected_accuracy;legacy_timeliness
historical_frozen_i20m_h16_s7_state0_mac0,historical,16,i20m,0,0,interval_100k,stride,NOT_EXCEEDS,23600000.0,23500000.0,381660.0,381660.0,381660.0,23500000.0,1,23700000.0,NONLOWER_WITH_TIE,23600000.0,381660.0,381660.0,381660.0,0.0,100000.0,legacy_timeliness
historical_frozen_i20m_h16_s7_state0_mac0,historical,16,i20m,0,0,interval_100k,stride,NONLOWER_WITH_TIE,23700000.0,23600000.0,383262.0,383262.0,383262.0,23600000.0,5,24200000.0,EXCEEDS,24100000.0,389717.0,389717.0,389717.0,400000.0,500000.0,
historical_frozen_i20m_h16_s7_state0_mac0,historical,16,i20m,0,0,interval_100k,stride,EXCEEDS,24200000.0,24100000.0,391320.0,391320.0,391320.0,24100000.0,1,24300000.0,NONLOWER_WITH_TIE,24200000.0,391320.0,391320.0,391320.0,0.0,100000.0,legacy_timeliness
historical_frozen_i20m_h16_s7_state0_mac0,historical,16,i20m,0,0,interval_100k,stride,NONLOWER_WITH_TIE,24300000.0,24200000.0,392940.0,392940.0,392940.0,24200000.0,4,24700000.0,NOT_EXCEEDS,24600000.0,397768.0,397768.0,397768.0,300000.0,400000.0,selected_accuracy;legacy_timeliness
historical_frozen_i20m_h16_s7_state0_mac0,historical,16,i20m,0,0,interval_100k,stride,NOT_EXCEEDS,24700000.0,24600000.0,399393.0,399393.0,399393.0,24600000.0,1,24800000.0,NONLOWER_WITH_TIE,24700000.0,399393.0,399393.0,399393.0,0.0,100000.0,legacy_timeliness
historical_frozen_i20m_h16_s7_state0_mac0,historical,16,i20m,0,0,interval_100k,stride,NONLOWER_WITH_TIE,24800000.0,24700000.0,400990.0,400990.0,400990.0,24700000.0,3,NA,NA,25000000.0,404219.0,404219.0,404219.0,200000.0,300000.0,
historical_frozen_i20m_h16_s7_state0_mac0,historical,16,i20m,0,0,interval_100k,summer,NONLOWER_WITH_TIE,100000.0,0.0,1626.0,1626.0,1626.0,NA,1,200000.0,NOT_EXCEEDS,100000.0,1626.0,1626.0,1626.0,0.0,100000.0,useful_prefetch_coverage;selected_accuracy;legacy_timeliness
historical_frozen_i20m_h16_s7_state0_mac0,historical,16,i20m,0,0,interval_100k,summer,NOT_EXCEEDS,200000.0,100000.0,3234.0,3234.0,3234.0,100000.0,1,300000.0,NONLOWER_WITH_TIE,200000.0,3234.0,3234.0,3234.0,0.0,100000.0,useful_prefetch_coverage;selected_accuracy;legacy_timeliness
historical_frozen_i20m_h16_s7_state0_mac0,historical,16,i20m,0,0,interval_100k,summer,NONLOWER_WITH_TIE,300000.0,200000.0,4841.0,4841.0,4841.0,200000.0,1,400000.0,NOT_EXCEEDS,300000.0,4841.0,4841.0,4841.0,0.0,100000.0,useful_prefetch_coverage;selected_accuracy;legacy_timeliness
historical_frozen_i20m_h16_s7_state0_mac0,historical,16,i20m,0,0,interval_100k,summer,NOT_EXCEEDS,400000.0,300000.0,6463.0,6463.0,6463.0,300000.0,1,500000.0,NONLOWER_WITH_TIE,400000.0,6463.0,6463.0,6463.0,0.0,100000.0,useful_prefetch_coverage;selected_accuracy;legacy_timeliness
historical_frozen_i20m_h16_s7_state0_mac0,historical,16,i20m,0,0,interval_100k,summer,NONLOWER_WITH_TIE,500000.0,400000.0,8067.0,8067.0,8067.0,400000.0,1,600000.0,NOT_EXCEEDS,500000.0,8067.0,8067.0,8067.0,0.0,100000.0,useful_prefetch_coverage;selected_accuracy;legacy_timeliness
historical_frozen_i20m_h16_s7_state0_mac0,historical,16,i20m,0,0,interval_100k,summer,NOT_EXCEEDS,600000.0,500000.0,9693.0,9693.0,9693.0,500000.0,1,700000.0,NONLOWER_WITH_TIE,600000.0,9693.0,9693.0,9693.0,0.0,100000.0,useful_prefetch_coverage;selected_accuracy;legacy_timeliness
historical_frozen_i20m_h16_s7_state0_mac0,historical,16,i20m,0,0,interval_100k,summer,NONLOWER_WITH_TIE,700000.0,600000.0,11302.0,11302.0,11302.0,600000.0,3,1000000.0,NOT_EXCEEDS,900000.0,14529.0,14529.0,14529.0,200000.0,300000.0,useful_prefetch_coverage;selected_accuracy;legacy_timeliness
historical_frozen_i20m_h16_s7_state0_mac0,historical,16,i20m,0,0,interval_100k,summer,NOT_EXCEEDS,1000000.0,900000.0,16163.0,16163.0,16163.0,900000.0,1,1100000.0,NONLOWER_WITH_TIE,1000000.0,16163.0,16163.0,16163.0,0.0,100000.0,useful_prefetch_coverage;selected_accuracy;legacy_timeliness
historical_frozen_i20m_h16_s7_state0_mac0,historical,16,i20m,0,0,interval_100k,summer,NONLOWER_WITH_TIE,1100000.0,1000000.0,17763.0,17763.0,17763.0,1000000.0,20,3100000.0,NOT_EXCEEDS,3000000.0,48420.0,48420.0,48420.0,1900000.0,2000000.0,useful_prefetch_coverage;selected_accuracy;legacy_timeliness
historical_frozen_i20m_h16_s7_state0_mac0,historical,16,i20m,0,0,interval_100k,summer,NOT_EXCEEDS,3100000.0,3000000.0,50041.0,50041.0,50041.0,3000000.0,2,3300000.0,NONLOWER_WITH_TIE,3200000.0,51642.0,51642.0,51642.0,100000.0,200000.0,useful_prefetch_coverage;selected_accuracy;legacy_timeliness
historical_frozen_i20m_h16_s7_state0_mac0,historical,16,i20m,0,0,interval_100k,summer,NONLOWER_WITH_TIE,3300000.0,3200000.0,53247.0,53247.0,53247.0,3200000.0,2,3500000.0,NOT_EXCEEDS,3400000.0,54869.0,54869.0,54869.0,100000.0,200000.0,useful_prefetch_coverage;selected_accuracy;legacy_timeliness
historical_frozen_i20m_h16_s7_state0_mac0,historical,16,i20m,0,0,interval_100k,summer,NOT_EXCEEDS,3500000.0,3400000.0,56471.0,56471.0,56471.0,3400000.0,1,3600000.0,NONLOWER_WITH_TIE,3500000.0,56471.0,56471.0,56471.0,0.0,100000.0,useful_prefetch_coverage;selected_accuracy;legacy_timeliness
historical_frozen_i20m_h16_s7_state0_mac0,historical,16,i20m,0,0,interval_100k,summer,NONLOWER_WITH_TIE,3600000.0,3500000.0,58096.0,58096.0,58096.0,3500000.0,2,3800000.0,NOT_EXCEEDS,3700000.0,59684.0,59684.0,59684.0,100000.0,200000.0,useful_prefetch_coverage;selected_accuracy;legacy_timeliness
historical_frozen_i20m_h16_s7_state0_mac0,historical,16,i20m,0,0,interval_100k,summer,NOT_EXCEEDS,3800000.0,3700000.0,61305.0,61305.0,61305.0,3700000.0,1,3900000.0,NONLOWER_WITH_TIE,3800000.0,61305.0,61305.0,61305.0,0.0,100000.0,useful_prefetch_coverage;selected_accuracy;legacy_timeliness
historical_frozen_i20m_h16_s7_state0_mac0,historical,16,i20m,0,0,interval_100k,summer,NONLOWER_WITH_TIE,3900000.0,3800000.0,62915.0,62915.0,62915.0,3800000.0,3,4200000.0,NOT_EXCEEDS,4100000.0,66150.0,66150.0,66150.0,200000.0,300000.0,useful_prefetch_coverage;selected_accuracy;legacy_timeliness
historical_frozen_i20m_h16_s7_state0_mac0,historical,16,i20m,0,0,interval_100k,summer,NOT_EXCEEDS,4200000.0,4100000.0,67757.0,67757.0,67757.0,4100000.0,1,4300000.0,NONLOWER_WITH_TIE,4200000.0,67757.0,67757.0,67757.0,0.0,100000.0,useful_prefetch_coverage;selected_accuracy;legacy_timeliness
historical_frozen_i20m_h16_s7_state0_mac0,historical,16,i20m,0,0,interval_100k,summer,NONLOWER_WITH_TIE,4300000.0,4200000.0,69386.0,69386.0,69386.0,4200000.0,21,6400000.0,NOT_EXCEEDS,6300000.0,101661.0,101661.0,101661.0,2000000.0,2100000.0,useful_prefetch_coverage;selected_accuracy;legacy_timeliness
historical_frozen_i20m_h16_s7_state0_mac0,historical,16,i20m,0,0,interval_100k,summer,NOT_EXCEEDS,6400000.0,6300000.0,103292.0,103292.0,103292.0,6300000.0,1,6500000.0,NONLOWER_WITH_TIE,6400000.0,103292.0,103292.0,103292.0,0.0,100000.0,useful_prefetch_coverage;selected_accuracy;legacy_timeliness
historical_frozen_i20m_h16_s7_state0_mac0,historical,16,i20m,0,0,interval_100k,summer,NONLOWER_WITH_TIE,6500000.0,6400000.0,104897.0,104897.0,104897.0,6400000.0,2,6700000.0,NOT_EXCEEDS,6600000.0,106503.0,106503.0,106503.0,100000.0,200000.0,useful_prefetch_coverage;selected_accuracy;legacy_timeliness
historical_frozen_i20m_h16_s7_state0_mac0,historical,16,i20m,0,0,interval_100k,summer,NOT_EXCEEDS,6700000.0,6600000.0,108152.0,108152.0,108152.0,6600000.0,1,6800000.0,NONLOWER_WITH_TIE,6700000.0,108152.0,108152.0,108152.0,0.0,100000.0,useful_prefetch_coverage;selected_accuracy;legacy_timeliness
historical_frozen_i20m_h16_s7_state0_mac0,historical,16,i20m,0,0,interval_100k,summer,NONLOWER_WITH_TIE,6800000.0,6700000.0,109758.0,109758.0,109758.0,6700000.0,13,8100000.0,NOT_EXCEEDS,8000000.0,129134.0,129134.0,129134.0,1200000.0,1300000.0,useful_prefetch_coverage;selected_accuracy;legacy_timeliness
historical_frozen_i20m_h16_s7_state0_mac0,historical,16,i20m,0,0,interval_100k,summer,NOT_EXCEEDS,8100000.0,8000000.0,130769.0,130769.0,130769.0,8000000.0,1,8200000.0,NONLOWER_WITH_TIE,8100000.0,130769.0,130769.0,130769.0,0.0,100000.0,useful_prefetch_coverage;selected_accuracy;legacy_timeliness
historical_frozen_i20m_h16_s7_state0_mac0,historical,16,i20m,0,0,interval_100k,summer,NONLOWER_WITH_TIE,8200000.0,8100000.0,132370.0,132370.0,132370.0,8100000.0,1,8300000.0,NOT_EXCEEDS,8200000.0,132370.0,132370.0,132370.0,0.0,100000.0,useful_prefetch_coverage;selected_accuracy;legacy_timeliness
historical_frozen_i20m_h16_s7_state0_mac0,historical,16,i20m,0,0,interval_100k,summer,NOT_EXCEEDS,8300000.0,8200000.0,133996.0,133996.0,133996.0,8200000.0,57,14000000.0,NONLOWER_WITH_TIE,13900000.0,225328.0,225328.0,225328.0,5600000.0,5700000.0,useful_prefetch_coverage;legacy_timeliness
historical_frozen_i20m_h16_s7_state0_mac0,historical,16,i20m,0,0,interval_100k,summer,NONLOWER_WITH_TIE,14000000.0,13900000.0,226959.0,226959.0,226959.0,13900000.0,1,14100000.0,NOT_EXCEEDS,14000000.0,226959.0,226959.0,226959.0,0.0,100000.0,useful_prefetch_coverage;selected_accuracy;legacy_timeliness
historical_frozen_i20m_h16_s7_state0_mac0,historical,16,i20m,0,0,interval_100k,summer,NOT_EXCEEDS,14100000.0,14000000.0,228557.0,228557.0,228557.0,14000000.0,19,16000000.0,NONLOWER_WITH_TIE,15900000.0,257565.0,257565.0,257565.0,1800000.0,1900000.0,useful_prefetch_coverage;legacy_timeliness
historical_frozen_i20m_h16_s7_state0_mac0,historical,16,i20m,0,0,interval_100k,summer,NONLOWER_WITH_TIE,16000000.0,15900000.0,259166.0,259166.0,259166.0,15900000.0,1,16100000.0,NOT_EXCEEDS,16000000.0,259166.0,259166.0,259166.0,0.0,100000.0,useful_prefetch_coverage;selected_accuracy;legacy_timeliness
historical_frozen_i20m_h16_s7_state0_mac0,historical,16,i20m,0,0,interval_100k,summer,NOT_EXCEEDS,16100000.0,16000000.0,260786.0,260786.0,260786.0,16000000.0,4,16500000.0,NONLOWER_WITH_TIE,16400000.0,265618.0,265618.0,265618.0,300000.0,400000.0,useful_prefetch_coverage;legacy_timeliness
historical_frozen_i20m_h16_s7_state0_mac0,historical,16,i20m,0,0,interval_100k,summer,NONLOWER_WITH_TIE,16500000.0,16400000.0,267224.0,267224.0,267224.0,16400000.0,1,16600000.0,NOT_EXCEEDS,16500000.0,267224.0,267224.0,267224.0,0.0,100000.0,useful_prefetch_coverage;selected_accuracy;legacy_timeliness
historical_frozen_i20m_h16_s7_state0_mac0,historical,16,i20m,0,0,interval_100k,summer,NOT_EXCEEDS,16600000.0,16500000.0,268845.0,268845.0,268845.0,16500000.0,5,17100000.0,NONLOWER_WITH_TIE,17000000.0,275306.0,275306.0,275306.0,400000.0,500000.0,useful_prefetch_coverage;selected_accuracy;legacy_timeliness
historical_frozen_i20m_h16_s7_state0_mac0,historical,16,i20m,0,0,interval_100k,summer,NONLOWER_WITH_TIE,17100000.0,17000000.0,276911.0,276911.0,276911.0,17000000.0,1,17200000.0,NOT_EXCEEDS,17100000.0,276911.0,276911.0,276911.0,0.0,100000.0,useful_prefetch_coverage;selected_accuracy;legacy_timeliness
historical_frozen_i20m_h16_s7_state0_mac0,historical,16,i20m,0,0,interval_100k,summer,NOT_EXCEEDS,17200000.0,17100000.0,278510.0,278510.0,278510.0,17100000.0,10,18200000.0,NONLOWER_WITH_TIE,18100000.0,293026.0,293026.0,293026.0,900000.0,1000000.0,useful_prefetch_coverage;legacy_timeliness
historical_frozen_i20m_h16_s7_state0_mac0,historical,16,i20m,0,0,interval_100k,summer,NONLOWER_WITH_TIE,18200000.0,18100000.0,294652.0,294652.0,294652.0,18100000.0,2,18400000.0,NOT_EXCEEDS,18300000.0,296254.0,296254.0,296254.0,100000.0,200000.0,useful_prefetch_coverage;selected_accuracy;legacy_timeliness
historical_frozen_i20m_h16_s7_state0_mac0,historical,16,i20m,0,0,interval_100k,summer,NOT_EXCEEDS,18400000.0,18300000.0,297876.0,297876.0,297876.0,18300000.0,1,18500000.0,NONLOWER_WITH_TIE,18400000.0,297876.0,297876.0,297876.0,0.0,100000.0,useful_prefetch_coverage;legacy_timeliness
historical_frozen_i20m_h16_s7_state0_mac0,historical,16,i20m,0,0,interval_100k,summer,NONLOWER_WITH_TIE,18500000.0,18400000.0,299480.0,299480.0,299480.0,18400000.0,1,18600000.0,NOT_EXCEEDS,18500000.0,299480.0,299480.0,299480.0,0.0,100000.0,useful_prefetch_coverage;selected_accuracy;legacy_timeliness
historical_frozen_i20m_h16_s7_state0_mac0,historical,16,i20m,0,0,interval_100k,summer,NOT_EXCEEDS,18600000.0,18500000.0,301080.0,301080.0,301080.0,18500000.0,65,NA,NA,25000000.0,404219.0,404219.0,404219.0,6400000.0,6500000.0,
historical_frozen_i20m_h16_s7_state0_mac0,historical,16,i20m,0,0,interval_100k,stride_and_summer,NOT_EXCEEDS,100000.0,0.0,1626.0,1626.0,1626.0,NA,81,8200000.0,NONLOWER_WITH_TIE,8100000.0,130769.0,130769.0,130769.0,8000000.0,8100000.0,stride:legacy_timeliness;summer:useful_prefetch_coverage;summer:selected_accuracy;summer:legacy_timeliness
historical_frozen_i20m_h16_s7_state0_mac0,historical,16,i20m,0,0,interval_100k,stride_and_summer,NONLOWER_WITH_TIE,8200000.0,8100000.0,132370.0,132370.0,132370.0,8100000.0,1,8300000.0,NOT_EXCEEDS,8200000.0,132370.0,132370.0,132370.0,0.0,100000.0,stride:selected_accuracy;stride:legacy_timeliness;summer:useful_prefetch_coverage;summer:selected_accuracy;summer:legacy_timeliness
historical_frozen_i20m_h16_s7_state0_mac0,historical,16,i20m,0,0,interval_100k,stride_and_summer,NOT_EXCEEDS,8300000.0,8200000.0,133996.0,133996.0,133996.0,8200000.0,57,14000000.0,NONLOWER_WITH_TIE,13900000.0,225328.0,225328.0,225328.0,5600000.0,5700000.0,stride:legacy_timeliness;summer:useful_prefetch_coverage;summer:legacy_timeliness
historical_frozen_i20m_h16_s7_state0_mac0,historical,16,i20m,0,0,interval_100k,stride_and_summer,NONLOWER_WITH_TIE,14000000.0,13900000.0,226959.0,226959.0,226959.0,13900000.0,1,14100000.0,NOT_EXCEEDS,14000000.0,226959.0,226959.0,226959.0,0.0,100000.0,stride:legacy_timeliness;summer:useful_prefetch_coverage;summer:selected_accuracy;summer:legacy_timeliness
historical_frozen_i20m_h16_s7_state0_mac0,historical,16,i20m,0,0,interval_100k,stride_and_summer,NOT_EXCEEDS,14100000.0,14000000.0,228557.0,228557.0,228557.0,14000000.0,19,16000000.0,NONLOWER_WITH_TIE,15900000.0,257565.0,257565.0,257565.0,1800000.0,1900000.0,summer:useful_prefetch_coverage;summer:legacy_timeliness
historical_frozen_i20m_h16_s7_state0_mac0,historical,16,i20m,0,0,interval_100k,stride_and_summer,NONLOWER_WITH_TIE,16000000.0,15900000.0,259166.0,259166.0,259166.0,15900000.0,1,16100000.0,NOT_EXCEEDS,16000000.0,259166.0,259166.0,259166.0,0.0,100000.0,stride:legacy_timeliness;summer:useful_prefetch_coverage;summer:selected_accuracy;summer:legacy_timeliness
historical_frozen_i20m_h16_s7_state0_mac0,historical,16,i20m,0,0,interval_100k,stride_and_summer,NOT_EXCEEDS,16100000.0,16000000.0,260786.0,260786.0,260786.0,16000000.0,4,16500000.0,NONLOWER_WITH_TIE,16400000.0,265618.0,265618.0,265618.0,300000.0,400000.0,stride:legacy_timeliness;summer:useful_prefetch_coverage;summer:legacy_timeliness
historical_frozen_i20m_h16_s7_state0_mac0,historical,16,i20m,0,0,interval_100k,stride_and_summer,NONLOWER_WITH_TIE,16500000.0,16400000.0,267224.0,267224.0,267224.0,16400000.0,1,16600000.0,NOT_EXCEEDS,16500000.0,267224.0,267224.0,267224.0,0.0,100000.0,summer:useful_prefetch_coverage;summer:selected_accuracy;summer:legacy_timeliness
historical_frozen_i20m_h16_s7_state0_mac0,historical,16,i20m,0,0,interval_100k,stride_and_summer,NOT_EXCEEDS,16600000.0,16500000.0,268845.0,268845.0,268845.0,16500000.0,5,17100000.0,NONLOWER_WITH_TIE,17000000.0,275306.0,275306.0,275306.0,400000.0,500000.0,stride:legacy_timeliness;summer:useful_prefetch_coverage;summer:selected_accuracy;summer:legacy_timeliness
historical_frozen_i20m_h16_s7_state0_mac0,historical,16,i20m,0,0,interval_100k,stride_and_summer,NONLOWER_WITH_TIE,17100000.0,17000000.0,276911.0,276911.0,276911.0,17000000.0,1,17200000.0,NOT_EXCEEDS,17100000.0,276911.0,276911.0,276911.0,0.0,100000.0,stride:selected_accuracy;stride:legacy_timeliness;summer:useful_prefetch_coverage;summer:selected_accuracy;summer:legacy_timeliness
historical_frozen_i20m_h16_s7_state0_mac0,historical,16,i20m,0,0,interval_100k,stride_and_summer,NOT_EXCEEDS,17200000.0,17100000.0,278510.0,278510.0,278510.0,17100000.0,10,18200000.0,NONLOWER_WITH_TIE,18100000.0,293026.0,293026.0,293026.0,900000.0,1000000.0,stride:legacy_timeliness;summer:useful_prefetch_coverage;summer:legacy_timeliness
historical_frozen_i20m_h16_s7_state0_mac0,historical,16,i20m,0,0,interval_100k,stride_and_summer,NONLOWER_WITH_TIE,18200000.0,18100000.0,294652.0,294652.0,294652.0,18100000.0,2,18400000.0,NOT_EXCEEDS,18300000.0,296254.0,296254.0,296254.0,100000.0,200000.0,stride:selected_accuracy;stride:legacy_timeliness;summer:useful_prefetch_coverage;summer:selected_accuracy;summer:legacy_timeliness
historical_frozen_i20m_h16_s7_state0_mac0,historical,16,i20m,0,0,interval_100k,stride_and_summer,NOT_EXCEEDS,18400000.0,18300000.0,297876.0,297876.0,297876.0,18300000.0,1,18500000.0,NONLOWER_WITH_TIE,18400000.0,297876.0,297876.0,297876.0,0.0,100000.0,stride:legacy_timeliness;summer:useful_prefetch_coverage;summer:legacy_timeliness
historical_frozen_i20m_h16_s7_state0_mac0,historical,16,i20m,0,0,interval_100k,stride_and_summer,NONLOWER_WITH_TIE,18500000.0,18400000.0,299480.0,299480.0,299480.0,18400000.0,1,18600000.0,NOT_EXCEEDS,18500000.0,299480.0,299480.0,299480.0,0.0,100000.0,stride:legacy_timeliness;summer:useful_prefetch_coverage;summer:selected_accuracy;summer:legacy_timeliness
historical_frozen_i20m_h16_s7_state0_mac0,historical,16,i20m,0,0,interval_100k,stride_and_summer,NOT_EXCEEDS,18600000.0,18500000.0,301080.0,301080.0,301080.0,18500000.0,65,NA,NA,25000000.0,404219.0,404219.0,404219.0,6400000.0,6500000.0,
historical_frozen_i20m_h16_s7_state0_mac0,historical,16,i20m,0,0,interval_100k,offline_same_checkpoint,NONLOWER_WITH_TIE,100000.0,0.0,1626.0,1626.0,1626.0,NA,1,200000.0,NOT_EXCEEDS,100000.0,1626.0,1626.0,1626.0,0.0,100000.0,useful_prefetch_coverage;selected_accuracy;legacy_timeliness
historical_frozen_i20m_h16_s7_state0_mac0,historical,16,i20m,0,0,interval_100k,offline_same_checkpoint,NOT_EXCEEDS,200000.0,100000.0,3234.0,3234.0,3234.0,100000.0,1,300000.0,NONLOWER_WITH_TIE,200000.0,3234.0,3234.0,3234.0,0.0,100000.0,useful_prefetch_coverage;selected_accuracy;legacy_timeliness
historical_frozen_i20m_h16_s7_state0_mac0,historical,16,i20m,0,0,interval_100k,offline_same_checkpoint,NONLOWER_WITH_TIE,300000.0,200000.0,4841.0,4841.0,4841.0,200000.0,1,400000.0,NOT_EXCEEDS,300000.0,4841.0,4841.0,4841.0,0.0,100000.0,useful_prefetch_coverage;selected_accuracy;legacy_timeliness
historical_frozen_i20m_h16_s7_state0_mac0,historical,16,i20m,0,0,interval_100k,offline_same_checkpoint,NOT_EXCEEDS,400000.0,300000.0,6463.0,6463.0,6463.0,300000.0,1,500000.0,NONLOWER_WITH_TIE,400000.0,6463.0,6463.0,6463.0,0.0,100000.0,useful_prefetch_coverage;selected_accuracy;legacy_timeliness
historical_frozen_i20m_h16_s7_state0_mac0,historical,16,i20m,0,0,interval_100k,offline_same_checkpoint,NONLOWER_WITH_TIE,500000.0,400000.0,8067.0,8067.0,8067.0,400000.0,1,600000.0,NOT_EXCEEDS,500000.0,8067.0,8067.0,8067.0,0.0,100000.0,useful_prefetch_coverage;selected_accuracy;legacy_timeliness
historical_frozen_i20m_h16_s7_state0_mac0,historical,16,i20m,0,0,interval_100k,offline_same_checkpoint,NOT_EXCEEDS,600000.0,500000.0,9693.0,9693.0,9693.0,500000.0,1,700000.0,NONLOWER_WITH_TIE,600000.0,9693.0,9693.0,9693.0,0.0,100000.0,useful_prefetch_coverage;selected_accuracy;legacy_timeliness
historical_frozen_i20m_h16_s7_state0_mac0,historical,16,i20m,0,0,interval_100k,offline_same_checkpoint,NONLOWER_WITH_TIE,700000.0,600000.0,11302.0,11302.0,11302.0,600000.0,3,1000000.0,NOT_EXCEEDS,900000.0,14529.0,14529.0,14529.0,200000.0,300000.0,useful_prefetch_coverage;selected_accuracy;legacy_timeliness
historical_frozen_i20m_h16_s7_state0_mac0,historical,16,i20m,0,0,interval_100k,offline_same_checkpoint,NOT_EXCEEDS,1000000.0,900000.0,16163.0,16163.0,16163.0,900000.0,1,1100000.0,NONLOWER_WITH_TIE,1000000.0,16163.0,16163.0,16163.0,0.0,100000.0,useful_prefetch_coverage;selected_accuracy;legacy_timeliness
historical_frozen_i20m_h16_s7_state0_mac0,historical,16,i20m,0,0,interval_100k,offline_same_checkpoint,NONLOWER_WITH_TIE,1100000.0,1000000.0,17763.0,17763.0,17763.0,1000000.0,20,3100000.0,NOT_EXCEEDS,3000000.0,48420.0,48420.0,48420.0,1900000.0,2000000.0,useful_prefetch_coverage;selected_accuracy;legacy_timeliness
historical_frozen_i20m_h16_s7_state0_mac0,historical,16,i20m,0,0,interval_100k,offline_same_checkpoint,NOT_EXCEEDS,3100000.0,3000000.0,50041.0,50041.0,50041.0,3000000.0,2,3300000.0,NONLOWER_WITH_TIE,3200000.0,51642.0,51642.0,51642.0,100000.0,200000.0,useful_prefetch_coverage;selected_accuracy;legacy_timeliness
historical_frozen_i20m_h16_s7_state0_mac0,historical,16,i20m,0,0,interval_100k,offline_same_checkpoint,NONLOWER_WITH_TIE,3300000.0,3200000.0,53247.0,53247.0,53247.0,3200000.0,2,3500000.0,NOT_EXCEEDS,3400000.0,54869.0,54869.0,54869.0,100000.0,200000.0,useful_prefetch_coverage;selected_accuracy;legacy_timeliness
historical_frozen_i20m_h16_s7_state0_mac0,historical,16,i20m,0,0,interval_100k,offline_same_checkpoint,NOT_EXCEEDS,3500000.0,3400000.0,56471.0,56471.0,56471.0,3400000.0,1,3600000.0,NONLOWER_WITH_TIE,3500000.0,56471.0,56471.0,56471.0,0.0,100000.0,useful_prefetch_coverage;selected_accuracy;legacy_timeliness
historical_frozen_i20m_h16_s7_state0_mac0,historical,16,i20m,0,0,interval_100k,offline_same_checkpoint,NONLOWER_WITH_TIE,3600000.0,3500000.0,58096.0,58096.0,58096.0,3500000.0,2,3800000.0,NOT_EXCEEDS,3700000.0,59684.0,59684.0,59684.0,100000.0,200000.0,useful_prefetch_coverage;selected_accuracy;legacy_timeliness
historical_frozen_i20m_h16_s7_state0_mac0,historical,16,i20m,0,0,interval_100k,offline_same_checkpoint,NOT_EXCEEDS,3800000.0,3700000.0,61305.0,61305.0,61305.0,3700000.0,1,3900000.0,NONLOWER_WITH_TIE,3800000.0,61305.0,61305.0,61305.0,0.0,100000.0,useful_prefetch_coverage;selected_accuracy;legacy_timeliness
historical_frozen_i20m_h16_s7_state0_mac0,historical,16,i20m,0,0,interval_100k,offline_same_checkpoint,NONLOWER_WITH_TIE,3900000.0,3800000.0,62915.0,62915.0,62915.0,3800000.0,3,4200000.0,NOT_EXCEEDS,4100000.0,66150.0,66150.0,66150.0,200000.0,300000.0,useful_prefetch_coverage;selected_accuracy;legacy_timeliness
historical_frozen_i20m_h16_s7_state0_mac0,historical,16,i20m,0,0,interval_100k,offline_same_checkpoint,NOT_EXCEEDS,4200000.0,4100000.0,67757.0,67757.0,67757.0,4100000.0,1,4300000.0,NONLOWER_WITH_TIE,4200000.0,67757.0,67757.0,67757.0,0.0,100000.0,useful_prefetch_coverage;selected_accuracy;legacy_timeliness
historical_frozen_i20m_h16_s7_state0_mac0,historical,16,i20m,0,0,interval_100k,offline_same_checkpoint,NONLOWER_WITH_TIE,4300000.0,4200000.0,69386.0,69386.0,69386.0,4200000.0,21,6400000.0,NOT_EXCEEDS,6300000.0,101661.0,101661.0,101661.0,2000000.0,2100000.0,useful_prefetch_coverage;selected_accuracy;legacy_timeliness
historical_frozen_i20m_h16_s7_state0_mac0,historical,16,i20m,0,0,interval_100k,offline_same_checkpoint,NOT_EXCEEDS,6400000.0,6300000.0,103292.0,103292.0,103292.0,6300000.0,1,6500000.0,NONLOWER_WITH_TIE,6400000.0,103292.0,103292.0,103292.0,0.0,100000.0,useful_prefetch_coverage;selected_accuracy;legacy_timeliness
historical_frozen_i20m_h16_s7_state0_mac0,historical,16,i20m,0,0,interval_100k,offline_same_checkpoint,NONLOWER_WITH_TIE,6500000.0,6400000.0,104897.0,104897.0,104897.0,6400000.0,2,6700000.0,NOT_EXCEEDS,6600000.0,106503.0,106503.0,106503.0,100000.0,200000.0,useful_prefetch_coverage;selected_accuracy;legacy_timeliness
historical_frozen_i20m_h16_s7_state0_mac0,historical,16,i20m,0,0,interval_100k,offline_same_checkpoint,NOT_EXCEEDS,6700000.0,6600000.0,108152.0,108152.0,108152.0,6600000.0,1,6800000.0,NONLOWER_WITH_TIE,6700000.0,108152.0,108152.0,108152.0,0.0,100000.0,useful_prefetch_coverage;selected_accuracy;legacy_timeliness
historical_frozen_i20m_h16_s7_state0_mac0,historical,16,i20m,0,0,interval_100k,offline_same_checkpoint,NONLOWER_WITH_TIE,6800000.0,6700000.0,109758.0,109758.0,109758.0,6700000.0,13,8100000.0,NOT_EXCEEDS,8000000.0,129134.0,129134.0,129134.0,1200000.0,1300000.0,useful_prefetch_coverage;selected_accuracy;legacy_timeliness
historical_frozen_i20m_h16_s7_state0_mac0,historical,16,i20m,0,0,interval_100k,offline_same_checkpoint,NOT_EXCEEDS,8100000.0,8000000.0,130769.0,130769.0,130769.0,8000000.0,1,8200000.0,NONLOWER_WITH_TIE,8100000.0,130769.0,130769.0,130769.0,0.0,100000.0,useful_prefetch_coverage;selected_accuracy;legacy_timeliness
historical_frozen_i20m_h16_s7_state0_mac0,historical,16,i20m,0,0,interval_100k,offline_same_checkpoint,NONLOWER_WITH_TIE,8200000.0,8100000.0,132370.0,132370.0,132370.0,8100000.0,1,8300000.0,NOT_EXCEEDS,8200000.0,132370.0,132370.0,132370.0,0.0,100000.0,useful_prefetch_coverage;selected_accuracy;legacy_timeliness
historical_frozen_i20m_h16_s7_state0_mac0,historical,16,i20m,0,0,interval_100k,offline_same_checkpoint,NOT_EXCEEDS,8300000.0,8200000.0,133996.0,133996.0,133996.0,8200000.0,57,14000000.0,NONLOWER_WITH_TIE,13900000.0,225328.0,225328.0,225328.0,5600000.0,5700000.0,useful_prefetch_coverage;legacy_timeliness
historical_frozen_i20m_h16_s7_state0_mac0,historical,16,i20m,0,0,interval_100k,offline_same_checkpoint,NONLOWER_WITH_TIE,14000000.0,13900000.0,226959.0,226959.0,226959.0,13900000.0,1,14100000.0,NOT_EXCEEDS,14000000.0,226959.0,226959.0,226959.0,0.0,100000.0,useful_prefetch_coverage;selected_accuracy;legacy_timeliness
historical_frozen_i20m_h16_s7_state0_mac0,historical,16,i20m,0,0,interval_100k,offline_same_checkpoint,NOT_EXCEEDS,14100000.0,14000000.0,228557.0,228557.0,228557.0,14000000.0,19,16000000.0,NONLOWER_WITH_TIE,15900000.0,257565.0,257565.0,257565.0,1800000.0,1900000.0,useful_prefetch_coverage;legacy_timeliness
historical_frozen_i20m_h16_s7_state0_mac0,historical,16,i20m,0,0,interval_100k,offline_same_checkpoint,NONLOWER_WITH_TIE,16000000.0,15900000.0,259166.0,259166.0,259166.0,15900000.0,1,16100000.0,NOT_EXCEEDS,16000000.0,259166.0,259166.0,259166.0,0.0,100000.0,useful_prefetch_coverage;selected_accuracy;legacy_timeliness
historical_frozen_i20m_h16_s7_state0_mac0,historical,16,i20m,0,0,interval_100k,offline_same_checkpoint,NOT_EXCEEDS,16100000.0,16000000.0,260786.0,260786.0,260786.0,16000000.0,4,16500000.0,NONLOWER_WITH_TIE,16400000.0,265618.0,265618.0,265618.0,300000.0,400000.0,useful_prefetch_coverage;legacy_timeliness
historical_frozen_i20m_h16_s7_state0_mac0,historical,16,i20m,0,0,interval_100k,offline_same_checkpoint,NONLOWER_WITH_TIE,16500000.0,16400000.0,267224.0,267224.0,267224.0,16400000.0,1,16600000.0,NOT_EXCEEDS,16500000.0,267224.0,267224.0,267224.0,0.0,100000.0,useful_prefetch_coverage;selected_accuracy;legacy_timeliness
historical_frozen_i20m_h16_s7_state0_mac0,historical,16,i20m,0,0,interval_100k,offline_same_checkpoint,NOT_EXCEEDS,16600000.0,16500000.0,268845.0,268845.0,268845.0,16500000.0,5,17100000.0,NONLOWER_WITH_TIE,17000000.0,275306.0,275306.0,275306.0,400000.0,500000.0,useful_prefetch_coverage;selected_accuracy;legacy_timeliness
historical_frozen_i20m_h16_s7_state0_mac0,historical,16,i20m,0,0,interval_100k,offline_same_checkpoint,NONLOWER_WITH_TIE,17100000.0,17000000.0,276911.0,276911.0,276911.0,17000000.0,1,17200000.0,NOT_EXCEEDS,17100000.0,276911.0,276911.0,276911.0,0.0,100000.0,useful_prefetch_coverage;selected_accuracy;legacy_timeliness
historical_frozen_i20m_h16_s7_state0_mac0,historical,16,i20m,0,0,interval_100k,offline_same_checkpoint,NOT_EXCEEDS,17200000.0,17100000.0,278510.0,278510.0,278510.0,17100000.0,10,18200000.0,NONLOWER_WITH_TIE,18100000.0,293026.0,293026.0,293026.0,900000.0,1000000.0,useful_prefetch_coverage;legacy_timeliness
historical_frozen_i20m_h16_s7_state0_mac0,historical,16,i20m,0,0,interval_100k,offline_same_checkpoint,NONLOWER_WITH_TIE,18200000.0,18100000.0,294652.0,294652.0,294652.0,18100000.0,2,18400000.0,NOT_EXCEEDS,18300000.0,296254.0,296254.0,296254.0,100000.0,200000.0,useful_prefetch_coverage;selected_accuracy;legacy_timeliness
historical_frozen_i20m_h16_s7_state0_mac0,historical,16,i20m,0,0,interval_100k,offline_same_checkpoint,NOT_EXCEEDS,18400000.0,18300000.0,297876.0,297876.0,297876.0,18300000.0,1,18500000.0,NONLOWER_WITH_TIE,18400000.0,297876.0,297876.0,297876.0,0.0,100000.0,useful_prefetch_coverage;legacy_timeliness
historical_frozen_i20m_h16_s7_state0_mac0,historical,16,i20m,0,0,interval_100k,offline_same_checkpoint,NONLOWER_WITH_TIE,18500000.0,18400000.0,299480.0,299480.0,299480.0,18400000.0,1,18600000.0,NOT_EXCEEDS,18500000.0,299480.0,299480.0,299480.0,0.0,100000.0,useful_prefetch_coverage;selected_accuracy;legacy_timeliness
historical_frozen_i20m_h16_s7_state0_mac0,historical,16,i20m,0,0,interval_100k,offline_same_checkpoint,NOT_EXCEEDS,18600000.0,18500000.0,301080.0,301080.0,301080.0,18500000.0,65,NA,NA,25000000.0,404219.0,404219.0,404219.0,6400000.0,6500000.0,
historical_frozen_i20m_h16_s7_state0_mac0,historical,16,i20m,0,0,interval_1m,stride,NOT_EXCEEDS,1000000.0,0.0,16163.0,16163.0,16163.0,NA,14,15000000.0,NONLOWER_WITH_TIE,14000000.0,226959.0,226959.0,226959.0,13000000.0,14000000.0,legacy_timeliness
historical_frozen_i20m_h16_s7_state0_mac0,historical,16,i20m,0,0,interval_1m,stride,NONLOWER_WITH_TIE,15000000.0,14000000.0,243054.0,243054.0,243054.0,14000000.0,1,16000000.0,EXCEEDS,15000000.0,243054.0,243054.0,243054.0,0.0,1000000.0,
historical_frozen_i20m_h16_s7_state0_mac0,historical,16,i20m,0,0,interval_1m,stride,EXCEEDS,16000000.0,15000000.0,259166.0,259166.0,259166.0,15000000.0,3,19000000.0,NONLOWER_WITH_TIE,18000000.0,291428.0,291428.0,291428.0,2000000.0,3000000.0,legacy_timeliness
historical_frozen_i20m_h16_s7_state0_mac0,historical,16,i20m,0,0,interval_1m,stride,NONLOWER_WITH_TIE,19000000.0,18000000.0,307529.0,307529.0,307529.0,18000000.0,2,21000000.0,EXCEEDS,20000000.0,323648.0,323648.0,323648.0,1000000.0,2000000.0,
historical_frozen_i20m_h16_s7_state0_mac0,historical,16,i20m,0,0,interval_1m,stride,EXCEEDS,21000000.0,20000000.0,339766.0,339766.0,339766.0,20000000.0,1,22000000.0,NONLOWER_WITH_TIE,21000000.0,339766.0,339766.0,339766.0,0.0,1000000.0,legacy_timeliness
historical_frozen_i20m_h16_s7_state0_mac0,historical,16,i20m,0,0,interval_1m,stride,NONLOWER_WITH_TIE,22000000.0,21000000.0,355851.0,355851.0,355851.0,21000000.0,1,23000000.0,EXCEEDS,22000000.0,355851.0,355851.0,355851.0,0.0,1000000.0,
historical_frozen_i20m_h16_s7_state0_mac0,historical,16,i20m,0,0,interval_1m,stride,EXCEEDS,23000000.0,22000000.0,371982.0,371982.0,371982.0,22000000.0,1,24000000.0,NONLOWER_WITH_TIE,23000000.0,371982.0,371982.0,371982.0,0.0,1000000.0,legacy_timeliness
historical_frozen_i20m_h16_s7_state0_mac0,historical,16,i20m,0,0,interval_1m,stride,NONLOWER_WITH_TIE,24000000.0,23000000.0,388112.0,388112.0,388112.0,23000000.0,1,25000000.0,EXCEEDS,24000000.0,388112.0,388112.0,388112.0,0.0,1000000.0,
historical_frozen_i20m_h16_s7_state0_mac0,historical,16,i20m,0,0,interval_1m,stride,EXCEEDS,25000000.0,24000000.0,404219.0,404219.0,404219.0,24000000.0,1,NA,NA,25000000.0,404219.0,404219.0,404219.0,0.0,1000000.0,
historical_frozen_i20m_h16_s7_state0_mac0,historical,16,i20m,0,0,interval_1m,summer,NOT_EXCEEDS,1000000.0,0.0,16163.0,16163.0,16163.0,NA,1,2000000.0,NONLOWER_WITH_TIE,1000000.0,16163.0,16163.0,16163.0,0.0,1000000.0,useful_prefetch_coverage;selected_accuracy;legacy_timeliness
historical_frozen_i20m_h16_s7_state0_mac0,historical,16,i20m,0,0,interval_1m,summer,NONLOWER_WITH_TIE,2000000.0,1000000.0,32287.0,32287.0,32287.0,1000000.0,2,4000000.0,NOT_EXCEEDS,3000000.0,48420.0,48420.0,48420.0,1000000.0,2000000.0,useful_prefetch_coverage;selected_accuracy;legacy_timeliness
historical_frozen_i20m_h16_s7_state0_mac0,historical,16,i20m,0,0,interval_1m,summer,NOT_EXCEEDS,4000000.0,3000000.0,64520.0,64520.0,64520.0,3000000.0,2,6000000.0,NONLOWER_WITH_TIE,5000000.0,80698.0,80698.0,80698.0,1000000.0,2000000.0,useful_prefetch_coverage;selected_accuracy;legacy_timeliness
historical_frozen_i20m_h16_s7_state0_mac0,historical,16,i20m,0,0,interval_1m,summer,NONLOWER_WITH_TIE,6000000.0,5000000.0,96824.0,96824.0,96824.0,5000000.0,1,7000000.0,NOT_EXCEEDS,6000000.0,96824.0,96824.0,96824.0,0.0,1000000.0,useful_prefetch_coverage;selected_accuracy;legacy_timeliness
historical_frozen_i20m_h16_s7_state0_mac0,historical,16,i20m,0,0,interval_1m,summer,NOT_EXCEEDS,7000000.0,6000000.0,113002.0,113002.0,113002.0,6000000.0,1,8000000.0,NONLOWER_WITH_TIE,7000000.0,113002.0,113002.0,113002.0,0.0,1000000.0,useful_prefetch_coverage;selected_accuracy;legacy_timeliness
historical_frozen_i20m_h16_s7_state0_mac0,historical,16,i20m,0,0,interval_1m,summer,NONLOWER_WITH_TIE,8000000.0,7000000.0,129134.0,129134.0,129134.0,7000000.0,1,9000000.0,NOT_EXCEEDS,8000000.0,129134.0,129134.0,129134.0,0.0,1000000.0,useful_prefetch_coverage;selected_accuracy;legacy_timeliness
historical_frozen_i20m_h16_s7_state0_mac0,historical,16,i20m,0,0,interval_1m,summer,NOT_EXCEEDS,9000000.0,8000000.0,145295.0,145295.0,145295.0,8000000.0,17,NA,NA,25000000.0,404219.0,404219.0,404219.0,16000000.0,17000000.0,
historical_frozen_i20m_h16_s7_state0_mac0,historical,16,i20m,0,0,interval_1m,stride_and_summer,NOT_EXCEEDS,1000000.0,0.0,16163.0,16163.0,16163.0,NA,25,NA,NA,25000000.0,404219.0,404219.0,404219.0,24000000.0,25000000.0,
historical_frozen_i20m_h16_s7_state0_mac0,historical,16,i20m,0,0,interval_1m,offline_same_checkpoint,NOT_EXCEEDS,1000000.0,0.0,16163.0,16163.0,16163.0,NA,1,2000000.0,NONLOWER_WITH_TIE,1000000.0,16163.0,16163.0,16163.0,0.0,1000000.0,useful_prefetch_coverage;selected_accuracy;legacy_timeliness
historical_frozen_i20m_h16_s7_state0_mac0,historical,16,i20m,0,0,interval_1m,offline_same_checkpoint,NONLOWER_WITH_TIE,2000000.0,1000000.0,32287.0,32287.0,32287.0,1000000.0,2,4000000.0,NOT_EXCEEDS,3000000.0,48420.0,48420.0,48420.0,1000000.0,2000000.0,useful_prefetch_coverage;selected_accuracy;legacy_timeliness
historical_frozen_i20m_h16_s7_state0_mac0,historical,16,i20m,0,0,interval_1m,offline_same_checkpoint,NOT_EXCEEDS,4000000.0,3000000.0,64520.0,64520.0,64520.0,3000000.0,2,6000000.0,NONLOWER_WITH_TIE,5000000.0,80698.0,80698.0,80698.0,1000000.0,2000000.0,useful_prefetch_coverage;selected_accuracy;legacy_timeliness
historical_frozen_i20m_h16_s7_state0_mac0,historical,16,i20m,0,0,interval_1m,offline_same_checkpoint,NONLOWER_WITH_TIE,6000000.0,5000000.0,96824.0,96824.0,96824.0,5000000.0,1,7000000.0,NOT_EXCEEDS,6000000.0,96824.0,96824.0,96824.0,0.0,1000000.0,useful_prefetch_coverage;selected_accuracy;legacy_timeliness
historical_frozen_i20m_h16_s7_state0_mac0,historical,16,i20m,0,0,interval_1m,offline_same_checkpoint,NOT_EXCEEDS,7000000.0,6000000.0,113002.0,113002.0,113002.0,6000000.0,1,8000000.0,NONLOWER_WITH_TIE,7000000.0,113002.0,113002.0,113002.0,0.0,1000000.0,useful_prefetch_coverage;selected_accuracy;legacy_timeliness
historical_frozen_i20m_h16_s7_state0_mac0,historical,16,i20m,0,0,interval_1m,offline_same_checkpoint,NONLOWER_WITH_TIE,8000000.0,7000000.0,129134.0,129134.0,129134.0,7000000.0,1,9000000.0,NOT_EXCEEDS,8000000.0,129134.0,129134.0,129134.0,0.0,1000000.0,useful_prefetch_coverage;selected_accuracy;legacy_timeliness
historical_frozen_i20m_h16_s7_state0_mac0,historical,16,i20m,0,0,interval_1m,offline_same_checkpoint,NOT_EXCEEDS,9000000.0,8000000.0,145295.0,145295.0,145295.0,8000000.0,17,NA,NA,25000000.0,404219.0,404219.0,404219.0,16000000.0,17000000.0,
historical_frozen_i20m_h8_s7_state0_mac0,historical,8,i20m,0,0,cumulative,stride,NA,1000.0,0,16.0,16.0,16.0,NA,1,10000.0,NONLOWER_WITH_TIE,1000.0,16.0,16.0,16.0,0.0,NA,legacy_timeliness
historical_frozen_i20m_h8_s7_state0_mac0,historical,8,i20m,0,0,cumulative,stride,NONLOWER_WITH_TIE,10000.0,0,158.0,158.0,158.0,1000.0,1,100000.0,NOT_EXCEEDS,10000.0,158.0,158.0,158.0,0.0,NA,selected_accuracy;legacy_timeliness
historical_frozen_i20m_h8_s7_state0_mac0,historical,8,i20m,0,0,cumulative,stride,NOT_EXCEEDS,100000.0,0,1626.0,1626.0,1626.0,10000.0,251,NA,NA,25000003.0,404219.0,404219.0,404219.0,24900003.0,NA,
historical_frozen_i20m_h8_s7_state0_mac0,historical,8,i20m,0,0,cumulative,summer,NONLOWER_WITH_TIE,1000.0,0,16.0,16.0,16.0,NA,2,100000.0,NOT_EXCEEDS,10000.0,158.0,158.0,158.0,9000.0,NA,useful_prefetch_coverage;selected_accuracy;legacy_timeliness
historical_frozen_i20m_h8_s7_state0_mac0,historical,8,i20m,0,0,cumulative,summer,NOT_EXCEEDS,100000.0,0,1626.0,1626.0,1626.0,10000.0,2,300000.0,NONLOWER_WITH_TIE,200000.0,3234.0,3234.0,3234.0,100000.0,NA,useful_prefetch_coverage;legacy_timeliness
historical_frozen_i20m_h8_s7_state0_mac0,historical,8,i20m,0,0,cumulative,summer,NONLOWER_WITH_TIE,300000.0,0,4841.0,4841.0,4841.0,200000.0,3,600000.0,NOT_EXCEEDS,500000.0,8067.0,8067.0,8067.0,200000.0,NA,useful_prefetch_coverage;selected_accuracy;legacy_timeliness
historical_frozen_i20m_h8_s7_state0_mac0,historical,8,i20m,0,0,cumulative,summer,NOT_EXCEEDS,600000.0,0,9693.0,9693.0,9693.0,500000.0,1,700000.0,NONLOWER_WITH_TIE,600000.0,9693.0,9693.0,9693.0,0.0,NA,useful_prefetch_coverage;legacy_timeliness
historical_frozen_i20m_h8_s7_state0_mac0,historical,8,i20m,0,0,cumulative,summer,NONLOWER_WITH_TIE,700000.0,0,11302.0,11302.0,11302.0,600000.0,10,1700000.0,NOT_EXCEEDS,1600000.0,25833.0,25833.0,25833.0,900000.0,NA,useful_prefetch_coverage;selected_accuracy;legacy_timeliness
historical_frozen_i20m_h8_s7_state0_mac0,historical,8,i20m,0,0,cumulative,summer,NOT_EXCEEDS,1700000.0,0,27425.0,27425.0,27425.0,1600000.0,235,NA,NA,25000003.0,404219.0,404219.0,404219.0,23300003.0,NA,
historical_frozen_i20m_h8_s7_state0_mac0,historical,8,i20m,0,0,cumulative,stride_and_summer,MISSING_OR_UNDEFINED_REFERENCE,1000.0,0,16.0,16.0,16.0,NA,1,10000.0,NONLOWER_WITH_TIE,1000.0,16.0,16.0,16.0,0.0,NA,stride:legacy_timeliness;summer:useful_prefetch_coverage;summer:selected_accuracy;summer:legacy_timeliness
historical_frozen_i20m_h8_s7_state0_mac0,historical,8,i20m,0,0,cumulative,stride_and_summer,NONLOWER_WITH_TIE,10000.0,0,158.0,158.0,158.0,1000.0,1,100000.0,NOT_EXCEEDS,10000.0,158.0,158.0,158.0,0.0,NA,stride:selected_accuracy;stride:legacy_timeliness;summer:useful_prefetch_coverage;summer:selected_accuracy;summer:legacy_timeliness
historical_frozen_i20m_h8_s7_state0_mac0,historical,8,i20m,0,0,cumulative,stride_and_summer,NOT_EXCEEDS,100000.0,0,1626.0,1626.0,1626.0,10000.0,251,NA,NA,25000003.0,404219.0,404219.0,404219.0,24900003.0,NA,
historical_frozen_i20m_h8_s7_state0_mac0,historical,8,i20m,0,0,cumulative,offline_same_checkpoint,NONLOWER_WITH_TIE,1000.0,0,16.0,16.0,16.0,NA,2,100000.0,NOT_EXCEEDS,10000.0,158.0,158.0,158.0,9000.0,NA,useful_prefetch_coverage;selected_accuracy;legacy_timeliness
historical_frozen_i20m_h8_s7_state0_mac0,historical,8,i20m,0,0,cumulative,offline_same_checkpoint,NOT_EXCEEDS,100000.0,0,1626.0,1626.0,1626.0,10000.0,2,300000.0,NONLOWER_WITH_TIE,200000.0,3234.0,3234.0,3234.0,100000.0,NA,useful_prefetch_coverage;legacy_timeliness
historical_frozen_i20m_h8_s7_state0_mac0,historical,8,i20m,0,0,cumulative,offline_same_checkpoint,NONLOWER_WITH_TIE,300000.0,0,4841.0,4841.0,4841.0,200000.0,3,600000.0,NOT_EXCEEDS,500000.0,8067.0,8067.0,8067.0,200000.0,NA,useful_prefetch_coverage;selected_accuracy;legacy_timeliness
historical_frozen_i20m_h8_s7_state0_mac0,historical,8,i20m,0,0,cumulative,offline_same_checkpoint,NOT_EXCEEDS,600000.0,0,9693.0,9693.0,9693.0,500000.0,1,700000.0,NONLOWER_WITH_TIE,600000.0,9693.0,9693.0,9693.0,0.0,NA,useful_prefetch_coverage;legacy_timeliness
historical_frozen_i20m_h8_s7_state0_mac0,historical,8,i20m,0,0,cumulative,offline_same_checkpoint,NONLOWER_WITH_TIE,700000.0,0,11302.0,11302.0,11302.0,600000.0,10,1700000.0,NOT_EXCEEDS,1600000.0,25833.0,25833.0,25833.0,900000.0,NA,useful_prefetch_coverage;selected_accuracy;legacy_timeliness
historical_frozen_i20m_h8_s7_state0_mac0,historical,8,i20m,0,0,cumulative,offline_same_checkpoint,NOT_EXCEEDS,1700000.0,0,27425.0,27425.0,27425.0,1600000.0,235,NA,NA,25000003.0,404219.0,404219.0,404219.0,23300003.0,NA,
historical_frozen_i20m_h8_s7_state0_mac0,historical,8,i20m,0,0,interval_100k,stride,NOT_EXCEEDS,100000.0,0.0,1626.0,1626.0,1626.0,NA,10,1100000.0,NONLOWER_WITH_TIE,1000000.0,16163.0,16163.0,16163.0,900000.0,1000000.0,legacy_timeliness
historical_frozen_i20m_h8_s7_state0_mac0,historical,8,i20m,0,0,interval_100k,stride,NONLOWER_WITH_TIE,1100000.0,1000000.0,17763.0,17763.0,17763.0,1000000.0,1,1200000.0,NOT_EXCEEDS,1100000.0,17763.0,17763.0,17763.0,0.0,100000.0,selected_accuracy;legacy_timeliness
historical_frozen_i20m_h8_s7_state0_mac0,historical,8,i20m,0,0,interval_100k,stride,NOT_EXCEEDS,1200000.0,1100000.0,19371.0,19371.0,19371.0,1100000.0,28,4000000.0,NONLOWER_WITH_TIE,3900000.0,62915.0,62915.0,62915.0,2700000.0,2800000.0,legacy_timeliness
historical_frozen_i20m_h8_s7_state0_mac0,historical,8,i20m,0,0,interval_100k,stride,NONLOWER_WITH_TIE,4000000.0,3900000.0,64520.0,64520.0,64520.0,3900000.0,1,4100000.0,NOT_EXCEEDS,4000000.0,64520.0,64520.0,64520.0,0.0,100000.0,selected_accuracy
historical_frozen_i20m_h8_s7_state0_mac0,historical,8,i20m,0,0,interval_100k,stride,NOT_EXCEEDS,4100000.0,4000000.0,66150.0,66150.0,66150.0,4000000.0,41,8200000.0,NONLOWER_WITH_TIE,8100000.0,130769.0,130769.0,130769.0,4000000.0,4100000.0,legacy_timeliness
historical_frozen_i20m_h8_s7_state0_mac0,historical,8,i20m,0,0,interval_100k,stride,NONLOWER_WITH_TIE,8200000.0,8100000.0,132370.0,132370.0,132370.0,8100000.0,1,8300000.0,NOT_EXCEEDS,8200000.0,132370.0,132370.0,132370.0,0.0,100000.0,selected_accuracy;legacy_timeliness
historical_frozen_i20m_h8_s7_state0_mac0,historical,8,i20m,0,0,interval_100k,stride,NOT_EXCEEDS,8300000.0,8200000.0,133996.0,133996.0,133996.0,8200000.0,9,9200000.0,EXCEEDS,9100000.0,146897.0,146897.0,146897.0,800000.0,900000.0,
historical_frozen_i20m_h8_s7_state0_mac0,historical,8,i20m,0,0,interval_100k,stride,EXCEEDS,9200000.0,9100000.0,148501.0,148501.0,148501.0,9100000.0,1,9300000.0,NOT_EXCEEDS,9200000.0,148501.0,148501.0,148501.0,0.0,100000.0,selected_accuracy;legacy_timeliness
historical_frozen_i20m_h8_s7_state0_mac0,historical,8,i20m,0,0,interval_100k,stride,NOT_EXCEEDS,9300000.0,9200000.0,150130.0,150130.0,150130.0,9200000.0,62,15500000.0,NONLOWER_WITH_TIE,15400000.0,249498.0,249498.0,249498.0,6100000.0,6200000.0,legacy_timeliness
historical_frozen_i20m_h8_s7_state0_mac0,historical,8,i20m,0,0,interval_100k,stride,NONLOWER_WITH_TIE,15500000.0,15400000.0,251104.0,251104.0,251104.0,15400000.0,1,15600000.0,NOT_EXCEEDS,15500000.0,251104.0,251104.0,251104.0,0.0,100000.0,selected_accuracy;legacy_timeliness
historical_frozen_i20m_h8_s7_state0_mac0,historical,8,i20m,0,0,interval_100k,stride,NOT_EXCEEDS,15600000.0,15500000.0,252707.0,252707.0,252707.0,15500000.0,4,16000000.0,EXCEEDS,15900000.0,257565.0,257565.0,257565.0,300000.0,400000.0,
historical_frozen_i20m_h8_s7_state0_mac0,historical,8,i20m,0,0,interval_100k,stride,EXCEEDS,16000000.0,15900000.0,259166.0,259166.0,259166.0,15900000.0,1,16100000.0,NOT_EXCEEDS,16000000.0,259166.0,259166.0,259166.0,0.0,100000.0,selected_accuracy;legacy_timeliness
historical_frozen_i20m_h8_s7_state0_mac0,historical,8,i20m,0,0,interval_100k,stride,NOT_EXCEEDS,16100000.0,16000000.0,260786.0,260786.0,260786.0,16000000.0,3,16400000.0,NONLOWER_WITH_TIE,16300000.0,264019.0,264019.0,264019.0,200000.0,300000.0,legacy_timeliness
historical_frozen_i20m_h8_s7_state0_mac0,historical,8,i20m,0,0,interval_100k,stride,NONLOWER_WITH_TIE,16400000.0,16300000.0,265618.0,265618.0,265618.0,16300000.0,1,16500000.0,NOT_EXCEEDS,16400000.0,265618.0,265618.0,265618.0,0.0,100000.0,selected_accuracy;legacy_timeliness
historical_frozen_i20m_h8_s7_state0_mac0,historical,8,i20m,0,0,interval_100k,stride,NOT_EXCEEDS,16500000.0,16400000.0,267224.0,267224.0,267224.0,16400000.0,11,17600000.0,NONLOWER_WITH_TIE,17500000.0,283367.0,283367.0,283367.0,1000000.0,1100000.0,legacy_timeliness
historical_frozen_i20m_h8_s7_state0_mac0,historical,8,i20m,0,0,interval_100k,stride,NONLOWER_WITH_TIE,17600000.0,17500000.0,284974.0,284974.0,284974.0,17500000.0,1,17700000.0,NOT_EXCEEDS,17600000.0,284974.0,284974.0,284974.0,0.0,100000.0,selected_accuracy
historical_frozen_i20m_h8_s7_state0_mac0,historical,8,i20m,0,0,interval_100k,stride,NOT_EXCEEDS,17700000.0,17600000.0,286573.0,286573.0,286573.0,17600000.0,6,18300000.0,NONLOWER_WITH_TIE,18200000.0,294652.0,294652.0,294652.0,500000.0,600000.0,legacy_timeliness
historical_frozen_i20m_h8_s7_state0_mac0,historical,8,i20m,0,0,interval_100k,stride,NONLOWER_WITH_TIE,18300000.0,18200000.0,296254.0,296254.0,296254.0,18200000.0,1,18400000.0,NOT_EXCEEDS,18300000.0,296254.0,296254.0,296254.0,0.0,100000.0,selected_accuracy;legacy_timeliness
historical_frozen_i20m_h8_s7_state0_mac0,historical,8,i20m,0,0,interval_100k,stride,NOT_EXCEEDS,18400000.0,18300000.0,297876.0,297876.0,297876.0,18300000.0,2,18600000.0,NONLOWER_WITH_TIE,18500000.0,299480.0,299480.0,299480.0,100000.0,200000.0,legacy_timeliness
historical_frozen_i20m_h8_s7_state0_mac0,historical,8,i20m,0,0,interval_100k,stride,NONLOWER_WITH_TIE,18600000.0,18500000.0,301080.0,301080.0,301080.0,18500000.0,1,18700000.0,NOT_EXCEEDS,18600000.0,301080.0,301080.0,301080.0,0.0,100000.0,selected_accuracy;legacy_timeliness
historical_frozen_i20m_h8_s7_state0_mac0,historical,8,i20m,0,0,interval_100k,stride,NOT_EXCEEDS,18700000.0,18600000.0,302702.0,302702.0,302702.0,18600000.0,19,20600000.0,NONLOWER_WITH_TIE,20500000.0,331714.0,331714.0,331714.0,1800000.0,1900000.0,legacy_timeliness
historical_frozen_i20m_h8_s7_state0_mac0,historical,8,i20m,0,0,interval_100k,stride,NONLOWER_WITH_TIE,20600000.0,20500000.0,333313.0,333313.0,333313.0,20500000.0,1,20700000.0,NOT_EXCEEDS,20600000.0,333313.0,333313.0,333313.0,0.0,100000.0,selected_accuracy;legacy_timeliness
historical_frozen_i20m_h8_s7_state0_mac0,historical,8,i20m,0,0,interval_100k,stride,NOT_EXCEEDS,20700000.0,20600000.0,334911.0,334911.0,334911.0,20600000.0,12,21900000.0,NONLOWER_WITH_TIE,21800000.0,352632.0,352632.0,352632.0,1100000.0,1200000.0,legacy_timeliness
historical_frozen_i20m_h8_s7_state0_mac0,historical,8,i20m,0,0,interval_100k,stride,NONLOWER_WITH_TIE,21900000.0,21800000.0,354255.0,354255.0,354255.0,21800000.0,1,22000000.0,NOT_EXCEEDS,21900000.0,354255.0,354255.0,354255.0,0.0,100000.0,selected_accuracy;legacy_timeliness
historical_frozen_i20m_h8_s7_state0_mac0,historical,8,i20m,0,0,interval_100k,stride,NOT_EXCEEDS,22000000.0,21900000.0,355851.0,355851.0,355851.0,21900000.0,10,23000000.0,NONLOWER_WITH_TIE,22900000.0,370379.0,370379.0,370379.0,900000.0,1000000.0,legacy_timeliness
historical_frozen_i20m_h8_s7_state0_mac0,historical,8,i20m,0,0,interval_100k,stride,NONLOWER_WITH_TIE,23000000.0,22900000.0,371982.0,371982.0,371982.0,22900000.0,1,23100000.0,NOT_EXCEEDS,23000000.0,371982.0,371982.0,371982.0,0.0,100000.0,selected_accuracy;legacy_timeliness
historical_frozen_i20m_h8_s7_state0_mac0,historical,8,i20m,0,0,interval_100k,stride,NOT_EXCEEDS,23100000.0,23000000.0,373608.0,373608.0,373608.0,23000000.0,1,23200000.0,NONLOWER_WITH_TIE,23100000.0,373608.0,373608.0,373608.0,0.0,100000.0,legacy_timeliness
historical_frozen_i20m_h8_s7_state0_mac0,historical,8,i20m,0,0,interval_100k,stride,NONLOWER_WITH_TIE,23200000.0,23100000.0,375210.0,375210.0,375210.0,23100000.0,1,23300000.0,NOT_EXCEEDS,23200000.0,375210.0,375210.0,375210.0,0.0,100000.0,selected_accuracy;legacy_timeliness
historical_frozen_i20m_h8_s7_state0_mac0,historical,8,i20m,0,0,interval_100k,stride,NOT_EXCEEDS,23300000.0,23200000.0,376836.0,376836.0,376836.0,23200000.0,2,23500000.0,NONLOWER_WITH_TIE,23400000.0,378434.0,378434.0,378434.0,100000.0,200000.0,legacy_timeliness
historical_frozen_i20m_h8_s7_state0_mac0,historical,8,i20m,0,0,interval_100k,stride,NONLOWER_WITH_TIE,23500000.0,23400000.0,380035.0,380035.0,380035.0,23400000.0,1,23600000.0,NOT_EXCEEDS,23500000.0,380035.0,380035.0,380035.0,0.0,100000.0,selected_accuracy;legacy_timeliness
historical_frozen_i20m_h8_s7_state0_mac0,historical,8,i20m,0,0,interval_100k,stride,NOT_EXCEEDS,23600000.0,23500000.0,381660.0,381660.0,381660.0,23500000.0,1,23700000.0,NONLOWER_WITH_TIE,23600000.0,381660.0,381660.0,381660.0,0.0,100000.0,legacy_timeliness
historical_frozen_i20m_h8_s7_state0_mac0,historical,8,i20m,0,0,interval_100k,stride,NONLOWER_WITH_TIE,23700000.0,23600000.0,383262.0,383262.0,383262.0,23600000.0,1,23800000.0,NOT_EXCEEDS,23700000.0,383262.0,383262.0,383262.0,0.0,100000.0,selected_accuracy;legacy_timeliness
historical_frozen_i20m_h8_s7_state0_mac0,historical,8,i20m,0,0,interval_100k,stride,NOT_EXCEEDS,23800000.0,23700000.0,384888.0,384888.0,384888.0,23700000.0,1,23900000.0,NONLOWER_WITH_TIE,23800000.0,384888.0,384888.0,384888.0,0.0,100000.0,legacy_timeliness
historical_frozen_i20m_h8_s7_state0_mac0,historical,8,i20m,0,0,interval_100k,stride,NONLOWER_WITH_TIE,23900000.0,23800000.0,386493.0,386493.0,386493.0,23800000.0,1,24000000.0,NOT_EXCEEDS,23900000.0,386493.0,386493.0,386493.0,0.0,100000.0,selected_accuracy;legacy_timeliness
historical_frozen_i20m_h8_s7_state0_mac0,historical,8,i20m,0,0,interval_100k,stride,NOT_EXCEEDS,24000000.0,23900000.0,388112.0,388112.0,388112.0,23900000.0,8,24800000.0,NONLOWER_WITH_TIE,24700000.0,399393.0,399393.0,399393.0,700000.0,800000.0,legacy_timeliness
historical_frozen_i20m_h8_s7_state0_mac0,historical,8,i20m,0,0,interval_100k,stride,NONLOWER_WITH_TIE,24800000.0,24700000.0,400990.0,400990.0,400990.0,24700000.0,1,24900000.0,NOT_EXCEEDS,24800000.0,400990.0,400990.0,400990.0,0.0,100000.0,selected_accuracy;legacy_timeliness
historical_frozen_i20m_h8_s7_state0_mac0,historical,8,i20m,0,0,interval_100k,stride,NOT_EXCEEDS,24900000.0,24800000.0,402594.0,402594.0,402594.0,24800000.0,2,NA,NA,25000000.0,404219.0,404219.0,404219.0,100000.0,200000.0,
historical_frozen_i20m_h8_s7_state0_mac0,historical,8,i20m,0,0,interval_100k,summer,NOT_EXCEEDS,100000.0,0.0,1626.0,1626.0,1626.0,NA,2,300000.0,NONLOWER_WITH_TIE,200000.0,3234.0,3234.0,3234.0,100000.0,200000.0,useful_prefetch_coverage;legacy_timeliness
historical_frozen_i20m_h8_s7_state0_mac0,historical,8,i20m,0,0,interval_100k,summer,NONLOWER_WITH_TIE,300000.0,200000.0,4841.0,4841.0,4841.0,200000.0,1,400000.0,NOT_EXCEEDS,300000.0,4841.0,4841.0,4841.0,0.0,100000.0,useful_prefetch_coverage;selected_accuracy;legacy_timeliness
historical_frozen_i20m_h8_s7_state0_mac0,historical,8,i20m,0,0,interval_100k,summer,NOT_EXCEEDS,400000.0,300000.0,6463.0,6463.0,6463.0,300000.0,1,500000.0,NONLOWER_WITH_TIE,400000.0,6463.0,6463.0,6463.0,0.0,100000.0,useful_prefetch_coverage;legacy_timeliness
historical_frozen_i20m_h8_s7_state0_mac0,historical,8,i20m,0,0,interval_100k,summer,NONLOWER_WITH_TIE,500000.0,400000.0,8067.0,8067.0,8067.0,400000.0,1,600000.0,NOT_EXCEEDS,500000.0,8067.0,8067.0,8067.0,0.0,100000.0,useful_prefetch_coverage;selected_accuracy;legacy_timeliness
historical_frozen_i20m_h8_s7_state0_mac0,historical,8,i20m,0,0,interval_100k,summer,NOT_EXCEEDS,600000.0,500000.0,9693.0,9693.0,9693.0,500000.0,1,700000.0,NONLOWER_WITH_TIE,600000.0,9693.0,9693.0,9693.0,0.0,100000.0,useful_prefetch_coverage;legacy_timeliness
historical_frozen_i20m_h8_s7_state0_mac0,historical,8,i20m,0,0,interval_100k,summer,NONLOWER_WITH_TIE,700000.0,600000.0,11302.0,11302.0,11302.0,600000.0,5,1200000.0,NOT_EXCEEDS,1100000.0,17763.0,17763.0,17763.0,400000.0,500000.0,useful_prefetch_coverage;selected_accuracy;legacy_timeliness
historical_frozen_i20m_h8_s7_state0_mac0,historical,8,i20m,0,0,interval_100k,summer,NOT_EXCEEDS,1200000.0,1100000.0,19371.0,19371.0,19371.0,1100000.0,1,1300000.0,NONLOWER_WITH_TIE,1200000.0,19371.0,19371.0,19371.0,0.0,100000.0,useful_prefetch_coverage;legacy_timeliness
historical_frozen_i20m_h8_s7_state0_mac0,historical,8,i20m,0,0,interval_100k,summer,NONLOWER_WITH_TIE,1300000.0,1200000.0,20997.0,20997.0,20997.0,1200000.0,1,1400000.0,NOT_EXCEEDS,1300000.0,20997.0,20997.0,20997.0,0.0,100000.0,useful_prefetch_coverage;selected_accuracy;legacy_timeliness
historical_frozen_i20m_h8_s7_state0_mac0,historical,8,i20m,0,0,interval_100k,summer,NOT_EXCEEDS,1400000.0,1300000.0,22603.0,22603.0,22603.0,1300000.0,1,1500000.0,NONLOWER_WITH_TIE,1400000.0,22603.0,22603.0,22603.0,0.0,100000.0,useful_prefetch_coverage;legacy_timeliness
historical_frozen_i20m_h8_s7_state0_mac0,historical,8,i20m,0,0,interval_100k,summer,NONLOWER_WITH_TIE,1500000.0,1400000.0,24230.0,24230.0,24230.0,1400000.0,1,1600000.0,NOT_EXCEEDS,1500000.0,24230.0,24230.0,24230.0,0.0,100000.0,useful_prefetch_coverage;selected_accuracy;legacy_timeliness
historical_frozen_i20m_h8_s7_state0_mac0,historical,8,i20m,0,0,interval_100k,summer,NOT_EXCEEDS,1600000.0,1500000.0,25833.0,25833.0,25833.0,1500000.0,9,2500000.0,NONLOWER_WITH_TIE,2400000.0,38747.0,38747.0,38747.0,800000.0,900000.0,useful_prefetch_coverage;legacy_timeliness
historical_frozen_i20m_h8_s7_state0_mac0,historical,8,i20m,0,0,interval_100k,summer,NONLOWER_WITH_TIE,2500000.0,2400000.0,40357.0,40357.0,40357.0,2400000.0,2,2700000.0,NOT_EXCEEDS,2600000.0,41957.0,41957.0,41957.0,100000.0,200000.0,useful_prefetch_coverage;selected_accuracy;legacy_timeliness
historical_frozen_i20m_h8_s7_state0_mac0,historical,8,i20m,0,0,interval_100k,summer,NOT_EXCEEDS,2700000.0,2600000.0,43590.0,43590.0,43590.0,2600000.0,1,2800000.0,NONLOWER_WITH_TIE,2700000.0,43590.0,43590.0,43590.0,0.0,100000.0,useful_prefetch_coverage;legacy_timeliness
historical_frozen_i20m_h8_s7_state0_mac0,historical,8,i20m,0,0,interval_100k,summer,NONLOWER_WITH_TIE,2800000.0,2700000.0,45192.0,45192.0,45192.0,2700000.0,1,2900000.0,NOT_EXCEEDS,2800000.0,45192.0,45192.0,45192.0,0.0,100000.0,useful_prefetch_coverage;selected_accuracy;legacy_timeliness
historical_frozen_i20m_h8_s7_state0_mac0,historical,8,i20m,0,0,interval_100k,summer,NOT_EXCEEDS,2900000.0,2800000.0,46815.0,46815.0,46815.0,2800000.0,2,3100000.0,NONLOWER_WITH_TIE,3000000.0,48420.0,48420.0,48420.0,100000.0,200000.0,useful_prefetch_coverage;legacy_timeliness
historical_frozen_i20m_h8_s7_state0_mac0,historical,8,i20m,0,0,interval_100k,summer,NONLOWER_WITH_TIE,3100000.0,3000000.0,50041.0,50041.0,50041.0,3000000.0,1,3200000.0,NOT_EXCEEDS,3100000.0,50041.0,50041.0,50041.0,0.0,100000.0,useful_prefetch_coverage;selected_accuracy;legacy_timeliness
historical_frozen_i20m_h8_s7_state0_mac0,historical,8,i20m,0,0,interval_100k,summer,NOT_EXCEEDS,3200000.0,3100000.0,51642.0,51642.0,51642.0,3100000.0,1,3300000.0,NONLOWER_WITH_TIE,3200000.0,51642.0,51642.0,51642.0,0.0,100000.0,useful_prefetch_coverage;legacy_timeliness
historical_frozen_i20m_h8_s7_state0_mac0,historical,8,i20m,0,0,interval_100k,summer,NONLOWER_WITH_TIE,3300000.0,3200000.0,53247.0,53247.0,53247.0,3200000.0,2,3500000.0,NOT_EXCEEDS,3400000.0,54869.0,54869.0,54869.0,100000.0,200000.0,useful_prefetch_coverage;selected_accuracy;legacy_timeliness
historical_frozen_i20m_h8_s7_state0_mac0,historical,8,i20m,0,0,interval_100k,summer,NOT_EXCEEDS,3500000.0,3400000.0,56471.0,56471.0,56471.0,3400000.0,2,3700000.0,NONLOWER_WITH_TIE,3600000.0,58096.0,58096.0,58096.0,100000.0,200000.0,useful_prefetch_coverage;legacy_timeliness
historical_frozen_i20m_h8_s7_state0_mac0,historical,8,i20m,0,0,interval_100k,summer,NONLOWER_WITH_TIE,3700000.0,3600000.0,59684.0,59684.0,59684.0,3600000.0,9,4600000.0,NOT_EXCEEDS,4500000.0,72615.0,72615.0,72615.0,800000.0,900000.0,useful_prefetch_coverage;selected_accuracy;legacy_timeliness
historical_frozen_i20m_h8_s7_state0_mac0,historical,8,i20m,0,0,interval_100k,summer,NOT_EXCEEDS,4600000.0,4500000.0,74222.0,74222.0,74222.0,4500000.0,1,4700000.0,NONLOWER_WITH_TIE,4600000.0,74222.0,74222.0,74222.0,0.0,100000.0,useful_prefetch_coverage;selected_accuracy;legacy_timeliness
historical_frozen_i20m_h8_s7_state0_mac0,historical,8,i20m,0,0,interval_100k,summer,NONLOWER_WITH_TIE,4700000.0,4600000.0,75830.0,75830.0,75830.0,4600000.0,2,4900000.0,NOT_EXCEEDS,4800000.0,77458.0,77458.0,77458.0,100000.0,200000.0,useful_prefetch_coverage;selected_accuracy;legacy_timeliness
historical_frozen_i20m_h8_s7_state0_mac0,historical,8,i20m,0,0,interval_100k,summer,NOT_EXCEEDS,4900000.0,4800000.0,79061.0,79061.0,79061.0,4800000.0,1,5000000.0,NONLOWER_WITH_TIE,4900000.0,79061.0,79061.0,79061.0,0.0,100000.0,useful_prefetch_coverage;legacy_timeliness
historical_frozen_i20m_h8_s7_state0_mac0,historical,8,i20m,0,0,interval_100k,summer,NONLOWER_WITH_TIE,5000000.0,4900000.0,80698.0,80698.0,80698.0,4900000.0,2,5200000.0,NOT_EXCEEDS,5100000.0,82290.0,82290.0,82290.0,100000.0,200000.0,useful_prefetch_coverage;selected_accuracy;legacy_timeliness
historical_frozen_i20m_h8_s7_state0_mac0,historical,8,i20m,0,0,interval_100k,summer,NOT_EXCEEDS,5200000.0,5100000.0,83899.0,83899.0,83899.0,5100000.0,2,5400000.0,NONLOWER_WITH_TIE,5300000.0,85530.0,85530.0,85530.0,100000.0,200000.0,useful_prefetch_coverage;legacy_timeliness
historical_frozen_i20m_h8_s7_state0_mac0,historical,8,i20m,0,0,interval_100k,summer,NONLOWER_WITH_TIE,5400000.0,5300000.0,87134.0,87134.0,87134.0,5300000.0,2,5600000.0,NOT_EXCEEDS,5500000.0,88765.0,88765.0,88765.0,100000.0,200000.0,useful_prefetch_coverage;selected_accuracy;legacy_timeliness
historical_frozen_i20m_h8_s7_state0_mac0,historical,8,i20m,0,0,interval_100k,summer,NOT_EXCEEDS,5600000.0,5500000.0,90371.0,90371.0,90371.0,5500000.0,1,5700000.0,NONLOWER_WITH_TIE,5600000.0,90371.0,90371.0,90371.0,0.0,100000.0,useful_prefetch_coverage;selected_accuracy;legacy_timeliness
historical_frozen_i20m_h8_s7_state0_mac0,historical,8,i20m,0,0,interval_100k,summer,NONLOWER_WITH_TIE,5700000.0,5600000.0,92004.0,92004.0,92004.0,5600000.0,2,5900000.0,NOT_EXCEEDS,5800000.0,93603.0,93603.0,93603.0,100000.0,200000.0,useful_prefetch_coverage;selected_accuracy;legacy_timeliness
historical_frozen_i20m_h8_s7_state0_mac0,historical,8,i20m,0,0,interval_100k,summer,NOT_EXCEEDS,5900000.0,5800000.0,95201.0,95201.0,95201.0,5800000.0,4,6300000.0,NONLOWER_WITH_TIE,6200000.0,100056.0,100056.0,100056.0,300000.0,400000.0,useful_prefetch_coverage;legacy_timeliness
historical_frozen_i20m_h8_s7_state0_mac0,historical,8,i20m,0,0,interval_100k,summer,NONLOWER_WITH_TIE,6300000.0,6200000.0,101661.0,101661.0,101661.0,6200000.0,1,6400000.0,NOT_EXCEEDS,6300000.0,101661.0,101661.0,101661.0,0.0,100000.0,useful_prefetch_coverage;selected_accuracy;legacy_timeliness
historical_frozen_i20m_h8_s7_state0_mac0,historical,8,i20m,0,0,interval_100k,summer,NOT_EXCEEDS,6400000.0,6300000.0,103292.0,103292.0,103292.0,6300000.0,3,6700000.0,NONLOWER_WITH_TIE,6600000.0,106503.0,106503.0,106503.0,200000.0,300000.0,useful_prefetch_coverage;legacy_timeliness
historical_frozen_i20m_h8_s7_state0_mac0,historical,8,i20m,0,0,interval_100k,summer,NONLOWER_WITH_TIE,6700000.0,6600000.0,108152.0,108152.0,108152.0,6600000.0,1,6800000.0,NOT_EXCEEDS,6700000.0,108152.0,108152.0,108152.0,0.0,100000.0,useful_prefetch_coverage;selected_accuracy;legacy_timeliness
historical_frozen_i20m_h8_s7_state0_mac0,historical,8,i20m,0,0,interval_100k,summer,NOT_EXCEEDS,6800000.0,6700000.0,109758.0,109758.0,109758.0,6700000.0,2,7000000.0,NONLOWER_WITH_TIE,6900000.0,111396.0,111396.0,111396.0,100000.0,200000.0,useful_prefetch_coverage;legacy_timeliness
historical_frozen_i20m_h8_s7_state0_mac0,historical,8,i20m,0,0,interval_100k,summer,NONLOWER_WITH_TIE,7000000.0,6900000.0,113002.0,113002.0,113002.0,6900000.0,3,7300000.0,NOT_EXCEEDS,7200000.0,116231.0,116231.0,116231.0,200000.0,300000.0,useful_prefetch_coverage;selected_accuracy;legacy_timeliness
historical_frozen_i20m_h8_s7_state0_mac0,historical,8,i20m,0,0,interval_100k,summer,NOT_EXCEEDS,7300000.0,7200000.0,117841.0,117841.0,117841.0,7200000.0,3,7600000.0,NONLOWER_WITH_TIE,7500000.0,121069.0,121069.0,121069.0,200000.0,300000.0,useful_prefetch_coverage;legacy_timeliness
historical_frozen_i20m_h8_s7_state0_mac0,historical,8,i20m,0,0,interval_100k,summer,NONLOWER_WITH_TIE,7600000.0,7500000.0,122701.0,122701.0,122701.0,7500000.0,1,7700000.0,NOT_EXCEEDS,7600000.0,122701.0,122701.0,122701.0,0.0,100000.0,useful_prefetch_coverage;selected_accuracy;legacy_timeliness
historical_frozen_i20m_h8_s7_state0_mac0,historical,8,i20m,0,0,interval_100k,summer,NOT_EXCEEDS,7700000.0,7600000.0,124298.0,124298.0,124298.0,7600000.0,2,7900000.0,NONLOWER_WITH_TIE,7800000.0,125916.0,125916.0,125916.0,100000.0,200000.0,useful_prefetch_coverage;legacy_timeliness
historical_frozen_i20m_h8_s7_state0_mac0,historical,8,i20m,0,0,interval_100k,summer,NONLOWER_WITH_TIE,7900000.0,7800000.0,127533.0,127533.0,127533.0,7800000.0,1,8000000.0,NOT_EXCEEDS,7900000.0,127533.0,127533.0,127533.0,0.0,100000.0,useful_prefetch_coverage;selected_accuracy;legacy_timeliness
historical_frozen_i20m_h8_s7_state0_mac0,historical,8,i20m,0,0,interval_100k,summer,NOT_EXCEEDS,8000000.0,7900000.0,129134.0,129134.0,129134.0,7900000.0,1,8100000.0,NONLOWER_WITH_TIE,8000000.0,129134.0,129134.0,129134.0,0.0,100000.0,useful_prefetch_coverage;legacy_timeliness
historical_frozen_i20m_h8_s7_state0_mac0,historical,8,i20m,0,0,interval_100k,summer,NONLOWER_WITH_TIE,8100000.0,8000000.0,130769.0,130769.0,130769.0,8000000.0,4,8500000.0,NOT_EXCEEDS,8400000.0,135601.0,135601.0,135601.0,300000.0,400000.0,useful_prefetch_coverage;selected_accuracy;legacy_timeliness
historical_frozen_i20m_h8_s7_state0_mac0,historical,8,i20m,0,0,interval_100k,summer,NOT_EXCEEDS,8500000.0,8400000.0,137207.0,137207.0,137207.0,8400000.0,3,8800000.0,NONLOWER_WITH_TIE,8700000.0,140448.0,140448.0,140448.0,200000.0,300000.0,useful_prefetch_coverage;legacy_timeliness
historical_frozen_i20m_h8_s7_state0_mac0,historical,8,i20m,0,0,interval_100k,summer,NONLOWER_WITH_TIE,8800000.0,8700000.0,142075.0,142075.0,142075.0,8700000.0,1,8900000.0,NOT_EXCEEDS,8800000.0,142075.0,142075.0,142075.0,0.0,100000.0,useful_prefetch_coverage;selected_accuracy;legacy_timeliness
historical_frozen_i20m_h8_s7_state0_mac0,historical,8,i20m,0,0,interval_100k,summer,NOT_EXCEEDS,8900000.0,8800000.0,143670.0,143670.0,143670.0,8800000.0,47,13600000.0,NONLOWER_WITH_TIE,13500000.0,218900.0,218900.0,218900.0,4600000.0,4700000.0,useful_prefetch_coverage;legacy_timeliness
historical_frozen_i20m_h8_s7_state0_mac0,historical,8,i20m,0,0,interval_100k,summer,NONLOWER_WITH_TIE,13600000.0,13500000.0,220506.0,220506.0,220506.0,13500000.0,2,13800000.0,NOT_EXCEEDS,13700000.0,222114.0,222114.0,222114.0,100000.0,200000.0,useful_prefetch_coverage;selected_accuracy;legacy_timeliness
historical_frozen_i20m_h8_s7_state0_mac0,historical,8,i20m,0,0,interval_100k,summer,NOT_EXCEEDS,13800000.0,13700000.0,223731.0,223731.0,223731.0,13700000.0,1,13900000.0,NONLOWER_WITH_TIE,13800000.0,223731.0,223731.0,223731.0,0.0,100000.0,useful_prefetch_coverage;legacy_timeliness
historical_frozen_i20m_h8_s7_state0_mac0,historical,8,i20m,0,0,interval_100k,summer,NONLOWER_WITH_TIE,13900000.0,13800000.0,225328.0,225328.0,225328.0,13800000.0,1,14000000.0,NOT_EXCEEDS,13900000.0,225328.0,225328.0,225328.0,0.0,100000.0,useful_prefetch_coverage;selected_accuracy;legacy_timeliness
historical_frozen_i20m_h8_s7_state0_mac0,historical,8,i20m,0,0,interval_100k,summer,NOT_EXCEEDS,14000000.0,13900000.0,226959.0,226959.0,226959.0,13900000.0,1,14100000.0,NONLOWER_WITH_TIE,14000000.0,226959.0,226959.0,226959.0,0.0,100000.0,useful_prefetch_coverage;legacy_timeliness
historical_frozen_i20m_h8_s7_state0_mac0,historical,8,i20m,0,0,interval_100k,summer,NONLOWER_WITH_TIE,14100000.0,14000000.0,228557.0,228557.0,228557.0,14000000.0,1,14200000.0,NOT_EXCEEDS,14100000.0,228557.0,228557.0,228557.0,0.0,100000.0,useful_prefetch_coverage;selected_accuracy;legacy_timeliness
historical_frozen_i20m_h8_s7_state0_mac0,historical,8,i20m,0,0,interval_100k,summer,NOT_EXCEEDS,14200000.0,14100000.0,230143.0,230143.0,230143.0,14100000.0,1,14300000.0,NONLOWER_WITH_TIE,14200000.0,230143.0,230143.0,230143.0,0.0,100000.0,useful_prefetch_coverage;legacy_timeliness
historical_frozen_i20m_h8_s7_state0_mac0,historical,8,i20m,0,0,interval_100k,summer,NONLOWER_WITH_TIE,14300000.0,14200000.0,231772.0,231772.0,231772.0,14200000.0,2,14500000.0,NOT_EXCEEDS,14400000.0,233367.0,233367.0,233367.0,100000.0,200000.0,useful_prefetch_coverage;selected_accuracy;legacy_timeliness
historical_frozen_i20m_h8_s7_state0_mac0,historical,8,i20m,0,0,interval_100k,summer,NOT_EXCEEDS,14500000.0,14400000.0,234995.0,234995.0,234995.0,14400000.0,1,14600000.0,NONLOWER_WITH_TIE,14500000.0,234995.0,234995.0,234995.0,0.0,100000.0,useful_prefetch_coverage;legacy_timeliness
historical_frozen_i20m_h8_s7_state0_mac0,historical,8,i20m,0,0,interval_100k,summer,NONLOWER_WITH_TIE,14600000.0,14500000.0,236593.0,236593.0,236593.0,14500000.0,3,14900000.0,NOT_EXCEEDS,14800000.0,239826.0,239826.0,239826.0,200000.0,300000.0,useful_prefetch_coverage;selected_accuracy;legacy_timeliness
historical_frozen_i20m_h8_s7_state0_mac0,historical,8,i20m,0,0,interval_100k,summer,NOT_EXCEEDS,14900000.0,14800000.0,241427.0,241427.0,241427.0,14800000.0,2,15100000.0,NONLOWER_WITH_TIE,15000000.0,243054.0,243054.0,243054.0,100000.0,200000.0,useful_prefetch_coverage;legacy_timeliness
historical_frozen_i20m_h8_s7_state0_mac0,historical,8,i20m,0,0,interval_100k,summer,NONLOWER_WITH_TIE,15100000.0,15000000.0,244658.0,244658.0,244658.0,15000000.0,3,15400000.0,NOT_EXCEEDS,15300000.0,247879.0,247879.0,247879.0,200000.0,300000.0,useful_prefetch_coverage;selected_accuracy;legacy_timeliness
historical_frozen_i20m_h8_s7_state0_mac0,historical,8,i20m,0,0,interval_100k,summer,NOT_EXCEEDS,15400000.0,15300000.0,249498.0,249498.0,249498.0,15300000.0,4,15800000.0,NONLOWER_WITH_TIE,15700000.0,254332.0,254332.0,254332.0,300000.0,400000.0,useful_prefetch_coverage;legacy_timeliness
historical_frozen_i20m_h8_s7_state0_mac0,historical,8,i20m,0,0,interval_100k,summer,NONLOWER_WITH_TIE,15800000.0,15700000.0,255936.0,255936.0,255936.0,15700000.0,2,16000000.0,NOT_EXCEEDS,15900000.0,257565.0,257565.0,257565.0,100000.0,200000.0,useful_prefetch_coverage;selected_accuracy;legacy_timeliness
historical_frozen_i20m_h8_s7_state0_mac0,historical,8,i20m,0,0,interval_100k,summer,NOT_EXCEEDS,16000000.0,15900000.0,259166.0,259166.0,259166.0,15900000.0,1,16100000.0,NONLOWER_WITH_TIE,16000000.0,259166.0,259166.0,259166.0,0.0,100000.0,useful_prefetch_coverage;legacy_timeliness
historical_frozen_i20m_h8_s7_state0_mac0,historical,8,i20m,0,0,interval_100k,summer,NONLOWER_WITH_TIE,16100000.0,16000000.0,260786.0,260786.0,260786.0,16000000.0,2,16300000.0,NOT_EXCEEDS,16200000.0,262389.0,262389.0,262389.0,100000.0,200000.0,useful_prefetch_coverage;selected_accuracy;legacy_timeliness
historical_frozen_i20m_h8_s7_state0_mac0,historical,8,i20m,0,0,interval_100k,summer,NOT_EXCEEDS,16300000.0,16200000.0,264019.0,264019.0,264019.0,16200000.0,1,16400000.0,NONLOWER_WITH_TIE,16300000.0,264019.0,264019.0,264019.0,0.0,100000.0,useful_prefetch_coverage;legacy_timeliness
historical_frozen_i20m_h8_s7_state0_mac0,historical,8,i20m,0,0,interval_100k,summer,NONLOWER_WITH_TIE,16400000.0,16300000.0,265618.0,265618.0,265618.0,16300000.0,3,16700000.0,NOT_EXCEEDS,16600000.0,268845.0,268845.0,268845.0,200000.0,300000.0,useful_prefetch_coverage;selected_accuracy;legacy_timeliness
historical_frozen_i20m_h8_s7_state0_mac0,historical,8,i20m,0,0,interval_100k,summer,NOT_EXCEEDS,16700000.0,16600000.0,270454.0,270454.0,270454.0,16600000.0,1,16800000.0,NONLOWER_WITH_TIE,16700000.0,270454.0,270454.0,270454.0,0.0,100000.0,useful_prefetch_coverage;legacy_timeliness
historical_frozen_i20m_h8_s7_state0_mac0,historical,8,i20m,0,0,interval_100k,summer,NONLOWER_WITH_TIE,16800000.0,16700000.0,272075.0,272075.0,272075.0,16700000.0,1,16900000.0,NOT_EXCEEDS,16800000.0,272075.0,272075.0,272075.0,0.0,100000.0,useful_prefetch_coverage;selected_accuracy;legacy_timeliness
historical_frozen_i20m_h8_s7_state0_mac0,historical,8,i20m,0,0,interval_100k,summer,NOT_EXCEEDS,16900000.0,16800000.0,273677.0,273677.0,273677.0,16800000.0,2,17100000.0,NONLOWER_WITH_TIE,17000000.0,275306.0,275306.0,275306.0,100000.0,200000.0,useful_prefetch_coverage;legacy_timeliness
historical_frozen_i20m_h8_s7_state0_mac0,historical,8,i20m,0,0,interval_100k,summer,NONLOWER_WITH_TIE,17100000.0,17000000.0,276911.0,276911.0,276911.0,17000000.0,2,17300000.0,NOT_EXCEEDS,17200000.0,278510.0,278510.0,278510.0,100000.0,200000.0,useful_prefetch_coverage;selected_accuracy;legacy_timeliness
historical_frozen_i20m_h8_s7_state0_mac0,historical,8,i20m,0,0,interval_100k,summer,NOT_EXCEEDS,17300000.0,17200000.0,280137.0,280137.0,280137.0,17200000.0,3,17600000.0,NONLOWER_WITH_TIE,17500000.0,283367.0,283367.0,283367.0,200000.0,300000.0,useful_prefetch_coverage;legacy_timeliness
historical_frozen_i20m_h8_s7_state0_mac0,historical,8,i20m,0,0,interval_100k,summer,NONLOWER_WITH_TIE,17600000.0,17500000.0,284974.0,284974.0,284974.0,17500000.0,4,18000000.0,NOT_EXCEEDS,17900000.0,289804.0,289804.0,289804.0,300000.0,400000.0,useful_prefetch_coverage;selected_accuracy;legacy_timeliness
historical_frozen_i20m_h8_s7_state0_mac0,historical,8,i20m,0,0,interval_100k,summer,NOT_EXCEEDS,18000000.0,17900000.0,291428.0,291428.0,291428.0,17900000.0,2,18200000.0,NONLOWER_WITH_TIE,18100000.0,293026.0,293026.0,293026.0,100000.0,200000.0,useful_prefetch_coverage;legacy_timeliness
historical_frozen_i20m_h8_s7_state0_mac0,historical,8,i20m,0,0,interval_100k,summer,NONLOWER_WITH_TIE,18200000.0,18100000.0,294652.0,294652.0,294652.0,18100000.0,4,18600000.0,NOT_EXCEEDS,18500000.0,299480.0,299480.0,299480.0,300000.0,400000.0,useful_prefetch_coverage;selected_accuracy;legacy_timeliness
historical_frozen_i20m_h8_s7_state0_mac0,historical,8,i20m,0,0,interval_100k,summer,NOT_EXCEEDS,18600000.0,18500000.0,301080.0,301080.0,301080.0,18500000.0,1,18700000.0,NONLOWER_WITH_TIE,18600000.0,301080.0,301080.0,301080.0,0.0,100000.0,useful_prefetch_coverage;legacy_timeliness
historical_frozen_i20m_h8_s7_state0_mac0,historical,8,i20m,0,0,interval_100k,summer,NONLOWER_WITH_TIE,18700000.0,18600000.0,302702.0,302702.0,302702.0,18600000.0,2,18900000.0,NOT_EXCEEDS,18800000.0,304306.0,304306.0,304306.0,100000.0,200000.0,useful_prefetch_coverage;selected_accuracy;legacy_timeliness
historical_frozen_i20m_h8_s7_state0_mac0,historical,8,i20m,0,0,interval_100k,summer,NOT_EXCEEDS,18900000.0,18800000.0,305929.0,305929.0,305929.0,18800000.0,3,19200000.0,NONLOWER_WITH_TIE,19100000.0,309150.0,309150.0,309150.0,200000.0,300000.0,useful_prefetch_coverage;legacy_timeliness
historical_frozen_i20m_h8_s7_state0_mac0,historical,8,i20m,0,0,interval_100k,summer,NONLOWER_WITH_TIE,19200000.0,19100000.0,310758.0,310758.0,310758.0,19100000.0,2,19400000.0,NOT_EXCEEDS,19300000.0,312354.0,312354.0,312354.0,100000.0,200000.0,useful_prefetch_coverage;selected_accuracy;legacy_timeliness
historical_frozen_i20m_h8_s7_state0_mac0,historical,8,i20m,0,0,interval_100k,summer,NOT_EXCEEDS,19400000.0,19300000.0,313986.0,313986.0,313986.0,19300000.0,3,19700000.0,NONLOWER_WITH_TIE,19600000.0,317207.0,317207.0,317207.0,200000.0,300000.0,useful_prefetch_coverage;legacy_timeliness
historical_frozen_i20m_h8_s7_state0_mac0,historical,8,i20m,0,0,interval_100k,summer,NONLOWER_WITH_TIE,19700000.0,19600000.0,318811.0,318811.0,318811.0,19600000.0,2,19900000.0,NOT_EXCEEDS,19800000.0,320437.0,320437.0,320437.0,100000.0,200000.0,useful_prefetch_coverage;selected_accuracy;legacy_timeliness
historical_frozen_i20m_h8_s7_state0_mac0,historical,8,i20m,0,0,interval_100k,summer,NOT_EXCEEDS,19900000.0,19800000.0,322044.0,322044.0,322044.0,19800000.0,3,20200000.0,NONLOWER_WITH_TIE,20100000.0,325272.0,325272.0,325272.0,200000.0,300000.0,useful_prefetch_coverage;legacy_timeliness
historical_frozen_i20m_h8_s7_state0_mac0,historical,8,i20m,0,0,interval_100k,summer,NONLOWER_WITH_TIE,20200000.0,20100000.0,326880.0,326880.0,326880.0,20100000.0,1,20300000.0,NOT_EXCEEDS,20200000.0,326880.0,326880.0,326880.0,0.0,100000.0,useful_prefetch_coverage;selected_accuracy;legacy_timeliness
historical_frozen_i20m_h8_s7_state0_mac0,historical,8,i20m,0,0,interval_100k,summer,NOT_EXCEEDS,20300000.0,20200000.0,328499.0,328499.0,328499.0,20200000.0,1,20400000.0,NONLOWER_WITH_TIE,20300000.0,328499.0,328499.0,328499.0,0.0,100000.0,useful_prefetch_coverage;legacy_timeliness
historical_frozen_i20m_h8_s7_state0_mac0,historical,8,i20m,0,0,interval_100k,summer,NONLOWER_WITH_TIE,20400000.0,20300000.0,330095.0,330095.0,330095.0,20300000.0,3,20700000.0,NOT_EXCEEDS,20600000.0,333313.0,333313.0,333313.0,200000.0,300000.0,useful_prefetch_coverage;selected_accuracy;legacy_timeliness
historical_frozen_i20m_h8_s7_state0_mac0,historical,8,i20m,0,0,interval_100k,summer,NOT_EXCEEDS,20700000.0,20600000.0,334911.0,334911.0,334911.0,20600000.0,1,20800000.0,NONLOWER_WITH_TIE,20700000.0,334911.0,334911.0,334911.0,0.0,100000.0,useful_prefetch_coverage;legacy_timeliness
historical_frozen_i20m_h8_s7_state0_mac0,historical,8,i20m,0,0,interval_100k,summer,NONLOWER_WITH_TIE,20800000.0,20700000.0,336533.0,336533.0,336533.0,20700000.0,6,21400000.0,NOT_EXCEEDS,21300000.0,344591.0,344591.0,344591.0,500000.0,600000.0,useful_prefetch_coverage;selected_accuracy;legacy_timeliness
historical_frozen_i20m_h8_s7_state0_mac0,historical,8,i20m,0,0,interval_100k,summer,NOT_EXCEEDS,21400000.0,21300000.0,346190.0,346190.0,346190.0,21300000.0,37,NA,NA,25000000.0,404219.0,404219.0,404219.0,3600000.0,3700000.0,
historical_frozen_i20m_h8_s7_state0_mac0,historical,8,i20m,0,0,interval_100k,stride_and_summer,NOT_EXCEEDS,100000.0,0.0,1626.0,1626.0,1626.0,NA,10,1100000.0,NONLOWER_WITH_TIE,1000000.0,16163.0,16163.0,16163.0,900000.0,1000000.0,stride:legacy_timeliness;summer:useful_prefetch_coverage;summer:legacy_timeliness
historical_frozen_i20m_h8_s7_state0_mac0,historical,8,i20m,0,0,interval_100k,stride_and_summer,NONLOWER_WITH_TIE,1100000.0,1000000.0,17763.0,17763.0,17763.0,1000000.0,1,1200000.0,NOT_EXCEEDS,1100000.0,17763.0,17763.0,17763.0,0.0,100000.0,stride:selected_accuracy;stride:legacy_timeliness;summer:useful_prefetch_coverage;summer:selected_accuracy;summer:legacy_timeliness
historical_frozen_i20m_h8_s7_state0_mac0,historical,8,i20m,0,0,interval_100k,stride_and_summer,NOT_EXCEEDS,1200000.0,1100000.0,19371.0,19371.0,19371.0,1100000.0,28,4000000.0,NONLOWER_WITH_TIE,3900000.0,62915.0,62915.0,62915.0,2700000.0,2800000.0,stride:legacy_timeliness;summer:useful_prefetch_coverage;summer:legacy_timeliness
historical_frozen_i20m_h8_s7_state0_mac0,historical,8,i20m,0,0,interval_100k,stride_and_summer,NONLOWER_WITH_TIE,4000000.0,3900000.0,64520.0,64520.0,64520.0,3900000.0,1,4100000.0,NOT_EXCEEDS,4000000.0,64520.0,64520.0,64520.0,0.0,100000.0,stride:selected_accuracy;summer:useful_prefetch_coverage;summer:legacy_timeliness
historical_frozen_i20m_h8_s7_state0_mac0,historical,8,i20m,0,0,interval_100k,stride_and_summer,NOT_EXCEEDS,4100000.0,4000000.0,66150.0,66150.0,66150.0,4000000.0,41,8200000.0,NONLOWER_WITH_TIE,8100000.0,130769.0,130769.0,130769.0,4000000.0,4100000.0,stride:legacy_timeliness;summer:useful_prefetch_coverage;summer:legacy_timeliness
historical_frozen_i20m_h8_s7_state0_mac0,historical,8,i20m,0,0,interval_100k,stride_and_summer,NONLOWER_WITH_TIE,8200000.0,8100000.0,132370.0,132370.0,132370.0,8100000.0,1,8300000.0,NOT_EXCEEDS,8200000.0,132370.0,132370.0,132370.0,0.0,100000.0,stride:selected_accuracy;stride:legacy_timeliness;summer:useful_prefetch_coverage;summer:selected_accuracy;summer:legacy_timeliness
historical_frozen_i20m_h8_s7_state0_mac0,historical,8,i20m,0,0,interval_100k,stride_and_summer,NOT_EXCEEDS,8300000.0,8200000.0,133996.0,133996.0,133996.0,8200000.0,81,16400000.0,NONLOWER_WITH_TIE,16300000.0,264019.0,264019.0,264019.0,8000000.0,8100000.0,stride:legacy_timeliness;summer:useful_prefetch_coverage;summer:legacy_timeliness
historical_frozen_i20m_h8_s7_state0_mac0,historical,8,i20m,0,0,interval_100k,stride_and_summer,NONLOWER_WITH_TIE,16400000.0,16300000.0,265618.0,265618.0,265618.0,16300000.0,1,16500000.0,NOT_EXCEEDS,16400000.0,265618.0,265618.0,265618.0,0.0,100000.0,stride:selected_accuracy;stride:legacy_timeliness;summer:useful_prefetch_coverage;summer:legacy_timeliness
historical_frozen_i20m_h8_s7_state0_mac0,historical,8,i20m,0,0,interval_100k,stride_and_summer,NOT_EXCEEDS,16500000.0,16400000.0,267224.0,267224.0,267224.0,16400000.0,11,17600000.0,NONLOWER_WITH_TIE,17500000.0,283367.0,283367.0,283367.0,1000000.0,1100000.0,stride:legacy_timeliness;summer:useful_prefetch_coverage;summer:legacy_timeliness
historical_frozen_i20m_h8_s7_state0_mac0,historical,8,i20m,0,0,interval_100k,stride_and_summer,NONLOWER_WITH_TIE,17600000.0,17500000.0,284974.0,284974.0,284974.0,17500000.0,1,17700000.0,NOT_EXCEEDS,17600000.0,284974.0,284974.0,284974.0,0.0,100000.0,stride:selected_accuracy;summer:useful_prefetch_coverage;summer:legacy_timeliness
historical_frozen_i20m_h8_s7_state0_mac0,historical,8,i20m,0,0,interval_100k,stride_and_summer,NOT_EXCEEDS,17700000.0,17600000.0,286573.0,286573.0,286573.0,17600000.0,6,18300000.0,NONLOWER_WITH_TIE,18200000.0,294652.0,294652.0,294652.0,500000.0,600000.0,stride:legacy_timeliness;summer:useful_prefetch_coverage;summer:legacy_timeliness
historical_frozen_i20m_h8_s7_state0_mac0,historical,8,i20m,0,0,interval_100k,stride_and_summer,NONLOWER_WITH_TIE,18300000.0,18200000.0,296254.0,296254.0,296254.0,18200000.0,1,18400000.0,NOT_EXCEEDS,18300000.0,296254.0,296254.0,296254.0,0.0,100000.0,stride:selected_accuracy;stride:legacy_timeliness;summer:useful_prefetch_coverage;summer:legacy_timeliness
historical_frozen_i20m_h8_s7_state0_mac0,historical,8,i20m,0,0,interval_100k,stride_and_summer,NOT_EXCEEDS,18400000.0,18300000.0,297876.0,297876.0,297876.0,18300000.0,22,20600000.0,NONLOWER_WITH_TIE,20500000.0,331714.0,331714.0,331714.0,2100000.0,2200000.0,stride:legacy_timeliness;summer:useful_prefetch_coverage;summer:legacy_timeliness
historical_frozen_i20m_h8_s7_state0_mac0,historical,8,i20m,0,0,interval_100k,stride_and_summer,NONLOWER_WITH_TIE,20600000.0,20500000.0,333313.0,333313.0,333313.0,20500000.0,1,20700000.0,NOT_EXCEEDS,20600000.0,333313.0,333313.0,333313.0,0.0,100000.0,stride:selected_accuracy;stride:legacy_timeliness;summer:useful_prefetch_coverage;summer:selected_accuracy;summer:legacy_timeliness
historical_frozen_i20m_h8_s7_state0_mac0,historical,8,i20m,0,0,interval_100k,stride_and_summer,NOT_EXCEEDS,20700000.0,20600000.0,334911.0,334911.0,334911.0,20600000.0,44,NA,NA,25000000.0,404219.0,404219.0,404219.0,4300000.0,4400000.0,
historical_frozen_i20m_h8_s7_state0_mac0,historical,8,i20m,0,0,interval_100k,offline_same_checkpoint,NOT_EXCEEDS,100000.0,0.0,1626.0,1626.0,1626.0,NA,2,300000.0,NONLOWER_WITH_TIE,200000.0,3234.0,3234.0,3234.0,100000.0,200000.0,useful_prefetch_coverage;legacy_timeliness
historical_frozen_i20m_h8_s7_state0_mac0,historical,8,i20m,0,0,interval_100k,offline_same_checkpoint,NONLOWER_WITH_TIE,300000.0,200000.0,4841.0,4841.0,4841.0,200000.0,1,400000.0,NOT_EXCEEDS,300000.0,4841.0,4841.0,4841.0,0.0,100000.0,useful_prefetch_coverage;selected_accuracy;legacy_timeliness
historical_frozen_i20m_h8_s7_state0_mac0,historical,8,i20m,0,0,interval_100k,offline_same_checkpoint,NOT_EXCEEDS,400000.0,300000.0,6463.0,6463.0,6463.0,300000.0,1,500000.0,NONLOWER_WITH_TIE,400000.0,6463.0,6463.0,6463.0,0.0,100000.0,useful_prefetch_coverage;legacy_timeliness
historical_frozen_i20m_h8_s7_state0_mac0,historical,8,i20m,0,0,interval_100k,offline_same_checkpoint,NONLOWER_WITH_TIE,500000.0,400000.0,8067.0,8067.0,8067.0,400000.0,1,600000.0,NOT_EXCEEDS,500000.0,8067.0,8067.0,8067.0,0.0,100000.0,useful_prefetch_coverage;selected_accuracy;legacy_timeliness
historical_frozen_i20m_h8_s7_state0_mac0,historical,8,i20m,0,0,interval_100k,offline_same_checkpoint,NOT_EXCEEDS,600000.0,500000.0,9693.0,9693.0,9693.0,500000.0,1,700000.0,NONLOWER_WITH_TIE,600000.0,9693.0,9693.0,9693.0,0.0,100000.0,useful_prefetch_coverage;legacy_timeliness
historical_frozen_i20m_h8_s7_state0_mac0,historical,8,i20m,0,0,interval_100k,offline_same_checkpoint,NONLOWER_WITH_TIE,700000.0,600000.0,11302.0,11302.0,11302.0,600000.0,5,1200000.0,NOT_EXCEEDS,1100000.0,17763.0,17763.0,17763.0,400000.0,500000.0,useful_prefetch_coverage;selected_accuracy;legacy_timeliness
historical_frozen_i20m_h8_s7_state0_mac0,historical,8,i20m,0,0,interval_100k,offline_same_checkpoint,NOT_EXCEEDS,1200000.0,1100000.0,19371.0,19371.0,19371.0,1100000.0,1,1300000.0,NONLOWER_WITH_TIE,1200000.0,19371.0,19371.0,19371.0,0.0,100000.0,useful_prefetch_coverage;legacy_timeliness
historical_frozen_i20m_h8_s7_state0_mac0,historical,8,i20m,0,0,interval_100k,offline_same_checkpoint,NONLOWER_WITH_TIE,1300000.0,1200000.0,20997.0,20997.0,20997.0,1200000.0,1,1400000.0,NOT_EXCEEDS,1300000.0,20997.0,20997.0,20997.0,0.0,100000.0,useful_prefetch_coverage;selected_accuracy;legacy_timeliness
historical_frozen_i20m_h8_s7_state0_mac0,historical,8,i20m,0,0,interval_100k,offline_same_checkpoint,NOT_EXCEEDS,1400000.0,1300000.0,22603.0,22603.0,22603.0,1300000.0,1,1500000.0,NONLOWER_WITH_TIE,1400000.0,22603.0,22603.0,22603.0,0.0,100000.0,useful_prefetch_coverage;legacy_timeliness
historical_frozen_i20m_h8_s7_state0_mac0,historical,8,i20m,0,0,interval_100k,offline_same_checkpoint,NONLOWER_WITH_TIE,1500000.0,1400000.0,24230.0,24230.0,24230.0,1400000.0,1,1600000.0,NOT_EXCEEDS,1500000.0,24230.0,24230.0,24230.0,0.0,100000.0,useful_prefetch_coverage;selected_accuracy;legacy_timeliness
historical_frozen_i20m_h8_s7_state0_mac0,historical,8,i20m,0,0,interval_100k,offline_same_checkpoint,NOT_EXCEEDS,1600000.0,1500000.0,25833.0,25833.0,25833.0,1500000.0,9,2500000.0,NONLOWER_WITH_TIE,2400000.0,38747.0,38747.0,38747.0,800000.0,900000.0,useful_prefetch_coverage;legacy_timeliness
historical_frozen_i20m_h8_s7_state0_mac0,historical,8,i20m,0,0,interval_100k,offline_same_checkpoint,NONLOWER_WITH_TIE,2500000.0,2400000.0,40357.0,40357.0,40357.0,2400000.0,2,2700000.0,NOT_EXCEEDS,2600000.0,41957.0,41957.0,41957.0,100000.0,200000.0,useful_prefetch_coverage;selected_accuracy;legacy_timeliness
historical_frozen_i20m_h8_s7_state0_mac0,historical,8,i20m,0,0,interval_100k,offline_same_checkpoint,NOT_EXCEEDS,2700000.0,2600000.0,43590.0,43590.0,43590.0,2600000.0,1,2800000.0,NONLOWER_WITH_TIE,2700000.0,43590.0,43590.0,43590.0,0.0,100000.0,useful_prefetch_coverage;legacy_timeliness
historical_frozen_i20m_h8_s7_state0_mac0,historical,8,i20m,0,0,interval_100k,offline_same_checkpoint,NONLOWER_WITH_TIE,2800000.0,2700000.0,45192.0,45192.0,45192.0,2700000.0,1,2900000.0,NOT_EXCEEDS,2800000.0,45192.0,45192.0,45192.0,0.0,100000.0,useful_prefetch_coverage;selected_accuracy;legacy_timeliness
historical_frozen_i20m_h8_s7_state0_mac0,historical,8,i20m,0,0,interval_100k,offline_same_checkpoint,NOT_EXCEEDS,2900000.0,2800000.0,46815.0,46815.0,46815.0,2800000.0,2,3100000.0,NONLOWER_WITH_TIE,3000000.0,48420.0,48420.0,48420.0,100000.0,200000.0,useful_prefetch_coverage;legacy_timeliness
historical_frozen_i20m_h8_s7_state0_mac0,historical,8,i20m,0,0,interval_100k,offline_same_checkpoint,NONLOWER_WITH_TIE,3100000.0,3000000.0,50041.0,50041.0,50041.0,3000000.0,1,3200000.0,NOT_EXCEEDS,3100000.0,50041.0,50041.0,50041.0,0.0,100000.0,useful_prefetch_coverage;selected_accuracy;legacy_timeliness
historical_frozen_i20m_h8_s7_state0_mac0,historical,8,i20m,0,0,interval_100k,offline_same_checkpoint,NOT_EXCEEDS,3200000.0,3100000.0,51642.0,51642.0,51642.0,3100000.0,1,3300000.0,NONLOWER_WITH_TIE,3200000.0,51642.0,51642.0,51642.0,0.0,100000.0,useful_prefetch_coverage;legacy_timeliness
historical_frozen_i20m_h8_s7_state0_mac0,historical,8,i20m,0,0,interval_100k,offline_same_checkpoint,NONLOWER_WITH_TIE,3300000.0,3200000.0,53247.0,53247.0,53247.0,3200000.0,2,3500000.0,NOT_EXCEEDS,3400000.0,54869.0,54869.0,54869.0,100000.0,200000.0,useful_prefetch_coverage;selected_accuracy;legacy_timeliness
historical_frozen_i20m_h8_s7_state0_mac0,historical,8,i20m,0,0,interval_100k,offline_same_checkpoint,NOT_EXCEEDS,3500000.0,3400000.0,56471.0,56471.0,56471.0,3400000.0,2,3700000.0,NONLOWER_WITH_TIE,3600000.0,58096.0,58096.0,58096.0,100000.0,200000.0,useful_prefetch_coverage;legacy_timeliness
historical_frozen_i20m_h8_s7_state0_mac0,historical,8,i20m,0,0,interval_100k,offline_same_checkpoint,NONLOWER_WITH_TIE,3700000.0,3600000.0,59684.0,59684.0,59684.0,3600000.0,9,4600000.0,NOT_EXCEEDS,4500000.0,72615.0,72615.0,72615.0,800000.0,900000.0,useful_prefetch_coverage;selected_accuracy;legacy_timeliness
historical_frozen_i20m_h8_s7_state0_mac0,historical,8,i20m,0,0,interval_100k,offline_same_checkpoint,NOT_EXCEEDS,4600000.0,4500000.0,74222.0,74222.0,74222.0,4500000.0,1,4700000.0,NONLOWER_WITH_TIE,4600000.0,74222.0,74222.0,74222.0,0.0,100000.0,useful_prefetch_coverage;selected_accuracy;legacy_timeliness
historical_frozen_i20m_h8_s7_state0_mac0,historical,8,i20m,0,0,interval_100k,offline_same_checkpoint,NONLOWER_WITH_TIE,4700000.0,4600000.0,75830.0,75830.0,75830.0,4600000.0,2,4900000.0,NOT_EXCEEDS,4800000.0,77458.0,77458.0,77458.0,100000.0,200000.0,useful_prefetch_coverage;selected_accuracy;legacy_timeliness
historical_frozen_i20m_h8_s7_state0_mac0,historical,8,i20m,0,0,interval_100k,offline_same_checkpoint,NOT_EXCEEDS,4900000.0,4800000.0,79061.0,79061.0,79061.0,4800000.0,1,5000000.0,NONLOWER_WITH_TIE,4900000.0,79061.0,79061.0,79061.0,0.0,100000.0,useful_prefetch_coverage;legacy_timeliness
historical_frozen_i20m_h8_s7_state0_mac0,historical,8,i20m,0,0,interval_100k,offline_same_checkpoint,NONLOWER_WITH_TIE,5000000.0,4900000.0,80698.0,80698.0,80698.0,4900000.0,2,5200000.0,NOT_EXCEEDS,5100000.0,82290.0,82290.0,82290.0,100000.0,200000.0,useful_prefetch_coverage;selected_accuracy;legacy_timeliness
historical_frozen_i20m_h8_s7_state0_mac0,historical,8,i20m,0,0,interval_100k,offline_same_checkpoint,NOT_EXCEEDS,5200000.0,5100000.0,83899.0,83899.0,83899.0,5100000.0,2,5400000.0,NONLOWER_WITH_TIE,5300000.0,85530.0,85530.0,85530.0,100000.0,200000.0,useful_prefetch_coverage;legacy_timeliness
historical_frozen_i20m_h8_s7_state0_mac0,historical,8,i20m,0,0,interval_100k,offline_same_checkpoint,NONLOWER_WITH_TIE,5400000.0,5300000.0,87134.0,87134.0,87134.0,5300000.0,2,5600000.0,NOT_EXCEEDS,5500000.0,88765.0,88765.0,88765.0,100000.0,200000.0,useful_prefetch_coverage;selected_accuracy;legacy_timeliness
historical_frozen_i20m_h8_s7_state0_mac0,historical,8,i20m,0,0,interval_100k,offline_same_checkpoint,NOT_EXCEEDS,5600000.0,5500000.0,90371.0,90371.0,90371.0,5500000.0,1,5700000.0,NONLOWER_WITH_TIE,5600000.0,90371.0,90371.0,90371.0,0.0,100000.0,useful_prefetch_coverage;selected_accuracy;legacy_timeliness
historical_frozen_i20m_h8_s7_state0_mac0,historical,8,i20m,0,0,interval_100k,offline_same_checkpoint,NONLOWER_WITH_TIE,5700000.0,5600000.0,92004.0,92004.0,92004.0,5600000.0,2,5900000.0,NOT_EXCEEDS,5800000.0,93603.0,93603.0,93603.0,100000.0,200000.0,useful_prefetch_coverage;selected_accuracy;legacy_timeliness
historical_frozen_i20m_h8_s7_state0_mac0,historical,8,i20m,0,0,interval_100k,offline_same_checkpoint,NOT_EXCEEDS,5900000.0,5800000.0,95201.0,95201.0,95201.0,5800000.0,4,6300000.0,NONLOWER_WITH_TIE,6200000.0,100056.0,100056.0,100056.0,300000.0,400000.0,useful_prefetch_coverage;legacy_timeliness
historical_frozen_i20m_h8_s7_state0_mac0,historical,8,i20m,0,0,interval_100k,offline_same_checkpoint,NONLOWER_WITH_TIE,6300000.0,6200000.0,101661.0,101661.0,101661.0,6200000.0,1,6400000.0,NOT_EXCEEDS,6300000.0,101661.0,101661.0,101661.0,0.0,100000.0,useful_prefetch_coverage;selected_accuracy;legacy_timeliness
historical_frozen_i20m_h8_s7_state0_mac0,historical,8,i20m,0,0,interval_100k,offline_same_checkpoint,NOT_EXCEEDS,6400000.0,6300000.0,103292.0,103292.0,103292.0,6300000.0,3,6700000.0,NONLOWER_WITH_TIE,6600000.0,106503.0,106503.0,106503.0,200000.0,300000.0,useful_prefetch_coverage;legacy_timeliness
historical_frozen_i20m_h8_s7_state0_mac0,historical,8,i20m,0,0,interval_100k,offline_same_checkpoint,NONLOWER_WITH_TIE,6700000.0,6600000.0,108152.0,108152.0,108152.0,6600000.0,1,6800000.0,NOT_EXCEEDS,6700000.0,108152.0,108152.0,108152.0,0.0,100000.0,useful_prefetch_coverage;selected_accuracy;legacy_timeliness
historical_frozen_i20m_h8_s7_state0_mac0,historical,8,i20m,0,0,interval_100k,offline_same_checkpoint,NOT_EXCEEDS,6800000.0,6700000.0,109758.0,109758.0,109758.0,6700000.0,2,7000000.0,NONLOWER_WITH_TIE,6900000.0,111396.0,111396.0,111396.0,100000.0,200000.0,useful_prefetch_coverage;legacy_timeliness
historical_frozen_i20m_h8_s7_state0_mac0,historical,8,i20m,0,0,interval_100k,offline_same_checkpoint,NONLOWER_WITH_TIE,7000000.0,6900000.0,113002.0,113002.0,113002.0,6900000.0,3,7300000.0,NOT_EXCEEDS,7200000.0,116231.0,116231.0,116231.0,200000.0,300000.0,useful_prefetch_coverage;selected_accuracy;legacy_timeliness
historical_frozen_i20m_h8_s7_state0_mac0,historical,8,i20m,0,0,interval_100k,offline_same_checkpoint,NOT_EXCEEDS,7300000.0,7200000.0,117841.0,117841.0,117841.0,7200000.0,3,7600000.0,NONLOWER_WITH_TIE,7500000.0,121069.0,121069.0,121069.0,200000.0,300000.0,useful_prefetch_coverage;legacy_timeliness
historical_frozen_i20m_h8_s7_state0_mac0,historical,8,i20m,0,0,interval_100k,offline_same_checkpoint,NONLOWER_WITH_TIE,7600000.0,7500000.0,122701.0,122701.0,122701.0,7500000.0,1,7700000.0,NOT_EXCEEDS,7600000.0,122701.0,122701.0,122701.0,0.0,100000.0,useful_prefetch_coverage;selected_accuracy;legacy_timeliness
historical_frozen_i20m_h8_s7_state0_mac0,historical,8,i20m,0,0,interval_100k,offline_same_checkpoint,NOT_EXCEEDS,7700000.0,7600000.0,124298.0,124298.0,124298.0,7600000.0,2,7900000.0,NONLOWER_WITH_TIE,7800000.0,125916.0,125916.0,125916.0,100000.0,200000.0,useful_prefetch_coverage;legacy_timeliness
historical_frozen_i20m_h8_s7_state0_mac0,historical,8,i20m,0,0,interval_100k,offline_same_checkpoint,NONLOWER_WITH_TIE,7900000.0,7800000.0,127533.0,127533.0,127533.0,7800000.0,1,8000000.0,NOT_EXCEEDS,7900000.0,127533.0,127533.0,127533.0,0.0,100000.0,useful_prefetch_coverage;selected_accuracy;legacy_timeliness
historical_frozen_i20m_h8_s7_state0_mac0,historical,8,i20m,0,0,interval_100k,offline_same_checkpoint,NOT_EXCEEDS,8000000.0,7900000.0,129134.0,129134.0,129134.0,7900000.0,1,8100000.0,NONLOWER_WITH_TIE,8000000.0,129134.0,129134.0,129134.0,0.0,100000.0,useful_prefetch_coverage;legacy_timeliness
historical_frozen_i20m_h8_s7_state0_mac0,historical,8,i20m,0,0,interval_100k,offline_same_checkpoint,NONLOWER_WITH_TIE,8100000.0,8000000.0,130769.0,130769.0,130769.0,8000000.0,4,8500000.0,NOT_EXCEEDS,8400000.0,135601.0,135601.0,135601.0,300000.0,400000.0,useful_prefetch_coverage;selected_accuracy;legacy_timeliness
historical_frozen_i20m_h8_s7_state0_mac0,historical,8,i20m,0,0,interval_100k,offline_same_checkpoint,NOT_EXCEEDS,8500000.0,8400000.0,137207.0,137207.0,137207.0,8400000.0,3,8800000.0,NONLOWER_WITH_TIE,8700000.0,140448.0,140448.0,140448.0,200000.0,300000.0,useful_prefetch_coverage;legacy_timeliness
historical_frozen_i20m_h8_s7_state0_mac0,historical,8,i20m,0,0,interval_100k,offline_same_checkpoint,NONLOWER_WITH_TIE,8800000.0,8700000.0,142075.0,142075.0,142075.0,8700000.0,1,8900000.0,NOT_EXCEEDS,8800000.0,142075.0,142075.0,142075.0,0.0,100000.0,useful_prefetch_coverage;selected_accuracy;legacy_timeliness
historical_frozen_i20m_h8_s7_state0_mac0,historical,8,i20m,0,0,interval_100k,offline_same_checkpoint,NOT_EXCEEDS,8900000.0,8800000.0,143670.0,143670.0,143670.0,8800000.0,47,13600000.0,NONLOWER_WITH_TIE,13500000.0,218900.0,218900.0,218900.0,4600000.0,4700000.0,useful_prefetch_coverage;legacy_timeliness
historical_frozen_i20m_h8_s7_state0_mac0,historical,8,i20m,0,0,interval_100k,offline_same_checkpoint,NONLOWER_WITH_TIE,13600000.0,13500000.0,220506.0,220506.0,220506.0,13500000.0,2,13800000.0,NOT_EXCEEDS,13700000.0,222114.0,222114.0,222114.0,100000.0,200000.0,useful_prefetch_coverage;selected_accuracy;legacy_timeliness
historical_frozen_i20m_h8_s7_state0_mac0,historical,8,i20m,0,0,interval_100k,offline_same_checkpoint,NOT_EXCEEDS,13800000.0,13700000.0,223731.0,223731.0,223731.0,13700000.0,1,13900000.0,NONLOWER_WITH_TIE,13800000.0,223731.0,223731.0,223731.0,0.0,100000.0,useful_prefetch_coverage;legacy_timeliness
historical_frozen_i20m_h8_s7_state0_mac0,historical,8,i20m,0,0,interval_100k,offline_same_checkpoint,NONLOWER_WITH_TIE,13900000.0,13800000.0,225328.0,225328.0,225328.0,13800000.0,1,14000000.0,NOT_EXCEEDS,13900000.0,225328.0,225328.0,225328.0,0.0,100000.0,useful_prefetch_coverage;selected_accuracy;legacy_timeliness
historical_frozen_i20m_h8_s7_state0_mac0,historical,8,i20m,0,0,interval_100k,offline_same_checkpoint,NOT_EXCEEDS,14000000.0,13900000.0,226959.0,226959.0,226959.0,13900000.0,1,14100000.0,NONLOWER_WITH_TIE,14000000.0,226959.0,226959.0,226959.0,0.0,100000.0,useful_prefetch_coverage;legacy_timeliness
historical_frozen_i20m_h8_s7_state0_mac0,historical,8,i20m,0,0,interval_100k,offline_same_checkpoint,NONLOWER_WITH_TIE,14100000.0,14000000.0,228557.0,228557.0,228557.0,14000000.0,1,14200000.0,NOT_EXCEEDS,14100000.0,228557.0,228557.0,228557.0,0.0,100000.0,useful_prefetch_coverage;selected_accuracy;legacy_timeliness
historical_frozen_i20m_h8_s7_state0_mac0,historical,8,i20m,0,0,interval_100k,offline_same_checkpoint,NOT_EXCEEDS,14200000.0,14100000.0,230143.0,230143.0,230143.0,14100000.0,1,14300000.0,NONLOWER_WITH_TIE,14200000.0,230143.0,230143.0,230143.0,0.0,100000.0,useful_prefetch_coverage;legacy_timeliness
historical_frozen_i20m_h8_s7_state0_mac0,historical,8,i20m,0,0,interval_100k,offline_same_checkpoint,NONLOWER_WITH_TIE,14300000.0,14200000.0,231772.0,231772.0,231772.0,14200000.0,2,14500000.0,NOT_EXCEEDS,14400000.0,233367.0,233367.0,233367.0,100000.0,200000.0,useful_prefetch_coverage;selected_accuracy;legacy_timeliness
historical_frozen_i20m_h8_s7_state0_mac0,historical,8,i20m,0,0,interval_100k,offline_same_checkpoint,NOT_EXCEEDS,14500000.0,14400000.0,234995.0,234995.0,234995.0,14400000.0,1,14600000.0,NONLOWER_WITH_TIE,14500000.0,234995.0,234995.0,234995.0,0.0,100000.0,useful_prefetch_coverage;legacy_timeliness
historical_frozen_i20m_h8_s7_state0_mac0,historical,8,i20m,0,0,interval_100k,offline_same_checkpoint,NONLOWER_WITH_TIE,14600000.0,14500000.0,236593.0,236593.0,236593.0,14500000.0,3,14900000.0,NOT_EXCEEDS,14800000.0,239826.0,239826.0,239826.0,200000.0,300000.0,useful_prefetch_coverage;selected_accuracy;legacy_timeliness
historical_frozen_i20m_h8_s7_state0_mac0,historical,8,i20m,0,0,interval_100k,offline_same_checkpoint,NOT_EXCEEDS,14900000.0,14800000.0,241427.0,241427.0,241427.0,14800000.0,2,15100000.0,NONLOWER_WITH_TIE,15000000.0,243054.0,243054.0,243054.0,100000.0,200000.0,useful_prefetch_coverage;legacy_timeliness
historical_frozen_i20m_h8_s7_state0_mac0,historical,8,i20m,0,0,interval_100k,offline_same_checkpoint,NONLOWER_WITH_TIE,15100000.0,15000000.0,244658.0,244658.0,244658.0,15000000.0,3,15400000.0,NOT_EXCEEDS,15300000.0,247879.0,247879.0,247879.0,200000.0,300000.0,useful_prefetch_coverage;selected_accuracy;legacy_timeliness
historical_frozen_i20m_h8_s7_state0_mac0,historical,8,i20m,0,0,interval_100k,offline_same_checkpoint,NOT_EXCEEDS,15400000.0,15300000.0,249498.0,249498.0,249498.0,15300000.0,4,15800000.0,NONLOWER_WITH_TIE,15700000.0,254332.0,254332.0,254332.0,300000.0,400000.0,useful_prefetch_coverage;legacy_timeliness
historical_frozen_i20m_h8_s7_state0_mac0,historical,8,i20m,0,0,interval_100k,offline_same_checkpoint,NONLOWER_WITH_TIE,15800000.0,15700000.0,255936.0,255936.0,255936.0,15700000.0,2,16000000.0,NOT_EXCEEDS,15900000.0,257565.0,257565.0,257565.0,100000.0,200000.0,useful_prefetch_coverage;selected_accuracy;legacy_timeliness
historical_frozen_i20m_h8_s7_state0_mac0,historical,8,i20m,0,0,interval_100k,offline_same_checkpoint,NOT_EXCEEDS,16000000.0,15900000.0,259166.0,259166.0,259166.0,15900000.0,1,16100000.0,NONLOWER_WITH_TIE,16000000.0,259166.0,259166.0,259166.0,0.0,100000.0,useful_prefetch_coverage;legacy_timeliness
historical_frozen_i20m_h8_s7_state0_mac0,historical,8,i20m,0,0,interval_100k,offline_same_checkpoint,NONLOWER_WITH_TIE,16100000.0,16000000.0,260786.0,260786.0,260786.0,16000000.0,2,16300000.0,NOT_EXCEEDS,16200000.0,262389.0,262389.0,262389.0,100000.0,200000.0,useful_prefetch_coverage;selected_accuracy;legacy_timeliness
historical_frozen_i20m_h8_s7_state0_mac0,historical,8,i20m,0,0,interval_100k,offline_same_checkpoint,NOT_EXCEEDS,16300000.0,16200000.0,264019.0,264019.0,264019.0,16200000.0,1,16400000.0,NONLOWER_WITH_TIE,16300000.0,264019.0,264019.0,264019.0,0.0,100000.0,useful_prefetch_coverage;legacy_timeliness
historical_frozen_i20m_h8_s7_state0_mac0,historical,8,i20m,0,0,interval_100k,offline_same_checkpoint,NONLOWER_WITH_TIE,16400000.0,16300000.0,265618.0,265618.0,265618.0,16300000.0,3,16700000.0,NOT_EXCEEDS,16600000.0,268845.0,268845.0,268845.0,200000.0,300000.0,useful_prefetch_coverage;selected_accuracy;legacy_timeliness
historical_frozen_i20m_h8_s7_state0_mac0,historical,8,i20m,0,0,interval_100k,offline_same_checkpoint,NOT_EXCEEDS,16700000.0,16600000.0,270454.0,270454.0,270454.0,16600000.0,1,16800000.0,NONLOWER_WITH_TIE,16700000.0,270454.0,270454.0,270454.0,0.0,100000.0,useful_prefetch_coverage;legacy_timeliness
historical_frozen_i20m_h8_s7_state0_mac0,historical,8,i20m,0,0,interval_100k,offline_same_checkpoint,NONLOWER_WITH_TIE,16800000.0,16700000.0,272075.0,272075.0,272075.0,16700000.0,1,16900000.0,NOT_EXCEEDS,16800000.0,272075.0,272075.0,272075.0,0.0,100000.0,useful_prefetch_coverage;selected_accuracy;legacy_timeliness
historical_frozen_i20m_h8_s7_state0_mac0,historical,8,i20m,0,0,interval_100k,offline_same_checkpoint,NOT_EXCEEDS,16900000.0,16800000.0,273677.0,273677.0,273677.0,16800000.0,2,17100000.0,NONLOWER_WITH_TIE,17000000.0,275306.0,275306.0,275306.0,100000.0,200000.0,useful_prefetch_coverage;legacy_timeliness
historical_frozen_i20m_h8_s7_state0_mac0,historical,8,i20m,0,0,interval_100k,offline_same_checkpoint,NONLOWER_WITH_TIE,17100000.0,17000000.0,276911.0,276911.0,276911.0,17000000.0,2,17300000.0,NOT_EXCEEDS,17200000.0,278510.0,278510.0,278510.0,100000.0,200000.0,useful_prefetch_coverage;selected_accuracy;legacy_timeliness
historical_frozen_i20m_h8_s7_state0_mac0,historical,8,i20m,0,0,interval_100k,offline_same_checkpoint,NOT_EXCEEDS,17300000.0,17200000.0,280137.0,280137.0,280137.0,17200000.0,3,17600000.0,NONLOWER_WITH_TIE,17500000.0,283367.0,283367.0,283367.0,200000.0,300000.0,useful_prefetch_coverage;legacy_timeliness
historical_frozen_i20m_h8_s7_state0_mac0,historical,8,i20m,0,0,interval_100k,offline_same_checkpoint,NONLOWER_WITH_TIE,17600000.0,17500000.0,284974.0,284974.0,284974.0,17500000.0,4,18000000.0,NOT_EXCEEDS,17900000.0,289804.0,289804.0,289804.0,300000.0,400000.0,useful_prefetch_coverage;selected_accuracy;legacy_timeliness
historical_frozen_i20m_h8_s7_state0_mac0,historical,8,i20m,0,0,interval_100k,offline_same_checkpoint,NOT_EXCEEDS,18000000.0,17900000.0,291428.0,291428.0,291428.0,17900000.0,2,18200000.0,NONLOWER_WITH_TIE,18100000.0,293026.0,293026.0,293026.0,100000.0,200000.0,useful_prefetch_coverage;legacy_timeliness
historical_frozen_i20m_h8_s7_state0_mac0,historical,8,i20m,0,0,interval_100k,offline_same_checkpoint,NONLOWER_WITH_TIE,18200000.0,18100000.0,294652.0,294652.0,294652.0,18100000.0,4,18600000.0,NOT_EXCEEDS,18500000.0,299480.0,299480.0,299480.0,300000.0,400000.0,useful_prefetch_coverage;selected_accuracy;legacy_timeliness
historical_frozen_i20m_h8_s7_state0_mac0,historical,8,i20m,0,0,interval_100k,offline_same_checkpoint,NOT_EXCEEDS,18600000.0,18500000.0,301080.0,301080.0,301080.0,18500000.0,1,18700000.0,NONLOWER_WITH_TIE,18600000.0,301080.0,301080.0,301080.0,0.0,100000.0,useful_prefetch_coverage;legacy_timeliness
historical_frozen_i20m_h8_s7_state0_mac0,historical,8,i20m,0,0,interval_100k,offline_same_checkpoint,NONLOWER_WITH_TIE,18700000.0,18600000.0,302702.0,302702.0,302702.0,18600000.0,2,18900000.0,NOT_EXCEEDS,18800000.0,304306.0,304306.0,304306.0,100000.0,200000.0,useful_prefetch_coverage;selected_accuracy;legacy_timeliness
historical_frozen_i20m_h8_s7_state0_mac0,historical,8,i20m,0,0,interval_100k,offline_same_checkpoint,NOT_EXCEEDS,18900000.0,18800000.0,305929.0,305929.0,305929.0,18800000.0,3,19200000.0,NONLOWER_WITH_TIE,19100000.0,309150.0,309150.0,309150.0,200000.0,300000.0,useful_prefetch_coverage;legacy_timeliness
historical_frozen_i20m_h8_s7_state0_mac0,historical,8,i20m,0,0,interval_100k,offline_same_checkpoint,NONLOWER_WITH_TIE,19200000.0,19100000.0,310758.0,310758.0,310758.0,19100000.0,2,19400000.0,NOT_EXCEEDS,19300000.0,312354.0,312354.0,312354.0,100000.0,200000.0,useful_prefetch_coverage;selected_accuracy;legacy_timeliness
historical_frozen_i20m_h8_s7_state0_mac0,historical,8,i20m,0,0,interval_100k,offline_same_checkpoint,NOT_EXCEEDS,19400000.0,19300000.0,313986.0,313986.0,313986.0,19300000.0,3,19700000.0,NONLOWER_WITH_TIE,19600000.0,317207.0,317207.0,317207.0,200000.0,300000.0,useful_prefetch_coverage;legacy_timeliness
historical_frozen_i20m_h8_s7_state0_mac0,historical,8,i20m,0,0,interval_100k,offline_same_checkpoint,NONLOWER_WITH_TIE,19700000.0,19600000.0,318811.0,318811.0,318811.0,19600000.0,2,19900000.0,NOT_EXCEEDS,19800000.0,320437.0,320437.0,320437.0,100000.0,200000.0,useful_prefetch_coverage;selected_accuracy;legacy_timeliness
historical_frozen_i20m_h8_s7_state0_mac0,historical,8,i20m,0,0,interval_100k,offline_same_checkpoint,NOT_EXCEEDS,19900000.0,19800000.0,322044.0,322044.0,322044.0,19800000.0,3,20200000.0,NONLOWER_WITH_TIE,20100000.0,325272.0,325272.0,325272.0,200000.0,300000.0,useful_prefetch_coverage;legacy_timeliness
historical_frozen_i20m_h8_s7_state0_mac0,historical,8,i20m,0,0,interval_100k,offline_same_checkpoint,NONLOWER_WITH_TIE,20200000.0,20100000.0,326880.0,326880.0,326880.0,20100000.0,1,20300000.0,NOT_EXCEEDS,20200000.0,326880.0,326880.0,326880.0,0.0,100000.0,useful_prefetch_coverage;selected_accuracy;legacy_timeliness
historical_frozen_i20m_h8_s7_state0_mac0,historical,8,i20m,0,0,interval_100k,offline_same_checkpoint,NOT_EXCEEDS,20300000.0,20200000.0,328499.0,328499.0,328499.0,20200000.0,1,20400000.0,NONLOWER_WITH_TIE,20300000.0,328499.0,328499.0,328499.0,0.0,100000.0,useful_prefetch_coverage;legacy_timeliness
historical_frozen_i20m_h8_s7_state0_mac0,historical,8,i20m,0,0,interval_100k,offline_same_checkpoint,NONLOWER_WITH_TIE,20400000.0,20300000.0,330095.0,330095.0,330095.0,20300000.0,3,20700000.0,NOT_EXCEEDS,20600000.0,333313.0,333313.0,333313.0,200000.0,300000.0,useful_prefetch_coverage;selected_accuracy;legacy_timeliness
historical_frozen_i20m_h8_s7_state0_mac0,historical,8,i20m,0,0,interval_100k,offline_same_checkpoint,NOT_EXCEEDS,20700000.0,20600000.0,334911.0,334911.0,334911.0,20600000.0,1,20800000.0,NONLOWER_WITH_TIE,20700000.0,334911.0,334911.0,334911.0,0.0,100000.0,useful_prefetch_coverage;legacy_timeliness
historical_frozen_i20m_h8_s7_state0_mac0,historical,8,i20m,0,0,interval_100k,offline_same_checkpoint,NONLOWER_WITH_TIE,20800000.0,20700000.0,336533.0,336533.0,336533.0,20700000.0,6,21400000.0,NOT_EXCEEDS,21300000.0,344591.0,344591.0,344591.0,500000.0,600000.0,useful_prefetch_coverage;selected_accuracy;legacy_timeliness
historical_frozen_i20m_h8_s7_state0_mac0,historical,8,i20m,0,0,interval_100k,offline_same_checkpoint,NOT_EXCEEDS,21400000.0,21300000.0,346190.0,346190.0,346190.0,21300000.0,37,NA,NA,25000000.0,404219.0,404219.0,404219.0,3600000.0,3700000.0,
historical_frozen_i20m_h8_s7_state0_mac0,historical,8,i20m,0,0,interval_1m,stride,NOT_EXCEEDS,1000000.0,0.0,16163.0,16163.0,16163.0,NA,25,NA,NA,25000000.0,404219.0,404219.0,404219.0,24000000.0,25000000.0,
historical_frozen_i20m_h8_s7_state0_mac0,historical,8,i20m,0,0,interval_1m,summer,NONLOWER_WITH_TIE,1000000.0,0.0,16163.0,16163.0,16163.0,NA,1,2000000.0,NOT_EXCEEDS,1000000.0,16163.0,16163.0,16163.0,0.0,1000000.0,useful_prefetch_coverage;selected_accuracy;legacy_timeliness
historical_frozen_i20m_h8_s7_state0_mac0,historical,8,i20m,0,0,interval_1m,summer,NOT_EXCEEDS,2000000.0,1000000.0,32287.0,32287.0,32287.0,1000000.0,2,4000000.0,NONLOWER_WITH_TIE,3000000.0,48420.0,48420.0,48420.0,1000000.0,2000000.0,useful_prefetch_coverage;legacy_timeliness
historical_frozen_i20m_h8_s7_state0_mac0,historical,8,i20m,0,0,interval_1m,summer,NONLOWER_WITH_TIE,4000000.0,3000000.0,64520.0,64520.0,64520.0,3000000.0,2,6000000.0,NOT_EXCEEDS,5000000.0,80698.0,80698.0,80698.0,1000000.0,2000000.0,useful_prefetch_coverage;selected_accuracy;legacy_timeliness
historical_frozen_i20m_h8_s7_state0_mac0,historical,8,i20m,0,0,interval_1m,summer,NOT_EXCEEDS,6000000.0,5000000.0,96824.0,96824.0,96824.0,5000000.0,2,8000000.0,NONLOWER_WITH_TIE,7000000.0,113002.0,113002.0,113002.0,1000000.0,2000000.0,useful_prefetch_coverage;legacy_timeliness
historical_frozen_i20m_h8_s7_state0_mac0,historical,8,i20m,0,0,interval_1m,summer,NONLOWER_WITH_TIE,8000000.0,7000000.0,129134.0,129134.0,129134.0,7000000.0,1,9000000.0,NOT_EXCEEDS,8000000.0,129134.0,129134.0,129134.0,0.0,1000000.0,useful_prefetch_coverage;selected_accuracy;legacy_timeliness
historical_frozen_i20m_h8_s7_state0_mac0,historical,8,i20m,0,0,interval_1m,summer,NOT_EXCEEDS,9000000.0,8000000.0,145295.0,145295.0,145295.0,8000000.0,6,15000000.0,NONLOWER_WITH_TIE,14000000.0,226959.0,226959.0,226959.0,5000000.0,6000000.0,useful_prefetch_coverage;legacy_timeliness
historical_frozen_i20m_h8_s7_state0_mac0,historical,8,i20m,0,0,interval_1m,summer,NONLOWER_WITH_TIE,15000000.0,14000000.0,243054.0,243054.0,243054.0,14000000.0,5,20000000.0,NOT_EXCEEDS,19000000.0,307529.0,307529.0,307529.0,4000000.0,5000000.0,useful_prefetch_coverage;selected_accuracy;legacy_timeliness
historical_frozen_i20m_h8_s7_state0_mac0,historical,8,i20m,0,0,interval_1m,summer,NOT_EXCEEDS,20000000.0,19000000.0,323648.0,323648.0,323648.0,19000000.0,1,21000000.0,NONLOWER_WITH_TIE,20000000.0,323648.0,323648.0,323648.0,0.0,1000000.0,useful_prefetch_coverage;legacy_timeliness
historical_frozen_i20m_h8_s7_state0_mac0,historical,8,i20m,0,0,interval_1m,summer,NONLOWER_WITH_TIE,21000000.0,20000000.0,339766.0,339766.0,339766.0,20000000.0,1,22000000.0,NOT_EXCEEDS,21000000.0,339766.0,339766.0,339766.0,0.0,1000000.0,useful_prefetch_coverage;selected_accuracy;legacy_timeliness
historical_frozen_i20m_h8_s7_state0_mac0,historical,8,i20m,0,0,interval_1m,summer,NOT_EXCEEDS,22000000.0,21000000.0,355851.0,355851.0,355851.0,21000000.0,4,NA,NA,25000000.0,404219.0,404219.0,404219.0,3000000.0,4000000.0,
historical_frozen_i20m_h8_s7_state0_mac0,historical,8,i20m,0,0,interval_1m,stride_and_summer,NOT_EXCEEDS,1000000.0,0.0,16163.0,16163.0,16163.0,NA,25,NA,NA,25000000.0,404219.0,404219.0,404219.0,24000000.0,25000000.0,
historical_frozen_i20m_h8_s7_state0_mac0,historical,8,i20m,0,0,interval_1m,offline_same_checkpoint,NONLOWER_WITH_TIE,1000000.0,0.0,16163.0,16163.0,16163.0,NA,1,2000000.0,NOT_EXCEEDS,1000000.0,16163.0,16163.0,16163.0,0.0,1000000.0,useful_prefetch_coverage;selected_accuracy;legacy_timeliness
historical_frozen_i20m_h8_s7_state0_mac0,historical,8,i20m,0,0,interval_1m,offline_same_checkpoint,NOT_EXCEEDS,2000000.0,1000000.0,32287.0,32287.0,32287.0,1000000.0,2,4000000.0,NONLOWER_WITH_TIE,3000000.0,48420.0,48420.0,48420.0,1000000.0,2000000.0,useful_prefetch_coverage;legacy_timeliness
historical_frozen_i20m_h8_s7_state0_mac0,historical,8,i20m,0,0,interval_1m,offline_same_checkpoint,NONLOWER_WITH_TIE,4000000.0,3000000.0,64520.0,64520.0,64520.0,3000000.0,2,6000000.0,NOT_EXCEEDS,5000000.0,80698.0,80698.0,80698.0,1000000.0,2000000.0,useful_prefetch_coverage;selected_accuracy;legacy_timeliness
historical_frozen_i20m_h8_s7_state0_mac0,historical,8,i20m,0,0,interval_1m,offline_same_checkpoint,NOT_EXCEEDS,6000000.0,5000000.0,96824.0,96824.0,96824.0,5000000.0,2,8000000.0,NONLOWER_WITH_TIE,7000000.0,113002.0,113002.0,113002.0,1000000.0,2000000.0,useful_prefetch_coverage;legacy_timeliness
historical_frozen_i20m_h8_s7_state0_mac0,historical,8,i20m,0,0,interval_1m,offline_same_checkpoint,NONLOWER_WITH_TIE,8000000.0,7000000.0,129134.0,129134.0,129134.0,7000000.0,1,9000000.0,NOT_EXCEEDS,8000000.0,129134.0,129134.0,129134.0,0.0,1000000.0,useful_prefetch_coverage;selected_accuracy;legacy_timeliness
historical_frozen_i20m_h8_s7_state0_mac0,historical,8,i20m,0,0,interval_1m,offline_same_checkpoint,NOT_EXCEEDS,9000000.0,8000000.0,145295.0,145295.0,145295.0,8000000.0,6,15000000.0,NONLOWER_WITH_TIE,14000000.0,226959.0,226959.0,226959.0,5000000.0,6000000.0,useful_prefetch_coverage;legacy_timeliness
historical_frozen_i20m_h8_s7_state0_mac0,historical,8,i20m,0,0,interval_1m,offline_same_checkpoint,NONLOWER_WITH_TIE,15000000.0,14000000.0,243054.0,243054.0,243054.0,14000000.0,5,20000000.0,NOT_EXCEEDS,19000000.0,307529.0,307529.0,307529.0,4000000.0,5000000.0,useful_prefetch_coverage;selected_accuracy;legacy_timeliness
historical_frozen_i20m_h8_s7_state0_mac0,historical,8,i20m,0,0,interval_1m,offline_same_checkpoint,NOT_EXCEEDS,20000000.0,19000000.0,323648.0,323648.0,323648.0,19000000.0,1,21000000.0,NONLOWER_WITH_TIE,20000000.0,323648.0,323648.0,323648.0,0.0,1000000.0,useful_prefetch_coverage;legacy_timeliness
historical_frozen_i20m_h8_s7_state0_mac0,historical,8,i20m,0,0,interval_1m,offline_same_checkpoint,NONLOWER_WITH_TIE,21000000.0,20000000.0,339766.0,339766.0,339766.0,20000000.0,1,22000000.0,NOT_EXCEEDS,21000000.0,339766.0,339766.0,339766.0,0.0,1000000.0,useful_prefetch_coverage;selected_accuracy;legacy_timeliness
historical_frozen_i20m_h8_s7_state0_mac0,historical,8,i20m,0,0,interval_1m,offline_same_checkpoint,NOT_EXCEEDS,22000000.0,21000000.0,355851.0,355851.0,355851.0,21000000.0,4,NA,NA,25000000.0,404219.0,404219.0,404219.0,3000000.0,4000000.0,
